#ifdef ARDUINO
#include <Arduino.h>
#elif __MBED__
#define PROGMEM
#endif

// uint8_t not char
// Created by https://oleddisplay.squix.ch/ Consider a donation
// In case of problems make sure that you are using the font file with the correct version!
const char Monospaced_plain_50[] PROGMEM = {
	0x1E, // Width: 30
	0x3B, // Height: 59
	0x20, // First Char: 32
	0xE0, // Numbers of Chars: 224

	// Jump Table:
	0xFF, 0xFF, 0x00, 0x1E,  // 32:65535
	0x00, 0x00, 0x8E, 0x1E,  // 33:0
	0x00, 0x8E, 0xAC, 0x1E,  // 34:142
	0x01, 0x3A, 0xEC, 0x1E,  // 35:314
	0x02, 0x26, 0xCE, 0x1E,  // 36:550
	0x02, 0xF4, 0xEE, 0x1E,  // 37:756
	0x03, 0xE2, 0xE6, 0x1E,  // 38:994
	0x04, 0xC8, 0x84, 0x1E,  // 39:1224
	0x05, 0x4C, 0xA7, 0x1E,  // 40:1356
	0x05, 0xF3, 0x9D, 0x1E,  // 41:1523
	0x06, 0x90, 0xD4, 0x1E,  // 42:1680
	0x07, 0x64, 0xDD, 0x1E,  // 43:1892
	0x08, 0x41, 0x8E, 0x1E,  // 44:2113
	0x08, 0xCF, 0xAD, 0x1E,  // 45:2255
	0x09, 0x7C, 0x8E, 0x1E,  // 46:2428
	0x0A, 0x0A, 0xCA, 0x1E,  // 47:2570
	0x0A, 0xD4, 0xD5, 0x1E,  // 48:2772
	0x0B, 0xA9, 0xD6, 0x1E,  // 49:2985
	0x0C, 0x7F, 0xDE, 0x1E,  // 50:3199
	0x0D, 0x5D, 0xD5, 0x1E,  // 51:3421
	0x0E, 0x32, 0xD5, 0x1E,  // 52:3634
	0x0F, 0x07, 0xD5, 0x1E,  // 53:3847
	0x0F, 0xDC, 0xD5, 0x1E,  // 54:4060
	0x10, 0xB1, 0xD2, 0x1E,  // 55:4273
	0x11, 0x83, 0xD6, 0x1E,  // 56:4483
	0x12, 0x59, 0xD5, 0x1E,  // 57:4697
	0x13, 0x2E, 0x8E, 0x1E,  // 58:4910
	0x13, 0xBC, 0x8E, 0x1E,  // 59:5052
	0x14, 0x4A, 0xDE, 0x1E,  // 60:5194
	0x15, 0x28, 0xDD, 0x1E,  // 61:5416
	0x16, 0x05, 0xDD, 0x1E,  // 62:5637
	0x16, 0xE2, 0xC3, 0x1E,  // 63:5858
	0x17, 0xA5, 0xE6, 0x1E,  // 64:6053
	0x18, 0x8B, 0xE6, 0x1E,  // 65:6283
	0x19, 0x71, 0xDE, 0x1E,  // 66:6513
	0x1A, 0x4F, 0xCE, 0x1E,  // 67:6735
	0x1B, 0x1D, 0xD5, 0x1E,  // 68:6941
	0x1B, 0xF2, 0xD6, 0x1E,  // 69:7154
	0x1C, 0xC8, 0xCA, 0x1E,  // 70:7368
	0x1D, 0x92, 0xD6, 0x1E,  // 71:7570
	0x1E, 0x68, 0xCE, 0x1E,  // 72:7784
	0x1F, 0x36, 0xCE, 0x1E,  // 73:7990
	0x20, 0x04, 0xBD, 0x1E,  // 74:8196
	0x20, 0xC1, 0xE6, 0x1E,  // 75:8385
	0x21, 0xA7, 0xDE, 0x1E,  // 76:8615
	0x22, 0x85, 0xDE, 0x1E,  // 77:8837
	0x23, 0x63, 0xCE, 0x1E,  // 78:9059
	0x24, 0x31, 0xD5, 0x1E,  // 79:9265
	0x25, 0x06, 0xDC, 0x1E,  // 80:9478
	0x25, 0xE2, 0xD5, 0x1E,  // 81:9698
	0x26, 0xB7, 0xEE, 0x1E,  // 82:9911
	0x27, 0xA5, 0xCE, 0x1E,  // 83:10149
	0x28, 0x73, 0xE2, 0x1E,  // 84:10355
	0x29, 0x55, 0xD5, 0x1E,  // 85:10581
	0x2A, 0x2A, 0xDA, 0x1E,  // 86:10794
	0x2B, 0x04, 0xEA, 0x1E,  // 87:11012
	0x2B, 0xEE, 0xEE, 0x1E,  // 88:11246
	0x2C, 0xDC, 0xEA, 0x1E,  // 89:11484
	0x2D, 0xC6, 0xE6, 0x1E,  // 90:11718
	0x2E, 0xAC, 0xAF, 0x1E,  // 91:11948
	0x2F, 0x5B, 0xCF, 0x1E,  // 92:12123
	0x30, 0x2A, 0x97, 0x1E,  // 93:12330
	0x30, 0xC1, 0xE4, 0x1E,  // 94:12481
	0x31, 0xA5, 0xF0, 0x1E,  // 95:12709
	0x32, 0x95, 0x92, 0x1E,  // 96:12949
	0x33, 0x27, 0xCE, 0x1E,  // 97:13095
	0x33, 0xF5, 0xDD, 0x1E,  // 98:13301
	0x34, 0xD2, 0xCE, 0x1E,  // 99:13522
	0x35, 0xA0, 0xCE, 0x1E,  // 100:13728
	0x36, 0x6E, 0xD5, 0x1E,  // 101:13934
	0x37, 0x43, 0xCB, 0x1E,  // 102:14147
	0x38, 0x0E, 0xCF, 0x1E,  // 103:14350
	0x38, 0xDD, 0xCE, 0x1E,  // 104:14557
	0x39, 0xAB, 0xD6, 0x1E,  // 105:14763
	0x3A, 0x81, 0x9F, 0x1E,  // 106:14977
	0x3B, 0x20, 0xE6, 0x1E,  // 107:15136
	0x3C, 0x06, 0xCE, 0x1E,  // 108:15366
	0x3C, 0xD4, 0xE6, 0x1E,  // 109:15572
	0x3D, 0xBA, 0xCE, 0x1E,  // 110:15802
	0x3E, 0x88, 0xCD, 0x1E,  // 111:16008
	0x3F, 0x55, 0xDD, 0x1E,  // 112:16213
	0x40, 0x32, 0xD0, 0x1E,  // 113:16434
	0x41, 0x02, 0xDC, 0x1E,  // 114:16642
	0x41, 0xDE, 0xC6, 0x1E,  // 115:16862
	0x42, 0xA4, 0xCE, 0x1E,  // 116:17060
	0x43, 0x72, 0xCE, 0x1E,  // 117:17266
	0x44, 0x40, 0xD3, 0x1E,  // 118:17472
	0x45, 0x13, 0xEB, 0x1E,  // 119:17683
	0x45, 0xFE, 0xDE, 0x1E,  // 120:17918
	0x46, 0xDC, 0xE3, 0x1E,  // 121:18140
	0x47, 0xBF, 0xC6, 0x1E,  // 122:18367
	0x48, 0x85, 0xC7, 0x1E,  // 123:18565
	0x49, 0x4C, 0x88, 0x1E,  // 124:18764
	0x49, 0xD4, 0xCD, 0x1E,  // 125:18900
	0x4A, 0xA1, 0xDD, 0x1E,  // 126:19105
	0x4B, 0x7E, 0xDF, 0x1E,  // 127:19326
	0x4C, 0x5D, 0xDF, 0x1E,  // 128:19549
	0x4D, 0x3C, 0xDF, 0x1E,  // 129:19772
	0x4E, 0x1B, 0xDF, 0x1E,  // 130:19995
	0x4E, 0xFA, 0xDF, 0x1E,  // 131:20218
	0x4F, 0xD9, 0xDF, 0x1E,  // 132:20441
	0x50, 0xB8, 0xDF, 0x1E,  // 133:20664
	0x51, 0x97, 0xDF, 0x1E,  // 134:20887
	0x52, 0x76, 0xDF, 0x1E,  // 135:21110
	0x53, 0x55, 0xDF, 0x1E,  // 136:21333
	0x54, 0x34, 0xDF, 0x1E,  // 137:21556
	0x55, 0x13, 0xDF, 0x1E,  // 138:21779
	0x55, 0xF2, 0xDF, 0x1E,  // 139:22002
	0x56, 0xD1, 0xDF, 0x1E,  // 140:22225
	0x57, 0xB0, 0xDF, 0x1E,  // 141:22448
	0x58, 0x8F, 0xDF, 0x1E,  // 142:22671
	0x59, 0x6E, 0xDF, 0x1E,  // 143:22894
	0x5A, 0x4D, 0xDF, 0x1E,  // 144:23117
	0x5B, 0x2C, 0xDF, 0x1E,  // 145:23340
	0x5C, 0x0B, 0xDF, 0x1E,  // 146:23563
	0x5C, 0xEA, 0xDF, 0x1E,  // 147:23786
	0x5D, 0xC9, 0xDF, 0x1E,  // 148:24009
	0x5E, 0xA8, 0xDF, 0x1E,  // 149:24232
	0x5F, 0x87, 0xDF, 0x1E,  // 150:24455
	0x60, 0x66, 0xDF, 0x1E,  // 151:24678
	0x61, 0x45, 0xDF, 0x1E,  // 152:24901
	0x62, 0x24, 0xDF, 0x1E,  // 153:25124
	0x63, 0x03, 0xDF, 0x1E,  // 154:25347
	0x63, 0xE2, 0xDF, 0x1E,  // 155:25570
	0x64, 0xC1, 0xDF, 0x1E,  // 156:25793
	0x65, 0xA0, 0xDF, 0x1E,  // 157:26016
	0x66, 0x7F, 0xDF, 0x1E,  // 158:26239
	0x67, 0x5E, 0xDF, 0x1E,  // 159:26462
	0xFF, 0xFF, 0x00, 0x1E,  // 160:65535
	0x68, 0x3D, 0x8F, 0x1E,  // 161:26685
	0x68, 0xCC, 0xCE, 0x1E,  // 162:26828
	0x69, 0x9A, 0xD6, 0x1E,  // 163:27034
	0x6A, 0x70, 0xDE, 0x1E,  // 164:27248
	0x6B, 0x4E, 0xEA, 0x1E,  // 165:27470
	0x6C, 0x38, 0x88, 0x1E,  // 166:27704
	0x6C, 0xC0, 0xC5, 0x1E,  // 167:27840
	0x6D, 0x85, 0xB2, 0x1E,  // 168:28037
	0x6E, 0x37, 0xED, 0x1E,  // 169:28215
	0x6F, 0x24, 0xBD, 0x1E,  // 170:28452
	0x6F, 0xE1, 0xC6, 0x1E,  // 171:28641
	0x70, 0xA7, 0xDD, 0x1E,  // 172:28839
	0x71, 0x84, 0xAD, 0x1E,  // 173:29060
	0x72, 0x31, 0xED, 0x1E,  // 174:29233
	0x73, 0x1E, 0xB2, 0x1E,  // 175:29470
	0x73, 0xD0, 0xB3, 0x1E,  // 176:29648
	0x74, 0x83, 0xDE, 0x1E,  // 177:29827
	0x75, 0x61, 0xAC, 0x1E,  // 178:30049
	0x76, 0x0D, 0xB4, 0x1E,  // 179:30221
	0x76, 0xC1, 0xB9, 0x1E,  // 180:30401
	0x77, 0x7A, 0xE6, 0x1E,  // 181:30586
	0x78, 0x60, 0xCF, 0x1E,  // 182:30816
	0x79, 0x2F, 0x8D, 0x1E,  // 183:31023
	0x79, 0xBC, 0x9F, 0x1E,  // 184:31164
	0x7A, 0x5B, 0xAC, 0x1E,  // 185:31323
	0x7B, 0x07, 0xBB, 0x1E,  // 186:31495
	0x7B, 0xC2, 0xD5, 0x1E,  // 187:31682
	0x7C, 0x97, 0xDE, 0x1E,  // 188:31895
	0x7D, 0x75, 0xDC, 0x1E,  // 189:32117
	0x7E, 0x51, 0xDE, 0x1E,  // 190:32337
	0x7F, 0x2F, 0xBF, 0x1E,  // 191:32559
	0x7F, 0xEE, 0xE6, 0x1E,  // 192:32750
	0x80, 0xD4, 0xE6, 0x1E,  // 193:32980
	0x81, 0xBA, 0xE6, 0x1E,  // 194:33210
	0x82, 0xA0, 0xE6, 0x1E,  // 195:33440
	0x83, 0x86, 0xE6, 0x1E,  // 196:33670
	0x84, 0x6C, 0xE6, 0x1E,  // 197:33900
	0x85, 0x52, 0xE6, 0x1E,  // 198:34130
	0x86, 0x38, 0xCE, 0x1E,  // 199:34360
	0x87, 0x06, 0xD6, 0x1E,  // 200:34566
	0x87, 0xDC, 0xD6, 0x1E,  // 201:34780
	0x88, 0xB2, 0xD6, 0x1E,  // 202:34994
	0x89, 0x88, 0xD6, 0x1E,  // 203:35208
	0x8A, 0x5E, 0xCE, 0x1E,  // 204:35422
	0x8B, 0x2C, 0xCE, 0x1E,  // 205:35628
	0x8B, 0xFA, 0xCE, 0x1E,  // 206:35834
	0x8C, 0xC8, 0xCE, 0x1E,  // 207:36040
	0x8D, 0x96, 0xD5, 0x1E,  // 208:36246
	0x8E, 0x6B, 0xCE, 0x1E,  // 209:36459
	0x8F, 0x39, 0xD5, 0x1E,  // 210:36665
	0x90, 0x0E, 0xD5, 0x1E,  // 211:36878
	0x90, 0xE3, 0xD5, 0x1E,  // 212:37091
	0x91, 0xB8, 0xD5, 0x1E,  // 213:37304
	0x92, 0x8D, 0xD5, 0x1E,  // 214:37517
	0x93, 0x62, 0xD6, 0x1E,  // 215:37730
	0x94, 0x38, 0xE2, 0x1E,  // 216:37944
	0x95, 0x1A, 0xD5, 0x1E,  // 217:38170
	0x95, 0xEF, 0xD5, 0x1E,  // 218:38383
	0x96, 0xC4, 0xD5, 0x1E,  // 219:38596
	0x97, 0x99, 0xD5, 0x1E,  // 220:38809
	0x98, 0x6E, 0xEA, 0x1E,  // 221:39022
	0x99, 0x58, 0xDC, 0x1E,  // 222:39256
	0x9A, 0x34, 0xDE, 0x1E,  // 223:39476
	0x9B, 0x12, 0xCE, 0x1E,  // 224:39698
	0x9B, 0xE0, 0xCE, 0x1E,  // 225:39904
	0x9C, 0xAE, 0xCE, 0x1E,  // 226:40110
	0x9D, 0x7C, 0xCE, 0x1E,  // 227:40316
	0x9E, 0x4A, 0xCE, 0x1E,  // 228:40522
	0x9F, 0x18, 0xCE, 0x1E,  // 229:40728
	0x9F, 0xE6, 0xE5, 0x1E,  // 230:40934
	0xA0, 0xCB, 0xCE, 0x1E,  // 231:41163
	0xA1, 0x99, 0xD5, 0x1E,  // 232:41369
	0xA2, 0x6E, 0xD5, 0x1E,  // 233:41582
	0xA3, 0x43, 0xD5, 0x1E,  // 234:41795
	0xA4, 0x18, 0xD5, 0x1E,  // 235:42008
	0xA4, 0xED, 0xD6, 0x1E,  // 236:42221
	0xA5, 0xC3, 0xD6, 0x1E,  // 237:42435
	0xA6, 0x99, 0xD6, 0x1E,  // 238:42649
	0xA7, 0x6F, 0xD6, 0x1E,  // 239:42863
	0xA8, 0x45, 0xCD, 0x1E,  // 240:43077
	0xA9, 0x12, 0xCE, 0x1E,  // 241:43282
	0xA9, 0xE0, 0xCD, 0x1E,  // 242:43488
	0xAA, 0xAD, 0xCD, 0x1E,  // 243:43693
	0xAB, 0x7A, 0xCD, 0x1E,  // 244:43898
	0xAC, 0x47, 0xCD, 0x1E,  // 245:44103
	0xAD, 0x14, 0xCD, 0x1E,  // 246:44308
	0xAD, 0xE1, 0xDD, 0x1E,  // 247:44513
	0xAE, 0xBE, 0xDB, 0x1E,  // 248:44734
	0xAF, 0x99, 0xCE, 0x1E,  // 249:44953
	0xB0, 0x67, 0xCE, 0x1E,  // 250:45159
	0xB1, 0x35, 0xCE, 0x1E,  // 251:45365
	0xB2, 0x03, 0xCE, 0x1E,  // 252:45571
	0xB2, 0xD1, 0xE3, 0x1E,  // 253:45777
	0xB3, 0xB4, 0xDD, 0x1E,  // 254:46004
	0xB4, 0x91, 0xE3, 0x1E,  // 255:46225

	// Font Data:
	0x00,0x00,0x00,0x00,0x00,0x00,0x00,0x00,0x00,0x00,0x00,0x00,0x00,0x00,0x00,0x00,0x00,0x00,0x00,0x00,0x00,0x00,0x00,0x00,0x00,0x00,0x00,0x00,0x00,0x00,0x00,0x00,0x00,0x00,0x00,0x00,0x00,0x00,0x00,0x00,0x00,0x00,0x00,0x00,0x00,0x00,0x00,0x00,0x00,0x00,0x00,0x00,0x00,0x00,0x00,0x00,0x00,0x00,0x00,0x00,0x00,0x00,0x00,0x00,0x00,0x00,0x00,0x00,0x00,0x00,0x00,0x00,0x00,0x00,0x00,0x00,0x00,0x00,0x00,0x00,0x00,0x00,0x00,0x00,0x00,0x00,0x00,0x00,0x00,0x00,0x00,0x00,0x00,0x00,0x00,0x00,0x00,0x00,0x00,0x00,0x00,0x00,0x00,0x00,0x00,0xF8,0xFF,0xFF,0x07,0x7E,0x00,0x00,0x00,0xF8,0xFF,0xFF,0x07,0x7E,0x00,0x00,0x00,0xF8,0xFF,0xFF,0x07,0x7E,0x00,0x00,0x00,0xF8,0xFF,0xFF,0x07,0x7E,0x00,0x00,0x00,0xF8,0xFF,0xFF,0x07,0x7E,	// 33
	0x00,0x00,0x00,0x00,0x00,0x00,0x00,0x00,0x00,0x00,0x00,0x00,0x00,0x00,0x00,0x00,0x00,0x00,0x00,0x00,0x00,0x00,0x00,0x00,0x00,0x00,0x00,0x00,0x00,0x00,0x00,0x00,0x00,0x00,0x00,0x00,0x00,0x00,0x00,0x00,0x00,0x00,0x00,0x00,0x00,0x00,0x00,0x00,0x00,0x00,0x00,0x00,0x00,0x00,0x00,0x00,0x00,0x00,0x00,0x00,0x00,0x00,0x00,0x00,0x00,0x00,0x00,0x00,0x00,0x00,0x00,0x00,0x00,0xF8,0xFF,0x01,0x00,0x00,0x00,0x00,0x00,0xF8,0xFF,0x01,0x00,0x00,0x00,0x00,0x00,0xF8,0xFF,0x01,0x00,0x00,0x00,0x00,0x00,0xF8,0xFF,0x01,0x00,0x00,0x00,0x00,0x00,0x00,0x00,0x00,0x00,0x00,0x00,0x00,0x00,0x00,0x00,0x00,0x00,0x00,0x00,0x00,0x00,0x00,0x00,0x00,0x00,0x00,0x00,0x00,0x00,0x00,0x00,0x00,0x00,0x00,0x00,0x00,0x00,0x00,0x00,0x00,0x00,0x00,0x00,0x00,0x00,0xF8,0xFF,0x01,0x00,0x00,0x00,0x00,0x00,0xF8,0xFF,0x01,0x00,0x00,0x00,0x00,0x00,0xF8,0xFF,0x01,0x00,0x00,0x00,0x00,0x00,0xF8,0xFF,0x01,	// 34
	0x00,0x00,0x00,0x00,0x1E,0x00,0x00,0x00,0x00,0x00,0x00,0x00,0x1E,0x00,0x00,0x00,0x00,0x00,0x00,0x00,0x1E,0x00,0x00,0x00,0x00,0x00,0xE0,0x01,0x1E,0x00,0x00,0x00,0x00,0x00,0xE0,0x01,0x1E,0x70,0x00,0x00,0x00,0x00,0xE0,0x01,0x1E,0x7F,0x00,0x00,0x00,0x00,0xE0,0x01,0xFE,0x7F,0x00,0x00,0x00,0x00,0xE0,0x01,0xFF,0x7F,0x00,0x00,0x00,0x00,0xE0,0xF1,0xFF,0x0F,0x00,0x00,0x00,0x00,0xE0,0xFF,0xFF,0x00,0x00,0x00,0x00,0x00,0xF0,0xFF,0x1F,0x00,0x00,0x00,0x00,0x00,0xFF,0xFF,0x1E,0x00,0x00,0x00,0x00,0xF0,0xFF,0x0F,0x1E,0x00,0x00,0x00,0x00,0xF8,0xFF,0x01,0x1E,0x00,0x00,0x00,0x00,0xF8,0xEF,0x01,0x1E,0x70,0x00,0x00,0x00,0xF8,0xE0,0x01,0x1E,0x7F,0x00,0x00,0x00,0x08,0xE0,0x01,0xFE,0x7F,0x00,0x00,0x00,0x00,0xE0,0x01,0xFF,0x7F,0x00,0x00,0x00,0x00,0xE0,0xF1,0xFF,0x07,0x00,0x00,0x00,0x00,0xE0,0xFF,0xFF,0x00,0x00,0x00,0x00,0x00,0xF8,0xFF,0x1F,0x00,0x00,0x00,0x00,0x00,0xFF,0x7F,0x1E,0x00,0x00,0x00,0x00,0xF0,0xFF,0x0F,0x1E,0x00,0x00,0x00,0x00,0xF8,0xFF,0x01,0x1E,0x00,0x00,0x00,0x00,0xF8,0xE7,0x01,0x1E,0x00,0x00,0x00,0x00,0x78,0xE0,0x01,0x1E,0x00,0x00,0x00,0x00,0x00,0xE0,0x01,0x1E,0x00,0x00,0x00,0x00,0x00,0xE0,0x01,0x00,0x00,0x00,0x00,0x00,0x00,0xE0,0x01,0x00,0x00,0x00,0x00,0x00,0x00,0xE0,0x01,	// 35
	0x00,0x00,0x00,0x00,0x00,0x00,0x00,0x00,0x00,0x00,0x00,0x00,0x00,0x00,0x00,0x00,0x00,0x00,0x00,0x00,0x00,0x00,0x00,0x00,0x00,0x00,0x00,0x00,0x00,0x00,0x00,0x00,0x00,0x00,0xE0,0x07,0x00,0x1E,0x00,0x00,0x00,0x00,0xF8,0x1F,0x00,0x3C,0x00,0x00,0x00,0x00,0xFC,0x3F,0x00,0x3C,0x00,0x00,0x00,0x00,0xFE,0x3F,0x00,0x3C,0x00,0x00,0x00,0x00,0xFF,0x7F,0x00,0x3C,0x00,0x00,0x00,0x00,0x1F,0x7C,0x00,0x78,0x00,0x00,0x00,0x00,0x0F,0xF8,0x00,0x78,0x00,0x00,0x00,0x80,0x07,0xF8,0x00,0x78,0x00,0x00,0x00,0x80,0x07,0xF0,0x00,0x78,0x00,0x00,0x00,0x80,0x07,0xF0,0x00,0x78,0x00,0x00,0x00,0xFE,0xFF,0xFF,0xFF,0xFF,0x3F,0x00,0x00,0xFE,0xFF,0xFF,0xFF,0xFF,0x3F,0x00,0x00,0x80,0x07,0xE0,0x01,0x78,0x00,0x00,0x00,0x80,0x07,0xE0,0x01,0x78,0x00,0x00,0x00,0x80,0x07,0xE0,0x03,0x7C,0x00,0x00,0x00,0x80,0x07,0xC0,0x03,0x3C,0x00,0x00,0x00,0x80,0x07,0xC0,0x0F,0x3F,0x00,0x00,0x00,0x00,0x0F,0xC0,0xFF,0x3F,0x00,0x00,0x00,0x00,0x0F,0x80,0xFF,0x1F,0x00,0x00,0x00,0x00,0x0F,0x00,0xFF,0x0F,0x00,0x00,0x00,0x00,0x00,0x00,0xFE,0x07,0x00,0x00,0x00,0x00,0x00,0x00,0xF8,0x01,	// 36
	0x00,0x00,0x00,0x00,0x00,0x00,0x00,0x00,0x00,0x00,0x7E,0x00,0x00,0x00,0x00,0x00,0x00,0x80,0xFF,0x01,0x02,0x00,0x00,0x00,0x00,0xC0,0xFF,0x03,0x07,0x00,0x00,0x00,0x00,0xE0,0xC3,0x07,0x07,0x00,0x00,0x00,0x00,0xE0,0x00,0x07,0x03,0x00,0x00,0x00,0x00,0xF0,0x00,0x8F,0x03,0x00,0x00,0x00,0x00,0x70,0x00,0x8E,0x03,0x00,0x00,0x00,0x00,0x70,0x00,0x8E,0x01,0x00,0x00,0x00,0x00,0x70,0x00,0xCE,0x01,0x00,0x00,0x00,0x00,0x70,0x00,0xCE,0x00,0x00,0x00,0x00,0x00,0xF0,0x00,0xEF,0x00,0x00,0x00,0x00,0x00,0xE0,0x00,0xE7,0x00,0x00,0x00,0x00,0x00,0xE0,0xC3,0x67,0x00,0x00,0x00,0x00,0x00,0xC0,0xFF,0x73,0xF0,0x03,0x00,0x00,0x00,0x80,0xFF,0x71,0xFC,0x0F,0x00,0x00,0x00,0x00,0x7E,0x30,0xFE,0x1F,0x00,0x00,0x00,0x00,0x00,0x38,0x1F,0x3E,0x00,0x00,0x00,0x00,0x00,0x38,0x07,0x38,0x00,0x00,0x00,0x00,0x00,0x98,0x07,0x78,0x00,0x00,0x00,0x00,0x00,0x9C,0x03,0x70,0x00,0x00,0x00,0x00,0x00,0x9C,0x03,0x70,0x00,0x00,0x00,0x00,0x00,0x8C,0x03,0x70,0x00,0x00,0x00,0x00,0x00,0x8E,0x03,0x70,0x00,0x00,0x00,0x00,0x00,0x8E,0x07,0x78,0x00,0x00,0x00,0x00,0x00,0x06,0x07,0x38,0x00,0x00,0x00,0x00,0x00,0x07,0x1F,0x3E,0x00,0x00,0x00,0x00,0x00,0x07,0xFE,0x1F,0x00,0x00,0x00,0x00,0x00,0x03,0xFC,0x0F,0x00,0x00,0x00,0x00,0x00,0x00,0xF0,0x03,	// 37
	0x00,0x00,0x00,0x00,0x00,0x00,0x00,0x00,0x00,0x00,0x00,0x00,0xFF,0x00,0x00,0x00,0x00,0x00,0x00,0xC0,0xFF,0x03,0x00,0x00,0x00,0x00,0x00,0xF0,0xFF,0x0F,0x00,0x00,0x00,0x00,0x00,0xF8,0xFF,0x1F,0x00,0x00,0x00,0x80,0x0F,0xFC,0xFF,0x3F,0x00,0x00,0x00,0xE0,0x3F,0x7E,0xC0,0x3F,0x00,0x00,0x00,0xF0,0xFF,0x3F,0x00,0x7F,0x00,0x00,0x00,0xF8,0xFF,0x0F,0x00,0x7C,0x00,0x00,0x00,0xF8,0xFF,0x0F,0x00,0xF8,0x00,0x00,0x00,0xFC,0xF0,0x1F,0x00,0xF8,0x00,0x00,0x00,0x7C,0xC0,0x7F,0x00,0xF0,0x00,0x00,0x00,0x3C,0x80,0xFF,0x00,0xF0,0x00,0x00,0x00,0x3C,0x00,0xFE,0x03,0xF0,0x00,0x00,0x00,0x3C,0x00,0xFC,0x07,0xF0,0x00,0x00,0x00,0x3C,0x00,0xF0,0x1F,0xF0,0x00,0x00,0x00,0x3C,0x00,0xE0,0x3F,0x70,0x00,0x00,0x00,0x3C,0x00,0x80,0xFF,0x78,0x00,0x00,0x00,0x3C,0x00,0x00,0xFF,0x39,0x00,0x00,0x00,0x78,0x00,0x00,0xFC,0x1F,0x00,0x00,0x00,0x78,0x00,0x00,0xF8,0x1F,0x00,0x00,0x00,0x00,0x00,0x00,0xE0,0x3F,0x00,0x00,0x00,0x00,0x00,0x00,0xC0,0x7F,0x00,0x00,0x00,0x00,0x00,0x00,0xF0,0x7F,0x00,0x00,0x00,0x00,0x00,0xF0,0xFF,0x7D,0x00,0x00,0x00,0x00,0x00,0xF0,0xFF,0x78,0x00,0x00,0x00,0x00,0x00,0xF0,0x3F,0x70,0x00,0x00,0x00,0x00,0x00,0xF0,0x03,0x60,0x00,0x00,0x00,0x00,0x00,0x00,0x00,0x40,	// 38
	0x00,0x00,0x00,0x00,0x00,0x00,0x00,0x00,0x00,0x00,0x00,0x00,0x00,0x00,0x00,0x00,0x00,0x00,0x00,0x00,0x00,0x00,0x00,0x00,0x00,0x00,0x00,0x00,0x00,0x00,0x00,0x00,0x00,0x00,0x00,0x00,0x00,0x00,0x00,0x00,0x00,0x00,0x00,0x00,0x00,0x00,0x00,0x00,0x00,0x00,0x00,0x00,0x00,0x00,0x00,0x00,0x00,0x00,0x00,0x00,0x00,0x00,0x00,0x00,0x00,0x00,0x00,0x00,0x00,0x00,0x00,0x00,0x00,0x00,0x00,0x00,0x00,0x00,0x00,0x00,0x00,0x00,0x00,0x00,0x00,0x00,0x00,0x00,0x00,0x00,0x00,0x00,0x00,0x00,0x00,0x00,0x00,0x00,0x00,0x00,0x00,0x00,0x00,0x00,0x00,0xF8,0xFF,0x01,0x00,0x00,0x00,0x00,0x00,0xF8,0xFF,0x01,0x00,0x00,0x00,0x00,0x00,0xF8,0xFF,0x01,0x00,0x00,0x00,0x00,0x00,0xF8,0xFF,0x01,	// 39
	0x00,0x00,0x00,0x00,0x00,0x00,0x00,0x00,0x00,0x00,0x00,0x00,0x00,0x00,0x00,0x00,0x00,0x00,0x00,0x00,0x00,0x00,0x00,0x00,0x00,0x00,0x00,0x00,0x00,0x00,0x00,0x00,0x00,0x00,0x00,0x00,0x00,0x00,0x00,0x00,0x00,0x00,0x00,0x00,0x00,0x00,0x00,0x00,0x00,0x00,0x00,0x00,0x00,0x00,0x00,0x00,0x00,0x00,0x00,0x00,0x00,0x00,0x00,0x00,0x00,0x00,0x00,0x00,0x00,0x00,0x00,0x00,0x00,0x00,0x00,0x00,0x00,0x00,0x00,0x00,0x00,0x00,0x00,0xFC,0x1F,0x00,0x00,0x00,0x00,0x00,0xE0,0xFF,0xFF,0x03,0x00,0x00,0x00,0x00,0xFC,0xFF,0xFF,0x1F,0x00,0x00,0x00,0x00,0xFF,0xFF,0xFF,0x7F,0x00,0x00,0x00,0xC0,0xFF,0xFF,0xFF,0xFF,0x01,0x00,0x00,0xF0,0xFF,0x01,0xC0,0xFF,0x07,0x00,0x00,0xFC,0x0F,0x00,0x00,0xF8,0x1F,0x00,0x00,0xFE,0x01,0x00,0x00,0xC0,0x3F,0x00,0x00,0x3E,0x00,0x00,0x00,0x00,0x3E,0x00,0x00,0x0E,0x00,0x00,0x00,0x00,0x38,0x00,0x00,0x02,0x00,0x00,0x00,0x00,0x20,	// 40
	0x00,0x00,0x00,0x00,0x00,0x00,0x00,0x00,0x00,0x00,0x00,0x00,0x00,0x00,0x00,0x00,0x00,0x00,0x00,0x00,0x00,0x00,0x00,0x00,0x00,0x00,0x00,0x00,0x00,0x00,0x00,0x00,0x00,0x00,0x00,0x00,0x00,0x00,0x00,0x00,0x00,0x00,0x00,0x00,0x00,0x00,0x00,0x00,0x00,0x00,0x00,0x00,0x00,0x00,0x00,0x00,0x00,0x00,0x00,0x00,0x00,0x00,0x00,0x00,0x00,0x00,0x00,0x00,0x00,0x00,0x00,0x00,0x00,0x02,0x00,0x00,0x00,0x00,0x20,0x00,0x00,0x0E,0x00,0x00,0x00,0x00,0x38,0x00,0x00,0x3E,0x00,0x00,0x00,0x00,0x3E,0x00,0x00,0xFE,0x01,0x00,0x00,0xC0,0x3F,0x00,0x00,0xFC,0x0F,0x00,0x00,0xF8,0x1F,0x00,0x00,0xF0,0xFF,0x01,0xC0,0xFF,0x07,0x00,0x00,0xC0,0xFF,0xFF,0xFF,0xFF,0x01,0x00,0x00,0x00,0xFF,0xFF,0xFF,0x7F,0x00,0x00,0x00,0x00,0xF8,0xFF,0xFF,0x1F,0x00,0x00,0x00,0x00,0xE0,0xFF,0xFF,0x03,0x00,0x00,0x00,0x00,0x00,0xFC,0x1F,	// 41
	0x00,0x00,0x00,0x00,0x00,0x00,0x00,0x00,0x00,0x00,0x00,0x00,0x00,0x00,0x00,0x00,0x00,0x00,0x00,0x00,0x00,0x00,0x00,0x00,0x00,0x00,0x00,0x00,0x00,0x00,0x00,0x00,0x00,0x00,0x01,0x02,0x00,0x00,0x00,0x00,0x00,0xC0,0x01,0x0E,0x00,0x00,0x00,0x00,0x00,0x80,0x03,0x07,0x00,0x00,0x00,0x00,0x00,0x80,0x03,0x07,0x00,0x00,0x00,0x00,0x00,0x00,0x87,0x03,0x00,0x00,0x00,0x00,0x00,0x00,0x87,0x03,0x00,0x00,0x00,0x00,0x00,0x00,0xCE,0x01,0x00,0x00,0x00,0x00,0x00,0x00,0xCE,0x01,0x00,0x00,0x00,0x00,0x00,0x00,0xFC,0x00,0x00,0x00,0x00,0x00,0x00,0x00,0x78,0x00,0x00,0x00,0x00,0x00,0x00,0xFC,0xFF,0xFF,0x00,0x00,0x00,0x00,0x00,0xFC,0xFF,0xFF,0x00,0x00,0x00,0x00,0x00,0xFC,0xFF,0xFF,0x00,0x00,0x00,0x00,0x00,0x00,0x78,0x00,0x00,0x00,0x00,0x00,0x00,0x00,0xFC,0x00,0x00,0x00,0x00,0x00,0x00,0x00,0xCE,0x01,0x00,0x00,0x00,0x00,0x00,0x00,0xCE,0x01,0x00,0x00,0x00,0x00,0x00,0x00,0x87,0x03,0x00,0x00,0x00,0x00,0x00,0x00,0x87,0x03,0x00,0x00,0x00,0x00,0x00,0x80,0x03,0x07,0x00,0x00,0x00,0x00,0x00,0x80,0x03,0x07,0x00,0x00,0x00,0x00,0x00,0xC0,0x01,0x0E,0x00,0x00,0x00,0x00,0x00,0x00,0x01,0x02,	// 42
	0x00,0x00,0x00,0x00,0x00,0x00,0x00,0x00,0x00,0x00,0x00,0x00,0x00,0x00,0x00,0x00,0x00,0x00,0x00,0xE0,0x01,0x00,0x00,0x00,0x00,0x00,0x00,0xE0,0x01,0x00,0x00,0x00,0x00,0x00,0x00,0xE0,0x01,0x00,0x00,0x00,0x00,0x00,0x00,0xE0,0x01,0x00,0x00,0x00,0x00,0x00,0x00,0xE0,0x01,0x00,0x00,0x00,0x00,0x00,0x00,0xE0,0x01,0x00,0x00,0x00,0x00,0x00,0x00,0xE0,0x01,0x00,0x00,0x00,0x00,0x00,0x00,0xE0,0x01,0x00,0x00,0x00,0x00,0x00,0x00,0xE0,0x01,0x00,0x00,0x00,0x00,0x00,0x00,0xE0,0x01,0x00,0x00,0x00,0x00,0x00,0x00,0xE0,0x01,0x00,0x00,0x00,0x00,0x00,0xFC,0xFF,0xFF,0x0F,0x00,0x00,0x00,0x00,0xFC,0xFF,0xFF,0x0F,0x00,0x00,0x00,0x00,0xFC,0xFF,0xFF,0x0F,0x00,0x00,0x00,0x00,0xFC,0xFF,0xFF,0x0F,0x00,0x00,0x00,0x00,0x00,0xE0,0x01,0x00,0x00,0x00,0x00,0x00,0x00,0xE0,0x01,0x00,0x00,0x00,0x00,0x00,0x00,0xE0,0x01,0x00,0x00,0x00,0x00,0x00,0x00,0xE0,0x01,0x00,0x00,0x00,0x00,0x00,0x00,0xE0,0x01,0x00,0x00,0x00,0x00,0x00,0x00,0xE0,0x01,0x00,0x00,0x00,0x00,0x00,0x00,0xE0,0x01,0x00,0x00,0x00,0x00,0x00,0x00,0xE0,0x01,0x00,0x00,0x00,0x00,0x00,0x00,0xE0,0x01,0x00,0x00,0x00,0x00,0x00,0x00,0xE0,0x01,0x00,0x00,0x00,0x00,0x00,0x00,0xE0,0x01,	// 43
	0x00,0x00,0x00,0x00,0x00,0x00,0x00,0x00,0x00,0x00,0x00,0x00,0x00,0x00,0x00,0x00,0x00,0x00,0x00,0x00,0x00,0x00,0x00,0x00,0x00,0x00,0x00,0x00,0x00,0x00,0x00,0x00,0x00,0x00,0x00,0x00,0x00,0x00,0x00,0x00,0x00,0x00,0x00,0x00,0x00,0x00,0x00,0x00,0x00,0x00,0x00,0x00,0x00,0x00,0x00,0x00,0x00,0x00,0x00,0x00,0x00,0x00,0x00,0x00,0x00,0x00,0x00,0x00,0x00,0x00,0x00,0x00,0x00,0x00,0x00,0x00,0x00,0x00,0x00,0x00,0x00,0x00,0x00,0x00,0x00,0x00,0x30,0x00,0x00,0x00,0x00,0x00,0x00,0x80,0x3F,0x00,0x00,0x00,0x00,0x00,0x00,0xFF,0x3F,0x00,0x00,0x00,0x00,0x00,0x00,0xFF,0x3F,0x00,0x00,0x00,0x00,0x00,0x00,0xFF,0x1F,0x00,0x00,0x00,0x00,0x00,0x00,0xFF,0x07,0x00,0x00,0x00,0x00,0x00,0x00,0xFF,0x00,0x00,0x00,0x00,0x00,0x00,0x00,0x3F,	// 44
	0x00,0x00,0x00,0x00,0x00,0x00,0x00,0x00,0x00,0x00,0x00,0x00,0x00,0x00,0x00,0x00,0x00,0x00,0x00,0x00,0x00,0x00,0x00,0x00,0x00,0x00,0x00,0x00,0x00,0x00,0x00,0x00,0x00,0x00,0x00,0x00,0x00,0x00,0x00,0x00,0x00,0x00,0x00,0x00,0x00,0x00,0x00,0x00,0x00,0x00,0x00,0x00,0x00,0x00,0x00,0x00,0x00,0x00,0x00,0x00,0x00,0x00,0x00,0x00,0x00,0x00,0x00,0x00,0x00,0x00,0x00,0x00,0x00,0x00,0x00,0x80,0x07,0x00,0x00,0x00,0x00,0x00,0x00,0x80,0x07,0x00,0x00,0x00,0x00,0x00,0x00,0x80,0x07,0x00,0x00,0x00,0x00,0x00,0x00,0x80,0x07,0x00,0x00,0x00,0x00,0x00,0x00,0x80,0x07,0x00,0x00,0x00,0x00,0x00,0x00,0x80,0x07,0x00,0x00,0x00,0x00,0x00,0x00,0x80,0x07,0x00,0x00,0x00,0x00,0x00,0x00,0x80,0x07,0x00,0x00,0x00,0x00,0x00,0x00,0x80,0x07,0x00,0x00,0x00,0x00,0x00,0x00,0x80,0x07,0x00,0x00,0x00,0x00,0x00,0x00,0x80,0x07,0x00,0x00,0x00,0x00,0x00,0x00,0x80,0x07,0x00,0x00,0x00,0x00,0x00,0x00,0x80,0x07,	// 45
	0x00,0x00,0x00,0x00,0x00,0x00,0x00,0x00,0x00,0x00,0x00,0x00,0x00,0x00,0x00,0x00,0x00,0x00,0x00,0x00,0x00,0x00,0x00,0x00,0x00,0x00,0x00,0x00,0x00,0x00,0x00,0x00,0x00,0x00,0x00,0x00,0x00,0x00,0x00,0x00,0x00,0x00,0x00,0x00,0x00,0x00,0x00,0x00,0x00,0x00,0x00,0x00,0x00,0x00,0x00,0x00,0x00,0x00,0x00,0x00,0x00,0x00,0x00,0x00,0x00,0x00,0x00,0x00,0x00,0x00,0x00,0x00,0x00,0x00,0x00,0x00,0x00,0x00,0x00,0x00,0x00,0x00,0x00,0x00,0x00,0x00,0x00,0x00,0x00,0x00,0x00,0x00,0x00,0x00,0x00,0x00,0x00,0x00,0x00,0x00,0x00,0x7F,0x00,0x00,0x00,0x00,0x00,0x00,0x00,0x7F,0x00,0x00,0x00,0x00,0x00,0x00,0x00,0x7F,0x00,0x00,0x00,0x00,0x00,0x00,0x00,0x7F,0x00,0x00,0x00,0x00,0x00,0x00,0x00,0x7F,0x00,0x00,0x00,0x00,0x00,0x00,0x00,0x7F,	// 46
	0x00,0x00,0x00,0x00,0x00,0x00,0x00,0x00,0x00,0x00,0x00,0x00,0x00,0x00,0x00,0x00,0x00,0x00,0x00,0x00,0x00,0x00,0x08,0x00,0x00,0x00,0x00,0x00,0x00,0x00,0x0E,0x00,0x00,0x00,0x00,0x00,0x00,0x80,0x0F,0x00,0x00,0x00,0x00,0x00,0x00,0xF0,0x0F,0x00,0x00,0x00,0x00,0x00,0x00,0xFC,0x0F,0x00,0x00,0x00,0x00,0x00,0x00,0xFF,0x07,0x00,0x00,0x00,0x00,0x00,0xC0,0xFF,0x01,0x00,0x00,0x00,0x00,0x00,0xF0,0x7F,0x00,0x00,0x00,0x00,0x00,0x00,0xFC,0x0F,0x00,0x00,0x00,0x00,0x00,0x80,0xFF,0x03,0x00,0x00,0x00,0x00,0x00,0xE0,0xFF,0x00,0x00,0x00,0x00,0x00,0x00,0xF8,0x3F,0x00,0x00,0x00,0x00,0x00,0x00,0xFE,0x0F,0x00,0x00,0x00,0x00,0x00,0x80,0xFF,0x03,0x00,0x00,0x00,0x00,0x00,0xE0,0xFF,0x00,0x00,0x00,0x00,0x00,0x00,0xF8,0x1F,0x00,0x00,0x00,0x00,0x00,0x00,0xFF,0x07,0x00,0x00,0x00,0x00,0x00,0xC0,0xFF,0x01,0x00,0x00,0x00,0x00,0x00,0xF0,0x7F,0x00,0x00,0x00,0x00,0x00,0x00,0xF8,0x1F,0x00,0x00,0x00,0x00,0x00,0x00,0xF8,0x07,0x00,0x00,0x00,0x00,0x00,0x00,0xF8,0x00,0x00,0x00,0x00,0x00,0x00,0x00,0x38,0x00,0x00,0x00,0x00,0x00,0x00,0x00,0x08,	// 47
	0x00,0x00,0x00,0x00,0x00,0x00,0x00,0x00,0x00,0x00,0x00,0x00,0x00,0x00,0x00,0x00,0x00,0x00,0x00,0x00,0x00,0x00,0x00,0x00,0x00,0x00,0xC0,0xFF,0x0F,0x00,0x00,0x00,0x00,0x00,0xFC,0xFF,0xFF,0x00,0x00,0x00,0x00,0x00,0xFF,0xFF,0xFF,0x03,0x00,0x00,0x00,0xC0,0xFF,0xFF,0xFF,0x0F,0x00,0x00,0x00,0xE0,0xFF,0xFF,0xFF,0x1F,0x00,0x00,0x00,0xF0,0x3F,0x00,0xF0,0x3F,0x00,0x00,0x00,0xF8,0x03,0x00,0x00,0x7F,0x00,0x00,0x00,0xF8,0x00,0x00,0x00,0x7C,0x00,0x00,0x00,0x78,0x00,0x00,0x00,0xF8,0x00,0x00,0x00,0x7C,0x00,0x38,0x00,0xF8,0x00,0x00,0x00,0x3C,0x00,0x7C,0x00,0xF0,0x00,0x00,0x00,0x3C,0x00,0xFE,0x00,0xF0,0x00,0x00,0x00,0x3C,0x00,0xFE,0x00,0xF0,0x00,0x00,0x00,0x3C,0x00,0xFE,0x00,0xF0,0x00,0x00,0x00,0x7C,0x00,0x7C,0x00,0xF8,0x00,0x00,0x00,0x78,0x00,0x38,0x00,0x78,0x00,0x00,0x00,0xF8,0x00,0x00,0x00,0x7C,0x00,0x00,0x00,0xF8,0x03,0x00,0x00,0x7F,0x00,0x00,0x00,0xF0,0x3F,0x00,0xF0,0x3F,0x00,0x00,0x00,0xE0,0xFF,0xFF,0xFF,0x1F,0x00,0x00,0x00,0xC0,0xFF,0xFF,0xFF,0x0F,0x00,0x00,0x00,0x00,0xFF,0xFF,0xFF,0x03,0x00,0x00,0x00,0x00,0xFC,0xFF,0xFF,0x00,0x00,0x00,0x00,0x00,0xC0,0xFF,0x0F,	// 48
	0x00,0x00,0x00,0x00,0x00,0x00,0x00,0x00,0x00,0x00,0x00,0x00,0x00,0x00,0x00,0x00,0x00,0x00,0x00,0x00,0x00,0x00,0x00,0x00,0x00,0x00,0x00,0x00,0x00,0x00,0x00,0x00,0x00,0x00,0x00,0x00,0x00,0x00,0x00,0x00,0x00,0x00,0x00,0x00,0x00,0x00,0x00,0x00,0x00,0xE0,0x01,0x00,0x00,0x78,0x00,0x00,0x00,0xE0,0x01,0x00,0x00,0x78,0x00,0x00,0x00,0xF0,0x00,0x00,0x00,0x78,0x00,0x00,0x00,0xF0,0x00,0x00,0x00,0x78,0x00,0x00,0x00,0xF0,0x00,0x00,0x00,0x78,0x00,0x00,0x00,0xF0,0x00,0x00,0x00,0x78,0x00,0x00,0x00,0x78,0x00,0x00,0x00,0x78,0x00,0x00,0x00,0x78,0x00,0x00,0x00,0x78,0x00,0x00,0x00,0xF8,0xFF,0xFF,0xFF,0x7F,0x00,0x00,0x00,0xF8,0xFF,0xFF,0xFF,0x7F,0x00,0x00,0x00,0xF8,0xFF,0xFF,0xFF,0x7F,0x00,0x00,0x00,0xF8,0xFF,0xFF,0xFF,0x7F,0x00,0x00,0x00,0xF8,0xFF,0xFF,0xFF,0x7F,0x00,0x00,0x00,0x00,0x00,0x00,0x00,0x78,0x00,0x00,0x00,0x00,0x00,0x00,0x00,0x78,0x00,0x00,0x00,0x00,0x00,0x00,0x00,0x78,0x00,0x00,0x00,0x00,0x00,0x00,0x00,0x78,0x00,0x00,0x00,0x00,0x00,0x00,0x00,0x78,0x00,0x00,0x00,0x00,0x00,0x00,0x00,0x78,0x00,0x00,0x00,0x00,0x00,0x00,0x00,0x78,0x00,0x00,0x00,0x00,0x00,0x00,0x00,0x78,	// 49
	0x00,0x00,0x00,0x00,0x00,0x00,0x00,0x00,0x00,0x00,0x00,0x00,0x00,0x00,0x00,0x00,0x00,0x00,0x00,0x00,0x00,0x00,0x00,0x00,0x00,0x00,0x00,0x00,0x00,0x00,0x00,0x00,0x00,0xF0,0x01,0x00,0x00,0x78,0x00,0x00,0x00,0xF0,0x00,0x00,0x00,0x7C,0x00,0x00,0x00,0xF8,0x00,0x00,0x00,0x7E,0x00,0x00,0x00,0xF8,0x00,0x00,0x00,0x7F,0x00,0x00,0x00,0x78,0x00,0x00,0x80,0x7F,0x00,0x00,0x00,0x78,0x00,0x00,0xC0,0x7F,0x00,0x00,0x00,0x7C,0x00,0x00,0xE0,0x7B,0x00,0x00,0x00,0x3C,0x00,0x00,0xF0,0x7B,0x00,0x00,0x00,0x3C,0x00,0x00,0xF8,0x79,0x00,0x00,0x00,0x3C,0x00,0x00,0xFC,0x78,0x00,0x00,0x00,0x3C,0x00,0x00,0x7E,0x78,0x00,0x00,0x00,0x3C,0x00,0x00,0x7F,0x78,0x00,0x00,0x00,0x3C,0x00,0x80,0x3F,0x78,0x00,0x00,0x00,0x3C,0x00,0xC0,0x1F,0x78,0x00,0x00,0x00,0x3C,0x00,0xE0,0x0F,0x78,0x00,0x00,0x00,0x78,0x00,0xF0,0x07,0x78,0x00,0x00,0x00,0x78,0x00,0xF8,0x03,0x78,0x00,0x00,0x00,0xF8,0x00,0xFE,0x01,0x78,0x00,0x00,0x00,0xF0,0x83,0xFF,0x00,0x78,0x00,0x00,0x00,0xF0,0xFF,0x7F,0x00,0x78,0x00,0x00,0x00,0xE0,0xFF,0x3F,0x00,0x78,0x00,0x00,0x00,0xC0,0xFF,0x1F,0x00,0x78,0x00,0x00,0x00,0x80,0xFF,0x07,0x00,0x78,0x00,0x00,0x00,0x00,0xFE,0x01,0x00,0x78,	// 50
	0x00,0x00,0x00,0x00,0x00,0x00,0x00,0x00,0x00,0x00,0x00,0x00,0x00,0x00,0x00,0x00,0x00,0x00,0x00,0x00,0x00,0x00,0x00,0x00,0x00,0x00,0x00,0x00,0x00,0x3E,0x00,0x00,0x00,0xF0,0x01,0x00,0x00,0x7C,0x00,0x00,0x00,0xF0,0x00,0x00,0x00,0x7C,0x00,0x00,0x00,0xF8,0x00,0x00,0x00,0x78,0x00,0x00,0x00,0x78,0x00,0x00,0x00,0x78,0x00,0x00,0x00,0x78,0x00,0x00,0x00,0xF8,0x00,0x00,0x00,0x7C,0x00,0x1E,0x00,0xF0,0x00,0x00,0x00,0x3C,0x00,0x1E,0x00,0xF0,0x00,0x00,0x00,0x3C,0x00,0x1E,0x00,0xF0,0x00,0x00,0x00,0x3C,0x00,0x1E,0x00,0xF0,0x00,0x00,0x00,0x3C,0x00,0x1E,0x00,0xF0,0x00,0x00,0x00,0x3C,0x00,0x1E,0x00,0xF0,0x00,0x00,0x00,0x3C,0x00,0x1E,0x00,0xF0,0x00,0x00,0x00,0x3C,0x00,0x1E,0x00,0xF0,0x00,0x00,0x00,0x7C,0x00,0x3F,0x00,0xF8,0x00,0x00,0x00,0x78,0x00,0x3F,0x00,0x78,0x00,0x00,0x00,0xF8,0x80,0x7F,0x00,0x7C,0x00,0x00,0x00,0xF8,0xC1,0xFF,0x00,0x7E,0x00,0x00,0x00,0xF0,0xFF,0xF3,0x83,0x3F,0x00,0x00,0x00,0xF0,0xFF,0xF3,0xFF,0x3F,0x00,0x00,0x00,0xE0,0xFF,0xE1,0xFF,0x1F,0x00,0x00,0x00,0xC0,0xFF,0xC0,0xFF,0x0F,0x00,0x00,0x00,0x00,0x3F,0x80,0xFF,0x07,0x00,0x00,0x00,0x00,0x00,0x00,0xFE,	// 51
	0x00,0x00,0x00,0x00,0x00,0x00,0x00,0x00,0x00,0x00,0x00,0x00,0x00,0x00,0x00,0x00,0x00,0x00,0x00,0x00,0x3E,0x00,0x00,0x00,0x00,0x00,0x00,0x80,0x3F,0x00,0x00,0x00,0x00,0x00,0x00,0xC0,0x3F,0x00,0x00,0x00,0x00,0x00,0x00,0xF0,0x3F,0x00,0x00,0x00,0x00,0x00,0x00,0xFC,0x3D,0x00,0x00,0x00,0x00,0x00,0x00,0xFE,0x3C,0x00,0x00,0x00,0x00,0x00,0x80,0x3F,0x3C,0x00,0x00,0x00,0x00,0x00,0xC0,0x0F,0x3C,0x00,0x00,0x00,0x00,0x00,0xF0,0x07,0x3C,0x00,0x00,0x00,0x00,0x00,0xF8,0x01,0x3C,0x00,0x00,0x00,0x00,0x00,0x7E,0x00,0x3C,0x00,0x00,0x00,0x00,0x80,0x3F,0x00,0x3C,0x00,0x00,0x00,0x00,0xC0,0x0F,0x00,0x3C,0x00,0x00,0x00,0x00,0xF0,0x03,0x00,0x3C,0x00,0x00,0x00,0x00,0xF8,0x01,0x00,0x3C,0x00,0x00,0x00,0x00,0xF8,0xFF,0xFF,0xFF,0x7F,0x00,0x00,0x00,0xF8,0xFF,0xFF,0xFF,0x7F,0x00,0x00,0x00,0xF8,0xFF,0xFF,0xFF,0x7F,0x00,0x00,0x00,0xF8,0xFF,0xFF,0xFF,0x7F,0x00,0x00,0x00,0xF8,0xFF,0xFF,0xFF,0x7F,0x00,0x00,0x00,0x00,0x00,0x00,0x3C,0x00,0x00,0x00,0x00,0x00,0x00,0x00,0x3C,0x00,0x00,0x00,0x00,0x00,0x00,0x00,0x3C,0x00,0x00,0x00,0x00,0x00,0x00,0x00,0x3C,0x00,0x00,0x00,0x00,0x00,0x00,0x00,0x3C,	// 52
	0x00,0x00,0x00,0x00,0x00,0x00,0x00,0x00,0x00,0x00,0x00,0x00,0x00,0x00,0x00,0x00,0x00,0x00,0x00,0x00,0x00,0x00,0x00,0x00,0x00,0x00,0x00,0x00,0x00,0x3E,0x00,0x00,0x00,0x00,0x00,0x00,0x00,0x7C,0x00,0x00,0x00,0xF8,0xFF,0x1F,0x00,0x7C,0x00,0x00,0x00,0xF8,0xFF,0x0F,0x00,0x78,0x00,0x00,0x00,0xF8,0xFF,0x0F,0x00,0xF8,0x00,0x00,0x00,0xF8,0xFF,0x0F,0x00,0xF8,0x00,0x00,0x00,0xF8,0xFF,0x07,0x00,0xF0,0x00,0x00,0x00,0x78,0x00,0x07,0x00,0xF0,0x00,0x00,0x00,0x78,0x80,0x07,0x00,0xF0,0x00,0x00,0x00,0x78,0x80,0x07,0x00,0xF0,0x00,0x00,0x00,0x78,0x80,0x07,0x00,0xF0,0x00,0x00,0x00,0x78,0x80,0x07,0x00,0xF0,0x00,0x00,0x00,0x78,0x80,0x07,0x00,0xF0,0x00,0x00,0x00,0x78,0x80,0x0F,0x00,0xF0,0x00,0x00,0x00,0x78,0x80,0x0F,0x00,0xF8,0x00,0x00,0x00,0x78,0x00,0x0F,0x00,0x78,0x00,0x00,0x00,0x78,0x00,0x1F,0x00,0x7C,0x00,0x00,0x00,0x78,0x00,0x3F,0x00,0x7E,0x00,0x00,0x00,0x78,0x00,0xFE,0x80,0x3F,0x00,0x00,0x00,0x78,0x00,0xFE,0xFF,0x1F,0x00,0x00,0x00,0x78,0x00,0xFC,0xFF,0x0F,0x00,0x00,0x00,0x00,0x00,0xF8,0xFF,0x07,0x00,0x00,0x00,0x00,0x00,0xE0,0xFF,0x03,0x00,0x00,0x00,0x00,0x00,0x80,0x7F,	// 53
	0x00,0x00,0x00,0x00,0x00,0x00,0x00,0x00,0x00,0x00,0x00,0x00,0x00,0x00,0x00,0x00,0x00,0x00,0x00,0x00,0x00,0x00,0x00,0x00,0x00,0x00,0x80,0xFF,0x0F,0x00,0x00,0x00,0x00,0x00,0xF8,0xFF,0xFF,0x00,0x00,0x00,0x00,0x00,0xFE,0xFF,0xFF,0x07,0x00,0x00,0x00,0x80,0xFF,0xFF,0xFF,0x0F,0x00,0x00,0x00,0xC0,0xFF,0xFF,0xFF,0x1F,0x00,0x00,0x00,0xE0,0x3F,0xF8,0x80,0x3F,0x00,0x00,0x00,0xF0,0x07,0x3C,0x00,0x7E,0x00,0x00,0x00,0xF8,0x01,0x1E,0x00,0x7C,0x00,0x00,0x00,0xF8,0x00,0x0F,0x00,0xF8,0x00,0x00,0x00,0x78,0x00,0x07,0x00,0xF0,0x00,0x00,0x00,0x7C,0x80,0x07,0x00,0xF0,0x00,0x00,0x00,0x3C,0x80,0x07,0x00,0xF0,0x00,0x00,0x00,0x3C,0x80,0x07,0x00,0xF0,0x00,0x00,0x00,0x3C,0x80,0x07,0x00,0xF0,0x00,0x00,0x00,0x3C,0x80,0x07,0x00,0xF0,0x00,0x00,0x00,0x3C,0x80,0x0F,0x00,0xF8,0x00,0x00,0x00,0x3C,0x80,0x0F,0x00,0x78,0x00,0x00,0x00,0x3C,0x00,0x3F,0x00,0x7C,0x00,0x00,0x00,0x7C,0x00,0xFF,0x80,0x7F,0x00,0x00,0x00,0x78,0x00,0xFE,0xFF,0x3F,0x00,0x00,0x00,0xF8,0x00,0xFC,0xFF,0x1F,0x00,0x00,0x00,0x00,0x00,0xF8,0xFF,0x0F,0x00,0x00,0x00,0x00,0x00,0xF0,0xFF,0x07,0x00,0x00,0x00,0x00,0x00,0x80,0xFF,	// 54
	0x00,0x00,0x00,0x00,0x00,0x00,0x00,0x00,0x00,0x00,0x00,0x00,0x00,0x00,0x00,0x00,0x00,0x00,0x00,0x00,0x00,0x00,0x00,0x00,0x00,0x78,0x00,0x00,0x00,0x00,0x00,0x00,0x00,0x78,0x00,0x00,0x00,0x00,0x00,0x00,0x00,0x78,0x00,0x00,0x00,0x00,0x00,0x00,0x00,0x78,0x00,0x00,0x00,0x00,0x00,0x00,0x00,0x78,0x00,0x00,0x00,0x00,0x00,0x00,0x00,0x78,0x00,0x00,0x00,0x40,0x00,0x00,0x00,0x78,0x00,0x00,0x00,0x78,0x00,0x00,0x00,0x78,0x00,0x00,0x00,0x7E,0x00,0x00,0x00,0x78,0x00,0x00,0xC0,0x7F,0x00,0x00,0x00,0x78,0x00,0x00,0xF0,0x7F,0x00,0x00,0x00,0x78,0x00,0x00,0xFE,0x7F,0x00,0x00,0x00,0x78,0x00,0x80,0xFF,0x0F,0x00,0x00,0x00,0x78,0x00,0xF0,0xFF,0x03,0x00,0x00,0x00,0x78,0x00,0xFC,0x7F,0x00,0x00,0x00,0x00,0x78,0x80,0xFF,0x1F,0x00,0x00,0x00,0x00,0x78,0xE0,0xFF,0x03,0x00,0x00,0x00,0x00,0x78,0xFC,0xFF,0x00,0x00,0x00,0x00,0x00,0x78,0xFF,0x1F,0x00,0x00,0x00,0x00,0x00,0xF8,0xFF,0x07,0x00,0x00,0x00,0x00,0x00,0xF8,0xFF,0x00,0x00,0x00,0x00,0x00,0x00,0xF8,0x3F,0x00,0x00,0x00,0x00,0x00,0x00,0xF8,0x07,0x00,0x00,0x00,0x00,0x00,0x00,0xF8,0x01,0x00,0x00,0x00,0x00,0x00,0x00,0x38,	// 55
	0x00,0x00,0x00,0x00,0x00,0x00,0x00,0x00,0x00,0x00,0x00,0x00,0x00,0x00,0x00,0x00,0x00,0x00,0x00,0x00,0x00,0x00,0x00,0x00,0x00,0x00,0x00,0x00,0xFE,0x01,0x00,0x00,0x00,0x00,0x3F,0x80,0xFF,0x07,0x00,0x00,0x00,0xC0,0xFF,0xC0,0xFF,0x0F,0x00,0x00,0x00,0xE0,0xFF,0xE1,0xFF,0x1F,0x00,0x00,0x00,0xF0,0xFF,0xF3,0xFF,0x3F,0x00,0x00,0x00,0xF8,0xFF,0xF3,0x01,0x7F,0x00,0x00,0x00,0xF8,0xC1,0x7F,0x00,0x7C,0x00,0x00,0x00,0x78,0x00,0x3F,0x00,0x78,0x00,0x00,0x00,0x7C,0x00,0x3F,0x00,0xF8,0x00,0x00,0x00,0x3C,0x00,0x1E,0x00,0xF0,0x00,0x00,0x00,0x3C,0x00,0x1E,0x00,0xF0,0x00,0x00,0x00,0x3C,0x00,0x1E,0x00,0xF0,0x00,0x00,0x00,0x3C,0x00,0x1E,0x00,0xF0,0x00,0x00,0x00,0x3C,0x00,0x1E,0x00,0xF0,0x00,0x00,0x00,0x3C,0x00,0x1E,0x00,0xF0,0x00,0x00,0x00,0x7C,0x00,0x3F,0x00,0xF8,0x00,0x00,0x00,0x78,0x00,0x3F,0x00,0x78,0x00,0x00,0x00,0xF8,0xC1,0x7B,0x00,0x7C,0x00,0x00,0x00,0xF8,0xFF,0xF3,0x01,0x7F,0x00,0x00,0x00,0xF0,0xFF,0xF3,0xFF,0x3F,0x00,0x00,0x00,0xE0,0xFF,0xE1,0xFF,0x1F,0x00,0x00,0x00,0xC0,0xFF,0xC0,0xFF,0x0F,0x00,0x00,0x00,0x00,0x3F,0x80,0xFF,0x07,0x00,0x00,0x00,0x00,0x00,0x00,0xFE,0x01,	// 56
	0x00,0x00,0x00,0x00,0x00,0x00,0x00,0x00,0x00,0x00,0x00,0x00,0x00,0x00,0x00,0x00,0x00,0x00,0x00,0x00,0x00,0x00,0x00,0x00,0x00,0x00,0xFC,0x07,0x00,0x00,0x00,0x00,0x00,0x80,0xFF,0x3F,0x00,0x00,0x00,0x00,0x00,0xC0,0xFF,0x7F,0x00,0x00,0x00,0x00,0x00,0xE0,0xFF,0xFF,0x00,0x7C,0x00,0x00,0x00,0xF0,0xFF,0xFF,0x01,0x78,0x00,0x00,0x00,0xF8,0x07,0xFC,0x03,0xF8,0x00,0x00,0x00,0xF8,0x01,0xE0,0x03,0xF0,0x00,0x00,0x00,0x78,0x00,0xC0,0x07,0xF0,0x00,0x00,0x00,0x7C,0x00,0xC0,0x07,0xF0,0x00,0x00,0x00,0x3C,0x00,0x80,0x07,0xF0,0x00,0x00,0x00,0x3C,0x00,0x80,0x07,0xF0,0x00,0x00,0x00,0x3C,0x00,0x80,0x07,0xF0,0x00,0x00,0x00,0x3C,0x00,0x80,0x07,0xF0,0x00,0x00,0x00,0x3C,0x00,0x80,0x07,0xF8,0x00,0x00,0x00,0x3C,0x00,0x80,0x03,0x78,0x00,0x00,0x00,0x78,0x00,0xC0,0x03,0x7C,0x00,0x00,0x00,0xF8,0x00,0xE0,0x01,0x7E,0x00,0x00,0x00,0xF8,0x01,0xF0,0x80,0x3F,0x00,0x00,0x00,0xF0,0x07,0x7C,0xF8,0x1F,0x00,0x00,0x00,0xE0,0xFF,0xFF,0xFF,0x0F,0x00,0x00,0x00,0xC0,0xFF,0xFF,0xFF,0x07,0x00,0x00,0x00,0x80,0xFF,0xFF,0xFF,0x01,0x00,0x00,0x00,0x00,0xFC,0xFF,0x7F,0x00,0x00,0x00,0x00,0x00,0xC0,0xFF,0x07,	// 57
	0x00,0x00,0x00,0x00,0x00,0x00,0x00,0x00,0x00,0x00,0x00,0x00,0x00,0x00,0x00,0x00,0x00,0x00,0x00,0x00,0x00,0x00,0x00,0x00,0x00,0x00,0x00,0x00,0x00,0x00,0x00,0x00,0x00,0x00,0x00,0x00,0x00,0x00,0x00,0x00,0x00,0x00,0x00,0x00,0x00,0x00,0x00,0x00,0x00,0x00,0x00,0x00,0x00,0x00,0x00,0x00,0x00,0x00,0x00,0x00,0x00,0x00,0x00,0x00,0x00,0x00,0x00,0x00,0x00,0x00,0x00,0x00,0x00,0x00,0x00,0x00,0x00,0x00,0x00,0x00,0x00,0x00,0x00,0x00,0x00,0x00,0x00,0x00,0x00,0x00,0x00,0x00,0x00,0x00,0x00,0x00,0x00,0x00,0xE0,0x0F,0x00,0x7F,0x00,0x00,0x00,0x00,0xE0,0x0F,0x00,0x7F,0x00,0x00,0x00,0x00,0xE0,0x0F,0x00,0x7F,0x00,0x00,0x00,0x00,0xE0,0x0F,0x00,0x7F,0x00,0x00,0x00,0x00,0xE0,0x0F,0x00,0x7F,0x00,0x00,0x00,0x00,0xE0,0x0F,0x00,0x7F,	// 58
	0x00,0x00,0x00,0x00,0x00,0x00,0x00,0x00,0x00,0x00,0x00,0x00,0x00,0x00,0x00,0x00,0x00,0x00,0x00,0x00,0x00,0x00,0x00,0x00,0x00,0x00,0x00,0x00,0x00,0x00,0x00,0x00,0x00,0x00,0x00,0x00,0x00,0x00,0x00,0x00,0x00,0x00,0x00,0x00,0x00,0x00,0x00,0x00,0x00,0x00,0x00,0x00,0x00,0x00,0x00,0x00,0x00,0x00,0x00,0x00,0x00,0x00,0x00,0x00,0x00,0x00,0x00,0x00,0x00,0x00,0x00,0x00,0x00,0x00,0x00,0x00,0x00,0x00,0x00,0x00,0x00,0x00,0x00,0x00,0x00,0x00,0x30,0x00,0x00,0x00,0x00,0x00,0x00,0x80,0x3F,0x00,0x00,0x00,0xE0,0x0F,0x00,0xFF,0x3F,0x00,0x00,0x00,0xE0,0x0F,0x00,0xFF,0x3F,0x00,0x00,0x00,0xE0,0x0F,0x00,0xFF,0x1F,0x00,0x00,0x00,0xE0,0x0F,0x00,0xFF,0x07,0x00,0x00,0x00,0xE0,0x0F,0x00,0xFF,0x00,0x00,0x00,0x00,0xE0,0x0F,0x00,0x3F,	// 59
	0x00,0x00,0x00,0x00,0x00,0x00,0x00,0x00,0x00,0x00,0x00,0x00,0x00,0x00,0x00,0x00,0x00,0x00,0x00,0xE0,0x01,0x00,0x00,0x00,0x00,0x00,0x00,0xF0,0x03,0x00,0x00,0x00,0x00,0x00,0x00,0xF0,0x03,0x00,0x00,0x00,0x00,0x00,0x00,0xF0,0x03,0x00,0x00,0x00,0x00,0x00,0x00,0xF8,0x07,0x00,0x00,0x00,0x00,0x00,0x00,0xF8,0x07,0x00,0x00,0x00,0x00,0x00,0x00,0x78,0x0F,0x00,0x00,0x00,0x00,0x00,0x00,0x3C,0x0F,0x00,0x00,0x00,0x00,0x00,0x00,0x3C,0x0F,0x00,0x00,0x00,0x00,0x00,0x00,0x1E,0x1E,0x00,0x00,0x00,0x00,0x00,0x00,0x1E,0x1E,0x00,0x00,0x00,0x00,0x00,0x00,0x1E,0x1E,0x00,0x00,0x00,0x00,0x00,0x00,0x0F,0x3C,0x00,0x00,0x00,0x00,0x00,0x00,0x0F,0x3C,0x00,0x00,0x00,0x00,0x00,0x80,0x0F,0x7C,0x00,0x00,0x00,0x00,0x00,0x80,0x07,0x78,0x00,0x00,0x00,0x00,0x00,0x80,0x07,0x78,0x00,0x00,0x00,0x00,0x00,0xC0,0x03,0xF0,0x00,0x00,0x00,0x00,0x00,0xC0,0x03,0xF0,0x00,0x00,0x00,0x00,0x00,0xE0,0x03,0xF0,0x00,0x00,0x00,0x00,0x00,0xE0,0x01,0xE0,0x01,0x00,0x00,0x00,0x00,0xE0,0x01,0xE0,0x01,0x00,0x00,0x00,0x00,0xF0,0x01,0xE0,0x03,0x00,0x00,0x00,0x00,0xF0,0x00,0xC0,0x03,0x00,0x00,0x00,0x00,0xF0,0x00,0xC0,0x03,0x00,0x00,0x00,0x00,0xF8,0x00,0xC0,0x07,	// 60
	0x00,0x00,0x00,0x00,0x00,0x00,0x00,0x00,0x00,0x00,0x00,0x00,0x00,0x00,0x00,0x00,0x00,0x00,0x00,0x0F,0x3C,0x00,0x00,0x00,0x00,0x00,0x00,0x0F,0x3C,0x00,0x00,0x00,0x00,0x00,0x00,0x0F,0x3C,0x00,0x00,0x00,0x00,0x00,0x00,0x0F,0x3C,0x00,0x00,0x00,0x00,0x00,0x00,0x0F,0x3C,0x00,0x00,0x00,0x00,0x00,0x00,0x0F,0x3C,0x00,0x00,0x00,0x00,0x00,0x00,0x0F,0x3C,0x00,0x00,0x00,0x00,0x00,0x00,0x0F,0x3C,0x00,0x00,0x00,0x00,0x00,0x00,0x0F,0x3C,0x00,0x00,0x00,0x00,0x00,0x00,0x0F,0x3C,0x00,0x00,0x00,0x00,0x00,0x00,0x0F,0x3C,0x00,0x00,0x00,0x00,0x00,0x00,0x0F,0x3C,0x00,0x00,0x00,0x00,0x00,0x00,0x0F,0x3C,0x00,0x00,0x00,0x00,0x00,0x00,0x0F,0x3C,0x00,0x00,0x00,0x00,0x00,0x00,0x0F,0x3C,0x00,0x00,0x00,0x00,0x00,0x00,0x0F,0x3C,0x00,0x00,0x00,0x00,0x00,0x00,0x0F,0x3C,0x00,0x00,0x00,0x00,0x00,0x00,0x0F,0x3C,0x00,0x00,0x00,0x00,0x00,0x00,0x0F,0x3C,0x00,0x00,0x00,0x00,0x00,0x00,0x0F,0x3C,0x00,0x00,0x00,0x00,0x00,0x00,0x0F,0x3C,0x00,0x00,0x00,0x00,0x00,0x00,0x0F,0x3C,0x00,0x00,0x00,0x00,0x00,0x00,0x0F,0x3C,0x00,0x00,0x00,0x00,0x00,0x00,0x0F,0x3C,0x00,0x00,0x00,0x00,0x00,0x00,0x0F,0x3C,0x00,0x00,0x00,0x00,0x00,0x00,0x0F,0x3C,	// 61
	0x00,0x00,0x00,0x00,0x00,0x00,0x00,0x00,0x00,0x00,0x00,0x00,0x00,0x00,0x00,0x00,0x00,0x00,0xF8,0x00,0xC0,0x07,0x00,0x00,0x00,0x00,0xF0,0x00,0xC0,0x03,0x00,0x00,0x00,0x00,0xF0,0x00,0xC0,0x03,0x00,0x00,0x00,0x00,0xF0,0x01,0xE0,0x03,0x00,0x00,0x00,0x00,0xE0,0x01,0xE0,0x01,0x00,0x00,0x00,0x00,0xE0,0x01,0xE0,0x01,0x00,0x00,0x00,0x00,0xC0,0x03,0xF0,0x01,0x00,0x00,0x00,0x00,0xC0,0x03,0xF0,0x00,0x00,0x00,0x00,0x00,0xC0,0x03,0xF0,0x00,0x00,0x00,0x00,0x00,0x80,0x07,0x78,0x00,0x00,0x00,0x00,0x00,0x80,0x07,0x78,0x00,0x00,0x00,0x00,0x00,0x80,0x0F,0x7C,0x00,0x00,0x00,0x00,0x00,0x00,0x0F,0x3C,0x00,0x00,0x00,0x00,0x00,0x00,0x0F,0x3C,0x00,0x00,0x00,0x00,0x00,0x00,0x1E,0x1E,0x00,0x00,0x00,0x00,0x00,0x00,0x1E,0x1E,0x00,0x00,0x00,0x00,0x00,0x00,0x1E,0x1E,0x00,0x00,0x00,0x00,0x00,0x00,0x3C,0x0F,0x00,0x00,0x00,0x00,0x00,0x00,0x3C,0x0F,0x00,0x00,0x00,0x00,0x00,0x00,0x7C,0x07,0x00,0x00,0x00,0x00,0x00,0x00,0xF8,0x07,0x00,0x00,0x00,0x00,0x00,0x00,0xF8,0x07,0x00,0x00,0x00,0x00,0x00,0x00,0xF0,0x03,0x00,0x00,0x00,0x00,0x00,0x00,0xF0,0x03,0x00,0x00,0x00,0x00,0x00,0x00,0xF0,0x03,0x00,0x00,0x00,0x00,0x00,0x00,0xE0,0x01,	// 62
	0x00,0x00,0x00,0x00,0x00,0x00,0x00,0x00,0x00,0x00,0x00,0x00,0x00,0x00,0x00,0x00,0x00,0x00,0x00,0x00,0x00,0x00,0x00,0x00,0x00,0x00,0x00,0x00,0x00,0x00,0x00,0x00,0x00,0x00,0x00,0x00,0x00,0x00,0x00,0x00,0x00,0x00,0x00,0x00,0x00,0x00,0x00,0x00,0x00,0xF0,0x01,0x00,0x00,0x00,0x00,0x00,0x00,0xF8,0x00,0x00,0x00,0x00,0x00,0x00,0x00,0xF8,0x00,0x00,0x00,0x00,0x00,0x00,0x00,0x78,0x00,0x00,0x00,0x00,0x00,0x00,0x00,0x78,0x00,0x00,0x00,0x00,0x00,0x00,0x00,0x3C,0x00,0x00,0x00,0x00,0x00,0x00,0x00,0x3C,0x00,0xE0,0x1F,0x7E,0x00,0x00,0x00,0x3C,0x00,0xF8,0x1F,0x7E,0x00,0x00,0x00,0x3C,0x00,0xFE,0x1F,0x7E,0x00,0x00,0x00,0x3C,0x00,0xFF,0x1F,0x7E,0x00,0x00,0x00,0x3C,0x80,0xFF,0x1F,0x7E,0x00,0x00,0x00,0x3C,0xC0,0x3F,0x00,0x00,0x00,0x00,0x00,0x7C,0xE0,0x0F,0x00,0x00,0x00,0x00,0x00,0xF8,0xF0,0x07,0x00,0x00,0x00,0x00,0x00,0xF8,0xFF,0x03,0x00,0x00,0x00,0x00,0x00,0xF0,0xFF,0x01,0x00,0x00,0x00,0x00,0x00,0xF0,0xFF,0x00,0x00,0x00,0x00,0x00,0x00,0xC0,0x7F,0x00,0x00,0x00,0x00,0x00,0x00,0x80,0x1F,	// 63
	0x00,0x00,0x00,0x00,0x00,0x00,0x00,0x00,0x00,0x00,0x00,0xF0,0xFF,0x00,0x00,0x00,0x00,0x00,0x00,0xFF,0xFF,0x07,0x00,0x00,0x00,0x00,0xC0,0xFF,0xFF,0x3F,0x00,0x00,0x00,0x00,0xF0,0xFF,0xFF,0x7F,0x00,0x00,0x00,0x00,0xF8,0x0F,0x80,0xFF,0x01,0x00,0x00,0x00,0xFC,0x01,0x00,0xF8,0x03,0x00,0x00,0x00,0x3E,0x00,0x00,0xE0,0x07,0x00,0x00,0x00,0x1F,0x00,0x00,0xC0,0x07,0x00,0x00,0x80,0x0F,0x00,0x00,0x00,0x0F,0x00,0x00,0x80,0x07,0x00,0x00,0x00,0x1E,0x00,0x00,0xC0,0x03,0xC0,0x3F,0x00,0x1E,0x00,0x00,0xC0,0x01,0xF0,0xFF,0x00,0x3C,0x00,0x00,0xC0,0x01,0xFC,0xFF,0x03,0x38,0x00,0x00,0xE0,0x01,0xFE,0xFF,0x07,0x38,0x00,0x00,0xE0,0x00,0x3F,0xC0,0x0F,0x78,0x00,0x00,0xE0,0x00,0x0F,0x00,0x0F,0x70,0x00,0x00,0xE0,0x80,0x07,0x00,0x1E,0x70,0x00,0x00,0xE0,0x80,0x03,0x00,0x1C,0x70,0x00,0x00,0xE0,0x80,0x03,0x00,0x1C,0x70,0x00,0x00,0xE0,0x80,0x03,0x00,0x1C,0x70,0x00,0x00,0xE0,0x81,0x03,0x00,0x1C,0x70,0x00,0x00,0xC0,0x81,0x03,0x00,0x1C,0x70,0x00,0x00,0xC0,0x03,0x07,0x00,0x0E,0x70,0x00,0x00,0x80,0x07,0x0F,0x00,0x0F,0x38,0x00,0x00,0x00,0x1F,0x3E,0xC0,0x07,0x30,0x00,0x00,0x00,0xFE,0xFF,0xFF,0x1F,0x00,0x00,0x00,0x00,0xFC,0xFF,0xFF,0x1F,0x00,0x00,0x00,0x00,0xE0,0xFF,0xFF,0x1F,	// 64
	0x00,0x00,0x00,0x00,0x00,0x00,0x00,0x00,0x00,0x00,0x00,0x00,0x00,0x60,0x00,0x00,0x00,0x00,0x00,0x00,0x00,0x7C,0x00,0x00,0x00,0x00,0x00,0x00,0x80,0x7F,0x00,0x00,0x00,0x00,0x00,0x00,0xF0,0x7F,0x00,0x00,0x00,0x00,0x00,0x00,0xFF,0x7F,0x00,0x00,0x00,0x00,0x00,0xE0,0xFF,0x3F,0x00,0x00,0x00,0x00,0x00,0xFC,0xFF,0x07,0x00,0x00,0x00,0x00,0x80,0xFF,0xFF,0x00,0x00,0x00,0x00,0x00,0xF8,0xFF,0x3F,0x00,0x00,0x00,0x00,0x00,0xFF,0xFF,0x3D,0x00,0x00,0x00,0x00,0xE0,0xFF,0x3F,0x3C,0x00,0x00,0x00,0x00,0xF8,0xFF,0x07,0x3C,0x00,0x00,0x00,0x00,0xF8,0x7F,0x00,0x3C,0x00,0x00,0x00,0x00,0xF8,0x0F,0x00,0x3C,0x00,0x00,0x00,0x00,0xF8,0x0F,0x00,0x3C,0x00,0x00,0x00,0x00,0xF8,0x7F,0x00,0x3C,0x00,0x00,0x00,0x00,0xF8,0xFF,0x07,0x3C,0x00,0x00,0x00,0x00,0xE0,0xFF,0x3F,0x3C,0x00,0x00,0x00,0x00,0x00,0xFF,0xFF,0x3D,0x00,0x00,0x00,0x00,0x00,0xF8,0xFF,0x3F,0x00,0x00,0x00,0x00,0x00,0x80,0xFF,0xFF,0x00,0x00,0x00,0x00,0x00,0x00,0xFC,0xFF,0x07,0x00,0x00,0x00,0x00,0x00,0xE0,0xFF,0x3F,0x00,0x00,0x00,0x00,0x00,0x00,0xFF,0x7F,0x00,0x00,0x00,0x00,0x00,0x00,0xF0,0x7F,0x00,0x00,0x00,0x00,0x00,0x00,0x80,0x7F,0x00,0x00,0x00,0x00,0x00,0x00,0x00,0x7C,0x00,0x00,0x00,0x00,0x00,0x00,0x00,0x60,	// 65
	0x00,0x00,0x00,0x00,0x00,0x00,0x00,0x00,0x00,0x00,0x00,0x00,0x00,0x00,0x00,0x00,0x00,0x00,0x00,0x00,0x00,0x00,0x00,0x00,0x00,0x00,0x00,0x00,0x00,0x00,0x00,0x00,0x00,0xF8,0xFF,0xFF,0xFF,0x7F,0x00,0x00,0x00,0xF8,0xFF,0xFF,0xFF,0x7F,0x00,0x00,0x00,0xF8,0xFF,0xFF,0xFF,0x7F,0x00,0x00,0x00,0xF8,0xFF,0xFF,0xFF,0x7F,0x00,0x00,0x00,0xF8,0xFF,0xFF,0xFF,0x7F,0x00,0x00,0x00,0x78,0x00,0x3C,0x00,0x78,0x00,0x00,0x00,0x78,0x00,0x3C,0x00,0x78,0x00,0x00,0x00,0x78,0x00,0x3C,0x00,0x78,0x00,0x00,0x00,0x78,0x00,0x3C,0x00,0x78,0x00,0x00,0x00,0x78,0x00,0x3C,0x00,0x78,0x00,0x00,0x00,0x78,0x00,0x3C,0x00,0x78,0x00,0x00,0x00,0x78,0x00,0x3C,0x00,0x78,0x00,0x00,0x00,0x78,0x00,0x3C,0x00,0x78,0x00,0x00,0x00,0x78,0x00,0x3C,0x00,0x78,0x00,0x00,0x00,0x78,0x00,0x3C,0x00,0x78,0x00,0x00,0x00,0xF8,0x00,0x7E,0x00,0x7C,0x00,0x00,0x00,0xF0,0x00,0x7F,0x00,0x3C,0x00,0x00,0x00,0xF0,0x83,0xFF,0x00,0x3E,0x00,0x00,0x00,0xE0,0xFF,0xF7,0x03,0x3F,0x00,0x00,0x00,0xE0,0xFF,0xE7,0xFF,0x1F,0x00,0x00,0x00,0xC0,0xFF,0xE3,0xFF,0x1F,0x00,0x00,0x00,0x80,0xFF,0xC1,0xFF,0x0F,0x00,0x00,0x00,0x00,0x7E,0x00,0xFF,0x07,0x00,0x00,0x00,0x00,0x00,0x00,0xFC,0x01,	// 66
	0x00,0x00,0x00,0x00,0x00,0x00,0x00,0x00,0x00,0x00,0x00,0x00,0x00,0x00,0x00,0x00,0x00,0x00,0x00,0x00,0x00,0x00,0x00,0x00,0x00,0x00,0x80,0xFF,0x07,0x00,0x00,0x00,0x00,0x00,0xF8,0xFF,0x7F,0x00,0x00,0x00,0x00,0x00,0xFE,0xFF,0xFF,0x01,0x00,0x00,0x00,0x00,0xFF,0xFF,0xFF,0x07,0x00,0x00,0x00,0xC0,0xFF,0xFF,0xFF,0x0F,0x00,0x00,0x00,0xE0,0x7F,0x00,0xF8,0x1F,0x00,0x00,0x00,0xE0,0x07,0x00,0x80,0x3F,0x00,0x00,0x00,0xF0,0x03,0x00,0x00,0x3F,0x00,0x00,0x00,0xF8,0x00,0x00,0x00,0x7C,0x00,0x00,0x00,0xF8,0x00,0x00,0x00,0x7C,0x00,0x00,0x00,0x78,0x00,0x00,0x00,0x78,0x00,0x00,0x00,0x3C,0x00,0x00,0x00,0xF8,0x00,0x00,0x00,0x3C,0x00,0x00,0x00,0xF0,0x00,0x00,0x00,0x3C,0x00,0x00,0x00,0xF0,0x00,0x00,0x00,0x3C,0x00,0x00,0x00,0xF0,0x00,0x00,0x00,0x3C,0x00,0x00,0x00,0xF0,0x00,0x00,0x00,0x3C,0x00,0x00,0x00,0xF0,0x00,0x00,0x00,0x3C,0x00,0x00,0x00,0xF0,0x00,0x00,0x00,0x78,0x00,0x00,0x00,0x78,0x00,0x00,0x00,0x78,0x00,0x00,0x00,0x78,0x00,0x00,0x00,0xF8,0x00,0x00,0x00,0x7C,0x00,0x00,0x00,0xF0,0x01,0x00,0x00,0x3E,0x00,0x00,0x00,0xE0,0x03,0x00,0x00,0x1F,	// 67
	0x00,0x00,0x00,0x00,0x00,0x00,0x00,0x00,0x00,0x00,0x00,0x00,0x00,0x00,0x00,0x00,0x00,0x00,0x00,0x00,0x00,0x00,0x00,0x00,0x00,0xF8,0xFF,0xFF,0xFF,0x7F,0x00,0x00,0x00,0xF8,0xFF,0xFF,0xFF,0x7F,0x00,0x00,0x00,0xF8,0xFF,0xFF,0xFF,0x7F,0x00,0x00,0x00,0xF8,0xFF,0xFF,0xFF,0x7F,0x00,0x00,0x00,0xF8,0xFF,0xFF,0xFF,0x7F,0x00,0x00,0x00,0x78,0x00,0x00,0x00,0x78,0x00,0x00,0x00,0x78,0x00,0x00,0x00,0x78,0x00,0x00,0x00,0x78,0x00,0x00,0x00,0x78,0x00,0x00,0x00,0x78,0x00,0x00,0x00,0x78,0x00,0x00,0x00,0x78,0x00,0x00,0x00,0x78,0x00,0x00,0x00,0x78,0x00,0x00,0x00,0x78,0x00,0x00,0x00,0x78,0x00,0x00,0x00,0x78,0x00,0x00,0x00,0xF8,0x00,0x00,0x00,0x7C,0x00,0x00,0x00,0xF0,0x00,0x00,0x00,0x3C,0x00,0x00,0x00,0xF0,0x00,0x00,0x00,0x3C,0x00,0x00,0x00,0xF0,0x01,0x00,0x00,0x3E,0x00,0x00,0x00,0xE0,0x03,0x00,0x00,0x1F,0x00,0x00,0x00,0xE0,0x0F,0x00,0xC0,0x1F,0x00,0x00,0x00,0xC0,0x7F,0x00,0xF8,0x0F,0x00,0x00,0x00,0x80,0xFF,0xFF,0xFF,0x07,0x00,0x00,0x00,0x00,0xFF,0xFF,0xFF,0x03,0x00,0x00,0x00,0x00,0xFE,0xFF,0xFF,0x01,0x00,0x00,0x00,0x00,0xF0,0xFF,0x7F,0x00,0x00,0x00,0x00,0x00,0x80,0xFF,0x07,	// 68
	0x00,0x00,0x00,0x00,0x00,0x00,0x00,0x00,0x00,0x00,0x00,0x00,0x00,0x00,0x00,0x00,0x00,0x00,0x00,0x00,0x00,0x00,0x00,0x00,0x00,0x00,0x00,0x00,0x00,0x00,0x00,0x00,0x00,0x00,0x00,0x00,0x00,0x00,0x00,0x00,0x00,0xF8,0xFF,0xFF,0xFF,0x7F,0x00,0x00,0x00,0xF8,0xFF,0xFF,0xFF,0x7F,0x00,0x00,0x00,0xF8,0xFF,0xFF,0xFF,0x7F,0x00,0x00,0x00,0xF8,0xFF,0xFF,0xFF,0x7F,0x00,0x00,0x00,0xF8,0xFF,0xFF,0xFF,0x7F,0x00,0x00,0x00,0x78,0x00,0x1E,0x00,0x78,0x00,0x00,0x00,0x78,0x00,0x1E,0x00,0x78,0x00,0x00,0x00,0x78,0x00,0x1E,0x00,0x78,0x00,0x00,0x00,0x78,0x00,0x1E,0x00,0x78,0x00,0x00,0x00,0x78,0x00,0x1E,0x00,0x78,0x00,0x00,0x00,0x78,0x00,0x1E,0x00,0x78,0x00,0x00,0x00,0x78,0x00,0x1E,0x00,0x78,0x00,0x00,0x00,0x78,0x00,0x1E,0x00,0x78,0x00,0x00,0x00,0x78,0x00,0x1E,0x00,0x78,0x00,0x00,0x00,0x78,0x00,0x1E,0x00,0x78,0x00,0x00,0x00,0x78,0x00,0x1E,0x00,0x78,0x00,0x00,0x00,0x78,0x00,0x1E,0x00,0x78,0x00,0x00,0x00,0x78,0x00,0x1E,0x00,0x78,0x00,0x00,0x00,0x78,0x00,0x1E,0x00,0x78,0x00,0x00,0x00,0x78,0x00,0x1E,0x00,0x78,0x00,0x00,0x00,0x78,0x00,0x1E,0x00,0x78,0x00,0x00,0x00,0x78,0x00,0x00,0x00,0x78,	// 69
	0x00,0x00,0x00,0x00,0x00,0x00,0x00,0x00,0x00,0x00,0x00,0x00,0x00,0x00,0x00,0x00,0x00,0x00,0x00,0x00,0x00,0x00,0x00,0x00,0x00,0x00,0x00,0x00,0x00,0x00,0x00,0x00,0x00,0x00,0x00,0x00,0x00,0x00,0x00,0x00,0x00,0xF8,0xFF,0xFF,0xFF,0x7F,0x00,0x00,0x00,0xF8,0xFF,0xFF,0xFF,0x7F,0x00,0x00,0x00,0xF8,0xFF,0xFF,0xFF,0x7F,0x00,0x00,0x00,0xF8,0xFF,0xFF,0xFF,0x7F,0x00,0x00,0x00,0xF8,0xFF,0xFF,0xFF,0x7F,0x00,0x00,0x00,0x78,0x00,0x1E,0x00,0x00,0x00,0x00,0x00,0x78,0x00,0x1E,0x00,0x00,0x00,0x00,0x00,0x78,0x00,0x1E,0x00,0x00,0x00,0x00,0x00,0x78,0x00,0x1E,0x00,0x00,0x00,0x00,0x00,0x78,0x00,0x1E,0x00,0x00,0x00,0x00,0x00,0x78,0x00,0x1E,0x00,0x00,0x00,0x00,0x00,0x78,0x00,0x1E,0x00,0x00,0x00,0x00,0x00,0x78,0x00,0x1E,0x00,0x00,0x00,0x00,0x00,0x78,0x00,0x1E,0x00,0x00,0x00,0x00,0x00,0x78,0x00,0x1E,0x00,0x00,0x00,0x00,0x00,0x78,0x00,0x1E,0x00,0x00,0x00,0x00,0x00,0x78,0x00,0x1E,0x00,0x00,0x00,0x00,0x00,0x78,0x00,0x1E,0x00,0x00,0x00,0x00,0x00,0x78,0x00,0x1E,0x00,0x00,0x00,0x00,0x00,0x78,0x00,0x00,0x00,0x00,0x00,0x00,0x00,0x78,	// 70
	0x00,0x00,0x00,0x00,0x00,0x00,0x00,0x00,0x00,0x00,0x00,0x00,0x00,0x00,0x00,0x00,0x00,0x00,0x00,0x00,0x00,0x00,0x00,0x00,0x00,0x00,0x80,0xFF,0x07,0x00,0x00,0x00,0x00,0x00,0xF8,0xFF,0x7F,0x00,0x00,0x00,0x00,0x00,0xFE,0xFF,0xFF,0x01,0x00,0x00,0x00,0x80,0xFF,0xFF,0xFF,0x07,0x00,0x00,0x00,0xC0,0xFF,0xFF,0xFF,0x0F,0x00,0x00,0x00,0xE0,0x7F,0x00,0xF8,0x1F,0x00,0x00,0x00,0xF0,0x07,0x00,0x80,0x3F,0x00,0x00,0x00,0xF0,0x03,0x00,0x00,0x3E,0x00,0x00,0x00,0xF8,0x00,0x00,0x00,0x7C,0x00,0x00,0x00,0xF8,0x00,0x00,0x00,0x78,0x00,0x00,0x00,0x78,0x00,0x00,0x00,0xF8,0x00,0x00,0x00,0x3C,0x00,0x00,0x00,0xF0,0x00,0x00,0x00,0x3C,0x00,0x00,0x00,0xF0,0x00,0x00,0x00,0x3C,0x00,0x00,0x00,0xF0,0x00,0x00,0x00,0x3C,0x00,0xE0,0x01,0xF0,0x00,0x00,0x00,0x3C,0x00,0xE0,0x01,0xF0,0x00,0x00,0x00,0x3C,0x00,0xE0,0x01,0xF0,0x00,0x00,0x00,0x3C,0x00,0xE0,0x01,0xF8,0x00,0x00,0x00,0x78,0x00,0xE0,0x01,0x78,0x00,0x00,0x00,0x78,0x00,0xE0,0xFF,0x7F,0x00,0x00,0x00,0xF8,0x00,0xE0,0xFF,0x7F,0x00,0x00,0x00,0xF0,0x01,0xE0,0xFF,0x3F,0x00,0x00,0x00,0xE0,0x03,0xE0,0xFF,0x3F,0x00,0x00,0x00,0x00,0x00,0xE0,0xFF,0x1F,	// 71
	0x00,0x00,0x00,0x00,0x00,0x00,0x00,0x00,0x00,0x00,0x00,0x00,0x00,0x00,0x00,0x00,0x00,0x00,0x00,0x00,0x00,0x00,0x00,0x00,0x00,0xF8,0xFF,0xFF,0xFF,0x7F,0x00,0x00,0x00,0xF8,0xFF,0xFF,0xFF,0x7F,0x00,0x00,0x00,0xF8,0xFF,0xFF,0xFF,0x7F,0x00,0x00,0x00,0xF8,0xFF,0xFF,0xFF,0x7F,0x00,0x00,0x00,0xF8,0xFF,0xFF,0xFF,0x7F,0x00,0x00,0x00,0x00,0x00,0x1E,0x00,0x00,0x00,0x00,0x00,0x00,0x00,0x1E,0x00,0x00,0x00,0x00,0x00,0x00,0x00,0x1E,0x00,0x00,0x00,0x00,0x00,0x00,0x00,0x1E,0x00,0x00,0x00,0x00,0x00,0x00,0x00,0x1E,0x00,0x00,0x00,0x00,0x00,0x00,0x00,0x1E,0x00,0x00,0x00,0x00,0x00,0x00,0x00,0x1E,0x00,0x00,0x00,0x00,0x00,0x00,0x00,0x1E,0x00,0x00,0x00,0x00,0x00,0x00,0x00,0x1E,0x00,0x00,0x00,0x00,0x00,0x00,0x00,0x1E,0x00,0x00,0x00,0x00,0x00,0x00,0x00,0x1E,0x00,0x00,0x00,0x00,0x00,0x00,0x00,0x1E,0x00,0x00,0x00,0x00,0x00,0x00,0x00,0x1E,0x00,0x00,0x00,0x00,0x00,0xF8,0xFF,0xFF,0xFF,0x7F,0x00,0x00,0x00,0xF8,0xFF,0xFF,0xFF,0x7F,0x00,0x00,0x00,0xF8,0xFF,0xFF,0xFF,0x7F,0x00,0x00,0x00,0xF8,0xFF,0xFF,0xFF,0x7F,0x00,0x00,0x00,0xF8,0xFF,0xFF,0xFF,0x7F,	// 72
	0x00,0x00,0x00,0x00,0x00,0x00,0x00,0x00,0x00,0x00,0x00,0x00,0x00,0x00,0x00,0x00,0x00,0x00,0x00,0x00,0x00,0x00,0x00,0x00,0x00,0x00,0x00,0x00,0x00,0x00,0x00,0x00,0x00,0x00,0x00,0x00,0x00,0x00,0x00,0x00,0x00,0x78,0x00,0x00,0x00,0x78,0x00,0x00,0x00,0x78,0x00,0x00,0x00,0x78,0x00,0x00,0x00,0x78,0x00,0x00,0x00,0x78,0x00,0x00,0x00,0x78,0x00,0x00,0x00,0x78,0x00,0x00,0x00,0x78,0x00,0x00,0x00,0x78,0x00,0x00,0x00,0x78,0x00,0x00,0x00,0x78,0x00,0x00,0x00,0x78,0x00,0x00,0x00,0x78,0x00,0x00,0x00,0x78,0x00,0x00,0x00,0x78,0x00,0x00,0x00,0xF8,0xFF,0xFF,0xFF,0x7F,0x00,0x00,0x00,0xF8,0xFF,0xFF,0xFF,0x7F,0x00,0x00,0x00,0xF8,0xFF,0xFF,0xFF,0x7F,0x00,0x00,0x00,0xF8,0xFF,0xFF,0xFF,0x7F,0x00,0x00,0x00,0xF8,0xFF,0xFF,0xFF,0x7F,0x00,0x00,0x00,0x78,0x00,0x00,0x00,0x78,0x00,0x00,0x00,0x78,0x00,0x00,0x00,0x78,0x00,0x00,0x00,0x78,0x00,0x00,0x00,0x78,0x00,0x00,0x00,0x78,0x00,0x00,0x00,0x78,0x00,0x00,0x00,0x78,0x00,0x00,0x00,0x78,0x00,0x00,0x00,0x78,0x00,0x00,0x00,0x78,0x00,0x00,0x00,0x78,0x00,0x00,0x00,0x78,0x00,0x00,0x00,0x78,0x00,0x00,0x00,0x78,	// 73
	0x00,0x00,0x00,0x00,0x00,0x00,0x00,0x00,0x00,0x00,0x00,0x00,0x00,0x00,0x00,0x00,0x00,0x00,0x00,0x00,0x00,0x00,0x00,0x00,0x00,0x00,0x00,0x00,0x00,0x1F,0x00,0x00,0x00,0x00,0x00,0x00,0x00,0x3E,0x00,0x00,0x00,0x00,0x00,0x00,0x00,0x3E,0x00,0x00,0x00,0x00,0x00,0x00,0x00,0x7C,0x00,0x00,0x00,0x00,0x00,0x00,0x00,0x78,0x00,0x00,0x00,0x00,0x00,0x00,0x00,0x78,0x00,0x00,0x00,0x00,0x00,0x00,0x00,0xF8,0x00,0x00,0x00,0x78,0x00,0x00,0x00,0xF0,0x00,0x00,0x00,0x78,0x00,0x00,0x00,0xF0,0x00,0x00,0x00,0x78,0x00,0x00,0x00,0xF0,0x00,0x00,0x00,0x78,0x00,0x00,0x00,0xF0,0x00,0x00,0x00,0x78,0x00,0x00,0x00,0xF0,0x00,0x00,0x00,0x78,0x00,0x00,0x00,0xF0,0x00,0x00,0x00,0x78,0x00,0x00,0x00,0xF8,0x00,0x00,0x00,0x78,0x00,0x00,0x00,0x7C,0x00,0x00,0x00,0x78,0x00,0x00,0x00,0x7F,0x00,0x00,0x00,0xF8,0xFF,0xFF,0xFF,0x3F,0x00,0x00,0x00,0xF8,0xFF,0xFF,0xFF,0x3F,0x00,0x00,0x00,0xF8,0xFF,0xFF,0xFF,0x1F,0x00,0x00,0x00,0xF8,0xFF,0xFF,0xFF,0x07,0x00,0x00,0x00,0xF8,0xFF,0xFF,0xFF,	// 74
	0x00,0x00,0x00,0x00,0x00,0x00,0x00,0x00,0x00,0x00,0x00,0x00,0x00,0x00,0x00,0x00,0x00,0x00,0x00,0x00,0x00,0x00,0x00,0x00,0x00,0xF8,0xFF,0xFF,0xFF,0x7F,0x00,0x00,0x00,0xF8,0xFF,0xFF,0xFF,0x7F,0x00,0x00,0x00,0xF8,0xFF,0xFF,0xFF,0x7F,0x00,0x00,0x00,0xF8,0xFF,0xFF,0xFF,0x7F,0x00,0x00,0x00,0xF8,0xFF,0xFF,0xFF,0x7F,0x00,0x00,0x00,0x00,0x00,0xFC,0x00,0x00,0x00,0x00,0x00,0x00,0x00,0x7E,0x00,0x00,0x00,0x00,0x00,0x00,0x00,0x3F,0x00,0x00,0x00,0x00,0x00,0x00,0x80,0x1F,0x00,0x00,0x00,0x00,0x00,0x00,0xC0,0x7F,0x00,0x00,0x00,0x00,0x00,0x00,0xE0,0xFF,0x00,0x00,0x00,0x00,0x00,0x00,0xF0,0xFF,0x03,0x00,0x00,0x00,0x00,0x00,0xF8,0xFD,0x07,0x00,0x00,0x00,0x00,0x00,0xFC,0xF0,0x1F,0x00,0x00,0x00,0x00,0x00,0x7E,0xE0,0x3F,0x00,0x00,0x00,0x00,0x00,0x3F,0x80,0xFF,0x00,0x00,0x00,0x00,0x80,0x1F,0x00,0xFF,0x01,0x00,0x00,0x00,0xC0,0x0F,0x00,0xFC,0x07,0x00,0x00,0x00,0xE0,0x07,0x00,0xF8,0x0F,0x00,0x00,0x00,0xF0,0x03,0x00,0xE0,0x1F,0x00,0x00,0x00,0xF8,0x01,0x00,0xC0,0x7F,0x00,0x00,0x00,0xF8,0x00,0x00,0x00,0x7F,0x00,0x00,0x00,0x78,0x00,0x00,0x00,0x7E,0x00,0x00,0x00,0x38,0x00,0x00,0x00,0x7C,0x00,0x00,0x00,0x18,0x00,0x00,0x00,0x70,0x00,0x00,0x00,0x08,0x00,0x00,0x00,0x60,	// 75
	0x00,0x00,0x00,0x00,0x00,0x00,0x00,0x00,0x00,0x00,0x00,0x00,0x00,0x00,0x00,0x00,0x00,0x00,0x00,0x00,0x00,0x00,0x00,0x00,0x00,0x00,0x00,0x00,0x00,0x00,0x00,0x00,0x00,0x00,0x00,0x00,0x00,0x00,0x00,0x00,0x00,0xF8,0xFF,0xFF,0xFF,0x7F,0x00,0x00,0x00,0xF8,0xFF,0xFF,0xFF,0x7F,0x00,0x00,0x00,0xF8,0xFF,0xFF,0xFF,0x7F,0x00,0x00,0x00,0xF8,0xFF,0xFF,0xFF,0x7F,0x00,0x00,0x00,0xF8,0xFF,0xFF,0xFF,0x7F,0x00,0x00,0x00,0x00,0x00,0x00,0x00,0x78,0x00,0x00,0x00,0x00,0x00,0x00,0x00,0x78,0x00,0x00,0x00,0x00,0x00,0x00,0x00,0x78,0x00,0x00,0x00,0x00,0x00,0x00,0x00,0x78,0x00,0x00,0x00,0x00,0x00,0x00,0x00,0x78,0x00,0x00,0x00,0x00,0x00,0x00,0x00,0x78,0x00,0x00,0x00,0x00,0x00,0x00,0x00,0x78,0x00,0x00,0x00,0x00,0x00,0x00,0x00,0x78,0x00,0x00,0x00,0x00,0x00,0x00,0x00,0x78,0x00,0x00,0x00,0x00,0x00,0x00,0x00,0x78,0x00,0x00,0x00,0x00,0x00,0x00,0x00,0x78,0x00,0x00,0x00,0x00,0x00,0x00,0x00,0x78,0x00,0x00,0x00,0x00,0x00,0x00,0x00,0x78,0x00,0x00,0x00,0x00,0x00,0x00,0x00,0x78,0x00,0x00,0x00,0x00,0x00,0x00,0x00,0x78,0x00,0x00,0x00,0x00,0x00,0x00,0x00,0x78,0x00,0x00,0x00,0x00,0x00,0x00,0x00,0x78,0x00,0x00,0x00,0x00,0x00,0x00,0x00,0x78,	// 76
	0x00,0x00,0x00,0x00,0x00,0x00,0x00,0x00,0x00,0x00,0x00,0x00,0x00,0x00,0x00,0x00,0x00,0xF8,0xFF,0xFF,0xFF,0x7F,0x00,0x00,0x00,0xF8,0xFF,0xFF,0xFF,0x7F,0x00,0x00,0x00,0xF8,0xFF,0xFF,0xFF,0x7F,0x00,0x00,0x00,0xF8,0xFF,0xFF,0xFF,0x7F,0x00,0x00,0x00,0xF8,0xFF,0xFF,0xFF,0x7F,0x00,0x00,0x00,0xF8,0x01,0x00,0x00,0x00,0x00,0x00,0x00,0xF8,0x0F,0x00,0x00,0x00,0x00,0x00,0x00,0xE0,0x7F,0x00,0x00,0x00,0x00,0x00,0x00,0x00,0xFF,0x03,0x00,0x00,0x00,0x00,0x00,0x00,0xF8,0x1F,0x00,0x00,0x00,0x00,0x00,0x00,0xC0,0xFF,0x00,0x00,0x00,0x00,0x00,0x00,0x00,0xFE,0x03,0x00,0x00,0x00,0x00,0x00,0x00,0xF0,0x03,0x00,0x00,0x00,0x00,0x00,0x00,0xF0,0x03,0x00,0x00,0x00,0x00,0x00,0x00,0xFE,0x03,0x00,0x00,0x00,0x00,0x00,0xC0,0xFF,0x00,0x00,0x00,0x00,0x00,0x00,0xF8,0x1F,0x00,0x00,0x00,0x00,0x00,0x00,0xFF,0x03,0x00,0x00,0x00,0x00,0x00,0xE0,0x7F,0x00,0x00,0x00,0x00,0x00,0x00,0xF8,0x0F,0x00,0x00,0x00,0x00,0x00,0x00,0xF8,0x01,0x00,0x00,0x00,0x00,0x00,0x00,0xF8,0xFF,0xFF,0xFF,0x7F,0x00,0x00,0x00,0xF8,0xFF,0xFF,0xFF,0x7F,0x00,0x00,0x00,0xF8,0xFF,0xFF,0xFF,0x7F,0x00,0x00,0x00,0xF8,0xFF,0xFF,0xFF,0x7F,0x00,0x00,0x00,0xF8,0xFF,0xFF,0xFF,0x7F,	// 77
	0x00,0x00,0x00,0x00,0x00,0x00,0x00,0x00,0x00,0x00,0x00,0x00,0x00,0x00,0x00,0x00,0x00,0x00,0x00,0x00,0x00,0x00,0x00,0x00,0x00,0xF8,0xFF,0xFF,0xFF,0x7F,0x00,0x00,0x00,0xF8,0xFF,0xFF,0xFF,0x7F,0x00,0x00,0x00,0xF8,0xFF,0xFF,0xFF,0x7F,0x00,0x00,0x00,0xF8,0xFF,0xFF,0xFF,0x7F,0x00,0x00,0x00,0xF8,0xFF,0xFF,0xFF,0x7F,0x00,0x00,0x00,0xF8,0x07,0x00,0x00,0x00,0x00,0x00,0x00,0xF8,0x3F,0x00,0x00,0x00,0x00,0x00,0x00,0xC0,0xFF,0x00,0x00,0x00,0x00,0x00,0x00,0x00,0xFF,0x07,0x00,0x00,0x00,0x00,0x00,0x00,0xF8,0x1F,0x00,0x00,0x00,0x00,0x00,0x00,0xE0,0xFF,0x00,0x00,0x00,0x00,0x00,0x00,0x00,0xFF,0x03,0x00,0x00,0x00,0x00,0x00,0x00,0xFC,0x1F,0x00,0x00,0x00,0x00,0x00,0x00,0xE0,0x7F,0x00,0x00,0x00,0x00,0x00,0x00,0x80,0xFF,0x03,0x00,0x00,0x00,0x00,0x00,0x00,0xFC,0x0F,0x00,0x00,0x00,0x00,0x00,0x00,0xE0,0x7F,0x00,0x00,0x00,0x00,0x00,0x00,0x80,0x7F,0x00,0x00,0x00,0xF8,0xFF,0xFF,0xFF,0x7F,0x00,0x00,0x00,0xF8,0xFF,0xFF,0xFF,0x7F,0x00,0x00,0x00,0xF8,0xFF,0xFF,0xFF,0x7F,0x00,0x00,0x00,0xF8,0xFF,0xFF,0xFF,0x7F,0x00,0x00,0x00,0xF8,0xFF,0xFF,0xFF,0x7F,	// 78
	0x00,0x00,0x00,0x00,0x00,0x00,0x00,0x00,0x00,0x00,0x00,0x00,0x00,0x00,0x00,0x00,0x00,0x00,0x00,0x00,0x00,0x00,0x00,0x00,0x00,0x00,0xC0,0xFF,0x0F,0x00,0x00,0x00,0x00,0x00,0xFC,0xFF,0xFF,0x00,0x00,0x00,0x00,0x80,0xFF,0xFF,0xFF,0x07,0x00,0x00,0x00,0xC0,0xFF,0xFF,0xFF,0x0F,0x00,0x00,0x00,0xE0,0xFF,0xFF,0xFF,0x1F,0x00,0x00,0x00,0xF0,0x1F,0x00,0xE0,0x3F,0x00,0x00,0x00,0xF8,0x03,0x00,0x00,0x7F,0x00,0x00,0x00,0xF8,0x00,0x00,0x00,0x7C,0x00,0x00,0x00,0x7C,0x00,0x00,0x00,0xF8,0x00,0x00,0x00,0x7C,0x00,0x00,0x00,0xF0,0x00,0x00,0x00,0x3C,0x00,0x00,0x00,0xF0,0x00,0x00,0x00,0x3C,0x00,0x00,0x00,0xF0,0x00,0x00,0x00,0x3C,0x00,0x00,0x00,0xF0,0x00,0x00,0x00,0x3C,0x00,0x00,0x00,0xF0,0x00,0x00,0x00,0x7C,0x00,0x00,0x00,0xF0,0x00,0x00,0x00,0x7C,0x00,0x00,0x00,0xF8,0x00,0x00,0x00,0xF8,0x00,0x00,0x00,0x7C,0x00,0x00,0x00,0xF8,0x03,0x00,0x00,0x7F,0x00,0x00,0x00,0xF0,0x3F,0x00,0xF0,0x3F,0x00,0x00,0x00,0xE0,0xFF,0xFF,0xFF,0x1F,0x00,0x00,0x00,0xC0,0xFF,0xFF,0xFF,0x0F,0x00,0x00,0x00,0x00,0xFF,0xFF,0xFF,0x03,0x00,0x00,0x00,0x00,0xFC,0xFF,0xFF,0x00,0x00,0x00,0x00,0x00,0xC0,0xFF,0x0F,	// 79
	0x00,0x00,0x00,0x00,0x00,0x00,0x00,0x00,0x00,0x00,0x00,0x00,0x00,0x00,0x00,0x00,0x00,0x00,0x00,0x00,0x00,0x00,0x00,0x00,0x00,0x00,0x00,0x00,0x00,0x00,0x00,0x00,0x00,0x00,0x00,0x00,0x00,0x00,0x00,0x00,0x00,0xF8,0xFF,0xFF,0xFF,0x7F,0x00,0x00,0x00,0xF8,0xFF,0xFF,0xFF,0x7F,0x00,0x00,0x00,0xF8,0xFF,0xFF,0xFF,0x7F,0x00,0x00,0x00,0xF8,0xFF,0xFF,0xFF,0x7F,0x00,0x00,0x00,0xF8,0xFF,0xFF,0xFF,0x7F,0x00,0x00,0x00,0x78,0x00,0xE0,0x01,0x00,0x00,0x00,0x00,0x78,0x00,0xE0,0x01,0x00,0x00,0x00,0x00,0x78,0x00,0xE0,0x01,0x00,0x00,0x00,0x00,0x78,0x00,0xE0,0x01,0x00,0x00,0x00,0x00,0x78,0x00,0xE0,0x01,0x00,0x00,0x00,0x00,0x78,0x00,0xE0,0x01,0x00,0x00,0x00,0x00,0x78,0x00,0xE0,0x01,0x00,0x00,0x00,0x00,0x78,0x00,0xE0,0x01,0x00,0x00,0x00,0x00,0x78,0x00,0xE0,0x01,0x00,0x00,0x00,0x00,0xF8,0x00,0xF0,0x01,0x00,0x00,0x00,0x00,0xF0,0x00,0xF0,0x00,0x00,0x00,0x00,0x00,0xF0,0x01,0xF8,0x00,0x00,0x00,0x00,0x00,0xF0,0x07,0xFE,0x00,0x00,0x00,0x00,0x00,0xE0,0xFF,0x7F,0x00,0x00,0x00,0x00,0x00,0xE0,0xFF,0x7F,0x00,0x00,0x00,0x00,0x00,0xC0,0xFF,0x3F,0x00,0x00,0x00,0x00,0x00,0x00,0xFF,0x0F,0x00,0x00,0x00,0x00,0x00,0x00,0xFC,0x03,	// 80
	0x00,0x00,0x00,0x00,0x00,0x00,0x00,0x00,0x00,0x00,0x00,0x00,0x00,0x00,0x00,0x00,0x00,0x00,0x00,0x00,0x00,0x00,0x00,0x00,0x00,0x00,0xC0,0xFF,0x0F,0x00,0x00,0x00,0x00,0x00,0xFC,0xFF,0xFF,0x00,0x00,0x00,0x00,0x80,0xFF,0xFF,0xFF,0x07,0x00,0x00,0x00,0xC0,0xFF,0xFF,0xFF,0x0F,0x00,0x00,0x00,0xE0,0xFF,0xFF,0xFF,0x1F,0x00,0x00,0x00,0xF0,0x1F,0x00,0xE0,0x3F,0x00,0x00,0x00,0xF8,0x03,0x00,0x00,0x7F,0x00,0x00,0x00,0xF8,0x00,0x00,0x00,0x7C,0x00,0x00,0x00,0x7C,0x00,0x00,0x00,0xF8,0x00,0x00,0x00,0x7C,0x00,0x00,0x00,0xF0,0x00,0x00,0x00,0x3C,0x00,0x00,0x00,0xF0,0x00,0x00,0x00,0x3C,0x00,0x00,0x00,0xF0,0x00,0x00,0x00,0x3C,0x00,0x00,0x00,0xF0,0x00,0x00,0x00,0x3C,0x00,0x00,0x00,0xF0,0x01,0x00,0x00,0x7C,0x00,0x00,0x00,0xF0,0x03,0x00,0x00,0x7C,0x00,0x00,0x00,0xF8,0x07,0x00,0x00,0xF8,0x00,0x00,0x00,0xFC,0x0F,0x00,0x00,0xF8,0x03,0x00,0x00,0xFF,0x1F,0x00,0x00,0xF0,0x3F,0x00,0xF0,0x3F,0x3F,0x00,0x00,0xE0,0xFF,0xFF,0xFF,0x1F,0x1E,0x00,0x00,0xC0,0xFF,0xFF,0xFF,0x0F,0x1C,0x00,0x00,0x00,0xFF,0xFF,0xFF,0x07,0x08,0x00,0x00,0x00,0xFC,0xFF,0xFF,0x00,0x00,0x00,0x00,0x00,0xC0,0xFF,0x0F,	// 81
	0x00,0x00,0x00,0x00,0x00,0x00,0x00,0x00,0x00,0x00,0x00,0x00,0x00,0x00,0x00,0x00,0x00,0x00,0x00,0x00,0x00,0x00,0x00,0x00,0x00,0xF8,0xFF,0xFF,0xFF,0x7F,0x00,0x00,0x00,0xF8,0xFF,0xFF,0xFF,0x7F,0x00,0x00,0x00,0xF8,0xFF,0xFF,0xFF,0x7F,0x00,0x00,0x00,0xF8,0xFF,0xFF,0xFF,0x7F,0x00,0x00,0x00,0xF8,0xFF,0xFF,0xFF,0x7F,0x00,0x00,0x00,0x78,0x00,0xF0,0x00,0x00,0x00,0x00,0x00,0x78,0x00,0xF0,0x00,0x00,0x00,0x00,0x00,0x78,0x00,0xF0,0x00,0x00,0x00,0x00,0x00,0x78,0x00,0xF0,0x00,0x00,0x00,0x00,0x00,0x78,0x00,0xF0,0x00,0x00,0x00,0x00,0x00,0x78,0x00,0xF0,0x00,0x00,0x00,0x00,0x00,0x78,0x00,0xF0,0x00,0x00,0x00,0x00,0x00,0x78,0x00,0xF0,0x01,0x00,0x00,0x00,0x00,0x78,0x00,0xF0,0x01,0x00,0x00,0x00,0x00,0xF8,0x00,0xF8,0x03,0x00,0x00,0x00,0x00,0xF0,0x00,0xF8,0x0F,0x00,0x00,0x00,0x00,0xF0,0x01,0xFC,0x1F,0x00,0x00,0x00,0x00,0xF0,0x07,0xBF,0x7F,0x00,0x00,0x00,0x00,0xE0,0xFF,0x1F,0xFF,0x01,0x00,0x00,0x00,0xC0,0xFF,0x1F,0xFE,0x07,0x00,0x00,0x00,0xC0,0xFF,0x0F,0xFC,0x1F,0x00,0x00,0x00,0x00,0xFF,0x07,0xF0,0x7F,0x00,0x00,0x00,0x00,0xFC,0x01,0xC0,0x7F,0x00,0x00,0x00,0x00,0x00,0x00,0x00,0x7F,0x00,0x00,0x00,0x00,0x00,0x00,0x00,0x7C,0x00,0x00,0x00,0x00,0x00,0x00,0x00,0x70,0x00,0x00,0x00,0x00,0x00,0x00,0x00,0x40,	// 82
	0x00,0x00,0x00,0x00,0x00,0x00,0x00,0x00,0x00,0x00,0x00,0x00,0x00,0x00,0x00,0x00,0x00,0x00,0x00,0x00,0x00,0x00,0x00,0x00,0x00,0x00,0xFE,0x00,0x00,0x3E,0x00,0x00,0x00,0x80,0xFF,0x03,0x00,0x7C,0x00,0x00,0x00,0xC0,0xFF,0x0F,0x00,0x7C,0x00,0x00,0x00,0xE0,0xFF,0x0F,0x00,0x78,0x00,0x00,0x00,0xF0,0xFF,0x1F,0x00,0x78,0x00,0x00,0x00,0xF8,0x83,0x3F,0x00,0xF8,0x00,0x00,0x00,0xF8,0x00,0x3F,0x00,0xF0,0x00,0x00,0x00,0x78,0x00,0x3E,0x00,0xF0,0x00,0x00,0x00,0x7C,0x00,0x7E,0x00,0xF0,0x00,0x00,0x00,0x3C,0x00,0x7C,0x00,0xF0,0x00,0x00,0x00,0x3C,0x00,0x7C,0x00,0xF0,0x00,0x00,0x00,0x3C,0x00,0x7C,0x00,0xF0,0x00,0x00,0x00,0x3C,0x00,0xFC,0x00,0xF0,0x00,0x00,0x00,0x3C,0x00,0xF8,0x00,0xF0,0x00,0x00,0x00,0x3C,0x00,0xF8,0x00,0xF8,0x00,0x00,0x00,0x3C,0x00,0xF8,0x01,0x78,0x00,0x00,0x00,0x78,0x00,0xF0,0x03,0x7C,0x00,0x00,0x00,0x78,0x00,0xF0,0x07,0x7F,0x00,0x00,0x00,0xF8,0x00,0xE0,0xFF,0x3F,0x00,0x00,0x00,0xF8,0x00,0xE0,0xFF,0x3F,0x00,0x00,0x00,0xF0,0x01,0xC0,0xFF,0x1F,0x00,0x00,0x00,0x00,0x00,0x80,0xFF,0x07,0x00,0x00,0x00,0x00,0x00,0x00,0xFC,0x01,	// 83
	0x00,0x00,0x00,0x00,0x00,0x00,0x00,0x00,0x00,0x00,0x00,0x00,0x00,0x00,0x00,0x00,0x00,0x78,0x00,0x00,0x00,0x00,0x00,0x00,0x00,0x78,0x00,0x00,0x00,0x00,0x00,0x00,0x00,0x78,0x00,0x00,0x00,0x00,0x00,0x00,0x00,0x78,0x00,0x00,0x00,0x00,0x00,0x00,0x00,0x78,0x00,0x00,0x00,0x00,0x00,0x00,0x00,0x78,0x00,0x00,0x00,0x00,0x00,0x00,0x00,0x78,0x00,0x00,0x00,0x00,0x00,0x00,0x00,0x78,0x00,0x00,0x00,0x00,0x00,0x00,0x00,0x78,0x00,0x00,0x00,0x00,0x00,0x00,0x00,0x78,0x00,0x00,0x00,0x00,0x00,0x00,0x00,0x78,0x00,0x00,0x00,0x00,0x00,0x00,0x00,0xF8,0xFF,0xFF,0xFF,0x7F,0x00,0x00,0x00,0xF8,0xFF,0xFF,0xFF,0x7F,0x00,0x00,0x00,0xF8,0xFF,0xFF,0xFF,0x7F,0x00,0x00,0x00,0xF8,0xFF,0xFF,0xFF,0x7F,0x00,0x00,0x00,0xF8,0xFF,0xFF,0xFF,0x7F,0x00,0x00,0x00,0x78,0x00,0x00,0x00,0x00,0x00,0x00,0x00,0x78,0x00,0x00,0x00,0x00,0x00,0x00,0x00,0x78,0x00,0x00,0x00,0x00,0x00,0x00,0x00,0x78,0x00,0x00,0x00,0x00,0x00,0x00,0x00,0x78,0x00,0x00,0x00,0x00,0x00,0x00,0x00,0x78,0x00,0x00,0x00,0x00,0x00,0x00,0x00,0x78,0x00,0x00,0x00,0x00,0x00,0x00,0x00,0x78,0x00,0x00,0x00,0x00,0x00,0x00,0x00,0x78,0x00,0x00,0x00,0x00,0x00,0x00,0x00,0x78,0x00,0x00,0x00,0x00,0x00,0x00,0x00,0x78,	// 84
	0x00,0x00,0x00,0x00,0x00,0x00,0x00,0x00,0x00,0x00,0x00,0x00,0x00,0x00,0x00,0x00,0x00,0x00,0x00,0x00,0x00,0x00,0x00,0x00,0x00,0x00,0x00,0x00,0x00,0x00,0x00,0x00,0x00,0xF8,0xFF,0xFF,0xFF,0x00,0x00,0x00,0x00,0xF8,0xFF,0xFF,0xFF,0x07,0x00,0x00,0x00,0xF8,0xFF,0xFF,0xFF,0x1F,0x00,0x00,0x00,0xF8,0xFF,0xFF,0xFF,0x3F,0x00,0x00,0x00,0xF8,0xFF,0xFF,0xFF,0x3F,0x00,0x00,0x00,0x00,0x00,0x00,0x00,0x7E,0x00,0x00,0x00,0x00,0x00,0x00,0x00,0x7C,0x00,0x00,0x00,0x00,0x00,0x00,0x00,0x78,0x00,0x00,0x00,0x00,0x00,0x00,0x00,0xF0,0x00,0x00,0x00,0x00,0x00,0x00,0x00,0xF0,0x00,0x00,0x00,0x00,0x00,0x00,0x00,0xF0,0x00,0x00,0x00,0x00,0x00,0x00,0x00,0xF0,0x00,0x00,0x00,0x00,0x00,0x00,0x00,0xF0,0x00,0x00,0x00,0x00,0x00,0x00,0x00,0xF0,0x00,0x00,0x00,0x00,0x00,0x00,0x00,0xF0,0x00,0x00,0x00,0x00,0x00,0x00,0x00,0xF8,0x00,0x00,0x00,0x00,0x00,0x00,0x00,0x7C,0x00,0x00,0x00,0x00,0x00,0x00,0x00,0x7E,0x00,0x00,0x00,0xF8,0xFF,0xFF,0xFF,0x3F,0x00,0x00,0x00,0xF8,0xFF,0xFF,0xFF,0x3F,0x00,0x00,0x00,0xF8,0xFF,0xFF,0xFF,0x1F,0x00,0x00,0x00,0xF8,0xFF,0xFF,0xFF,0x07,0x00,0x00,0x00,0xF8,0xFF,0xFF,0xFF,	// 85
	0x00,0x00,0x00,0x00,0x00,0x00,0x00,0x00,0x00,0x18,0x00,0x00,0x00,0x00,0x00,0x00,0x00,0xF8,0x00,0x00,0x00,0x00,0x00,0x00,0x00,0xF8,0x0F,0x00,0x00,0x00,0x00,0x00,0x00,0xF8,0x7F,0x00,0x00,0x00,0x00,0x00,0x00,0xF8,0xFF,0x03,0x00,0x00,0x00,0x00,0x00,0xF0,0xFF,0x3F,0x00,0x00,0x00,0x00,0x00,0x80,0xFF,0xFF,0x01,0x00,0x00,0x00,0x00,0x00,0xF8,0xFF,0x1F,0x00,0x00,0x00,0x00,0x00,0xC0,0xFF,0xFF,0x00,0x00,0x00,0x00,0x00,0x00,0xFC,0xFF,0x07,0x00,0x00,0x00,0x00,0x00,0xE0,0xFF,0x7F,0x00,0x00,0x00,0x00,0x00,0x00,0xFF,0x7F,0x00,0x00,0x00,0x00,0x00,0x00,0xF0,0x7F,0x00,0x00,0x00,0x00,0x00,0x00,0x80,0x7F,0x00,0x00,0x00,0x00,0x00,0x00,0xF0,0x7F,0x00,0x00,0x00,0x00,0x00,0x00,0xFF,0x7F,0x00,0x00,0x00,0x00,0x00,0xE0,0xFF,0x7F,0x00,0x00,0x00,0x00,0x00,0xFC,0xFF,0x07,0x00,0x00,0x00,0x00,0xC0,0xFF,0xFF,0x00,0x00,0x00,0x00,0x00,0xF8,0xFF,0x1F,0x00,0x00,0x00,0x00,0x80,0xFF,0xFF,0x01,0x00,0x00,0x00,0x00,0xF0,0xFF,0x3F,0x00,0x00,0x00,0x00,0x00,0xF8,0xFF,0x03,0x00,0x00,0x00,0x00,0x00,0xF8,0x7F,0x00,0x00,0x00,0x00,0x00,0x00,0xF8,0x0F,0x00,0x00,0x00,0x00,0x00,0x00,0xF8,0x00,0x00,0x00,0x00,0x00,0x00,0x00,0x18,	// 86
	0x00,0x38,0x00,0x00,0x00,0x00,0x00,0x00,0x00,0xF8,0x1F,0x00,0x00,0x00,0x00,0x00,0x00,0xF8,0xFF,0x0F,0x00,0x00,0x00,0x00,0x00,0xF8,0xFF,0xFF,0x03,0x00,0x00,0x00,0x00,0xF8,0xFF,0xFF,0xFF,0x01,0x00,0x00,0x00,0xC0,0xFF,0xFF,0xFF,0x7F,0x00,0x00,0x00,0x00,0xE0,0xFF,0xFF,0x7F,0x00,0x00,0x00,0x00,0x00,0xF8,0xFF,0x7F,0x00,0x00,0x00,0x00,0x00,0x00,0xFC,0x7F,0x00,0x00,0x00,0x00,0x00,0x00,0xF8,0x7F,0x00,0x00,0x00,0x00,0x00,0xC0,0xFF,0x1F,0x00,0x00,0x00,0x00,0x00,0xFE,0xFF,0x01,0x00,0x00,0x00,0x00,0xE0,0xFF,0x1F,0x00,0x00,0x00,0x00,0x00,0xE0,0xFF,0x00,0x00,0x00,0x00,0x00,0x00,0xE0,0x0F,0x00,0x00,0x00,0x00,0x00,0x00,0xE0,0x0F,0x00,0x00,0x00,0x00,0x00,0x00,0xE0,0xFF,0x00,0x00,0x00,0x00,0x00,0x00,0xE0,0xFF,0x1F,0x00,0x00,0x00,0x00,0x00,0x00,0xFE,0xFF,0x01,0x00,0x00,0x00,0x00,0x00,0xC0,0xFF,0x1F,0x00,0x00,0x00,0x00,0x00,0x00,0xF8,0x7F,0x00,0x00,0x00,0x00,0x00,0x00,0xFC,0x7F,0x00,0x00,0x00,0x00,0x00,0xF8,0xFF,0x7F,0x00,0x00,0x00,0x00,0xE0,0xFF,0xFF,0x7F,0x00,0x00,0x00,0xC0,0xFF,0xFF,0xFF,0x7F,0x00,0x00,0x00,0xF8,0xFF,0xFF,0xFF,0x01,0x00,0x00,0x00,0xF8,0xFF,0xFF,0x03,0x00,0x00,0x00,0x00,0xF8,0xFF,0x0F,0x00,0x00,0x00,0x00,0x00,0xF8,0x1F,0x00,0x00,0x00,0x00,0x00,0x00,0x38,	// 87
	0x00,0x00,0x00,0x00,0x00,0x00,0x00,0x00,0x00,0x00,0x00,0x00,0x00,0x40,0x00,0x00,0x00,0x00,0x00,0x00,0x00,0x60,0x00,0x00,0x00,0x08,0x00,0x00,0x00,0x78,0x00,0x00,0x00,0x18,0x00,0x00,0x00,0x7C,0x00,0x00,0x00,0x78,0x00,0x00,0x00,0x7F,0x00,0x00,0x00,0xF8,0x01,0x00,0xC0,0x7F,0x00,0x00,0x00,0xF8,0x03,0x00,0xE0,0x3F,0x00,0x00,0x00,0xF8,0x0F,0x00,0xF8,0x1F,0x00,0x00,0x00,0xF0,0x3F,0x00,0xFC,0x07,0x00,0x00,0x00,0xC0,0x7F,0x00,0xFF,0x01,0x00,0x00,0x00,0x80,0xFF,0x81,0xFF,0x00,0x00,0x00,0x00,0x00,0xFE,0xE7,0x3F,0x00,0x00,0x00,0x00,0x00,0xF8,0xFF,0x1F,0x00,0x00,0x00,0x00,0x00,0xF0,0xFF,0x07,0x00,0x00,0x00,0x00,0x00,0xC0,0xFF,0x03,0x00,0x00,0x00,0x00,0x00,0xC0,0xFF,0x03,0x00,0x00,0x00,0x00,0x00,0xF0,0xFF,0x0F,0x00,0x00,0x00,0x00,0x00,0xFC,0xFF,0x3F,0x00,0x00,0x00,0x00,0x00,0xFE,0xC3,0x7F,0x00,0x00,0x00,0x00,0x80,0xFF,0x81,0xFF,0x01,0x00,0x00,0x00,0xC0,0x7F,0x00,0xFE,0x07,0x00,0x00,0x00,0xF0,0x1F,0x00,0xF8,0x0F,0x00,0x00,0x00,0xF8,0x0F,0x00,0xF0,0x3F,0x00,0x00,0x00,0xF8,0x03,0x00,0xC0,0x7F,0x00,0x00,0x00,0xF8,0x01,0x00,0x00,0x7F,0x00,0x00,0x00,0x78,0x00,0x00,0x00,0x7E,0x00,0x00,0x00,0x18,0x00,0x00,0x00,0x78,0x00,0x00,0x00,0x08,0x00,0x00,0x00,0x60,0x00,0x00,0x00,0x00,0x00,0x00,0x00,0x40,	// 88
	0x00,0x00,0x00,0x00,0x00,0x00,0x00,0x00,0x00,0x08,0x00,0x00,0x00,0x00,0x00,0x00,0x00,0x18,0x00,0x00,0x00,0x00,0x00,0x00,0x00,0x78,0x00,0x00,0x00,0x00,0x00,0x00,0x00,0xF8,0x01,0x00,0x00,0x00,0x00,0x00,0x00,0xF8,0x03,0x00,0x00,0x00,0x00,0x00,0x00,0xF8,0x0F,0x00,0x00,0x00,0x00,0x00,0x00,0xF0,0x3F,0x00,0x00,0x00,0x00,0x00,0x00,0xC0,0x7F,0x00,0x00,0x00,0x00,0x00,0x00,0x80,0xFF,0x01,0x00,0x00,0x00,0x00,0x00,0x00,0xFE,0x07,0x00,0x00,0x00,0x00,0x00,0x00,0xF8,0x0F,0x00,0x00,0x00,0x00,0x00,0x00,0xF0,0x3F,0x00,0x00,0x00,0x00,0x00,0x00,0xC0,0xFF,0xFF,0x7F,0x00,0x00,0x00,0x00,0x00,0xFF,0xFF,0x7F,0x00,0x00,0x00,0x00,0x00,0xFE,0xFF,0x7F,0x00,0x00,0x00,0x00,0x00,0xFF,0xFF,0x7F,0x00,0x00,0x00,0x00,0xC0,0xFF,0xFF,0x7F,0x00,0x00,0x00,0x00,0xF0,0x3F,0x00,0x00,0x00,0x00,0x00,0x00,0xF8,0x0F,0x00,0x00,0x00,0x00,0x00,0x00,0xFE,0x07,0x00,0x00,0x00,0x00,0x00,0x80,0xFF,0x01,0x00,0x00,0x00,0x00,0x00,0xC0,0x7F,0x00,0x00,0x00,0x00,0x00,0x00,0xF0,0x3F,0x00,0x00,0x00,0x00,0x00,0x00,0xF8,0x0F,0x00,0x00,0x00,0x00,0x00,0x00,0xF8,0x03,0x00,0x00,0x00,0x00,0x00,0x00,0xF8,0x01,0x00,0x00,0x00,0x00,0x00,0x00,0x78,0x00,0x00,0x00,0x00,0x00,0x00,0x00,0x38,0x00,0x00,0x00,0x00,0x00,0x00,0x00,0x08,	// 89
	0x00,0x00,0x00,0x00,0x00,0x00,0x00,0x00,0x00,0x00,0x00,0x00,0x00,0x00,0x00,0x00,0x00,0x00,0x00,0x00,0x00,0x00,0x00,0x00,0x00,0x00,0x00,0x00,0x00,0x00,0x00,0x00,0x00,0x00,0x00,0x00,0x00,0x7C,0x00,0x00,0x00,0x78,0x00,0x00,0x00,0x7E,0x00,0x00,0x00,0x78,0x00,0x00,0x80,0x7F,0x00,0x00,0x00,0x78,0x00,0x00,0xC0,0x7F,0x00,0x00,0x00,0x78,0x00,0x00,0xF0,0x7F,0x00,0x00,0x00,0x78,0x00,0x00,0xF8,0x7F,0x00,0x00,0x00,0x78,0x00,0x00,0xFE,0x7B,0x00,0x00,0x00,0x78,0x00,0x80,0xFF,0x79,0x00,0x00,0x00,0x78,0x00,0xC0,0x7F,0x78,0x00,0x00,0x00,0x78,0x00,0xF0,0x3F,0x78,0x00,0x00,0x00,0x78,0x00,0xF8,0x0F,0x78,0x00,0x00,0x00,0x78,0x00,0xFE,0x07,0x78,0x00,0x00,0x00,0x78,0x00,0xFF,0x01,0x78,0x00,0x00,0x00,0x78,0xC0,0x7F,0x00,0x78,0x00,0x00,0x00,0x78,0xF0,0x3F,0x00,0x78,0x00,0x00,0x00,0x78,0xF8,0x0F,0x00,0x78,0x00,0x00,0x00,0x78,0xFE,0x07,0x00,0x78,0x00,0x00,0x00,0x78,0xFF,0x01,0x00,0x78,0x00,0x00,0x00,0xF8,0x7F,0x00,0x00,0x78,0x00,0x00,0x00,0xF8,0x3F,0x00,0x00,0x78,0x00,0x00,0x00,0xF8,0x0F,0x00,0x00,0x78,0x00,0x00,0x00,0xF8,0x07,0x00,0x00,0x78,0x00,0x00,0x00,0xF8,0x01,0x00,0x00,0x78,0x00,0x00,0x00,0xF8,0x00,0x00,0x00,0x78,0x00,0x00,0x00,0x00,0x00,0x00,0x00,0x78,	// 90
	0x00,0x00,0x00,0x00,0x00,0x00,0x00,0x00,0x00,0x00,0x00,0x00,0x00,0x00,0x00,0x00,0x00,0x00,0x00,0x00,0x00,0x00,0x00,0x00,0x00,0x00,0x00,0x00,0x00,0x00,0x00,0x00,0x00,0x00,0x00,0x00,0x00,0x00,0x00,0x00,0x00,0x00,0x00,0x00,0x00,0x00,0x00,0x00,0x00,0x00,0x00,0x00,0x00,0x00,0x00,0x00,0x00,0x00,0x00,0x00,0x00,0x00,0x00,0x00,0x00,0x00,0x00,0x00,0x00,0x00,0x00,0x00,0x00,0x00,0x00,0x00,0x00,0x00,0x00,0x00,0x00,0x00,0x00,0x00,0x00,0x00,0x00,0x00,0x00,0xFE,0xFF,0xFF,0xFF,0xFF,0x3F,0x00,0x00,0xFE,0xFF,0xFF,0xFF,0xFF,0x3F,0x00,0x00,0xFE,0xFF,0xFF,0xFF,0xFF,0x3F,0x00,0x00,0xFE,0xFF,0xFF,0xFF,0xFF,0x3F,0x00,0x00,0xFE,0xFF,0xFF,0xFF,0xFF,0x3F,0x00,0x00,0x1E,0x00,0x00,0x00,0x00,0x3C,0x00,0x00,0x1E,0x00,0x00,0x00,0x00,0x3C,0x00,0x00,0x1E,0x00,0x00,0x00,0x00,0x3C,0x00,0x00,0x1E,0x00,0x00,0x00,0x00,0x3C,0x00,0x00,0x1E,0x00,0x00,0x00,0x00,0x3C,0x00,0x00,0x1E,0x00,0x00,0x00,0x00,0x3C,	// 91
	0x00,0x00,0x00,0x00,0x00,0x00,0x00,0x00,0x00,0x00,0x00,0x00,0x00,0x00,0x00,0x00,0x00,0x08,0x00,0x00,0x00,0x00,0x00,0x00,0x00,0x38,0x00,0x00,0x00,0x00,0x00,0x00,0x00,0xF8,0x00,0x00,0x00,0x00,0x00,0x00,0x00,0xF8,0x07,0x00,0x00,0x00,0x00,0x00,0x00,0xF8,0x1F,0x00,0x00,0x00,0x00,0x00,0x00,0xF0,0x7F,0x00,0x00,0x00,0x00,0x00,0x00,0xC0,0xFF,0x01,0x00,0x00,0x00,0x00,0x00,0x00,0xFF,0x07,0x00,0x00,0x00,0x00,0x00,0x00,0xF8,0x1F,0x00,0x00,0x00,0x00,0x00,0x00,0xE0,0xFF,0x00,0x00,0x00,0x00,0x00,0x00,0x80,0xFF,0x03,0x00,0x00,0x00,0x00,0x00,0x00,0xFE,0x0F,0x00,0x00,0x00,0x00,0x00,0x00,0xF8,0x3F,0x00,0x00,0x00,0x00,0x00,0x00,0xE0,0xFF,0x00,0x00,0x00,0x00,0x00,0x00,0x80,0xFF,0x03,0x00,0x00,0x00,0x00,0x00,0x00,0xFC,0x0F,0x00,0x00,0x00,0x00,0x00,0x00,0xF0,0x7F,0x00,0x00,0x00,0x00,0x00,0x00,0xC0,0xFF,0x01,0x00,0x00,0x00,0x00,0x00,0x00,0xFF,0x07,0x00,0x00,0x00,0x00,0x00,0x00,0xFC,0x0F,0x00,0x00,0x00,0x00,0x00,0x00,0xF0,0x0F,0x00,0x00,0x00,0x00,0x00,0x00,0x80,0x0F,0x00,0x00,0x00,0x00,0x00,0x00,0x00,0x0E,0x00,0x00,0x00,0x00,0x00,0x00,0x00,0x08,	// 92
	0x00,0x00,0x00,0x00,0x00,0x00,0x00,0x00,0x00,0x00,0x00,0x00,0x00,0x00,0x00,0x00,0x00,0x00,0x00,0x00,0x00,0x00,0x00,0x00,0x00,0x00,0x00,0x00,0x00,0x00,0x00,0x00,0x00,0x00,0x00,0x00,0x00,0x00,0x00,0x00,0x00,0x00,0x00,0x00,0x00,0x00,0x00,0x00,0x00,0x00,0x00,0x00,0x00,0x00,0x00,0x00,0x00,0x00,0x00,0x00,0x00,0x00,0x00,0x00,0x00,0x1E,0x00,0x00,0x00,0x00,0x3C,0x00,0x00,0x1E,0x00,0x00,0x00,0x00,0x3C,0x00,0x00,0x1E,0x00,0x00,0x00,0x00,0x3C,0x00,0x00,0x1E,0x00,0x00,0x00,0x00,0x3C,0x00,0x00,0x1E,0x00,0x00,0x00,0x00,0x3C,0x00,0x00,0x1E,0x00,0x00,0x00,0x00,0x3C,0x00,0x00,0xFE,0xFF,0xFF,0xFF,0xFF,0x3F,0x00,0x00,0xFE,0xFF,0xFF,0xFF,0xFF,0x3F,0x00,0x00,0xFE,0xFF,0xFF,0xFF,0xFF,0x3F,0x00,0x00,0xFE,0xFF,0xFF,0xFF,0xFF,0x3F,0x00,0x00,0xFE,0xFF,0xFF,0xFF,0xFF,0x3F,	// 93
	0x00,0x00,0x00,0x00,0x00,0x00,0x00,0x00,0x00,0x00,0x00,0x00,0x00,0x00,0x00,0x00,0x00,0x00,0x00,0x01,0x00,0x00,0x00,0x00,0x00,0x00,0x80,0x01,0x00,0x00,0x00,0x00,0x00,0x00,0xC0,0x01,0x00,0x00,0x00,0x00,0x00,0x00,0xE0,0x01,0x00,0x00,0x00,0x00,0x00,0x00,0xF8,0x01,0x00,0x00,0x00,0x00,0x00,0x00,0xFC,0x00,0x00,0x00,0x00,0x00,0x00,0x00,0x7E,0x00,0x00,0x00,0x00,0x00,0x00,0x00,0x3F,0x00,0x00,0x00,0x00,0x00,0x00,0xC0,0x1F,0x00,0x00,0x00,0x00,0x00,0x00,0xE0,0x07,0x00,0x00,0x00,0x00,0x00,0x00,0xF0,0x03,0x00,0x00,0x00,0x00,0x00,0x00,0xF8,0x01,0x00,0x00,0x00,0x00,0x00,0x00,0xF8,0x00,0x00,0x00,0x00,0x00,0x00,0x00,0x78,0x00,0x00,0x00,0x00,0x00,0x00,0x00,0xF8,0x00,0x00,0x00,0x00,0x00,0x00,0x00,0xF8,0x01,0x00,0x00,0x00,0x00,0x00,0x00,0xF0,0x03,0x00,0x00,0x00,0x00,0x00,0x00,0xE0,0x07,0x00,0x00,0x00,0x00,0x00,0x00,0xC0,0x1F,0x00,0x00,0x00,0x00,0x00,0x00,0x00,0x3F,0x00,0x00,0x00,0x00,0x00,0x00,0x00,0x7E,0x00,0x00,0x00,0x00,0x00,0x00,0x00,0xFC,0x00,0x00,0x00,0x00,0x00,0x00,0x00,0xF8,0x01,0x00,0x00,0x00,0x00,0x00,0x00,0xE0,0x01,0x00,0x00,0x00,0x00,0x00,0x00,0xC0,0x01,0x00,0x00,0x00,0x00,0x00,0x00,0x80,0x01,0x00,0x00,0x00,0x00,0x00,0x00,0x00,0x01,	// 94
	0x00,0x00,0x00,0x00,0x00,0x00,0x80,0x07,0x00,0x00,0x00,0x00,0x00,0x00,0x80,0x07,0x00,0x00,0x00,0x00,0x00,0x00,0x80,0x07,0x00,0x00,0x00,0x00,0x00,0x00,0x80,0x07,0x00,0x00,0x00,0x00,0x00,0x00,0x80,0x07,0x00,0x00,0x00,0x00,0x00,0x00,0x80,0x07,0x00,0x00,0x00,0x00,0x00,0x00,0x80,0x07,0x00,0x00,0x00,0x00,0x00,0x00,0x80,0x07,0x00,0x00,0x00,0x00,0x00,0x00,0x80,0x07,0x00,0x00,0x00,0x00,0x00,0x00,0x80,0x07,0x00,0x00,0x00,0x00,0x00,0x00,0x80,0x07,0x00,0x00,0x00,0x00,0x00,0x00,0x80,0x07,0x00,0x00,0x00,0x00,0x00,0x00,0x80,0x07,0x00,0x00,0x00,0x00,0x00,0x00,0x80,0x07,0x00,0x00,0x00,0x00,0x00,0x00,0x80,0x07,0x00,0x00,0x00,0x00,0x00,0x00,0x80,0x07,0x00,0x00,0x00,0x00,0x00,0x00,0x80,0x07,0x00,0x00,0x00,0x00,0x00,0x00,0x80,0x07,0x00,0x00,0x00,0x00,0x00,0x00,0x80,0x07,0x00,0x00,0x00,0x00,0x00,0x00,0x80,0x07,0x00,0x00,0x00,0x00,0x00,0x00,0x80,0x07,0x00,0x00,0x00,0x00,0x00,0x00,0x80,0x07,0x00,0x00,0x00,0x00,0x00,0x00,0x80,0x07,0x00,0x00,0x00,0x00,0x00,0x00,0x80,0x07,0x00,0x00,0x00,0x00,0x00,0x00,0x80,0x07,0x00,0x00,0x00,0x00,0x00,0x00,0x80,0x07,0x00,0x00,0x00,0x00,0x00,0x00,0x80,0x07,0x00,0x00,0x00,0x00,0x00,0x00,0x80,0x07,0x00,0x00,0x00,0x00,0x00,0x00,0x80,0x07,0x00,0x00,0x00,0x00,0x00,0x00,0x80,0x07,	// 95
	0x00,0x00,0x00,0x00,0x00,0x00,0x00,0x00,0x00,0x00,0x00,0x00,0x00,0x00,0x00,0x00,0x00,0x00,0x00,0x00,0x00,0x00,0x00,0x00,0x00,0x00,0x00,0x00,0x00,0x00,0x00,0x00,0x00,0x00,0x00,0x00,0x00,0x00,0x00,0x00,0x00,0x00,0x00,0x00,0x00,0x00,0x00,0x00,0x00,0x00,0x00,0x00,0x00,0x00,0x00,0x00,0x80,0x00,0x00,0x00,0x00,0x00,0x00,0x00,0x80,0x01,0x00,0x00,0x00,0x00,0x00,0x00,0x80,0x03,0x00,0x00,0x00,0x00,0x00,0x00,0x80,0x07,0x00,0x00,0x00,0x00,0x00,0x00,0x80,0x0F,0x00,0x00,0x00,0x00,0x00,0x00,0x00,0x1F,0x00,0x00,0x00,0x00,0x00,0x00,0x00,0x3E,0x00,0x00,0x00,0x00,0x00,0x00,0x00,0x7C,0x00,0x00,0x00,0x00,0x00,0x00,0x00,0xF0,0x00,0x00,0x00,0x00,0x00,0x00,0x00,0xE0,0x00,0x00,0x00,0x00,0x00,0x00,0x00,0xC0,0x00,0x00,0x00,0x00,0x00,0x00,0x00,0x80,	// 96
	0x00,0x00,0x00,0x00,0x00,0x00,0x00,0x00,0x00,0x00,0x00,0x00,0x00,0x00,0x00,0x00,0x00,0x00,0x00,0x00,0x00,0x00,0x00,0x00,0x00,0x00,0x00,0x00,0xF0,0x07,0x00,0x00,0x00,0x00,0x00,0x00,0xFC,0x1F,0x00,0x00,0x00,0x00,0xC0,0x03,0xFE,0x3F,0x00,0x00,0x00,0x00,0xE0,0x01,0xFF,0x3F,0x00,0x00,0x00,0x00,0xE0,0x01,0xFF,0x7F,0x00,0x00,0x00,0x00,0xF0,0x80,0x1F,0x7C,0x00,0x00,0x00,0x00,0xF0,0x80,0x0F,0xF8,0x00,0x00,0x00,0x00,0x70,0xC0,0x07,0xF8,0x00,0x00,0x00,0x00,0x78,0xC0,0x07,0xF0,0x00,0x00,0x00,0x00,0x78,0xC0,0x03,0xF0,0x00,0x00,0x00,0x00,0x78,0xC0,0x03,0xF0,0x00,0x00,0x00,0x00,0x78,0xC0,0x03,0xF0,0x00,0x00,0x00,0x00,0x78,0xC0,0x03,0xF0,0x00,0x00,0x00,0x00,0x78,0xC0,0x03,0x78,0x00,0x00,0x00,0x00,0x78,0xC0,0x03,0x78,0x00,0x00,0x00,0x00,0xF8,0xC0,0x03,0x3C,0x00,0x00,0x00,0x00,0xF0,0xC1,0x03,0x1E,0x00,0x00,0x00,0x00,0xF0,0xC3,0x83,0x0F,0x00,0x00,0x00,0x00,0xE0,0xFF,0xFF,0x7F,0x00,0x00,0x00,0x00,0xE0,0xFF,0xFF,0x7F,0x00,0x00,0x00,0x00,0xC0,0xFF,0xFF,0x7F,0x00,0x00,0x00,0x00,0x80,0xFF,0xFF,0x7F,0x00,0x00,0x00,0x00,0x00,0xFC,0xFF,0x7F,	// 97
	0x00,0x00,0x00,0x00,0x00,0x00,0x00,0x00,0x00,0x00,0x00,0x00,0x00,0x00,0x00,0x00,0x00,0x00,0x00,0x00,0x00,0x00,0x00,0x00,0x00,0x00,0x00,0x00,0x00,0x00,0x00,0x00,0x00,0x00,0x00,0x00,0x00,0x00,0x00,0x00,0x00,0xFE,0xFF,0xFF,0xFF,0x7F,0x00,0x00,0x00,0xFE,0xFF,0xFF,0xFF,0x7F,0x00,0x00,0x00,0xFE,0xFF,0xFF,0xFF,0x7F,0x00,0x00,0x00,0xFE,0xFF,0xFF,0xFF,0x7F,0x00,0x00,0x00,0xFE,0xFF,0xFF,0xFF,0x7F,0x00,0x00,0x00,0x00,0xC0,0x1F,0xC0,0x1F,0x00,0x00,0x00,0x00,0xE0,0x03,0x00,0x3E,0x00,0x00,0x00,0x00,0xF0,0x01,0x00,0x7C,0x00,0x00,0x00,0x00,0xF0,0x00,0x00,0x78,0x00,0x00,0x00,0x00,0x78,0x00,0x00,0xF0,0x00,0x00,0x00,0x00,0x78,0x00,0x00,0xF0,0x00,0x00,0x00,0x00,0x78,0x00,0x00,0xF0,0x00,0x00,0x00,0x00,0x78,0x00,0x00,0xF0,0x00,0x00,0x00,0x00,0x78,0x00,0x00,0xF0,0x00,0x00,0x00,0x00,0xF8,0x00,0x00,0xF8,0x00,0x00,0x00,0x00,0xF8,0x01,0x00,0xFC,0x00,0x00,0x00,0x00,0xF0,0x03,0x00,0x7E,0x00,0x00,0x00,0x00,0xF0,0x1F,0xC0,0x7F,0x00,0x00,0x00,0x00,0xE0,0xFF,0xFF,0x3F,0x00,0x00,0x00,0x00,0xC0,0xFF,0xFF,0x1F,0x00,0x00,0x00,0x00,0x80,0xFF,0xFF,0x0F,0x00,0x00,0x00,0x00,0x00,0xFE,0xFF,0x03,0x00,0x00,0x00,0x00,0x00,0xF0,0x7F,	// 98
	0x00,0x00,0x00,0x00,0x00,0x00,0x00,0x00,0x00,0x00,0x00,0x00,0x00,0x00,0x00,0x00,0x00,0x00,0x00,0x00,0x00,0x00,0x00,0x00,0x00,0x00,0x00,0x00,0x00,0x00,0x00,0x00,0x00,0x00,0x00,0x00,0x00,0x00,0x00,0x00,0x00,0x00,0x00,0xE0,0x3F,0x00,0x00,0x00,0x00,0x00,0x00,0xFC,0xFF,0x01,0x00,0x00,0x00,0x00,0x00,0xFF,0xFF,0x07,0x00,0x00,0x00,0x00,0x80,0xFF,0xFF,0x0F,0x00,0x00,0x00,0x00,0xC0,0xFF,0xFF,0x1F,0x00,0x00,0x00,0x00,0xE0,0x1F,0xC0,0x3F,0x00,0x00,0x00,0x00,0xE0,0x07,0x00,0x3F,0x00,0x00,0x00,0x00,0xF0,0x01,0x00,0x7C,0x00,0x00,0x00,0x00,0xF0,0x00,0x00,0x7C,0x00,0x00,0x00,0x00,0xF8,0x00,0x00,0xF8,0x00,0x00,0x00,0x00,0x78,0x00,0x00,0xF0,0x00,0x00,0x00,0x00,0x78,0x00,0x00,0xF0,0x00,0x00,0x00,0x00,0x78,0x00,0x00,0xF0,0x00,0x00,0x00,0x00,0x78,0x00,0x00,0xF0,0x00,0x00,0x00,0x00,0x78,0x00,0x00,0xF0,0x00,0x00,0x00,0x00,0x78,0x00,0x00,0xF0,0x00,0x00,0x00,0x00,0x78,0x00,0x00,0xF0,0x00,0x00,0x00,0x00,0xF0,0x00,0x00,0x78,0x00,0x00,0x00,0x00,0xF0,0x00,0x00,0x78,0x00,0x00,0x00,0x00,0xF0,0x01,0x00,0x7C,0x00,0x00,0x00,0x00,0xE0,0x03,0x00,0x3E,	// 99
	0x00,0x00,0x00,0x00,0x00,0x00,0x00,0x00,0x00,0x00,0x00,0x00,0x00,0x00,0x00,0x00,0x00,0x00,0x00,0x00,0x00,0x00,0x00,0x00,0x00,0x00,0x00,0xF0,0x7F,0x00,0x00,0x00,0x00,0x00,0x00,0xFE,0xFF,0x03,0x00,0x00,0x00,0x00,0x80,0xFF,0xFF,0x0F,0x00,0x00,0x00,0x00,0xC0,0xFF,0xFF,0x1F,0x00,0x00,0x00,0x00,0xE0,0xFF,0xFF,0x3F,0x00,0x00,0x00,0x00,0xF0,0x1F,0x80,0x7F,0x00,0x00,0x00,0x00,0xF0,0x03,0x00,0x7E,0x00,0x00,0x00,0x00,0xF8,0x01,0x00,0xFC,0x00,0x00,0x00,0x00,0xF8,0x00,0x00,0xF8,0x00,0x00,0x00,0x00,0x78,0x00,0x00,0xF0,0x00,0x00,0x00,0x00,0x78,0x00,0x00,0xF0,0x00,0x00,0x00,0x00,0x78,0x00,0x00,0xF0,0x00,0x00,0x00,0x00,0x78,0x00,0x00,0xF0,0x00,0x00,0x00,0x00,0x78,0x00,0x00,0xF0,0x00,0x00,0x00,0x00,0xF0,0x00,0x00,0x78,0x00,0x00,0x00,0x00,0xF0,0x01,0x00,0x7C,0x00,0x00,0x00,0x00,0xE0,0x03,0x00,0x3E,0x00,0x00,0x00,0x00,0xC0,0x1F,0xC0,0x0F,0x00,0x00,0x00,0xFE,0xFF,0xFF,0xFF,0x7F,0x00,0x00,0x00,0xFE,0xFF,0xFF,0xFF,0x7F,0x00,0x00,0x00,0xFE,0xFF,0xFF,0xFF,0x7F,0x00,0x00,0x00,0xFE,0xFF,0xFF,0xFF,0x7F,0x00,0x00,0x00,0xFE,0xFF,0xFF,0xFF,0x7F,	// 100
	0x00,0x00,0x00,0x00,0x00,0x00,0x00,0x00,0x00,0x00,0x00,0x00,0x00,0x00,0x00,0x00,0x00,0x00,0x00,0x00,0x00,0x00,0x00,0x00,0x00,0x00,0x00,0xE0,0x3F,0x00,0x00,0x00,0x00,0x00,0x00,0xFC,0xFF,0x01,0x00,0x00,0x00,0x00,0x00,0xFF,0xFF,0x07,0x00,0x00,0x00,0x00,0x80,0xFF,0xFF,0x0F,0x00,0x00,0x00,0x00,0xC0,0xFF,0xFF,0x1F,0x00,0x00,0x00,0x00,0xE0,0xCF,0x83,0x3F,0x00,0x00,0x00,0x00,0xE0,0xC3,0x03,0x3E,0x00,0x00,0x00,0x00,0xF0,0xC1,0x03,0x7C,0x00,0x00,0x00,0x00,0xF0,0xC0,0x03,0x78,0x00,0x00,0x00,0x00,0xF8,0xC0,0x03,0xF8,0x00,0x00,0x00,0x00,0x78,0xC0,0x03,0xF0,0x00,0x00,0x00,0x00,0x78,0xC0,0x03,0xF0,0x00,0x00,0x00,0x00,0x78,0xC0,0x03,0xF0,0x00,0x00,0x00,0x00,0x78,0xC0,0x03,0xF0,0x00,0x00,0x00,0x00,0x78,0xC0,0x03,0xF0,0x00,0x00,0x00,0x00,0xF8,0xC0,0x03,0xF0,0x00,0x00,0x00,0x00,0xF8,0xC0,0x03,0xF0,0x00,0x00,0x00,0x00,0xF0,0xC1,0x03,0x78,0x00,0x00,0x00,0x00,0xF0,0xC7,0x03,0x78,0x00,0x00,0x00,0x00,0xE0,0xFF,0x03,0x78,0x00,0x00,0x00,0x00,0xC0,0xFF,0x03,0x3C,0x00,0x00,0x00,0x00,0x80,0xFF,0x03,0x3C,0x00,0x00,0x00,0x00,0x00,0xFE,0x03,0x1E,0x00,0x00,0x00,0x00,0x00,0xF8,0x03,	// 101
	0x00,0x00,0x00,0x00,0x00,0x00,0x00,0x00,0x00,0x00,0x00,0x00,0x00,0x00,0x00,0x00,0x00,0x00,0x00,0x00,0x00,0x00,0x00,0x00,0x00,0x00,0x00,0x00,0x00,0x00,0x00,0x00,0x00,0x00,0x00,0x00,0x00,0x00,0x00,0x00,0x00,0x00,0xF0,0x00,0x00,0x00,0x00,0x00,0x00,0x00,0xF0,0x00,0x00,0x00,0x00,0x00,0x00,0x00,0xF0,0x00,0x00,0x00,0x00,0x00,0x00,0x00,0xF0,0x00,0x00,0x00,0x00,0x00,0x00,0x00,0xF0,0x00,0x00,0x00,0x00,0x00,0x00,0x00,0xF0,0x00,0x00,0x00,0x00,0x00,0x00,0x00,0xF0,0x00,0x00,0x00,0x00,0x00,0x00,0xC0,0xFF,0xFF,0xFF,0x7F,0x00,0x00,0x00,0xF0,0xFF,0xFF,0xFF,0x7F,0x00,0x00,0x00,0xF8,0xFF,0xFF,0xFF,0x7F,0x00,0x00,0x00,0xFC,0xFF,0xFF,0xFF,0x7F,0x00,0x00,0x00,0xFC,0xFF,0xFF,0xFF,0x7F,0x00,0x00,0x00,0x7E,0xF0,0x00,0x00,0x00,0x00,0x00,0x00,0x3E,0xF0,0x00,0x00,0x00,0x00,0x00,0x00,0x1E,0xF0,0x00,0x00,0x00,0x00,0x00,0x00,0x1E,0xF0,0x00,0x00,0x00,0x00,0x00,0x00,0x1E,0xF0,0x00,0x00,0x00,0x00,0x00,0x00,0x1E,0xF0,0x00,0x00,0x00,0x00,0x00,0x00,0x1E,0xF0,0x00,0x00,0x00,0x00,0x00,0x00,0x1E,0xF0,0x00,0x00,0x00,0x00,0x00,0x00,0x1E,0xF0,	// 102
	0x00,0x00,0x00,0x00,0x00,0x00,0x00,0x00,0x00,0x00,0x00,0x00,0x00,0x00,0x00,0x00,0x00,0x00,0x00,0x00,0x00,0x00,0x00,0x00,0x00,0x00,0x00,0xF0,0x3F,0x00,0x00,0x00,0x00,0x00,0x00,0xFE,0xFF,0x01,0x00,0x00,0x00,0x00,0x80,0xFF,0xFF,0x07,0x00,0x00,0x00,0x00,0xC0,0xFF,0xFF,0x0F,0x78,0x00,0x00,0x00,0xE0,0xFF,0xFF,0x1F,0xF0,0x00,0x00,0x00,0xF0,0x0F,0xC0,0x3F,0xF0,0x00,0x00,0x00,0xF0,0x03,0x00,0x3F,0xF0,0x00,0x00,0x00,0xF8,0x01,0x00,0x7E,0xE0,0x01,0x00,0x00,0xF8,0x00,0x00,0x7C,0xE0,0x01,0x00,0x00,0x78,0x00,0x00,0x78,0xE0,0x01,0x00,0x00,0x78,0x00,0x00,0x78,0xE0,0x01,0x00,0x00,0x78,0x00,0x00,0x78,0xE0,0x01,0x00,0x00,0x78,0x00,0x00,0x78,0xE0,0x01,0x00,0x00,0x78,0x00,0x00,0x78,0xE0,0x01,0x00,0x00,0xF0,0x00,0x00,0x3C,0xF0,0x01,0x00,0x00,0xF0,0x00,0x00,0x3C,0xF0,0x01,0x00,0x00,0xE0,0x03,0x00,0x1F,0xF8,0x00,0x00,0x00,0x80,0x0F,0xC0,0x07,0xFE,0x00,0x00,0x00,0xF0,0xFF,0xFF,0xFF,0x7F,0x00,0x00,0x00,0xF0,0xFF,0xFF,0xFF,0x3F,0x00,0x00,0x00,0xF0,0xFF,0xFF,0xFF,0x1F,0x00,0x00,0x00,0xF0,0xFF,0xFF,0xFF,0x0F,0x00,0x00,0x00,0xF0,0xFF,0xFF,0xFF,0x01,	// 103
	0x00,0x00,0x00,0x00,0x00,0x00,0x00,0x00,0x00,0x00,0x00,0x00,0x00,0x00,0x00,0x00,0x00,0x00,0x00,0x00,0x00,0x00,0x00,0x00,0x00,0x00,0x00,0x00,0x00,0x00,0x00,0x00,0x00,0x00,0x00,0x00,0x00,0x00,0x00,0x00,0x00,0xFE,0xFF,0xFF,0xFF,0x7F,0x00,0x00,0x00,0xFE,0xFF,0xFF,0xFF,0x7F,0x00,0x00,0x00,0xFE,0xFF,0xFF,0xFF,0x7F,0x00,0x00,0x00,0xFE,0xFF,0xFF,0xFF,0x7F,0x00,0x00,0x00,0xFE,0xFF,0xFF,0xFF,0x7F,0x00,0x00,0x00,0x00,0x80,0x0F,0x00,0x00,0x00,0x00,0x00,0x00,0xC0,0x01,0x00,0x00,0x00,0x00,0x00,0x00,0xE0,0x00,0x00,0x00,0x00,0x00,0x00,0x00,0xF0,0x00,0x00,0x00,0x00,0x00,0x00,0x00,0x70,0x00,0x00,0x00,0x00,0x00,0x00,0x00,0x78,0x00,0x00,0x00,0x00,0x00,0x00,0x00,0x78,0x00,0x00,0x00,0x00,0x00,0x00,0x00,0x78,0x00,0x00,0x00,0x00,0x00,0x00,0x00,0xF8,0x00,0x00,0x00,0x00,0x00,0x00,0x00,0xF8,0x00,0x00,0x00,0x00,0x00,0x00,0x00,0xF8,0x03,0x00,0x00,0x00,0x00,0x00,0x00,0xF0,0xFF,0xFF,0x7F,0x00,0x00,0x00,0x00,0xF0,0xFF,0xFF,0x7F,0x00,0x00,0x00,0x00,0xE0,0xFF,0xFF,0x7F,0x00,0x00,0x00,0x00,0x80,0xFF,0xFF,0x7F,0x00,0x00,0x00,0x00,0x00,0xFE,0xFF,0x7F,	// 104
	0x00,0x00,0x00,0x00,0x00,0x00,0x00,0x00,0x00,0x00,0x00,0x00,0x00,0x00,0x00,0x00,0x00,0x00,0x00,0x00,0x00,0x00,0x00,0x00,0x00,0x00,0x00,0x00,0x00,0x00,0x00,0x00,0x00,0x00,0x00,0x00,0x00,0x78,0x00,0x00,0x00,0x00,0x00,0x00,0x00,0x78,0x00,0x00,0x00,0x00,0xF0,0x00,0x00,0x78,0x00,0x00,0x00,0x00,0xF0,0x00,0x00,0x78,0x00,0x00,0x00,0x00,0xF0,0x00,0x00,0x78,0x00,0x00,0x00,0x00,0xF0,0x00,0x00,0x78,0x00,0x00,0x00,0x00,0xF0,0x00,0x00,0x78,0x00,0x00,0x00,0x00,0xF0,0x00,0x00,0x78,0x00,0x00,0x00,0x00,0xF0,0x00,0x00,0x78,0x00,0x00,0x00,0x7E,0xF0,0xFF,0xFF,0x7F,0x00,0x00,0x00,0x7E,0xF0,0xFF,0xFF,0x7F,0x00,0x00,0x00,0x7E,0xF0,0xFF,0xFF,0x7F,0x00,0x00,0x00,0x7E,0xF0,0xFF,0xFF,0x7F,0x00,0x00,0x00,0x7E,0xF0,0xFF,0xFF,0x7F,0x00,0x00,0x00,0x00,0x00,0x00,0x00,0x78,0x00,0x00,0x00,0x00,0x00,0x00,0x00,0x78,0x00,0x00,0x00,0x00,0x00,0x00,0x00,0x78,0x00,0x00,0x00,0x00,0x00,0x00,0x00,0x78,0x00,0x00,0x00,0x00,0x00,0x00,0x00,0x78,0x00,0x00,0x00,0x00,0x00,0x00,0x00,0x78,0x00,0x00,0x00,0x00,0x00,0x00,0x00,0x78,0x00,0x00,0x00,0x00,0x00,0x00,0x00,0x78,0x00,0x00,0x00,0x00,0x00,0x00,0x00,0x78,	// 105
	0x00,0x00,0x00,0x00,0x00,0x00,0x00,0x00,0x00,0x00,0x00,0x00,0x00,0x00,0x00,0x00,0x00,0x00,0x00,0x00,0x00,0x00,0x00,0x00,0x00,0x00,0x00,0x00,0x00,0x00,0x00,0x00,0x00,0x00,0x00,0x00,0x00,0x00,0x00,0x00,0x00,0x00,0x00,0x00,0x00,0x00,0xE0,0x01,0x00,0x00,0x00,0x00,0x00,0x00,0xE0,0x01,0x00,0x00,0xF0,0x00,0x00,0x00,0xE0,0x01,0x00,0x00,0xF0,0x00,0x00,0x00,0xE0,0x01,0x00,0x00,0xF0,0x00,0x00,0x00,0xE0,0x01,0x00,0x00,0xF0,0x00,0x00,0x00,0xE0,0x01,0x00,0x00,0xF0,0x00,0x00,0x00,0xE0,0x01,0x00,0x00,0xF0,0x00,0x00,0x00,0xE0,0x01,0x00,0x00,0xF0,0x00,0x00,0x00,0xF0,0x01,0x00,0x00,0xF0,0x00,0x00,0x00,0xFC,0x00,0x00,0x7E,0xF0,0xFF,0xFF,0xFF,0xFF,0x00,0x00,0x7E,0xF0,0xFF,0xFF,0xFF,0x7F,0x00,0x00,0x7E,0xF0,0xFF,0xFF,0xFF,0x7F,0x00,0x00,0x7E,0xF0,0xFF,0xFF,0xFF,0x1F,0x00,0x00,0x7E,0xF0,0xFF,0xFF,0xFF,0x07,	// 106
	0x00,0x00,0x00,0x00,0x00,0x00,0x00,0x00,0x00,0x00,0x00,0x00,0x00,0x00,0x00,0x00,0x00,0x00,0x00,0x00,0x00,0x00,0x00,0x00,0x00,0x00,0x00,0x00,0x00,0x00,0x00,0x00,0x00,0x00,0x00,0x00,0x00,0x00,0x00,0x00,0x00,0x00,0x00,0x00,0x00,0x00,0x00,0x00,0x00,0xFE,0xFF,0xFF,0xFF,0x7F,0x00,0x00,0x00,0xFE,0xFF,0xFF,0xFF,0x7F,0x00,0x00,0x00,0xFE,0xFF,0xFF,0xFF,0x7F,0x00,0x00,0x00,0xFE,0xFF,0xFF,0xFF,0x7F,0x00,0x00,0x00,0xFE,0xFF,0xFF,0xFF,0x7F,0x00,0x00,0x00,0x00,0x00,0x80,0x3F,0x00,0x00,0x00,0x00,0x00,0x00,0xC0,0x1F,0x00,0x00,0x00,0x00,0x00,0x00,0xE0,0x0F,0x00,0x00,0x00,0x00,0x00,0x00,0xF0,0x07,0x00,0x00,0x00,0x00,0x00,0x00,0xF8,0x0F,0x00,0x00,0x00,0x00,0x00,0x00,0xFC,0x3F,0x00,0x00,0x00,0x00,0x00,0x00,0xFE,0x7F,0x00,0x00,0x00,0x00,0x00,0x00,0x7F,0xFF,0x01,0x00,0x00,0x00,0x00,0x80,0x3F,0xFE,0x03,0x00,0x00,0x00,0x00,0xC0,0x1F,0xF8,0x0F,0x00,0x00,0x00,0x00,0xE0,0x0F,0xF0,0x1F,0x00,0x00,0x00,0x00,0xF0,0x07,0xC0,0x3F,0x00,0x00,0x00,0x00,0xF0,0x03,0x80,0x7F,0x00,0x00,0x00,0x00,0xF0,0x01,0x00,0x7E,0x00,0x00,0x00,0x00,0xF0,0x00,0x00,0x7C,0x00,0x00,0x00,0x00,0x70,0x00,0x00,0x78,0x00,0x00,0x00,0x00,0x30,0x00,0x00,0x60,0x00,0x00,0x00,0x00,0x10,0x00,0x00,0x40,	// 107
	0x00,0x00,0x00,0x00,0x00,0x00,0x00,0x00,0x00,0x00,0x00,0x00,0x00,0x00,0x00,0x00,0x00,0x1E,0x00,0x00,0x00,0x00,0x00,0x00,0x00,0x1E,0x00,0x00,0x00,0x00,0x00,0x00,0x00,0x1E,0x00,0x00,0x00,0x00,0x00,0x00,0x00,0x1E,0x00,0x00,0x00,0x00,0x00,0x00,0x00,0x1E,0x00,0x00,0x00,0x00,0x00,0x00,0x00,0x1E,0x00,0x00,0x00,0x00,0x00,0x00,0x00,0x1E,0x00,0x00,0x00,0x00,0x00,0x00,0x00,0x1E,0x00,0x00,0x00,0x00,0x00,0x00,0x00,0x1E,0x00,0x00,0x00,0x00,0x00,0x00,0x00,0xFE,0xFF,0xFF,0xFF,0x01,0x00,0x00,0x00,0xFE,0xFF,0xFF,0xFF,0x07,0x00,0x00,0x00,0xFE,0xFF,0xFF,0xFF,0x1F,0x00,0x00,0x00,0xFE,0xFF,0xFF,0xFF,0x1F,0x00,0x00,0x00,0xFE,0xFF,0xFF,0xFF,0x3F,0x00,0x00,0x00,0x00,0x00,0x00,0x00,0x3F,0x00,0x00,0x00,0x00,0x00,0x00,0x00,0x7C,0x00,0x00,0x00,0x00,0x00,0x00,0x00,0x78,0x00,0x00,0x00,0x00,0x00,0x00,0x00,0x78,0x00,0x00,0x00,0x00,0x00,0x00,0x00,0x78,0x00,0x00,0x00,0x00,0x00,0x00,0x00,0x78,0x00,0x00,0x00,0x00,0x00,0x00,0x00,0x78,0x00,0x00,0x00,0x00,0x00,0x00,0x00,0x78,0x00,0x00,0x00,0x00,0x00,0x00,0x00,0x78,0x00,0x00,0x00,0x00,0x00,0x00,0x00,0x78,	// 108
	0x00,0x00,0x00,0x00,0x00,0x00,0x00,0x00,0x00,0x00,0x00,0x00,0x00,0x00,0x00,0x00,0x00,0x00,0x00,0x00,0x00,0x00,0x00,0x00,0x00,0x00,0xF0,0xFF,0xFF,0x7F,0x00,0x00,0x00,0x00,0xF0,0xFF,0xFF,0x7F,0x00,0x00,0x00,0x00,0xF0,0xFF,0xFF,0x7F,0x00,0x00,0x00,0x00,0xF0,0xFF,0xFF,0x7F,0x00,0x00,0x00,0x00,0xE0,0x01,0x00,0x00,0x00,0x00,0x00,0x00,0xF0,0x00,0x00,0x00,0x00,0x00,0x00,0x00,0x70,0x00,0x00,0x00,0x00,0x00,0x00,0x00,0x78,0x00,0x00,0x00,0x00,0x00,0x00,0x00,0x78,0x00,0x00,0x00,0x00,0x00,0x00,0x00,0xF8,0x00,0x00,0x00,0x00,0x00,0x00,0x00,0xF8,0x01,0x00,0x00,0x00,0x00,0x00,0x00,0xF8,0xFF,0xFF,0x7F,0x00,0x00,0x00,0x00,0xF0,0xFF,0xFF,0x7F,0x00,0x00,0x00,0x00,0xE0,0xFF,0xFF,0x7F,0x00,0x00,0x00,0x00,0xC0,0xFF,0xFF,0x7F,0x00,0x00,0x00,0x00,0xE0,0x01,0x00,0x00,0x00,0x00,0x00,0x00,0xF0,0x00,0x00,0x00,0x00,0x00,0x00,0x00,0x78,0x00,0x00,0x00,0x00,0x00,0x00,0x00,0x78,0x00,0x00,0x00,0x00,0x00,0x00,0x00,0x78,0x00,0x00,0x00,0x00,0x00,0x00,0x00,0xF8,0x00,0x00,0x00,0x00,0x00,0x00,0x00,0xF8,0x01,0x00,0x00,0x00,0x00,0x00,0x00,0xF0,0xFF,0xFF,0x7F,0x00,0x00,0x00,0x00,0xF0,0xFF,0xFF,0x7F,0x00,0x00,0x00,0x00,0xE0,0xFF,0xFF,0x7F,0x00,0x00,0x00,0x00,0x00,0xFE,0xFF,0x7F,	// 109
	0x00,0x00,0x00,0x00,0x00,0x00,0x00,0x00,0x00,0x00,0x00,0x00,0x00,0x00,0x00,0x00,0x00,0x00,0x00,0x00,0x00,0x00,0x00,0x00,0x00,0x00,0x00,0x00,0x00,0x00,0x00,0x00,0x00,0x00,0x00,0x00,0x00,0x00,0x00,0x00,0x00,0x00,0xF0,0xFF,0xFF,0x7F,0x00,0x00,0x00,0x00,0xF0,0xFF,0xFF,0x7F,0x00,0x00,0x00,0x00,0xF0,0xFF,0xFF,0x7F,0x00,0x00,0x00,0x00,0xF0,0xFF,0xFF,0x7F,0x00,0x00,0x00,0x00,0xF0,0xFF,0xFF,0x7F,0x00,0x00,0x00,0x00,0x80,0x0F,0x00,0x00,0x00,0x00,0x00,0x00,0xC0,0x01,0x00,0x00,0x00,0x00,0x00,0x00,0xE0,0x00,0x00,0x00,0x00,0x00,0x00,0x00,0xF0,0x00,0x00,0x00,0x00,0x00,0x00,0x00,0x70,0x00,0x00,0x00,0x00,0x00,0x00,0x00,0x78,0x00,0x00,0x00,0x00,0x00,0x00,0x00,0x78,0x00,0x00,0x00,0x00,0x00,0x00,0x00,0x78,0x00,0x00,0x00,0x00,0x00,0x00,0x00,0xF8,0x00,0x00,0x00,0x00,0x00,0x00,0x00,0xF8,0x00,0x00,0x00,0x00,0x00,0x00,0x00,0xF8,0x03,0x00,0x00,0x00,0x00,0x00,0x00,0xF0,0xFF,0xFF,0x7F,0x00,0x00,0x00,0x00,0xF0,0xFF,0xFF,0x7F,0x00,0x00,0x00,0x00,0xE0,0xFF,0xFF,0x7F,0x00,0x00,0x00,0x00,0x80,0xFF,0xFF,0x7F,0x00,0x00,0x00,0x00,0x00,0xFE,0xFF,0x7F,	// 110
	0x00,0x00,0x00,0x00,0x00,0x00,0x00,0x00,0x00,0x00,0x00,0x00,0x00,0x00,0x00,0x00,0x00,0x00,0x00,0x00,0x00,0x00,0x00,0x00,0x00,0x00,0x00,0xF0,0x7F,0x00,0x00,0x00,0x00,0x00,0x00,0xFE,0xFF,0x03,0x00,0x00,0x00,0x00,0x80,0xFF,0xFF,0x0F,0x00,0x00,0x00,0x00,0xC0,0xFF,0xFF,0x1F,0x00,0x00,0x00,0x00,0xE0,0xFF,0xFF,0x3F,0x00,0x00,0x00,0x00,0xF0,0x1F,0x80,0x7F,0x00,0x00,0x00,0x00,0xF0,0x03,0x00,0x7E,0x00,0x00,0x00,0x00,0xF0,0x01,0x00,0x7C,0x00,0x00,0x00,0x00,0xF8,0x00,0x00,0xF8,0x00,0x00,0x00,0x00,0x78,0x00,0x00,0xF0,0x00,0x00,0x00,0x00,0x78,0x00,0x00,0xF0,0x00,0x00,0x00,0x00,0x78,0x00,0x00,0xF0,0x00,0x00,0x00,0x00,0x78,0x00,0x00,0xF0,0x00,0x00,0x00,0x00,0x78,0x00,0x00,0xF0,0x00,0x00,0x00,0x00,0xF8,0x00,0x00,0xF8,0x00,0x00,0x00,0x00,0xF0,0x01,0x00,0x7C,0x00,0x00,0x00,0x00,0xF0,0x03,0x00,0x7E,0x00,0x00,0x00,0x00,0xF0,0x1F,0xC0,0x7F,0x00,0x00,0x00,0x00,0xE0,0xFF,0xFF,0x3F,0x00,0x00,0x00,0x00,0xC0,0xFF,0xFF,0x1F,0x00,0x00,0x00,0x00,0x80,0xFF,0xFF,0x0F,0x00,0x00,0x00,0x00,0x00,0xFE,0xFF,0x03,0x00,0x00,0x00,0x00,0x00,0xF0,0x7F,	// 111
	0x00,0x00,0x00,0x00,0x00,0x00,0x00,0x00,0x00,0x00,0x00,0x00,0x00,0x00,0x00,0x00,0x00,0x00,0x00,0x00,0x00,0x00,0x00,0x00,0x00,0x00,0x00,0x00,0x00,0x00,0x00,0x00,0x00,0x00,0x00,0x00,0x00,0x00,0x00,0x00,0x00,0x00,0xF0,0xFF,0xFF,0xFF,0xFF,0x01,0x00,0x00,0xF0,0xFF,0xFF,0xFF,0xFF,0x01,0x00,0x00,0xF0,0xFF,0xFF,0xFF,0xFF,0x01,0x00,0x00,0xF0,0xFF,0xFF,0xFF,0xFF,0x01,0x00,0x00,0xF0,0xFF,0xFF,0xFF,0xFF,0x01,0x00,0x00,0xC0,0x1F,0xC0,0x1F,0x00,0x00,0x00,0x00,0xE0,0x03,0x00,0x3E,0x00,0x00,0x00,0x00,0xF0,0x01,0x00,0x7C,0x00,0x00,0x00,0x00,0xF0,0x00,0x00,0x78,0x00,0x00,0x00,0x00,0x78,0x00,0x00,0xF0,0x00,0x00,0x00,0x00,0x78,0x00,0x00,0xF0,0x00,0x00,0x00,0x00,0x78,0x00,0x00,0xF0,0x00,0x00,0x00,0x00,0x78,0x00,0x00,0xF0,0x00,0x00,0x00,0x00,0x78,0x00,0x00,0xF0,0x00,0x00,0x00,0x00,0xF8,0x00,0x00,0xF8,0x00,0x00,0x00,0x00,0xF8,0x01,0x00,0xFC,0x00,0x00,0x00,0x00,0xF0,0x03,0x00,0x7E,0x00,0x00,0x00,0x00,0xF0,0x1F,0xC0,0x7F,0x00,0x00,0x00,0x00,0xE0,0xFF,0xFF,0x3F,0x00,0x00,0x00,0x00,0xC0,0xFF,0xFF,0x1F,0x00,0x00,0x00,0x00,0x80,0xFF,0xFF,0x0F,0x00,0x00,0x00,0x00,0x00,0xFE,0xFF,0x03,0x00,0x00,0x00,0x00,0x00,0xF0,0x7F,	// 112
	0x00,0x00,0x00,0x00,0x00,0x00,0x00,0x00,0x00,0x00,0x00,0x00,0x00,0x00,0x00,0x00,0x00,0x00,0x00,0x00,0x00,0x00,0x00,0x00,0x00,0x00,0x00,0xF0,0x7F,0x00,0x00,0x00,0x00,0x00,0x00,0xFE,0xFF,0x03,0x00,0x00,0x00,0x00,0x80,0xFF,0xFF,0x0F,0x00,0x00,0x00,0x00,0xC0,0xFF,0xFF,0x1F,0x00,0x00,0x00,0x00,0xE0,0xFF,0xFF,0x3F,0x00,0x00,0x00,0x00,0xF0,0x1F,0x80,0x7F,0x00,0x00,0x00,0x00,0xF0,0x03,0x00,0x7E,0x00,0x00,0x00,0x00,0xF8,0x01,0x00,0xFC,0x00,0x00,0x00,0x00,0xF8,0x00,0x00,0xF8,0x00,0x00,0x00,0x00,0x78,0x00,0x00,0xF0,0x00,0x00,0x00,0x00,0x78,0x00,0x00,0xF0,0x00,0x00,0x00,0x00,0x78,0x00,0x00,0xF0,0x00,0x00,0x00,0x00,0x78,0x00,0x00,0xF0,0x00,0x00,0x00,0x00,0x78,0x00,0x00,0xF0,0x00,0x00,0x00,0x00,0xF0,0x00,0x00,0x78,0x00,0x00,0x00,0x00,0xF0,0x01,0x00,0x7C,0x00,0x00,0x00,0x00,0xE0,0x03,0x00,0x3E,0x00,0x00,0x00,0x00,0x80,0x1F,0xC0,0x0F,0x00,0x00,0x00,0x00,0xF0,0xFF,0xFF,0xFF,0xFF,0x01,0x00,0x00,0xF0,0xFF,0xFF,0xFF,0xFF,0x01,0x00,0x00,0xF0,0xFF,0xFF,0xFF,0xFF,0x01,0x00,0x00,0xF0,0xFF,0xFF,0xFF,0xFF,0x01,0x00,0x00,0xF0,0xFF,0xFF,0xFF,0xFF,0x01,	// 113
	0x00,0x00,0x00,0x00,0x00,0x00,0x00,0x00,0x00,0x00,0x00,0x00,0x00,0x00,0x00,0x00,0x00,0x00,0x00,0x00,0x00,0x00,0x00,0x00,0x00,0x00,0x00,0x00,0x00,0x00,0x00,0x00,0x00,0x00,0x00,0x00,0x00,0x00,0x00,0x00,0x00,0x00,0x00,0x00,0x00,0x00,0x00,0x00,0x00,0x00,0x00,0x00,0x00,0x00,0x00,0x00,0x00,0x00,0x00,0x00,0x00,0x00,0x00,0x00,0x00,0x00,0x00,0x00,0x00,0x00,0x00,0x00,0x00,0x00,0xF0,0xFF,0xFF,0x7F,0x00,0x00,0x00,0x00,0xF0,0xFF,0xFF,0x7F,0x00,0x00,0x00,0x00,0xF0,0xFF,0xFF,0x7F,0x00,0x00,0x00,0x00,0xF0,0xFF,0xFF,0x7F,0x00,0x00,0x00,0x00,0xF0,0xFF,0xFF,0x7F,0x00,0x00,0x00,0x00,0x00,0x1F,0x00,0x00,0x00,0x00,0x00,0x00,0x80,0x07,0x00,0x00,0x00,0x00,0x00,0x00,0xE0,0x01,0x00,0x00,0x00,0x00,0x00,0x00,0xE0,0x00,0x00,0x00,0x00,0x00,0x00,0x00,0xF0,0x00,0x00,0x00,0x00,0x00,0x00,0x00,0x78,0x00,0x00,0x00,0x00,0x00,0x00,0x00,0x78,0x00,0x00,0x00,0x00,0x00,0x00,0x00,0x78,0x00,0x00,0x00,0x00,0x00,0x00,0x00,0x78,0x00,0x00,0x00,0x00,0x00,0x00,0x00,0x78,0x00,0x00,0x00,0x00,0x00,0x00,0x00,0x78,0x00,0x00,0x00,0x00,0x00,0x00,0x00,0xF0,0x00,0x00,0x00,0x00,0x00,0x00,0x00,0xF0,0x01,0x00,0x00,0x00,0x00,0x00,0x00,0xE0,0x01,	// 114
	0x00,0x00,0x00,0x00,0x00,0x00,0x00,0x00,0x00,0x00,0x00,0x00,0x00,0x00,0x00,0x00,0x00,0x00,0x00,0x00,0x00,0x00,0x00,0x00,0x00,0x00,0x00,0x00,0x00,0x00,0x00,0x00,0x00,0x00,0x00,0x00,0x00,0x00,0x00,0x00,0x00,0x00,0x00,0x3F,0x00,0x3E,0x00,0x00,0x00,0x00,0xC0,0xFF,0x00,0x7C,0x00,0x00,0x00,0x00,0xE0,0xFF,0x00,0x7C,0x00,0x00,0x00,0x00,0xE0,0xFF,0x01,0x78,0x00,0x00,0x00,0x00,0xF0,0xFF,0x03,0x78,0x00,0x00,0x00,0x00,0xF0,0xF1,0x03,0xF8,0x00,0x00,0x00,0x00,0xF8,0xE0,0x03,0xF0,0x00,0x00,0x00,0x00,0xF8,0xE0,0x03,0xF0,0x00,0x00,0x00,0x00,0x78,0xE0,0x07,0xF0,0x00,0x00,0x00,0x00,0x78,0xC0,0x07,0xF0,0x00,0x00,0x00,0x00,0x78,0xC0,0x07,0xF0,0x00,0x00,0x00,0x00,0x78,0xC0,0x07,0xF0,0x00,0x00,0x00,0x00,0x78,0xC0,0x0F,0xF8,0x00,0x00,0x00,0x00,0x78,0x80,0x0F,0x78,0x00,0x00,0x00,0x00,0x78,0x80,0x3F,0x7E,0x00,0x00,0x00,0x00,0xF0,0x80,0xFF,0x7F,0x00,0x00,0x00,0x00,0xF0,0x00,0xFF,0x3F,0x00,0x00,0x00,0x00,0xF0,0x00,0xFF,0x1F,0x00,0x00,0x00,0x00,0xE0,0x01,0xFC,0x0F,0x00,0x00,0x00,0x00,0x00,0x00,0xF0,0x03,	// 115
	0x00,0x00,0x00,0x00,0x00,0x00,0x00,0x00,0x00,0x00,0x00,0x00,0x00,0x00,0x00,0x00,0x00,0x00,0x00,0x00,0x00,0x00,0x00,0x00,0x00,0x00,0x00,0x00,0x00,0x00,0x00,0x00,0x00,0x00,0xF0,0x00,0x00,0x00,0x00,0x00,0x00,0x00,0xF0,0x00,0x00,0x00,0x00,0x00,0x00,0x00,0xF0,0x00,0x00,0x00,0x00,0x00,0x00,0x00,0xF0,0x00,0x00,0x00,0x00,0x00,0x00,0x00,0xF0,0x00,0x00,0x00,0x00,0x00,0x00,0x00,0xF0,0x00,0x00,0x00,0x00,0x00,0x00,0x00,0xF0,0x00,0x00,0x00,0x00,0x00,0x00,0xF0,0xFF,0xFF,0xFF,0x03,0x00,0x00,0x00,0xF0,0xFF,0xFF,0xFF,0x0F,0x00,0x00,0x00,0xF0,0xFF,0xFF,0xFF,0x1F,0x00,0x00,0x00,0xF0,0xFF,0xFF,0xFF,0x3F,0x00,0x00,0x00,0xF0,0xFF,0xFF,0xFF,0x3F,0x00,0x00,0x00,0x00,0xF0,0x00,0x00,0x7E,0x00,0x00,0x00,0x00,0xF0,0x00,0x00,0x7C,0x00,0x00,0x00,0x00,0xF0,0x00,0x00,0x78,0x00,0x00,0x00,0x00,0xF0,0x00,0x00,0x78,0x00,0x00,0x00,0x00,0xF0,0x00,0x00,0x78,0x00,0x00,0x00,0x00,0xF0,0x00,0x00,0x78,0x00,0x00,0x00,0x00,0xF0,0x00,0x00,0x78,0x00,0x00,0x00,0x00,0xF0,0x00,0x00,0x78,0x00,0x00,0x00,0x00,0xF0,0x00,0x00,0x78,0x00,0x00,0x00,0x00,0xF0,0x00,0x00,0x78,	// 116
	0x00,0x00,0x00,0x00,0x00,0x00,0x00,0x00,0x00,0x00,0x00,0x00,0x00,0x00,0x00,0x00,0x00,0x00,0x00,0x00,0x00,0x00,0x00,0x00,0x00,0x00,0x00,0x00,0x00,0x00,0x00,0x00,0x00,0x00,0x00,0x00,0x00,0x00,0x00,0x00,0x00,0x00,0xF0,0xFF,0xFF,0x03,0x00,0x00,0x00,0x00,0xF0,0xFF,0xFF,0x0F,0x00,0x00,0x00,0x00,0xF0,0xFF,0xFF,0x3F,0x00,0x00,0x00,0x00,0xF0,0xFF,0xFF,0x7F,0x00,0x00,0x00,0x00,0xF0,0xFF,0xFF,0x7F,0x00,0x00,0x00,0x00,0x00,0x00,0x00,0xFE,0x00,0x00,0x00,0x00,0x00,0x00,0x00,0xF8,0x00,0x00,0x00,0x00,0x00,0x00,0x00,0xF8,0x00,0x00,0x00,0x00,0x00,0x00,0x00,0xF0,0x00,0x00,0x00,0x00,0x00,0x00,0x00,0xF0,0x00,0x00,0x00,0x00,0x00,0x00,0x00,0xF0,0x00,0x00,0x00,0x00,0x00,0x00,0x00,0x70,0x00,0x00,0x00,0x00,0x00,0x00,0x00,0x78,0x00,0x00,0x00,0x00,0x00,0x00,0x00,0x38,0x00,0x00,0x00,0x00,0x00,0x00,0x00,0x1C,0x00,0x00,0x00,0x00,0x00,0x00,0x80,0x0F,0x00,0x00,0x00,0x00,0xF0,0xFF,0xFF,0x7F,0x00,0x00,0x00,0x00,0xF0,0xFF,0xFF,0x7F,0x00,0x00,0x00,0x00,0xF0,0xFF,0xFF,0x7F,0x00,0x00,0x00,0x00,0xF0,0xFF,0xFF,0x7F,0x00,0x00,0x00,0x00,0xF0,0xFF,0xFF,0x7F,	// 117
	0x00,0x00,0x00,0x00,0x00,0x00,0x00,0x00,0x00,0x00,0x00,0x00,0x00,0x00,0x00,0x00,0x00,0x00,0x10,0x00,0x00,0x00,0x00,0x00,0x00,0x00,0xF0,0x00,0x00,0x00,0x00,0x00,0x00,0x00,0xF0,0x07,0x00,0x00,0x00,0x00,0x00,0x00,0xF0,0x3F,0x00,0x00,0x00,0x00,0x00,0x00,0xF0,0xFF,0x01,0x00,0x00,0x00,0x00,0x00,0xE0,0xFF,0x07,0x00,0x00,0x00,0x00,0x00,0x80,0xFF,0x3F,0x00,0x00,0x00,0x00,0x00,0x00,0xFC,0xFF,0x01,0x00,0x00,0x00,0x00,0x00,0xE0,0xFF,0x0F,0x00,0x00,0x00,0x00,0x00,0x00,0xFF,0x7F,0x00,0x00,0x00,0x00,0x00,0x00,0xF8,0x7F,0x00,0x00,0x00,0x00,0x00,0x00,0xE0,0x7F,0x00,0x00,0x00,0x00,0x00,0x00,0x00,0x7F,0x00,0x00,0x00,0x00,0x00,0x00,0xE0,0x7F,0x00,0x00,0x00,0x00,0x00,0x00,0xFC,0x7F,0x00,0x00,0x00,0x00,0x00,0x00,0xFF,0x7F,0x00,0x00,0x00,0x00,0x00,0xE0,0xFF,0x0F,0x00,0x00,0x00,0x00,0x00,0xFC,0xFF,0x01,0x00,0x00,0x00,0x00,0x80,0xFF,0x3F,0x00,0x00,0x00,0x00,0x00,0xF0,0xFF,0x07,0x00,0x00,0x00,0x00,0x00,0xF0,0xFF,0x01,0x00,0x00,0x00,0x00,0x00,0xF0,0x3F,0x00,0x00,0x00,0x00,0x00,0x00,0xF0,0x07,0x00,0x00,0x00,0x00,0x00,0x00,0xF0,0x00,0x00,0x00,0x00,0x00,0x00,0x00,0x10,	// 118
	0x00,0x00,0x30,0x00,0x00,0x00,0x00,0x00,0x00,0x00,0xF0,0x03,0x00,0x00,0x00,0x00,0x00,0x00,0xF0,0x7F,0x00,0x00,0x00,0x00,0x00,0x00,0xF0,0xFF,0x07,0x00,0x00,0x00,0x00,0x00,0xF0,0xFF,0x7F,0x00,0x00,0x00,0x00,0x00,0xE0,0xFF,0xFF,0x07,0x00,0x00,0x00,0x00,0x00,0xFC,0xFF,0x7F,0x00,0x00,0x00,0x00,0x00,0xC0,0xFF,0x7F,0x00,0x00,0x00,0x00,0x00,0x00,0xFC,0x7F,0x00,0x00,0x00,0x00,0x00,0x00,0xC0,0x7F,0x00,0x00,0x00,0x00,0x00,0x00,0xE0,0x7F,0x00,0x00,0x00,0x00,0x00,0x00,0xFE,0x0F,0x00,0x00,0x00,0x00,0x00,0xC0,0xFF,0x01,0x00,0x00,0x00,0x00,0x00,0xF0,0x1F,0x00,0x00,0x00,0x00,0x00,0x00,0xF0,0x03,0x00,0x00,0x00,0x00,0x00,0x00,0xF0,0x03,0x00,0x00,0x00,0x00,0x00,0x00,0xF0,0x3F,0x00,0x00,0x00,0x00,0x00,0x00,0xC0,0xFF,0x01,0x00,0x00,0x00,0x00,0x00,0x00,0xFC,0x0F,0x00,0x00,0x00,0x00,0x00,0x00,0xE0,0x7F,0x00,0x00,0x00,0x00,0x00,0x00,0xC0,0x7F,0x00,0x00,0x00,0x00,0x00,0x00,0xFC,0x7F,0x00,0x00,0x00,0x00,0x00,0xC0,0xFF,0x7F,0x00,0x00,0x00,0x00,0x00,0xFC,0xFF,0x7F,0x00,0x00,0x00,0x00,0xE0,0xFF,0xFF,0x07,0x00,0x00,0x00,0x00,0xF0,0xFF,0x7F,0x00,0x00,0x00,0x00,0x00,0xF0,0xFF,0x07,0x00,0x00,0x00,0x00,0x00,0xF0,0x7F,0x00,0x00,0x00,0x00,0x00,0x00,0xF0,0x03,0x00,0x00,0x00,0x00,0x00,0x00,0x30,	// 119
	0x00,0x00,0x00,0x00,0x00,0x00,0x00,0x00,0x00,0x00,0x00,0x00,0x00,0x00,0x00,0x00,0x00,0x00,0x00,0x00,0x00,0x40,0x00,0x00,0x00,0x00,0x10,0x00,0x00,0x60,0x00,0x00,0x00,0x00,0x30,0x00,0x00,0x70,0x00,0x00,0x00,0x00,0x70,0x00,0x00,0x7C,0x00,0x00,0x00,0x00,0xF0,0x01,0x00,0x7E,0x00,0x00,0x00,0x00,0xF0,0x03,0x00,0x7F,0x00,0x00,0x00,0x00,0xF0,0x07,0xC0,0x7F,0x00,0x00,0x00,0x00,0xF0,0x1F,0xE0,0x1F,0x00,0x00,0x00,0x00,0xC0,0x3F,0xF0,0x0F,0x00,0x00,0x00,0x00,0x80,0x7F,0xFC,0x07,0x00,0x00,0x00,0x00,0x00,0xFF,0xFF,0x01,0x00,0x00,0x00,0x00,0x00,0xFC,0xFF,0x00,0x00,0x00,0x00,0x00,0x00,0xF8,0x7F,0x00,0x00,0x00,0x00,0x00,0x00,0xF8,0x7F,0x00,0x00,0x00,0x00,0x00,0x00,0xFC,0xFF,0x00,0x00,0x00,0x00,0x00,0x00,0xFF,0xFF,0x01,0x00,0x00,0x00,0x00,0x80,0x7F,0xFC,0x07,0x00,0x00,0x00,0x00,0xC0,0x3F,0xF0,0x0F,0x00,0x00,0x00,0x00,0xF0,0x1F,0xE0,0x1F,0x00,0x00,0x00,0x00,0xF0,0x07,0xC0,0x7F,0x00,0x00,0x00,0x00,0xF0,0x03,0x00,0x7F,0x00,0x00,0x00,0x00,0xF0,0x01,0x00,0x7E,0x00,0x00,0x00,0x00,0x70,0x00,0x00,0x7C,0x00,0x00,0x00,0x00,0x30,0x00,0x00,0x70,0x00,0x00,0x00,0x00,0x10,0x00,0x00,0x60,0x00,0x00,0x00,0x00,0x00,0x00,0x00,0x40,	// 120
	0x00,0x00,0x00,0x00,0x00,0x00,0x00,0x00,0x00,0x00,0x00,0x00,0x00,0x00,0x00,0x00,0x00,0x00,0x00,0x00,0x00,0x00,0x00,0x00,0x00,0x00,0x10,0x00,0x00,0x00,0x00,0x00,0x00,0x00,0xF0,0x00,0x00,0x00,0x00,0x00,0x00,0x00,0xF0,0x03,0x00,0x00,0xE0,0x01,0x00,0x00,0xF0,0x1F,0x00,0x00,0xE0,0x01,0x00,0x00,0xF0,0x7F,0x00,0x00,0xE0,0x01,0x00,0x00,0xF0,0xFF,0x01,0x00,0xE0,0x01,0x00,0x00,0x80,0xFF,0x0F,0x00,0xE0,0x01,0x00,0x00,0x00,0xFE,0x3F,0x00,0xF0,0x01,0x00,0x00,0x00,0xF0,0xFF,0x01,0xFC,0x01,0x00,0x00,0x00,0xC0,0xFF,0x07,0xFF,0x00,0x00,0x00,0x00,0x00,0xFF,0xFF,0xFF,0x00,0x00,0x00,0x00,0x00,0xF8,0xFF,0x7F,0x00,0x00,0x00,0x00,0x00,0xE0,0xFF,0x1F,0x00,0x00,0x00,0x00,0x00,0xE0,0xFF,0x07,0x00,0x00,0x00,0x00,0x00,0xF8,0xFF,0x01,0x00,0x00,0x00,0x00,0x00,0xFE,0x3F,0x00,0x00,0x00,0x00,0x00,0xC0,0xFF,0x0F,0x00,0x00,0x00,0x00,0x00,0xF0,0xFF,0x01,0x00,0x00,0x00,0x00,0x00,0xFE,0x3F,0x00,0x00,0x00,0x00,0x00,0x80,0xFF,0x0F,0x00,0x00,0x00,0x00,0x00,0xF0,0xFF,0x03,0x00,0x00,0x00,0x00,0x00,0xF0,0x7F,0x00,0x00,0x00,0x00,0x00,0x00,0xF0,0x1F,0x00,0x00,0x00,0x00,0x00,0x00,0xF0,0x03,0x00,0x00,0x00,0x00,0x00,0x00,0xF0,0x00,0x00,0x00,0x00,0x00,0x00,0x00,0x10,	// 121
	0x00,0x00,0x00,0x00,0x00,0x00,0x00,0x00,0x00,0x00,0x00,0x00,0x00,0x00,0x00,0x00,0x00,0x00,0x00,0x00,0x00,0x00,0x00,0x00,0x00,0x00,0x00,0x00,0x00,0x00,0x00,0x00,0x00,0x00,0x00,0x00,0x00,0x00,0x00,0x00,0x00,0x00,0x00,0x00,0x00,0x7C,0x00,0x00,0x00,0x00,0xF0,0x00,0x00,0x7E,0x00,0x00,0x00,0x00,0xF0,0x00,0x80,0x7F,0x00,0x00,0x00,0x00,0xF0,0x00,0xC0,0x7F,0x00,0x00,0x00,0x00,0xF0,0x00,0xE0,0x7F,0x00,0x00,0x00,0x00,0xF0,0x00,0xF8,0x7F,0x00,0x00,0x00,0x00,0xF0,0x00,0xFC,0x7F,0x00,0x00,0x00,0x00,0xF0,0x00,0xFF,0x79,0x00,0x00,0x00,0x00,0xF0,0x80,0xFF,0x78,0x00,0x00,0x00,0x00,0xF0,0xC0,0x3F,0x78,0x00,0x00,0x00,0x00,0xF0,0xF0,0x1F,0x78,0x00,0x00,0x00,0x00,0xF0,0xF8,0x0F,0x78,0x00,0x00,0x00,0x00,0xF0,0xFC,0x03,0x78,0x00,0x00,0x00,0x00,0xF0,0xFF,0x01,0x78,0x00,0x00,0x00,0x00,0xF0,0xFF,0x00,0x78,0x00,0x00,0x00,0x00,0xF0,0x3F,0x00,0x78,0x00,0x00,0x00,0x00,0xF0,0x1F,0x00,0x78,0x00,0x00,0x00,0x00,0xF0,0x07,0x00,0x78,0x00,0x00,0x00,0x00,0xF0,0x03,0x00,0x78,0x00,0x00,0x00,0x00,0xF0,0x01,0x00,0x78,	// 122
	0x00,0x00,0x00,0x00,0x00,0x00,0x00,0x00,0x00,0x00,0x00,0x00,0x00,0x00,0x00,0x00,0x00,0x00,0x00,0x00,0x00,0x00,0x00,0x00,0x00,0x00,0x00,0x00,0x00,0x00,0x00,0x00,0x00,0x00,0x00,0x00,0x00,0x00,0x00,0x00,0x00,0x00,0x00,0xC0,0x03,0x00,0x00,0x00,0x00,0x00,0x00,0xC0,0x03,0x00,0x00,0x00,0x00,0x00,0x00,0xC0,0x03,0x00,0x00,0x00,0x00,0x00,0x00,0xC0,0x03,0x00,0x00,0x00,0x00,0x00,0x00,0xC0,0x03,0x00,0x00,0x00,0x00,0x00,0x00,0xE0,0x07,0x00,0x00,0x00,0x00,0x00,0x00,0xE0,0x07,0x00,0x00,0x00,0x00,0x00,0x00,0xF8,0x1F,0x00,0x00,0x00,0x00,0xC0,0xFF,0xFF,0xFF,0xFF,0x03,0x00,0x00,0xF8,0xFF,0x7F,0xFE,0xFF,0x1F,0x00,0x00,0xF8,0xFF,0x7F,0xFE,0xFF,0x1F,0x00,0x00,0xFC,0xFF,0x3F,0xFC,0xFF,0x3F,0x00,0x00,0xFC,0xFF,0x0F,0xF0,0xFF,0x3F,0x00,0x00,0x7E,0x00,0x00,0x00,0x00,0x7E,0x00,0x00,0x3E,0x00,0x00,0x00,0x00,0x7C,0x00,0x00,0x1E,0x00,0x00,0x00,0x00,0x78,0x00,0x00,0x1E,0x00,0x00,0x00,0x00,0x78,0x00,0x00,0x1E,0x00,0x00,0x00,0x00,0x78,0x00,0x00,0x1E,0x00,0x00,0x00,0x00,0x78,0x00,0x00,0x1E,0x00,0x00,0x00,0x00,0x78,	// 123
	0x00,0x00,0x00,0x00,0x00,0x00,0x00,0x00,0x00,0x00,0x00,0x00,0x00,0x00,0x00,0x00,0x00,0x00,0x00,0x00,0x00,0x00,0x00,0x00,0x00,0x00,0x00,0x00,0x00,0x00,0x00,0x00,0x00,0x00,0x00,0x00,0x00,0x00,0x00,0x00,0x00,0x00,0x00,0x00,0x00,0x00,0x00,0x00,0x00,0x00,0x00,0x00,0x00,0x00,0x00,0x00,0x00,0x00,0x00,0x00,0x00,0x00,0x00,0x00,0x00,0x00,0x00,0x00,0x00,0x00,0x00,0x00,0x00,0x00,0x00,0x00,0x00,0x00,0x00,0x00,0x00,0x00,0x00,0x00,0x00,0x00,0x00,0x00,0x00,0x00,0x00,0x00,0x00,0x00,0x00,0x00,0x00,0x00,0x00,0x00,0x00,0x00,0x00,0x00,0x00,0xFE,0xFF,0xFF,0xFF,0xFF,0xFF,0x07,0x00,0xFE,0xFF,0xFF,0xFF,0xFF,0xFF,0x07,0x00,0xFE,0xFF,0xFF,0xFF,0xFF,0xFF,0x07,0x00,0xFE,0xFF,0xFF,0xFF,0xFF,0xFF,0x07,	// 124
	0x00,0x00,0x00,0x00,0x00,0x00,0x00,0x00,0x00,0x00,0x00,0x00,0x00,0x00,0x00,0x00,0x00,0x00,0x00,0x00,0x00,0x00,0x00,0x00,0x00,0x00,0x00,0x00,0x00,0x00,0x00,0x00,0x00,0x00,0x00,0x00,0x00,0x00,0x00,0x00,0x00,0x00,0x00,0x00,0x00,0x00,0x00,0x00,0x00,0x1E,0x00,0x00,0x00,0x00,0x78,0x00,0x00,0x1E,0x00,0x00,0x00,0x00,0x78,0x00,0x00,0x1E,0x00,0x00,0x00,0x00,0x78,0x00,0x00,0x1E,0x00,0x00,0x00,0x00,0x78,0x00,0x00,0x1E,0x00,0x00,0x00,0x00,0x78,0x00,0x00,0x3E,0x00,0x00,0x00,0x00,0x7C,0x00,0x00,0x7E,0x00,0x00,0x00,0x00,0x7E,0x00,0x00,0xFC,0xFF,0x0F,0xF0,0xFF,0x3F,0x00,0x00,0xFC,0xFF,0x3F,0xFC,0xFF,0x3F,0x00,0x00,0xF8,0xFF,0x7F,0xFE,0xFF,0x1F,0x00,0x00,0xF0,0xFF,0x7F,0xFE,0xFF,0x0F,0x00,0x00,0xC0,0xFF,0xFF,0xFF,0xFF,0x03,0x00,0x00,0x00,0x00,0xF8,0x1F,0x00,0x00,0x00,0x00,0x00,0x00,0xE0,0x07,0x00,0x00,0x00,0x00,0x00,0x00,0xE0,0x07,0x00,0x00,0x00,0x00,0x00,0x00,0xC0,0x03,0x00,0x00,0x00,0x00,0x00,0x00,0xC0,0x03,0x00,0x00,0x00,0x00,0x00,0x00,0xC0,0x03,0x00,0x00,0x00,0x00,0x00,0x00,0xC0,0x03,0x00,0x00,0x00,0x00,0x00,0x00,0xC0,0x03,	// 125
	0x00,0x00,0x00,0x00,0x00,0x00,0x00,0x00,0x00,0x00,0x00,0x00,0x00,0x00,0x00,0x00,0x00,0x00,0x00,0xC0,0x07,0x00,0x00,0x00,0x00,0x00,0x00,0xC0,0x03,0x00,0x00,0x00,0x00,0x00,0x00,0xE0,0x01,0x00,0x00,0x00,0x00,0x00,0x00,0xE0,0x01,0x00,0x00,0x00,0x00,0x00,0x00,0xF0,0x00,0x00,0x00,0x00,0x00,0x00,0x00,0xF0,0x00,0x00,0x00,0x00,0x00,0x00,0x00,0xF0,0x00,0x00,0x00,0x00,0x00,0x00,0x00,0xF0,0x00,0x00,0x00,0x00,0x00,0x00,0x00,0xF0,0x00,0x00,0x00,0x00,0x00,0x00,0x00,0xF0,0x00,0x00,0x00,0x00,0x00,0x00,0x00,0xF0,0x01,0x00,0x00,0x00,0x00,0x00,0x00,0xE0,0x01,0x00,0x00,0x00,0x00,0x00,0x00,0xE0,0x01,0x00,0x00,0x00,0x00,0x00,0x00,0xE0,0x03,0x00,0x00,0x00,0x00,0x00,0x00,0xC0,0x03,0x00,0x00,0x00,0x00,0x00,0x00,0xC0,0x03,0x00,0x00,0x00,0x00,0x00,0x00,0x80,0x07,0x00,0x00,0x00,0x00,0x00,0x00,0x80,0x07,0x00,0x00,0x00,0x00,0x00,0x00,0x80,0x07,0x00,0x00,0x00,0x00,0x00,0x00,0x80,0x07,0x00,0x00,0x00,0x00,0x00,0x00,0x80,0x07,0x00,0x00,0x00,0x00,0x00,0x00,0x80,0x07,0x00,0x00,0x00,0x00,0x00,0x00,0xC0,0x03,0x00,0x00,0x00,0x00,0x00,0x00,0xC0,0x03,0x00,0x00,0x00,0x00,0x00,0x00,0xE0,0x01,0x00,0x00,0x00,0x00,0x00,0x00,0xF0,0x01,	// 126
	0x00,0x00,0x00,0x00,0x00,0x00,0x00,0x00,0x00,0x00,0x00,0x00,0x00,0x00,0x00,0x00,0x00,0x00,0x00,0x00,0x00,0x00,0x00,0x00,0x00,0xF0,0xFF,0xFF,0xFF,0xFF,0xFF,0x00,0x00,0xF0,0xFF,0xFF,0xFF,0xFF,0xFF,0x00,0x00,0xF0,0xFF,0xFF,0xFF,0xFF,0xFF,0x00,0x00,0x70,0x00,0x00,0x00,0x00,0xE0,0x00,0x00,0x70,0x00,0x00,0x00,0x00,0xE0,0x00,0x00,0x70,0x00,0x00,0x00,0x00,0xE0,0x00,0x00,0x70,0x00,0x00,0x00,0x00,0xE0,0x00,0x00,0x70,0x00,0x00,0x00,0x00,0xE0,0x00,0x00,0x70,0x00,0x00,0x00,0x00,0xE0,0x00,0x00,0x70,0x00,0x00,0x00,0x00,0xE0,0x00,0x00,0x70,0x00,0x00,0x00,0x00,0xE0,0x00,0x00,0x70,0x00,0x00,0x00,0x00,0xE0,0x00,0x00,0x70,0x00,0x00,0x00,0x00,0xE0,0x00,0x00,0x70,0x00,0x00,0x00,0x00,0xE0,0x00,0x00,0x70,0x00,0x00,0x00,0x00,0xE0,0x00,0x00,0x70,0x00,0x00,0x00,0x00,0xE0,0x00,0x00,0x70,0x00,0x00,0x00,0x00,0xE0,0x00,0x00,0x70,0x00,0x00,0x00,0x00,0xE0,0x00,0x00,0x70,0x00,0x00,0x00,0x00,0xE0,0x00,0x00,0x70,0x00,0x00,0x00,0x00,0xE0,0x00,0x00,0x70,0x00,0x00,0x00,0x00,0xE0,0x00,0x00,0x70,0x00,0x00,0x00,0x00,0xE0,0x00,0x00,0xF0,0xFF,0xFF,0xFF,0xFF,0xFF,0x00,0x00,0xF0,0xFF,0xFF,0xFF,0xFF,0xFF,0x00,0x00,0xF0,0xFF,0xFF,0xFF,0xFF,0xFF,	// 127
	0x00,0x00,0x00,0x00,0x00,0x00,0x00,0x00,0x00,0x00,0x00,0x00,0x00,0x00,0x00,0x00,0x00,0x00,0x00,0x00,0x00,0x00,0x00,0x00,0x00,0xF0,0xFF,0xFF,0xFF,0xFF,0xFF,0x00,0x00,0xF0,0xFF,0xFF,0xFF,0xFF,0xFF,0x00,0x00,0xF0,0xFF,0xFF,0xFF,0xFF,0xFF,0x00,0x00,0x70,0x00,0x00,0x00,0x00,0xE0,0x00,0x00,0x70,0x00,0x00,0x00,0x00,0xE0,0x00,0x00,0x70,0x00,0x00,0x00,0x00,0xE0,0x00,0x00,0x70,0x00,0x00,0x00,0x00,0xE0,0x00,0x00,0x70,0x00,0x00,0x00,0x00,0xE0,0x00,0x00,0x70,0x00,0x00,0x00,0x00,0xE0,0x00,0x00,0x70,0x00,0x00,0x00,0x00,0xE0,0x00,0x00,0x70,0x00,0x00,0x00,0x00,0xE0,0x00,0x00,0x70,0x00,0x00,0x00,0x00,0xE0,0x00,0x00,0x70,0x00,0x00,0x00,0x00,0xE0,0x00,0x00,0x70,0x00,0x00,0x00,0x00,0xE0,0x00,0x00,0x70,0x00,0x00,0x00,0x00,0xE0,0x00,0x00,0x70,0x00,0x00,0x00,0x00,0xE0,0x00,0x00,0x70,0x00,0x00,0x00,0x00,0xE0,0x00,0x00,0x70,0x00,0x00,0x00,0x00,0xE0,0x00,0x00,0x70,0x00,0x00,0x00,0x00,0xE0,0x00,0x00,0x70,0x00,0x00,0x00,0x00,0xE0,0x00,0x00,0x70,0x00,0x00,0x00,0x00,0xE0,0x00,0x00,0x70,0x00,0x00,0x00,0x00,0xE0,0x00,0x00,0xF0,0xFF,0xFF,0xFF,0xFF,0xFF,0x00,0x00,0xF0,0xFF,0xFF,0xFF,0xFF,0xFF,0x00,0x00,0xF0,0xFF,0xFF,0xFF,0xFF,0xFF,	// 128
	0x00,0x00,0x00,0x00,0x00,0x00,0x00,0x00,0x00,0x00,0x00,0x00,0x00,0x00,0x00,0x00,0x00,0x00,0x00,0x00,0x00,0x00,0x00,0x00,0x00,0xF0,0xFF,0xFF,0xFF,0xFF,0xFF,0x00,0x00,0xF0,0xFF,0xFF,0xFF,0xFF,0xFF,0x00,0x00,0xF0,0xFF,0xFF,0xFF,0xFF,0xFF,0x00,0x00,0x70,0x00,0x00,0x00,0x00,0xE0,0x00,0x00,0x70,0x00,0x00,0x00,0x00,0xE0,0x00,0x00,0x70,0x00,0x00,0x00,0x00,0xE0,0x00,0x00,0x70,0x00,0x00,0x00,0x00,0xE0,0x00,0x00,0x70,0x00,0x00,0x00,0x00,0xE0,0x00,0x00,0x70,0x00,0x00,0x00,0x00,0xE0,0x00,0x00,0x70,0x00,0x00,0x00,0x00,0xE0,0x00,0x00,0x70,0x00,0x00,0x00,0x00,0xE0,0x00,0x00,0x70,0x00,0x00,0x00,0x00,0xE0,0x00,0x00,0x70,0x00,0x00,0x00,0x00,0xE0,0x00,0x00,0x70,0x00,0x00,0x00,0x00,0xE0,0x00,0x00,0x70,0x00,0x00,0x00,0x00,0xE0,0x00,0x00,0x70,0x00,0x00,0x00,0x00,0xE0,0x00,0x00,0x70,0x00,0x00,0x00,0x00,0xE0,0x00,0x00,0x70,0x00,0x00,0x00,0x00,0xE0,0x00,0x00,0x70,0x00,0x00,0x00,0x00,0xE0,0x00,0x00,0x70,0x00,0x00,0x00,0x00,0xE0,0x00,0x00,0x70,0x00,0x00,0x00,0x00,0xE0,0x00,0x00,0x70,0x00,0x00,0x00,0x00,0xE0,0x00,0x00,0xF0,0xFF,0xFF,0xFF,0xFF,0xFF,0x00,0x00,0xF0,0xFF,0xFF,0xFF,0xFF,0xFF,0x00,0x00,0xF0,0xFF,0xFF,0xFF,0xFF,0xFF,	// 129
	0x00,0x00,0x00,0x00,0x00,0x00,0x00,0x00,0x00,0x00,0x00,0x00,0x00,0x00,0x00,0x00,0x00,0x00,0x00,0x00,0x00,0x00,0x00,0x00,0x00,0xF0,0xFF,0xFF,0xFF,0xFF,0xFF,0x00,0x00,0xF0,0xFF,0xFF,0xFF,0xFF,0xFF,0x00,0x00,0xF0,0xFF,0xFF,0xFF,0xFF,0xFF,0x00,0x00,0x70,0x00,0x00,0x00,0x00,0xE0,0x00,0x00,0x70,0x00,0x00,0x00,0x00,0xE0,0x00,0x00,0x70,0x00,0x00,0x00,0x00,0xE0,0x00,0x00,0x70,0x00,0x00,0x00,0x00,0xE0,0x00,0x00,0x70,0x00,0x00,0x00,0x00,0xE0,0x00,0x00,0x70,0x00,0x00,0x00,0x00,0xE0,0x00,0x00,0x70,0x00,0x00,0x00,0x00,0xE0,0x00,0x00,0x70,0x00,0x00,0x00,0x00,0xE0,0x00,0x00,0x70,0x00,0x00,0x00,0x00,0xE0,0x00,0x00,0x70,0x00,0x00,0x00,0x00,0xE0,0x00,0x00,0x70,0x00,0x00,0x00,0x00,0xE0,0x00,0x00,0x70,0x00,0x00,0x00,0x00,0xE0,0x00,0x00,0x70,0x00,0x00,0x00,0x00,0xE0,0x00,0x00,0x70,0x00,0x00,0x00,0x00,0xE0,0x00,0x00,0x70,0x00,0x00,0x00,0x00,0xE0,0x00,0x00,0x70,0x00,0x00,0x00,0x00,0xE0,0x00,0x00,0x70,0x00,0x00,0x00,0x00,0xE0,0x00,0x00,0x70,0x00,0x00,0x00,0x00,0xE0,0x00,0x00,0x70,0x00,0x00,0x00,0x00,0xE0,0x00,0x00,0xF0,0xFF,0xFF,0xFF,0xFF,0xFF,0x00,0x00,0xF0,0xFF,0xFF,0xFF,0xFF,0xFF,0x00,0x00,0xF0,0xFF,0xFF,0xFF,0xFF,0xFF,	// 130
	0x00,0x00,0x00,0x00,0x00,0x00,0x00,0x00,0x00,0x00,0x00,0x00,0x00,0x00,0x00,0x00,0x00,0x00,0x00,0x00,0x00,0x00,0x00,0x00,0x00,0xF0,0xFF,0xFF,0xFF,0xFF,0xFF,0x00,0x00,0xF0,0xFF,0xFF,0xFF,0xFF,0xFF,0x00,0x00,0xF0,0xFF,0xFF,0xFF,0xFF,0xFF,0x00,0x00,0x70,0x00,0x00,0x00,0x00,0xE0,0x00,0x00,0x70,0x00,0x00,0x00,0x00,0xE0,0x00,0x00,0x70,0x00,0x00,0x00,0x00,0xE0,0x00,0x00,0x70,0x00,0x00,0x00,0x00,0xE0,0x00,0x00,0x70,0x00,0x00,0x00,0x00,0xE0,0x00,0x00,0x70,0x00,0x00,0x00,0x00,0xE0,0x00,0x00,0x70,0x00,0x00,0x00,0x00,0xE0,0x00,0x00,0x70,0x00,0x00,0x00,0x00,0xE0,0x00,0x00,0x70,0x00,0x00,0x00,0x00,0xE0,0x00,0x00,0x70,0x00,0x00,0x00,0x00,0xE0,0x00,0x00,0x70,0x00,0x00,0x00,0x00,0xE0,0x00,0x00,0x70,0x00,0x00,0x00,0x00,0xE0,0x00,0x00,0x70,0x00,0x00,0x00,0x00,0xE0,0x00,0x00,0x70,0x00,0x00,0x00,0x00,0xE0,0x00,0x00,0x70,0x00,0x00,0x00,0x00,0xE0,0x00,0x00,0x70,0x00,0x00,0x00,0x00,0xE0,0x00,0x00,0x70,0x00,0x00,0x00,0x00,0xE0,0x00,0x00,0x70,0x00,0x00,0x00,0x00,0xE0,0x00,0x00,0x70,0x00,0x00,0x00,0x00,0xE0,0x00,0x00,0xF0,0xFF,0xFF,0xFF,0xFF,0xFF,0x00,0x00,0xF0,0xFF,0xFF,0xFF,0xFF,0xFF,0x00,0x00,0xF0,0xFF,0xFF,0xFF,0xFF,0xFF,	// 131
	0x00,0x00,0x00,0x00,0x00,0x00,0x00,0x00,0x00,0x00,0x00,0x00,0x00,0x00,0x00,0x00,0x00,0x00,0x00,0x00,0x00,0x00,0x00,0x00,0x00,0xF0,0xFF,0xFF,0xFF,0xFF,0xFF,0x00,0x00,0xF0,0xFF,0xFF,0xFF,0xFF,0xFF,0x00,0x00,0xF0,0xFF,0xFF,0xFF,0xFF,0xFF,0x00,0x00,0x70,0x00,0x00,0x00,0x00,0xE0,0x00,0x00,0x70,0x00,0x00,0x00,0x00,0xE0,0x00,0x00,0x70,0x00,0x00,0x00,0x00,0xE0,0x00,0x00,0x70,0x00,0x00,0x00,0x00,0xE0,0x00,0x00,0x70,0x00,0x00,0x00,0x00,0xE0,0x00,0x00,0x70,0x00,0x00,0x00,0x00,0xE0,0x00,0x00,0x70,0x00,0x00,0x00,0x00,0xE0,0x00,0x00,0x70,0x00,0x00,0x00,0x00,0xE0,0x00,0x00,0x70,0x00,0x00,0x00,0x00,0xE0,0x00,0x00,0x70,0x00,0x00,0x00,0x00,0xE0,0x00,0x00,0x70,0x00,0x00,0x00,0x00,0xE0,0x00,0x00,0x70,0x00,0x00,0x00,0x00,0xE0,0x00,0x00,0x70,0x00,0x00,0x00,0x00,0xE0,0x00,0x00,0x70,0x00,0x00,0x00,0x00,0xE0,0x00,0x00,0x70,0x00,0x00,0x00,0x00,0xE0,0x00,0x00,0x70,0x00,0x00,0x00,0x00,0xE0,0x00,0x00,0x70,0x00,0x00,0x00,0x00,0xE0,0x00,0x00,0x70,0x00,0x00,0x00,0x00,0xE0,0x00,0x00,0x70,0x00,0x00,0x00,0x00,0xE0,0x00,0x00,0xF0,0xFF,0xFF,0xFF,0xFF,0xFF,0x00,0x00,0xF0,0xFF,0xFF,0xFF,0xFF,0xFF,0x00,0x00,0xF0,0xFF,0xFF,0xFF,0xFF,0xFF,	// 132
	0x00,0x00,0x00,0x00,0x00,0x00,0x00,0x00,0x00,0x00,0x00,0x00,0x00,0x00,0x00,0x00,0x00,0x00,0x00,0x00,0x00,0x00,0x00,0x00,0x00,0xF0,0xFF,0xFF,0xFF,0xFF,0xFF,0x00,0x00,0xF0,0xFF,0xFF,0xFF,0xFF,0xFF,0x00,0x00,0xF0,0xFF,0xFF,0xFF,0xFF,0xFF,0x00,0x00,0x70,0x00,0x00,0x00,0x00,0xE0,0x00,0x00,0x70,0x00,0x00,0x00,0x00,0xE0,0x00,0x00,0x70,0x00,0x00,0x00,0x00,0xE0,0x00,0x00,0x70,0x00,0x00,0x00,0x00,0xE0,0x00,0x00,0x70,0x00,0x00,0x00,0x00,0xE0,0x00,0x00,0x70,0x00,0x00,0x00,0x00,0xE0,0x00,0x00,0x70,0x00,0x00,0x00,0x00,0xE0,0x00,0x00,0x70,0x00,0x00,0x00,0x00,0xE0,0x00,0x00,0x70,0x00,0x00,0x00,0x00,0xE0,0x00,0x00,0x70,0x00,0x00,0x00,0x00,0xE0,0x00,0x00,0x70,0x00,0x00,0x00,0x00,0xE0,0x00,0x00,0x70,0x00,0x00,0x00,0x00,0xE0,0x00,0x00,0x70,0x00,0x00,0x00,0x00,0xE0,0x00,0x00,0x70,0x00,0x00,0x00,0x00,0xE0,0x00,0x00,0x70,0x00,0x00,0x00,0x00,0xE0,0x00,0x00,0x70,0x00,0x00,0x00,0x00,0xE0,0x00,0x00,0x70,0x00,0x00,0x00,0x00,0xE0,0x00,0x00,0x70,0x00,0x00,0x00,0x00,0xE0,0x00,0x00,0x70,0x00,0x00,0x00,0x00,0xE0,0x00,0x00,0xF0,0xFF,0xFF,0xFF,0xFF,0xFF,0x00,0x00,0xF0,0xFF,0xFF,0xFF,0xFF,0xFF,0x00,0x00,0xF0,0xFF,0xFF,0xFF,0xFF,0xFF,	// 133
	0x00,0x00,0x00,0x00,0x00,0x00,0x00,0x00,0x00,0x00,0x00,0x00,0x00,0x00,0x00,0x00,0x00,0x00,0x00,0x00,0x00,0x00,0x00,0x00,0x00,0xF0,0xFF,0xFF,0xFF,0xFF,0xFF,0x00,0x00,0xF0,0xFF,0xFF,0xFF,0xFF,0xFF,0x00,0x00,0xF0,0xFF,0xFF,0xFF,0xFF,0xFF,0x00,0x00,0x70,0x00,0x00,0x00,0x00,0xE0,0x00,0x00,0x70,0x00,0x00,0x00,0x00,0xE0,0x00,0x00,0x70,0x00,0x00,0x00,0x00,0xE0,0x00,0x00,0x70,0x00,0x00,0x00,0x00,0xE0,0x00,0x00,0x70,0x00,0x00,0x00,0x00,0xE0,0x00,0x00,0x70,0x00,0x00,0x00,0x00,0xE0,0x00,0x00,0x70,0x00,0x00,0x00,0x00,0xE0,0x00,0x00,0x70,0x00,0x00,0x00,0x00,0xE0,0x00,0x00,0x70,0x00,0x00,0x00,0x00,0xE0,0x00,0x00,0x70,0x00,0x00,0x00,0x00,0xE0,0x00,0x00,0x70,0x00,0x00,0x00,0x00,0xE0,0x00,0x00,0x70,0x00,0x00,0x00,0x00,0xE0,0x00,0x00,0x70,0x00,0x00,0x00,0x00,0xE0,0x00,0x00,0x70,0x00,0x00,0x00,0x00,0xE0,0x00,0x00,0x70,0x00,0x00,0x00,0x00,0xE0,0x00,0x00,0x70,0x00,0x00,0x00,0x00,0xE0,0x00,0x00,0x70,0x00,0x00,0x00,0x00,0xE0,0x00,0x00,0x70,0x00,0x00,0x00,0x00,0xE0,0x00,0x00,0x70,0x00,0x00,0x00,0x00,0xE0,0x00,0x00,0xF0,0xFF,0xFF,0xFF,0xFF,0xFF,0x00,0x00,0xF0,0xFF,0xFF,0xFF,0xFF,0xFF,0x00,0x00,0xF0,0xFF,0xFF,0xFF,0xFF,0xFF,	// 134
	0x00,0x00,0x00,0x00,0x00,0x00,0x00,0x00,0x00,0x00,0x00,0x00,0x00,0x00,0x00,0x00,0x00,0x00,0x00,0x00,0x00,0x00,0x00,0x00,0x00,0xF0,0xFF,0xFF,0xFF,0xFF,0xFF,0x00,0x00,0xF0,0xFF,0xFF,0xFF,0xFF,0xFF,0x00,0x00,0xF0,0xFF,0xFF,0xFF,0xFF,0xFF,0x00,0x00,0x70,0x00,0x00,0x00,0x00,0xE0,0x00,0x00,0x70,0x00,0x00,0x00,0x00,0xE0,0x00,0x00,0x70,0x00,0x00,0x00,0x00,0xE0,0x00,0x00,0x70,0x00,0x00,0x00,0x00,0xE0,0x00,0x00,0x70,0x00,0x00,0x00,0x00,0xE0,0x00,0x00,0x70,0x00,0x00,0x00,0x00,0xE0,0x00,0x00,0x70,0x00,0x00,0x00,0x00,0xE0,0x00,0x00,0x70,0x00,0x00,0x00,0x00,0xE0,0x00,0x00,0x70,0x00,0x00,0x00,0x00,0xE0,0x00,0x00,0x70,0x00,0x00,0x00,0x00,0xE0,0x00,0x00,0x70,0x00,0x00,0x00,0x00,0xE0,0x00,0x00,0x70,0x00,0x00,0x00,0x00,0xE0,0x00,0x00,0x70,0x00,0x00,0x00,0x00,0xE0,0x00,0x00,0x70,0x00,0x00,0x00,0x00,0xE0,0x00,0x00,0x70,0x00,0x00,0x00,0x00,0xE0,0x00,0x00,0x70,0x00,0x00,0x00,0x00,0xE0,0x00,0x00,0x70,0x00,0x00,0x00,0x00,0xE0,0x00,0x00,0x70,0x00,0x00,0x00,0x00,0xE0,0x00,0x00,0x70,0x00,0x00,0x00,0x00,0xE0,0x00,0x00,0xF0,0xFF,0xFF,0xFF,0xFF,0xFF,0x00,0x00,0xF0,0xFF,0xFF,0xFF,0xFF,0xFF,0x00,0x00,0xF0,0xFF,0xFF,0xFF,0xFF,0xFF,	// 135
	0x00,0x00,0x00,0x00,0x00,0x00,0x00,0x00,0x00,0x00,0x00,0x00,0x00,0x00,0x00,0x00,0x00,0x00,0x00,0x00,0x00,0x00,0x00,0x00,0x00,0xF0,0xFF,0xFF,0xFF,0xFF,0xFF,0x00,0x00,0xF0,0xFF,0xFF,0xFF,0xFF,0xFF,0x00,0x00,0xF0,0xFF,0xFF,0xFF,0xFF,0xFF,0x00,0x00,0x70,0x00,0x00,0x00,0x00,0xE0,0x00,0x00,0x70,0x00,0x00,0x00,0x00,0xE0,0x00,0x00,0x70,0x00,0x00,0x00,0x00,0xE0,0x00,0x00,0x70,0x00,0x00,0x00,0x00,0xE0,0x00,0x00,0x70,0x00,0x00,0x00,0x00,0xE0,0x00,0x00,0x70,0x00,0x00,0x00,0x00,0xE0,0x00,0x00,0x70,0x00,0x00,0x00,0x00,0xE0,0x00,0x00,0x70,0x00,0x00,0x00,0x00,0xE0,0x00,0x00,0x70,0x00,0x00,0x00,0x00,0xE0,0x00,0x00,0x70,0x00,0x00,0x00,0x00,0xE0,0x00,0x00,0x70,0x00,0x00,0x00,0x00,0xE0,0x00,0x00,0x70,0x00,0x00,0x00,0x00,0xE0,0x00,0x00,0x70,0x00,0x00,0x00,0x00,0xE0,0x00,0x00,0x70,0x00,0x00,0x00,0x00,0xE0,0x00,0x00,0x70,0x00,0x00,0x00,0x00,0xE0,0x00,0x00,0x70,0x00,0x00,0x00,0x00,0xE0,0x00,0x00,0x70,0x00,0x00,0x00,0x00,0xE0,0x00,0x00,0x70,0x00,0x00,0x00,0x00,0xE0,0x00,0x00,0x70,0x00,0x00,0x00,0x00,0xE0,0x00,0x00,0xF0,0xFF,0xFF,0xFF,0xFF,0xFF,0x00,0x00,0xF0,0xFF,0xFF,0xFF,0xFF,0xFF,0x00,0x00,0xF0,0xFF,0xFF,0xFF,0xFF,0xFF,	// 136
	0x00,0x00,0x00,0x00,0x00,0x00,0x00,0x00,0x00,0x00,0x00,0x00,0x00,0x00,0x00,0x00,0x00,0x00,0x00,0x00,0x00,0x00,0x00,0x00,0x00,0xF0,0xFF,0xFF,0xFF,0xFF,0xFF,0x00,0x00,0xF0,0xFF,0xFF,0xFF,0xFF,0xFF,0x00,0x00,0xF0,0xFF,0xFF,0xFF,0xFF,0xFF,0x00,0x00,0x70,0x00,0x00,0x00,0x00,0xE0,0x00,0x00,0x70,0x00,0x00,0x00,0x00,0xE0,0x00,0x00,0x70,0x00,0x00,0x00,0x00,0xE0,0x00,0x00,0x70,0x00,0x00,0x00,0x00,0xE0,0x00,0x00,0x70,0x00,0x00,0x00,0x00,0xE0,0x00,0x00,0x70,0x00,0x00,0x00,0x00,0xE0,0x00,0x00,0x70,0x00,0x00,0x00,0x00,0xE0,0x00,0x00,0x70,0x00,0x00,0x00,0x00,0xE0,0x00,0x00,0x70,0x00,0x00,0x00,0x00,0xE0,0x00,0x00,0x70,0x00,0x00,0x00,0x00,0xE0,0x00,0x00,0x70,0x00,0x00,0x00,0x00,0xE0,0x00,0x00,0x70,0x00,0x00,0x00,0x00,0xE0,0x00,0x00,0x70,0x00,0x00,0x00,0x00,0xE0,0x00,0x00,0x70,0x00,0x00,0x00,0x00,0xE0,0x00,0x00,0x70,0x00,0x00,0x00,0x00,0xE0,0x00,0x00,0x70,0x00,0x00,0x00,0x00,0xE0,0x00,0x00,0x70,0x00,0x00,0x00,0x00,0xE0,0x00,0x00,0x70,0x00,0x00,0x00,0x00,0xE0,0x00,0x00,0x70,0x00,0x00,0x00,0x00,0xE0,0x00,0x00,0xF0,0xFF,0xFF,0xFF,0xFF,0xFF,0x00,0x00,0xF0,0xFF,0xFF,0xFF,0xFF,0xFF,0x00,0x00,0xF0,0xFF,0xFF,0xFF,0xFF,0xFF,	// 137
	0x00,0x00,0x00,0x00,0x00,0x00,0x00,0x00,0x00,0x00,0x00,0x00,0x00,0x00,0x00,0x00,0x00,0x00,0x00,0x00,0x00,0x00,0x00,0x00,0x00,0xF0,0xFF,0xFF,0xFF,0xFF,0xFF,0x00,0x00,0xF0,0xFF,0xFF,0xFF,0xFF,0xFF,0x00,0x00,0xF0,0xFF,0xFF,0xFF,0xFF,0xFF,0x00,0x00,0x70,0x00,0x00,0x00,0x00,0xE0,0x00,0x00,0x70,0x00,0x00,0x00,0x00,0xE0,0x00,0x00,0x70,0x00,0x00,0x00,0x00,0xE0,0x00,0x00,0x70,0x00,0x00,0x00,0x00,0xE0,0x00,0x00,0x70,0x00,0x00,0x00,0x00,0xE0,0x00,0x00,0x70,0x00,0x00,0x00,0x00,0xE0,0x00,0x00,0x70,0x00,0x00,0x00,0x00,0xE0,0x00,0x00,0x70,0x00,0x00,0x00,0x00,0xE0,0x00,0x00,0x70,0x00,0x00,0x00,0x00,0xE0,0x00,0x00,0x70,0x00,0x00,0x00,0x00,0xE0,0x00,0x00,0x70,0x00,0x00,0x00,0x00,0xE0,0x00,0x00,0x70,0x00,0x00,0x00,0x00,0xE0,0x00,0x00,0x70,0x00,0x00,0x00,0x00,0xE0,0x00,0x00,0x70,0x00,0x00,0x00,0x00,0xE0,0x00,0x00,0x70,0x00,0x00,0x00,0x00,0xE0,0x00,0x00,0x70,0x00,0x00,0x00,0x00,0xE0,0x00,0x00,0x70,0x00,0x00,0x00,0x00,0xE0,0x00,0x00,0x70,0x00,0x00,0x00,0x00,0xE0,0x00,0x00,0x70,0x00,0x00,0x00,0x00,0xE0,0x00,0x00,0xF0,0xFF,0xFF,0xFF,0xFF,0xFF,0x00,0x00,0xF0,0xFF,0xFF,0xFF,0xFF,0xFF,0x00,0x00,0xF0,0xFF,0xFF,0xFF,0xFF,0xFF,	// 138
	0x00,0x00,0x00,0x00,0x00,0x00,0x00,0x00,0x00,0x00,0x00,0x00,0x00,0x00,0x00,0x00,0x00,0x00,0x00,0x00,0x00,0x00,0x00,0x00,0x00,0xF0,0xFF,0xFF,0xFF,0xFF,0xFF,0x00,0x00,0xF0,0xFF,0xFF,0xFF,0xFF,0xFF,0x00,0x00,0xF0,0xFF,0xFF,0xFF,0xFF,0xFF,0x00,0x00,0x70,0x00,0x00,0x00,0x00,0xE0,0x00,0x00,0x70,0x00,0x00,0x00,0x00,0xE0,0x00,0x00,0x70,0x00,0x00,0x00,0x00,0xE0,0x00,0x00,0x70,0x00,0x00,0x00,0x00,0xE0,0x00,0x00,0x70,0x00,0x00,0x00,0x00,0xE0,0x00,0x00,0x70,0x00,0x00,0x00,0x00,0xE0,0x00,0x00,0x70,0x00,0x00,0x00,0x00,0xE0,0x00,0x00,0x70,0x00,0x00,0x00,0x00,0xE0,0x00,0x00,0x70,0x00,0x00,0x00,0x00,0xE0,0x00,0x00,0x70,0x00,0x00,0x00,0x00,0xE0,0x00,0x00,0x70,0x00,0x00,0x00,0x00,0xE0,0x00,0x00,0x70,0x00,0x00,0x00,0x00,0xE0,0x00,0x00,0x70,0x00,0x00,0x00,0x00,0xE0,0x00,0x00,0x70,0x00,0x00,0x00,0x00,0xE0,0x00,0x00,0x70,0x00,0x00,0x00,0x00,0xE0,0x00,0x00,0x70,0x00,0x00,0x00,0x00,0xE0,0x00,0x00,0x70,0x00,0x00,0x00,0x00,0xE0,0x00,0x00,0x70,0x00,0x00,0x00,0x00,0xE0,0x00,0x00,0x70,0x00,0x00,0x00,0x00,0xE0,0x00,0x00,0xF0,0xFF,0xFF,0xFF,0xFF,0xFF,0x00,0x00,0xF0,0xFF,0xFF,0xFF,0xFF,0xFF,0x00,0x00,0xF0,0xFF,0xFF,0xFF,0xFF,0xFF,	// 139
	0x00,0x00,0x00,0x00,0x00,0x00,0x00,0x00,0x00,0x00,0x00,0x00,0x00,0x00,0x00,0x00,0x00,0x00,0x00,0x00,0x00,0x00,0x00,0x00,0x00,0xF0,0xFF,0xFF,0xFF,0xFF,0xFF,0x00,0x00,0xF0,0xFF,0xFF,0xFF,0xFF,0xFF,0x00,0x00,0xF0,0xFF,0xFF,0xFF,0xFF,0xFF,0x00,0x00,0x70,0x00,0x00,0x00,0x00,0xE0,0x00,0x00,0x70,0x00,0x00,0x00,0x00,0xE0,0x00,0x00,0x70,0x00,0x00,0x00,0x00,0xE0,0x00,0x00,0x70,0x00,0x00,0x00,0x00,0xE0,0x00,0x00,0x70,0x00,0x00,0x00,0x00,0xE0,0x00,0x00,0x70,0x00,0x00,0x00,0x00,0xE0,0x00,0x00,0x70,0x00,0x00,0x00,0x00,0xE0,0x00,0x00,0x70,0x00,0x00,0x00,0x00,0xE0,0x00,0x00,0x70,0x00,0x00,0x00,0x00,0xE0,0x00,0x00,0x70,0x00,0x00,0x00,0x00,0xE0,0x00,0x00,0x70,0x00,0x00,0x00,0x00,0xE0,0x00,0x00,0x70,0x00,0x00,0x00,0x00,0xE0,0x00,0x00,0x70,0x00,0x00,0x00,0x00,0xE0,0x00,0x00,0x70,0x00,0x00,0x00,0x00,0xE0,0x00,0x00,0x70,0x00,0x00,0x00,0x00,0xE0,0x00,0x00,0x70,0x00,0x00,0x00,0x00,0xE0,0x00,0x00,0x70,0x00,0x00,0x00,0x00,0xE0,0x00,0x00,0x70,0x00,0x00,0x00,0x00,0xE0,0x00,0x00,0x70,0x00,0x00,0x00,0x00,0xE0,0x00,0x00,0xF0,0xFF,0xFF,0xFF,0xFF,0xFF,0x00,0x00,0xF0,0xFF,0xFF,0xFF,0xFF,0xFF,0x00,0x00,0xF0,0xFF,0xFF,0xFF,0xFF,0xFF,	// 140
	0x00,0x00,0x00,0x00,0x00,0x00,0x00,0x00,0x00,0x00,0x00,0x00,0x00,0x00,0x00,0x00,0x00,0x00,0x00,0x00,0x00,0x00,0x00,0x00,0x00,0xF0,0xFF,0xFF,0xFF,0xFF,0xFF,0x00,0x00,0xF0,0xFF,0xFF,0xFF,0xFF,0xFF,0x00,0x00,0xF0,0xFF,0xFF,0xFF,0xFF,0xFF,0x00,0x00,0x70,0x00,0x00,0x00,0x00,0xE0,0x00,0x00,0x70,0x00,0x00,0x00,0x00,0xE0,0x00,0x00,0x70,0x00,0x00,0x00,0x00,0xE0,0x00,0x00,0x70,0x00,0x00,0x00,0x00,0xE0,0x00,0x00,0x70,0x00,0x00,0x00,0x00,0xE0,0x00,0x00,0x70,0x00,0x00,0x00,0x00,0xE0,0x00,0x00,0x70,0x00,0x00,0x00,0x00,0xE0,0x00,0x00,0x70,0x00,0x00,0x00,0x00,0xE0,0x00,0x00,0x70,0x00,0x00,0x00,0x00,0xE0,0x00,0x00,0x70,0x00,0x00,0x00,0x00,0xE0,0x00,0x00,0x70,0x00,0x00,0x00,0x00,0xE0,0x00,0x00,0x70,0x00,0x00,0x00,0x00,0xE0,0x00,0x00,0x70,0x00,0x00,0x00,0x00,0xE0,0x00,0x00,0x70,0x00,0x00,0x00,0x00,0xE0,0x00,0x00,0x70,0x00,0x00,0x00,0x00,0xE0,0x00,0x00,0x70,0x00,0x00,0x00,0x00,0xE0,0x00,0x00,0x70,0x00,0x00,0x00,0x00,0xE0,0x00,0x00,0x70,0x00,0x00,0x00,0x00,0xE0,0x00,0x00,0x70,0x00,0x00,0x00,0x00,0xE0,0x00,0x00,0xF0,0xFF,0xFF,0xFF,0xFF,0xFF,0x00,0x00,0xF0,0xFF,0xFF,0xFF,0xFF,0xFF,0x00,0x00,0xF0,0xFF,0xFF,0xFF,0xFF,0xFF,	// 141
	0x00,0x00,0x00,0x00,0x00,0x00,0x00,0x00,0x00,0x00,0x00,0x00,0x00,0x00,0x00,0x00,0x00,0x00,0x00,0x00,0x00,0x00,0x00,0x00,0x00,0xF0,0xFF,0xFF,0xFF,0xFF,0xFF,0x00,0x00,0xF0,0xFF,0xFF,0xFF,0xFF,0xFF,0x00,0x00,0xF0,0xFF,0xFF,0xFF,0xFF,0xFF,0x00,0x00,0x70,0x00,0x00,0x00,0x00,0xE0,0x00,0x00,0x70,0x00,0x00,0x00,0x00,0xE0,0x00,0x00,0x70,0x00,0x00,0x00,0x00,0xE0,0x00,0x00,0x70,0x00,0x00,0x00,0x00,0xE0,0x00,0x00,0x70,0x00,0x00,0x00,0x00,0xE0,0x00,0x00,0x70,0x00,0x00,0x00,0x00,0xE0,0x00,0x00,0x70,0x00,0x00,0x00,0x00,0xE0,0x00,0x00,0x70,0x00,0x00,0x00,0x00,0xE0,0x00,0x00,0x70,0x00,0x00,0x00,0x00,0xE0,0x00,0x00,0x70,0x00,0x00,0x00,0x00,0xE0,0x00,0x00,0x70,0x00,0x00,0x00,0x00,0xE0,0x00,0x00,0x70,0x00,0x00,0x00,0x00,0xE0,0x00,0x00,0x70,0x00,0x00,0x00,0x00,0xE0,0x00,0x00,0x70,0x00,0x00,0x00,0x00,0xE0,0x00,0x00,0x70,0x00,0x00,0x00,0x00,0xE0,0x00,0x00,0x70,0x00,0x00,0x00,0x00,0xE0,0x00,0x00,0x70,0x00,0x00,0x00,0x00,0xE0,0x00,0x00,0x70,0x00,0x00,0x00,0x00,0xE0,0x00,0x00,0x70,0x00,0x00,0x00,0x00,0xE0,0x00,0x00,0xF0,0xFF,0xFF,0xFF,0xFF,0xFF,0x00,0x00,0xF0,0xFF,0xFF,0xFF,0xFF,0xFF,0x00,0x00,0xF0,0xFF,0xFF,0xFF,0xFF,0xFF,	// 142
	0x00,0x00,0x00,0x00,0x00,0x00,0x00,0x00,0x00,0x00,0x00,0x00,0x00,0x00,0x00,0x00,0x00,0x00,0x00,0x00,0x00,0x00,0x00,0x00,0x00,0xF0,0xFF,0xFF,0xFF,0xFF,0xFF,0x00,0x00,0xF0,0xFF,0xFF,0xFF,0xFF,0xFF,0x00,0x00,0xF0,0xFF,0xFF,0xFF,0xFF,0xFF,0x00,0x00,0x70,0x00,0x00,0x00,0x00,0xE0,0x00,0x00,0x70,0x00,0x00,0x00,0x00,0xE0,0x00,0x00,0x70,0x00,0x00,0x00,0x00,0xE0,0x00,0x00,0x70,0x00,0x00,0x00,0x00,0xE0,0x00,0x00,0x70,0x00,0x00,0x00,0x00,0xE0,0x00,0x00,0x70,0x00,0x00,0x00,0x00,0xE0,0x00,0x00,0x70,0x00,0x00,0x00,0x00,0xE0,0x00,0x00,0x70,0x00,0x00,0x00,0x00,0xE0,0x00,0x00,0x70,0x00,0x00,0x00,0x00,0xE0,0x00,0x00,0x70,0x00,0x00,0x00,0x00,0xE0,0x00,0x00,0x70,0x00,0x00,0x00,0x00,0xE0,0x00,0x00,0x70,0x00,0x00,0x00,0x00,0xE0,0x00,0x00,0x70,0x00,0x00,0x00,0x00,0xE0,0x00,0x00,0x70,0x00,0x00,0x00,0x00,0xE0,0x00,0x00,0x70,0x00,0x00,0x00,0x00,0xE0,0x00,0x00,0x70,0x00,0x00,0x00,0x00,0xE0,0x00,0x00,0x70,0x00,0x00,0x00,0x00,0xE0,0x00,0x00,0x70,0x00,0x00,0x00,0x00,0xE0,0x00,0x00,0x70,0x00,0x00,0x00,0x00,0xE0,0x00,0x00,0xF0,0xFF,0xFF,0xFF,0xFF,0xFF,0x00,0x00,0xF0,0xFF,0xFF,0xFF,0xFF,0xFF,0x00,0x00,0xF0,0xFF,0xFF,0xFF,0xFF,0xFF,	// 143
	0x00,0x00,0x00,0x00,0x00,0x00,0x00,0x00,0x00,0x00,0x00,0x00,0x00,0x00,0x00,0x00,0x00,0x00,0x00,0x00,0x00,0x00,0x00,0x00,0x00,0xF0,0xFF,0xFF,0xFF,0xFF,0xFF,0x00,0x00,0xF0,0xFF,0xFF,0xFF,0xFF,0xFF,0x00,0x00,0xF0,0xFF,0xFF,0xFF,0xFF,0xFF,0x00,0x00,0x70,0x00,0x00,0x00,0x00,0xE0,0x00,0x00,0x70,0x00,0x00,0x00,0x00,0xE0,0x00,0x00,0x70,0x00,0x00,0x00,0x00,0xE0,0x00,0x00,0x70,0x00,0x00,0x00,0x00,0xE0,0x00,0x00,0x70,0x00,0x00,0x00,0x00,0xE0,0x00,0x00,0x70,0x00,0x00,0x00,0x00,0xE0,0x00,0x00,0x70,0x00,0x00,0x00,0x00,0xE0,0x00,0x00,0x70,0x00,0x00,0x00,0x00,0xE0,0x00,0x00,0x70,0x00,0x00,0x00,0x00,0xE0,0x00,0x00,0x70,0x00,0x00,0x00,0x00,0xE0,0x00,0x00,0x70,0x00,0x00,0x00,0x00,0xE0,0x00,0x00,0x70,0x00,0x00,0x00,0x00,0xE0,0x00,0x00,0x70,0x00,0x00,0x00,0x00,0xE0,0x00,0x00,0x70,0x00,0x00,0x00,0x00,0xE0,0x00,0x00,0x70,0x00,0x00,0x00,0x00,0xE0,0x00,0x00,0x70,0x00,0x00,0x00,0x00,0xE0,0x00,0x00,0x70,0x00,0x00,0x00,0x00,0xE0,0x00,0x00,0x70,0x00,0x00,0x00,0x00,0xE0,0x00,0x00,0x70,0x00,0x00,0x00,0x00,0xE0,0x00,0x00,0xF0,0xFF,0xFF,0xFF,0xFF,0xFF,0x00,0x00,0xF0,0xFF,0xFF,0xFF,0xFF,0xFF,0x00,0x00,0xF0,0xFF,0xFF,0xFF,0xFF,0xFF,	// 144
	0x00,0x00,0x00,0x00,0x00,0x00,0x00,0x00,0x00,0x00,0x00,0x00,0x00,0x00,0x00,0x00,0x00,0x00,0x00,0x00,0x00,0x00,0x00,0x00,0x00,0xF0,0xFF,0xFF,0xFF,0xFF,0xFF,0x00,0x00,0xF0,0xFF,0xFF,0xFF,0xFF,0xFF,0x00,0x00,0xF0,0xFF,0xFF,0xFF,0xFF,0xFF,0x00,0x00,0x70,0x00,0x00,0x00,0x00,0xE0,0x00,0x00,0x70,0x00,0x00,0x00,0x00,0xE0,0x00,0x00,0x70,0x00,0x00,0x00,0x00,0xE0,0x00,0x00,0x70,0x00,0x00,0x00,0x00,0xE0,0x00,0x00,0x70,0x00,0x00,0x00,0x00,0xE0,0x00,0x00,0x70,0x00,0x00,0x00,0x00,0xE0,0x00,0x00,0x70,0x00,0x00,0x00,0x00,0xE0,0x00,0x00,0x70,0x00,0x00,0x00,0x00,0xE0,0x00,0x00,0x70,0x00,0x00,0x00,0x00,0xE0,0x00,0x00,0x70,0x00,0x00,0x00,0x00,0xE0,0x00,0x00,0x70,0x00,0x00,0x00,0x00,0xE0,0x00,0x00,0x70,0x00,0x00,0x00,0x00,0xE0,0x00,0x00,0x70,0x00,0x00,0x00,0x00,0xE0,0x00,0x00,0x70,0x00,0x00,0x00,0x00,0xE0,0x00,0x00,0x70,0x00,0x00,0x00,0x00,0xE0,0x00,0x00,0x70,0x00,0x00,0x00,0x00,0xE0,0x00,0x00,0x70,0x00,0x00,0x00,0x00,0xE0,0x00,0x00,0x70,0x00,0x00,0x00,0x00,0xE0,0x00,0x00,0x70,0x00,0x00,0x00,0x00,0xE0,0x00,0x00,0xF0,0xFF,0xFF,0xFF,0xFF,0xFF,0x00,0x00,0xF0,0xFF,0xFF,0xFF,0xFF,0xFF,0x00,0x00,0xF0,0xFF,0xFF,0xFF,0xFF,0xFF,	// 145
	0x00,0x00,0x00,0x00,0x00,0x00,0x00,0x00,0x00,0x00,0x00,0x00,0x00,0x00,0x00,0x00,0x00,0x00,0x00,0x00,0x00,0x00,0x00,0x00,0x00,0xF0,0xFF,0xFF,0xFF,0xFF,0xFF,0x00,0x00,0xF0,0xFF,0xFF,0xFF,0xFF,0xFF,0x00,0x00,0xF0,0xFF,0xFF,0xFF,0xFF,0xFF,0x00,0x00,0x70,0x00,0x00,0x00,0x00,0xE0,0x00,0x00,0x70,0x00,0x00,0x00,0x00,0xE0,0x00,0x00,0x70,0x00,0x00,0x00,0x00,0xE0,0x00,0x00,0x70,0x00,0x00,0x00,0x00,0xE0,0x00,0x00,0x70,0x00,0x00,0x00,0x00,0xE0,0x00,0x00,0x70,0x00,0x00,0x00,0x00,0xE0,0x00,0x00,0x70,0x00,0x00,0x00,0x00,0xE0,0x00,0x00,0x70,0x00,0x00,0x00,0x00,0xE0,0x00,0x00,0x70,0x00,0x00,0x00,0x00,0xE0,0x00,0x00,0x70,0x00,0x00,0x00,0x00,0xE0,0x00,0x00,0x70,0x00,0x00,0x00,0x00,0xE0,0x00,0x00,0x70,0x00,0x00,0x00,0x00,0xE0,0x00,0x00,0x70,0x00,0x00,0x00,0x00,0xE0,0x00,0x00,0x70,0x00,0x00,0x00,0x00,0xE0,0x00,0x00,0x70,0x00,0x00,0x00,0x00,0xE0,0x00,0x00,0x70,0x00,0x00,0x00,0x00,0xE0,0x00,0x00,0x70,0x00,0x00,0x00,0x00,0xE0,0x00,0x00,0x70,0x00,0x00,0x00,0x00,0xE0,0x00,0x00,0x70,0x00,0x00,0x00,0x00,0xE0,0x00,0x00,0xF0,0xFF,0xFF,0xFF,0xFF,0xFF,0x00,0x00,0xF0,0xFF,0xFF,0xFF,0xFF,0xFF,0x00,0x00,0xF0,0xFF,0xFF,0xFF,0xFF,0xFF,	// 146
	0x00,0x00,0x00,0x00,0x00,0x00,0x00,0x00,0x00,0x00,0x00,0x00,0x00,0x00,0x00,0x00,0x00,0x00,0x00,0x00,0x00,0x00,0x00,0x00,0x00,0xF0,0xFF,0xFF,0xFF,0xFF,0xFF,0x00,0x00,0xF0,0xFF,0xFF,0xFF,0xFF,0xFF,0x00,0x00,0xF0,0xFF,0xFF,0xFF,0xFF,0xFF,0x00,0x00,0x70,0x00,0x00,0x00,0x00,0xE0,0x00,0x00,0x70,0x00,0x00,0x00,0x00,0xE0,0x00,0x00,0x70,0x00,0x00,0x00,0x00,0xE0,0x00,0x00,0x70,0x00,0x00,0x00,0x00,0xE0,0x00,0x00,0x70,0x00,0x00,0x00,0x00,0xE0,0x00,0x00,0x70,0x00,0x00,0x00,0x00,0xE0,0x00,0x00,0x70,0x00,0x00,0x00,0x00,0xE0,0x00,0x00,0x70,0x00,0x00,0x00,0x00,0xE0,0x00,0x00,0x70,0x00,0x00,0x00,0x00,0xE0,0x00,0x00,0x70,0x00,0x00,0x00,0x00,0xE0,0x00,0x00,0x70,0x00,0x00,0x00,0x00,0xE0,0x00,0x00,0x70,0x00,0x00,0x00,0x00,0xE0,0x00,0x00,0x70,0x00,0x00,0x00,0x00,0xE0,0x00,0x00,0x70,0x00,0x00,0x00,0x00,0xE0,0x00,0x00,0x70,0x00,0x00,0x00,0x00,0xE0,0x00,0x00,0x70,0x00,0x00,0x00,0x00,0xE0,0x00,0x00,0x70,0x00,0x00,0x00,0x00,0xE0,0x00,0x00,0x70,0x00,0x00,0x00,0x00,0xE0,0x00,0x00,0x70,0x00,0x00,0x00,0x00,0xE0,0x00,0x00,0xF0,0xFF,0xFF,0xFF,0xFF,0xFF,0x00,0x00,0xF0,0xFF,0xFF,0xFF,0xFF,0xFF,0x00,0x00,0xF0,0xFF,0xFF,0xFF,0xFF,0xFF,	// 147
	0x00,0x00,0x00,0x00,0x00,0x00,0x00,0x00,0x00,0x00,0x00,0x00,0x00,0x00,0x00,0x00,0x00,0x00,0x00,0x00,0x00,0x00,0x00,0x00,0x00,0xF0,0xFF,0xFF,0xFF,0xFF,0xFF,0x00,0x00,0xF0,0xFF,0xFF,0xFF,0xFF,0xFF,0x00,0x00,0xF0,0xFF,0xFF,0xFF,0xFF,0xFF,0x00,0x00,0x70,0x00,0x00,0x00,0x00,0xE0,0x00,0x00,0x70,0x00,0x00,0x00,0x00,0xE0,0x00,0x00,0x70,0x00,0x00,0x00,0x00,0xE0,0x00,0x00,0x70,0x00,0x00,0x00,0x00,0xE0,0x00,0x00,0x70,0x00,0x00,0x00,0x00,0xE0,0x00,0x00,0x70,0x00,0x00,0x00,0x00,0xE0,0x00,0x00,0x70,0x00,0x00,0x00,0x00,0xE0,0x00,0x00,0x70,0x00,0x00,0x00,0x00,0xE0,0x00,0x00,0x70,0x00,0x00,0x00,0x00,0xE0,0x00,0x00,0x70,0x00,0x00,0x00,0x00,0xE0,0x00,0x00,0x70,0x00,0x00,0x00,0x00,0xE0,0x00,0x00,0x70,0x00,0x00,0x00,0x00,0xE0,0x00,0x00,0x70,0x00,0x00,0x00,0x00,0xE0,0x00,0x00,0x70,0x00,0x00,0x00,0x00,0xE0,0x00,0x00,0x70,0x00,0x00,0x00,0x00,0xE0,0x00,0x00,0x70,0x00,0x00,0x00,0x00,0xE0,0x00,0x00,0x70,0x00,0x00,0x00,0x00,0xE0,0x00,0x00,0x70,0x00,0x00,0x00,0x00,0xE0,0x00,0x00,0x70,0x00,0x00,0x00,0x00,0xE0,0x00,0x00,0xF0,0xFF,0xFF,0xFF,0xFF,0xFF,0x00,0x00,0xF0,0xFF,0xFF,0xFF,0xFF,0xFF,0x00,0x00,0xF0,0xFF,0xFF,0xFF,0xFF,0xFF,	// 148
	0x00,0x00,0x00,0x00,0x00,0x00,0x00,0x00,0x00,0x00,0x00,0x00,0x00,0x00,0x00,0x00,0x00,0x00,0x00,0x00,0x00,0x00,0x00,0x00,0x00,0xF0,0xFF,0xFF,0xFF,0xFF,0xFF,0x00,0x00,0xF0,0xFF,0xFF,0xFF,0xFF,0xFF,0x00,0x00,0xF0,0xFF,0xFF,0xFF,0xFF,0xFF,0x00,0x00,0x70,0x00,0x00,0x00,0x00,0xE0,0x00,0x00,0x70,0x00,0x00,0x00,0x00,0xE0,0x00,0x00,0x70,0x00,0x00,0x00,0x00,0xE0,0x00,0x00,0x70,0x00,0x00,0x00,0x00,0xE0,0x00,0x00,0x70,0x00,0x00,0x00,0x00,0xE0,0x00,0x00,0x70,0x00,0x00,0x00,0x00,0xE0,0x00,0x00,0x70,0x00,0x00,0x00,0x00,0xE0,0x00,0x00,0x70,0x00,0x00,0x00,0x00,0xE0,0x00,0x00,0x70,0x00,0x00,0x00,0x00,0xE0,0x00,0x00,0x70,0x00,0x00,0x00,0x00,0xE0,0x00,0x00,0x70,0x00,0x00,0x00,0x00,0xE0,0x00,0x00,0x70,0x00,0x00,0x00,0x00,0xE0,0x00,0x00,0x70,0x00,0x00,0x00,0x00,0xE0,0x00,0x00,0x70,0x00,0x00,0x00,0x00,0xE0,0x00,0x00,0x70,0x00,0x00,0x00,0x00,0xE0,0x00,0x00,0x70,0x00,0x00,0x00,0x00,0xE0,0x00,0x00,0x70,0x00,0x00,0x00,0x00,0xE0,0x00,0x00,0x70,0x00,0x00,0x00,0x00,0xE0,0x00,0x00,0x70,0x00,0x00,0x00,0x00,0xE0,0x00,0x00,0xF0,0xFF,0xFF,0xFF,0xFF,0xFF,0x00,0x00,0xF0,0xFF,0xFF,0xFF,0xFF,0xFF,0x00,0x00,0xF0,0xFF,0xFF,0xFF,0xFF,0xFF,	// 149
	0x00,0x00,0x00,0x00,0x00,0x00,0x00,0x00,0x00,0x00,0x00,0x00,0x00,0x00,0x00,0x00,0x00,0x00,0x00,0x00,0x00,0x00,0x00,0x00,0x00,0xF0,0xFF,0xFF,0xFF,0xFF,0xFF,0x00,0x00,0xF0,0xFF,0xFF,0xFF,0xFF,0xFF,0x00,0x00,0xF0,0xFF,0xFF,0xFF,0xFF,0xFF,0x00,0x00,0x70,0x00,0x00,0x00,0x00,0xE0,0x00,0x00,0x70,0x00,0x00,0x00,0x00,0xE0,0x00,0x00,0x70,0x00,0x00,0x00,0x00,0xE0,0x00,0x00,0x70,0x00,0x00,0x00,0x00,0xE0,0x00,0x00,0x70,0x00,0x00,0x00,0x00,0xE0,0x00,0x00,0x70,0x00,0x00,0x00,0x00,0xE0,0x00,0x00,0x70,0x00,0x00,0x00,0x00,0xE0,0x00,0x00,0x70,0x00,0x00,0x00,0x00,0xE0,0x00,0x00,0x70,0x00,0x00,0x00,0x00,0xE0,0x00,0x00,0x70,0x00,0x00,0x00,0x00,0xE0,0x00,0x00,0x70,0x00,0x00,0x00,0x00,0xE0,0x00,0x00,0x70,0x00,0x00,0x00,0x00,0xE0,0x00,0x00,0x70,0x00,0x00,0x00,0x00,0xE0,0x00,0x00,0x70,0x00,0x00,0x00,0x00,0xE0,0x00,0x00,0x70,0x00,0x00,0x00,0x00,0xE0,0x00,0x00,0x70,0x00,0x00,0x00,0x00,0xE0,0x00,0x00,0x70,0x00,0x00,0x00,0x00,0xE0,0x00,0x00,0x70,0x00,0x00,0x00,0x00,0xE0,0x00,0x00,0x70,0x00,0x00,0x00,0x00,0xE0,0x00,0x00,0xF0,0xFF,0xFF,0xFF,0xFF,0xFF,0x00,0x00,0xF0,0xFF,0xFF,0xFF,0xFF,0xFF,0x00,0x00,0xF0,0xFF,0xFF,0xFF,0xFF,0xFF,	// 150
	0x00,0x00,0x00,0x00,0x00,0x00,0x00,0x00,0x00,0x00,0x00,0x00,0x00,0x00,0x00,0x00,0x00,0x00,0x00,0x00,0x00,0x00,0x00,0x00,0x00,0xF0,0xFF,0xFF,0xFF,0xFF,0xFF,0x00,0x00,0xF0,0xFF,0xFF,0xFF,0xFF,0xFF,0x00,0x00,0xF0,0xFF,0xFF,0xFF,0xFF,0xFF,0x00,0x00,0x70,0x00,0x00,0x00,0x00,0xE0,0x00,0x00,0x70,0x00,0x00,0x00,0x00,0xE0,0x00,0x00,0x70,0x00,0x00,0x00,0x00,0xE0,0x00,0x00,0x70,0x00,0x00,0x00,0x00,0xE0,0x00,0x00,0x70,0x00,0x00,0x00,0x00,0xE0,0x00,0x00,0x70,0x00,0x00,0x00,0x00,0xE0,0x00,0x00,0x70,0x00,0x00,0x00,0x00,0xE0,0x00,0x00,0x70,0x00,0x00,0x00,0x00,0xE0,0x00,0x00,0x70,0x00,0x00,0x00,0x00,0xE0,0x00,0x00,0x70,0x00,0x00,0x00,0x00,0xE0,0x00,0x00,0x70,0x00,0x00,0x00,0x00,0xE0,0x00,0x00,0x70,0x00,0x00,0x00,0x00,0xE0,0x00,0x00,0x70,0x00,0x00,0x00,0x00,0xE0,0x00,0x00,0x70,0x00,0x00,0x00,0x00,0xE0,0x00,0x00,0x70,0x00,0x00,0x00,0x00,0xE0,0x00,0x00,0x70,0x00,0x00,0x00,0x00,0xE0,0x00,0x00,0x70,0x00,0x00,0x00,0x00,0xE0,0x00,0x00,0x70,0x00,0x00,0x00,0x00,0xE0,0x00,0x00,0x70,0x00,0x00,0x00,0x00,0xE0,0x00,0x00,0xF0,0xFF,0xFF,0xFF,0xFF,0xFF,0x00,0x00,0xF0,0xFF,0xFF,0xFF,0xFF,0xFF,0x00,0x00,0xF0,0xFF,0xFF,0xFF,0xFF,0xFF,	// 151
	0x00,0x00,0x00,0x00,0x00,0x00,0x00,0x00,0x00,0x00,0x00,0x00,0x00,0x00,0x00,0x00,0x00,0x00,0x00,0x00,0x00,0x00,0x00,0x00,0x00,0xF0,0xFF,0xFF,0xFF,0xFF,0xFF,0x00,0x00,0xF0,0xFF,0xFF,0xFF,0xFF,0xFF,0x00,0x00,0xF0,0xFF,0xFF,0xFF,0xFF,0xFF,0x00,0x00,0x70,0x00,0x00,0x00,0x00,0xE0,0x00,0x00,0x70,0x00,0x00,0x00,0x00,0xE0,0x00,0x00,0x70,0x00,0x00,0x00,0x00,0xE0,0x00,0x00,0x70,0x00,0x00,0x00,0x00,0xE0,0x00,0x00,0x70,0x00,0x00,0x00,0x00,0xE0,0x00,0x00,0x70,0x00,0x00,0x00,0x00,0xE0,0x00,0x00,0x70,0x00,0x00,0x00,0x00,0xE0,0x00,0x00,0x70,0x00,0x00,0x00,0x00,0xE0,0x00,0x00,0x70,0x00,0x00,0x00,0x00,0xE0,0x00,0x00,0x70,0x00,0x00,0x00,0x00,0xE0,0x00,0x00,0x70,0x00,0x00,0x00,0x00,0xE0,0x00,0x00,0x70,0x00,0x00,0x00,0x00,0xE0,0x00,0x00,0x70,0x00,0x00,0x00,0x00,0xE0,0x00,0x00,0x70,0x00,0x00,0x00,0x00,0xE0,0x00,0x00,0x70,0x00,0x00,0x00,0x00,0xE0,0x00,0x00,0x70,0x00,0x00,0x00,0x00,0xE0,0x00,0x00,0x70,0x00,0x00,0x00,0x00,0xE0,0x00,0x00,0x70,0x00,0x00,0x00,0x00,0xE0,0x00,0x00,0x70,0x00,0x00,0x00,0x00,0xE0,0x00,0x00,0xF0,0xFF,0xFF,0xFF,0xFF,0xFF,0x00,0x00,0xF0,0xFF,0xFF,0xFF,0xFF,0xFF,0x00,0x00,0xF0,0xFF,0xFF,0xFF,0xFF,0xFF,	// 152
	0x00,0x00,0x00,0x00,0x00,0x00,0x00,0x00,0x00,0x00,0x00,0x00,0x00,0x00,0x00,0x00,0x00,0x00,0x00,0x00,0x00,0x00,0x00,0x00,0x00,0xF0,0xFF,0xFF,0xFF,0xFF,0xFF,0x00,0x00,0xF0,0xFF,0xFF,0xFF,0xFF,0xFF,0x00,0x00,0xF0,0xFF,0xFF,0xFF,0xFF,0xFF,0x00,0x00,0x70,0x00,0x00,0x00,0x00,0xE0,0x00,0x00,0x70,0x00,0x00,0x00,0x00,0xE0,0x00,0x00,0x70,0x00,0x00,0x00,0x00,0xE0,0x00,0x00,0x70,0x00,0x00,0x00,0x00,0xE0,0x00,0x00,0x70,0x00,0x00,0x00,0x00,0xE0,0x00,0x00,0x70,0x00,0x00,0x00,0x00,0xE0,0x00,0x00,0x70,0x00,0x00,0x00,0x00,0xE0,0x00,0x00,0x70,0x00,0x00,0x00,0x00,0xE0,0x00,0x00,0x70,0x00,0x00,0x00,0x00,0xE0,0x00,0x00,0x70,0x00,0x00,0x00,0x00,0xE0,0x00,0x00,0x70,0x00,0x00,0x00,0x00,0xE0,0x00,0x00,0x70,0x00,0x00,0x00,0x00,0xE0,0x00,0x00,0x70,0x00,0x00,0x00,0x00,0xE0,0x00,0x00,0x70,0x00,0x00,0x00,0x00,0xE0,0x00,0x00,0x70,0x00,0x00,0x00,0x00,0xE0,0x00,0x00,0x70,0x00,0x00,0x00,0x00,0xE0,0x00,0x00,0x70,0x00,0x00,0x00,0x00,0xE0,0x00,0x00,0x70,0x00,0x00,0x00,0x00,0xE0,0x00,0x00,0x70,0x00,0x00,0x00,0x00,0xE0,0x00,0x00,0xF0,0xFF,0xFF,0xFF,0xFF,0xFF,0x00,0x00,0xF0,0xFF,0xFF,0xFF,0xFF,0xFF,0x00,0x00,0xF0,0xFF,0xFF,0xFF,0xFF,0xFF,	// 153
	0x00,0x00,0x00,0x00,0x00,0x00,0x00,0x00,0x00,0x00,0x00,0x00,0x00,0x00,0x00,0x00,0x00,0x00,0x00,0x00,0x00,0x00,0x00,0x00,0x00,0xF0,0xFF,0xFF,0xFF,0xFF,0xFF,0x00,0x00,0xF0,0xFF,0xFF,0xFF,0xFF,0xFF,0x00,0x00,0xF0,0xFF,0xFF,0xFF,0xFF,0xFF,0x00,0x00,0x70,0x00,0x00,0x00,0x00,0xE0,0x00,0x00,0x70,0x00,0x00,0x00,0x00,0xE0,0x00,0x00,0x70,0x00,0x00,0x00,0x00,0xE0,0x00,0x00,0x70,0x00,0x00,0x00,0x00,0xE0,0x00,0x00,0x70,0x00,0x00,0x00,0x00,0xE0,0x00,0x00,0x70,0x00,0x00,0x00,0x00,0xE0,0x00,0x00,0x70,0x00,0x00,0x00,0x00,0xE0,0x00,0x00,0x70,0x00,0x00,0x00,0x00,0xE0,0x00,0x00,0x70,0x00,0x00,0x00,0x00,0xE0,0x00,0x00,0x70,0x00,0x00,0x00,0x00,0xE0,0x00,0x00,0x70,0x00,0x00,0x00,0x00,0xE0,0x00,0x00,0x70,0x00,0x00,0x00,0x00,0xE0,0x00,0x00,0x70,0x00,0x00,0x00,0x00,0xE0,0x00,0x00,0x70,0x00,0x00,0x00,0x00,0xE0,0x00,0x00,0x70,0x00,0x00,0x00,0x00,0xE0,0x00,0x00,0x70,0x00,0x00,0x00,0x00,0xE0,0x00,0x00,0x70,0x00,0x00,0x00,0x00,0xE0,0x00,0x00,0x70,0x00,0x00,0x00,0x00,0xE0,0x00,0x00,0x70,0x00,0x00,0x00,0x00,0xE0,0x00,0x00,0xF0,0xFF,0xFF,0xFF,0xFF,0xFF,0x00,0x00,0xF0,0xFF,0xFF,0xFF,0xFF,0xFF,0x00,0x00,0xF0,0xFF,0xFF,0xFF,0xFF,0xFF,	// 154
	0x00,0x00,0x00,0x00,0x00,0x00,0x00,0x00,0x00,0x00,0x00,0x00,0x00,0x00,0x00,0x00,0x00,0x00,0x00,0x00,0x00,0x00,0x00,0x00,0x00,0xF0,0xFF,0xFF,0xFF,0xFF,0xFF,0x00,0x00,0xF0,0xFF,0xFF,0xFF,0xFF,0xFF,0x00,0x00,0xF0,0xFF,0xFF,0xFF,0xFF,0xFF,0x00,0x00,0x70,0x00,0x00,0x00,0x00,0xE0,0x00,0x00,0x70,0x00,0x00,0x00,0x00,0xE0,0x00,0x00,0x70,0x00,0x00,0x00,0x00,0xE0,0x00,0x00,0x70,0x00,0x00,0x00,0x00,0xE0,0x00,0x00,0x70,0x00,0x00,0x00,0x00,0xE0,0x00,0x00,0x70,0x00,0x00,0x00,0x00,0xE0,0x00,0x00,0x70,0x00,0x00,0x00,0x00,0xE0,0x00,0x00,0x70,0x00,0x00,0x00,0x00,0xE0,0x00,0x00,0x70,0x00,0x00,0x00,0x00,0xE0,0x00,0x00,0x70,0x00,0x00,0x00,0x00,0xE0,0x00,0x00,0x70,0x00,0x00,0x00,0x00,0xE0,0x00,0x00,0x70,0x00,0x00,0x00,0x00,0xE0,0x00,0x00,0x70,0x00,0x00,0x00,0x00,0xE0,0x00,0x00,0x70,0x00,0x00,0x00,0x00,0xE0,0x00,0x00,0x70,0x00,0x00,0x00,0x00,0xE0,0x00,0x00,0x70,0x00,0x00,0x00,0x00,0xE0,0x00,0x00,0x70,0x00,0x00,0x00,0x00,0xE0,0x00,0x00,0x70,0x00,0x00,0x00,0x00,0xE0,0x00,0x00,0x70,0x00,0x00,0x00,0x00,0xE0,0x00,0x00,0xF0,0xFF,0xFF,0xFF,0xFF,0xFF,0x00,0x00,0xF0,0xFF,0xFF,0xFF,0xFF,0xFF,0x00,0x00,0xF0,0xFF,0xFF,0xFF,0xFF,0xFF,	// 155
	0x00,0x00,0x00,0x00,0x00,0x00,0x00,0x00,0x00,0x00,0x00,0x00,0x00,0x00,0x00,0x00,0x00,0x00,0x00,0x00,0x00,0x00,0x00,0x00,0x00,0xF0,0xFF,0xFF,0xFF,0xFF,0xFF,0x00,0x00,0xF0,0xFF,0xFF,0xFF,0xFF,0xFF,0x00,0x00,0xF0,0xFF,0xFF,0xFF,0xFF,0xFF,0x00,0x00,0x70,0x00,0x00,0x00,0x00,0xE0,0x00,0x00,0x70,0x00,0x00,0x00,0x00,0xE0,0x00,0x00,0x70,0x00,0x00,0x00,0x00,0xE0,0x00,0x00,0x70,0x00,0x00,0x00,0x00,0xE0,0x00,0x00,0x70,0x00,0x00,0x00,0x00,0xE0,0x00,0x00,0x70,0x00,0x00,0x00,0x00,0xE0,0x00,0x00,0x70,0x00,0x00,0x00,0x00,0xE0,0x00,0x00,0x70,0x00,0x00,0x00,0x00,0xE0,0x00,0x00,0x70,0x00,0x00,0x00,0x00,0xE0,0x00,0x00,0x70,0x00,0x00,0x00,0x00,0xE0,0x00,0x00,0x70,0x00,0x00,0x00,0x00,0xE0,0x00,0x00,0x70,0x00,0x00,0x00,0x00,0xE0,0x00,0x00,0x70,0x00,0x00,0x00,0x00,0xE0,0x00,0x00,0x70,0x00,0x00,0x00,0x00,0xE0,0x00,0x00,0x70,0x00,0x00,0x00,0x00,0xE0,0x00,0x00,0x70,0x00,0x00,0x00,0x00,0xE0,0x00,0x00,0x70,0x00,0x00,0x00,0x00,0xE0,0x00,0x00,0x70,0x00,0x00,0x00,0x00,0xE0,0x00,0x00,0x70,0x00,0x00,0x00,0x00,0xE0,0x00,0x00,0xF0,0xFF,0xFF,0xFF,0xFF,0xFF,0x00,0x00,0xF0,0xFF,0xFF,0xFF,0xFF,0xFF,0x00,0x00,0xF0,0xFF,0xFF,0xFF,0xFF,0xFF,	// 156
	0x00,0x00,0x00,0x00,0x00,0x00,0x00,0x00,0x00,0x00,0x00,0x00,0x00,0x00,0x00,0x00,0x00,0x00,0x00,0x00,0x00,0x00,0x00,0x00,0x00,0xF0,0xFF,0xFF,0xFF,0xFF,0xFF,0x00,0x00,0xF0,0xFF,0xFF,0xFF,0xFF,0xFF,0x00,0x00,0xF0,0xFF,0xFF,0xFF,0xFF,0xFF,0x00,0x00,0x70,0x00,0x00,0x00,0x00,0xE0,0x00,0x00,0x70,0x00,0x00,0x00,0x00,0xE0,0x00,0x00,0x70,0x00,0x00,0x00,0x00,0xE0,0x00,0x00,0x70,0x00,0x00,0x00,0x00,0xE0,0x00,0x00,0x70,0x00,0x00,0x00,0x00,0xE0,0x00,0x00,0x70,0x00,0x00,0x00,0x00,0xE0,0x00,0x00,0x70,0x00,0x00,0x00,0x00,0xE0,0x00,0x00,0x70,0x00,0x00,0x00,0x00,0xE0,0x00,0x00,0x70,0x00,0x00,0x00,0x00,0xE0,0x00,0x00,0x70,0x00,0x00,0x00,0x00,0xE0,0x00,0x00,0x70,0x00,0x00,0x00,0x00,0xE0,0x00,0x00,0x70,0x00,0x00,0x00,0x00,0xE0,0x00,0x00,0x70,0x00,0x00,0x00,0x00,0xE0,0x00,0x00,0x70,0x00,0x00,0x00,0x00,0xE0,0x00,0x00,0x70,0x00,0x00,0x00,0x00,0xE0,0x00,0x00,0x70,0x00,0x00,0x00,0x00,0xE0,0x00,0x00,0x70,0x00,0x00,0x00,0x00,0xE0,0x00,0x00,0x70,0x00,0x00,0x00,0x00,0xE0,0x00,0x00,0x70,0x00,0x00,0x00,0x00,0xE0,0x00,0x00,0xF0,0xFF,0xFF,0xFF,0xFF,0xFF,0x00,0x00,0xF0,0xFF,0xFF,0xFF,0xFF,0xFF,0x00,0x00,0xF0,0xFF,0xFF,0xFF,0xFF,0xFF,	// 157
	0x00,0x00,0x00,0x00,0x00,0x00,0x00,0x00,0x00,0x00,0x00,0x00,0x00,0x00,0x00,0x00,0x00,0x00,0x00,0x00,0x00,0x00,0x00,0x00,0x00,0xF0,0xFF,0xFF,0xFF,0xFF,0xFF,0x00,0x00,0xF0,0xFF,0xFF,0xFF,0xFF,0xFF,0x00,0x00,0xF0,0xFF,0xFF,0xFF,0xFF,0xFF,0x00,0x00,0x70,0x00,0x00,0x00,0x00,0xE0,0x00,0x00,0x70,0x00,0x00,0x00,0x00,0xE0,0x00,0x00,0x70,0x00,0x00,0x00,0x00,0xE0,0x00,0x00,0x70,0x00,0x00,0x00,0x00,0xE0,0x00,0x00,0x70,0x00,0x00,0x00,0x00,0xE0,0x00,0x00,0x70,0x00,0x00,0x00,0x00,0xE0,0x00,0x00,0x70,0x00,0x00,0x00,0x00,0xE0,0x00,0x00,0x70,0x00,0x00,0x00,0x00,0xE0,0x00,0x00,0x70,0x00,0x00,0x00,0x00,0xE0,0x00,0x00,0x70,0x00,0x00,0x00,0x00,0xE0,0x00,0x00,0x70,0x00,0x00,0x00,0x00,0xE0,0x00,0x00,0x70,0x00,0x00,0x00,0x00,0xE0,0x00,0x00,0x70,0x00,0x00,0x00,0x00,0xE0,0x00,0x00,0x70,0x00,0x00,0x00,0x00,0xE0,0x00,0x00,0x70,0x00,0x00,0x00,0x00,0xE0,0x00,0x00,0x70,0x00,0x00,0x00,0x00,0xE0,0x00,0x00,0x70,0x00,0x00,0x00,0x00,0xE0,0x00,0x00,0x70,0x00,0x00,0x00,0x00,0xE0,0x00,0x00,0x70,0x00,0x00,0x00,0x00,0xE0,0x00,0x00,0xF0,0xFF,0xFF,0xFF,0xFF,0xFF,0x00,0x00,0xF0,0xFF,0xFF,0xFF,0xFF,0xFF,0x00,0x00,0xF0,0xFF,0xFF,0xFF,0xFF,0xFF,	// 158
	0x00,0x00,0x00,0x00,0x00,0x00,0x00,0x00,0x00,0x00,0x00,0x00,0x00,0x00,0x00,0x00,0x00,0x00,0x00,0x00,0x00,0x00,0x00,0x00,0x00,0xF0,0xFF,0xFF,0xFF,0xFF,0xFF,0x00,0x00,0xF0,0xFF,0xFF,0xFF,0xFF,0xFF,0x00,0x00,0xF0,0xFF,0xFF,0xFF,0xFF,0xFF,0x00,0x00,0x70,0x00,0x00,0x00,0x00,0xE0,0x00,0x00,0x70,0x00,0x00,0x00,0x00,0xE0,0x00,0x00,0x70,0x00,0x00,0x00,0x00,0xE0,0x00,0x00,0x70,0x00,0x00,0x00,0x00,0xE0,0x00,0x00,0x70,0x00,0x00,0x00,0x00,0xE0,0x00,0x00,0x70,0x00,0x00,0x00,0x00,0xE0,0x00,0x00,0x70,0x00,0x00,0x00,0x00,0xE0,0x00,0x00,0x70,0x00,0x00,0x00,0x00,0xE0,0x00,0x00,0x70,0x00,0x00,0x00,0x00,0xE0,0x00,0x00,0x70,0x00,0x00,0x00,0x00,0xE0,0x00,0x00,0x70,0x00,0x00,0x00,0x00,0xE0,0x00,0x00,0x70,0x00,0x00,0x00,0x00,0xE0,0x00,0x00,0x70,0x00,0x00,0x00,0x00,0xE0,0x00,0x00,0x70,0x00,0x00,0x00,0x00,0xE0,0x00,0x00,0x70,0x00,0x00,0x00,0x00,0xE0,0x00,0x00,0x70,0x00,0x00,0x00,0x00,0xE0,0x00,0x00,0x70,0x00,0x00,0x00,0x00,0xE0,0x00,0x00,0x70,0x00,0x00,0x00,0x00,0xE0,0x00,0x00,0x70,0x00,0x00,0x00,0x00,0xE0,0x00,0x00,0xF0,0xFF,0xFF,0xFF,0xFF,0xFF,0x00,0x00,0xF0,0xFF,0xFF,0xFF,0xFF,0xFF,0x00,0x00,0xF0,0xFF,0xFF,0xFF,0xFF,0xFF,	// 159
	0x00,0x00,0x00,0x00,0x00,0x00,0x00,0x00,0x00,0x00,0x00,0x00,0x00,0x00,0x00,0x00,0x00,0x00,0x00,0x00,0x00,0x00,0x00,0x00,0x00,0x00,0x00,0x00,0x00,0x00,0x00,0x00,0x00,0x00,0x00,0x00,0x00,0x00,0x00,0x00,0x00,0x00,0x00,0x00,0x00,0x00,0x00,0x00,0x00,0x00,0x00,0x00,0x00,0x00,0x00,0x00,0x00,0x00,0x00,0x00,0x00,0x00,0x00,0x00,0x00,0x00,0x00,0x00,0x00,0x00,0x00,0x00,0x00,0x00,0x00,0x00,0x00,0x00,0x00,0x00,0x00,0x00,0x00,0x00,0x00,0x00,0x00,0x00,0x00,0x00,0x00,0x00,0x00,0x00,0x00,0x00,0x00,0x00,0x00,0x00,0x00,0x00,0x00,0x00,0x00,0x00,0xF0,0x03,0xFF,0xFF,0xFF,0x00,0x00,0x00,0xF0,0x03,0xFF,0xFF,0xFF,0x00,0x00,0x00,0xF0,0x03,0xFF,0xFF,0xFF,0x00,0x00,0x00,0xF0,0x03,0xFF,0xFF,0xFF,0x00,0x00,0x00,0xF0,0x03,0xFF,0xFF,0xFF,	// 161
	0x00,0x00,0x00,0x00,0x00,0x00,0x00,0x00,0x00,0x00,0x00,0x00,0x00,0x00,0x00,0x00,0x00,0x00,0x00,0x00,0x00,0x00,0x00,0x00,0x00,0x00,0x00,0x00,0x00,0x00,0x00,0x00,0x00,0x00,0x00,0x00,0x00,0x00,0x00,0x00,0x00,0x00,0x00,0xE0,0x3F,0x00,0x00,0x00,0x00,0x00,0x00,0xFC,0xFF,0x01,0x00,0x00,0x00,0x00,0x00,0xFE,0xFF,0x03,0x00,0x00,0x00,0x00,0x80,0xFF,0xFF,0x0F,0x00,0x00,0x00,0x00,0xC0,0xFF,0xFF,0x1F,0x00,0x00,0x00,0x00,0xC0,0x3F,0xE0,0x1F,0x00,0x00,0x00,0x00,0xE0,0x07,0x00,0x3F,0x00,0x00,0x00,0x00,0xF0,0x03,0x00,0x7E,0x00,0x00,0x00,0x00,0xF0,0x01,0x00,0x7C,0x00,0x00,0x00,0x00,0xF0,0x00,0x00,0x78,0x00,0x00,0x00,0x00,0xF8,0x00,0x00,0xF8,0x00,0x00,0x00,0x00,0x78,0x00,0x00,0xF0,0x00,0x00,0x00,0x00,0x78,0x00,0x00,0xF0,0x00,0x00,0x00,0xF0,0xFF,0xFF,0xFF,0xFF,0x7F,0x00,0x00,0xF0,0xFF,0xFF,0xFF,0xFF,0x7F,0x00,0x00,0x00,0x78,0x00,0x00,0xF0,0x00,0x00,0x00,0x00,0x78,0x00,0x00,0xF0,0x00,0x00,0x00,0x00,0x78,0x00,0x00,0xF0,0x00,0x00,0x00,0x00,0xF0,0x00,0x00,0x78,0x00,0x00,0x00,0x00,0xF0,0x00,0x00,0x78,0x00,0x00,0x00,0x00,0xE0,0x01,0x00,0x3C,	// 162
	0x00,0x00,0x00,0x00,0x00,0x00,0x00,0x00,0x00,0x00,0x00,0x00,0x00,0x00,0x00,0x00,0x00,0x00,0x00,0x00,0x00,0x00,0x00,0x00,0x00,0x00,0x00,0x00,0x00,0x78,0x00,0x00,0x00,0x00,0x00,0xF0,0x00,0x78,0x00,0x00,0x00,0x00,0x00,0xF0,0x00,0x78,0x00,0x00,0x00,0x00,0x00,0xF0,0x00,0x78,0x00,0x00,0x00,0x00,0x00,0xF0,0x00,0x78,0x00,0x00,0x00,0x00,0x00,0xF0,0x00,0x78,0x00,0x00,0x00,0x00,0xFE,0xFF,0xFF,0x7F,0x00,0x00,0x00,0x80,0xFF,0xFF,0xFF,0x7F,0x00,0x00,0x00,0xE0,0xFF,0xFF,0xFF,0x7F,0x00,0x00,0x00,0xF0,0xFF,0xFF,0xFF,0x7F,0x00,0x00,0x00,0xF0,0xFF,0xFF,0xFF,0x7F,0x00,0x00,0x00,0xF8,0x03,0xF0,0x00,0x78,0x00,0x00,0x00,0xF8,0x00,0xF0,0x00,0x78,0x00,0x00,0x00,0x7C,0x00,0xF0,0x00,0x78,0x00,0x00,0x00,0x7C,0x00,0xF0,0x00,0x78,0x00,0x00,0x00,0x3C,0x00,0xF0,0x00,0x78,0x00,0x00,0x00,0x3C,0x00,0xF0,0x00,0x78,0x00,0x00,0x00,0x3C,0x00,0xF0,0x00,0x78,0x00,0x00,0x00,0x3C,0x00,0xF0,0x00,0x78,0x00,0x00,0x00,0x3C,0x00,0xF0,0x00,0x78,0x00,0x00,0x00,0x3C,0x00,0x00,0x00,0x78,0x00,0x00,0x00,0x3C,0x00,0x00,0x00,0x78,0x00,0x00,0x00,0x78,0x00,0x00,0x00,0x78,0x00,0x00,0x00,0x78,0x00,0x00,0x00,0x78,	// 163
	0x00,0x00,0x00,0x00,0x00,0x00,0x00,0x00,0x00,0x00,0x00,0x00,0x00,0x00,0x00,0x00,0x00,0x00,0x00,0x00,0x00,0x00,0x00,0x00,0x00,0x00,0x00,0x00,0x00,0x00,0x00,0x00,0x00,0x00,0x00,0x00,0x00,0x00,0x00,0x00,0x00,0x00,0x40,0x00,0x00,0x01,0x00,0x00,0x00,0x00,0xE0,0x00,0x80,0x03,0x00,0x00,0x00,0x00,0xF0,0x01,0xC0,0x07,0x00,0x00,0x00,0x00,0xE0,0xE3,0xE3,0x03,0x00,0x00,0x00,0x00,0xC0,0xFF,0xFF,0x01,0x00,0x00,0x00,0x00,0x80,0xFF,0xFF,0x00,0x00,0x00,0x00,0x00,0x00,0x1F,0x7C,0x00,0x00,0x00,0x00,0x00,0x00,0x0F,0x78,0x00,0x00,0x00,0x00,0x00,0x00,0x07,0xF0,0x00,0x00,0x00,0x00,0x00,0x80,0x03,0xE0,0x00,0x00,0x00,0x00,0x00,0x80,0x03,0xE0,0x00,0x00,0x00,0x00,0x00,0x80,0x03,0xE0,0x00,0x00,0x00,0x00,0x00,0x80,0x03,0xE0,0x00,0x00,0x00,0x00,0x00,0x80,0x03,0xE0,0x00,0x00,0x00,0x00,0x00,0x00,0x07,0x70,0x00,0x00,0x00,0x00,0x00,0x00,0x0F,0x78,0x00,0x00,0x00,0x00,0x00,0x00,0x1F,0x7C,0x00,0x00,0x00,0x00,0x00,0x80,0xFF,0xFF,0x00,0x00,0x00,0x00,0x00,0xC0,0xFF,0xFF,0x01,0x00,0x00,0x00,0x00,0xE0,0xE3,0xE3,0x03,0x00,0x00,0x00,0x00,0xF0,0x01,0xC0,0x07,0x00,0x00,0x00,0x00,0xE0,0x00,0x80,0x03,0x00,0x00,0x00,0x00,0x40,0x00,0x00,0x01,	// 164
	0x00,0x00,0x00,0x00,0x00,0x00,0x00,0x00,0x00,0x08,0x00,0x00,0x00,0x00,0x00,0x00,0x00,0x18,0x00,0x00,0x00,0x00,0x00,0x00,0x00,0x78,0x00,0x07,0x07,0x00,0x00,0x00,0x00,0xF8,0x01,0x07,0x07,0x00,0x00,0x00,0x00,0xF8,0x03,0x07,0x07,0x00,0x00,0x00,0x00,0xF8,0x0F,0x07,0x07,0x00,0x00,0x00,0x00,0xF0,0x1F,0x07,0x07,0x00,0x00,0x00,0x00,0xC0,0x7F,0x07,0x07,0x00,0x00,0x00,0x00,0x80,0xFF,0x07,0x07,0x00,0x00,0x00,0x00,0x00,0xFE,0x07,0x07,0x00,0x00,0x00,0x00,0x00,0xF8,0x0F,0x07,0x00,0x00,0x00,0x00,0x00,0xF0,0x3F,0x07,0x00,0x00,0x00,0x00,0x00,0xC0,0xFF,0xFF,0x7F,0x00,0x00,0x00,0x00,0x00,0xFF,0xFF,0x7F,0x00,0x00,0x00,0x00,0x00,0xFE,0xFF,0x7F,0x00,0x00,0x00,0x00,0x00,0xFF,0xFF,0x7F,0x00,0x00,0x00,0x00,0xC0,0xFF,0xFF,0x7F,0x00,0x00,0x00,0x00,0xF0,0x3F,0x07,0x00,0x00,0x00,0x00,0x00,0xF8,0x0F,0x07,0x00,0x00,0x00,0x00,0x00,0xFE,0x07,0x07,0x00,0x00,0x00,0x00,0x80,0xFF,0x07,0x07,0x00,0x00,0x00,0x00,0xC0,0x7F,0x07,0x07,0x00,0x00,0x00,0x00,0xF0,0x1F,0x07,0x07,0x00,0x00,0x00,0x00,0xF8,0x0F,0x07,0x07,0x00,0x00,0x00,0x00,0xF8,0x03,0x07,0x07,0x00,0x00,0x00,0x00,0xF8,0x01,0x07,0x07,0x00,0x00,0x00,0x00,0x78,0x00,0x07,0x07,0x00,0x00,0x00,0x00,0x18,0x00,0x00,0x00,0x00,0x00,0x00,0x00,0x08,	// 165
	0x00,0x00,0x00,0x00,0x00,0x00,0x00,0x00,0x00,0x00,0x00,0x00,0x00,0x00,0x00,0x00,0x00,0x00,0x00,0x00,0x00,0x00,0x00,0x00,0x00,0x00,0x00,0x00,0x00,0x00,0x00,0x00,0x00,0x00,0x00,0x00,0x00,0x00,0x00,0x00,0x00,0x00,0x00,0x00,0x00,0x00,0x00,0x00,0x00,0x00,0x00,0x00,0x00,0x00,0x00,0x00,0x00,0x00,0x00,0x00,0x00,0x00,0x00,0x00,0x00,0x00,0x00,0x00,0x00,0x00,0x00,0x00,0x00,0x00,0x00,0x00,0x00,0x00,0x00,0x00,0x00,0x00,0x00,0x00,0x00,0x00,0x00,0x00,0x00,0x00,0x00,0x00,0x00,0x00,0x00,0x00,0x00,0x00,0x00,0x00,0x00,0x00,0x00,0x00,0x00,0xF0,0xFF,0x7F,0xC0,0xFF,0xFF,0x01,0x00,0xF0,0xFF,0x7F,0xC0,0xFF,0xFF,0x01,0x00,0xF0,0xFF,0x7F,0xC0,0xFF,0xFF,0x01,0x00,0xF0,0xFF,0x7F,0xC0,0xFF,0xFF,0x01,	// 166
	0x00,0x00,0x00,0x00,0x00,0x00,0x00,0x00,0x00,0x00,0x00,0x00,0x00,0x00,0x00,0x00,0x00,0x00,0x00,0x00,0x00,0x00,0x00,0x00,0x00,0x00,0x00,0x00,0x00,0x00,0x00,0x00,0x00,0x00,0x00,0x00,0x00,0x00,0x00,0x00,0x00,0x00,0x00,0xF8,0x00,0x00,0x00,0x00,0x00,0x00,0x00,0xFE,0x03,0x00,0x00,0x00,0x00,0xC0,0x07,0xFF,0x07,0x80,0x07,0x00,0x00,0xE0,0x9F,0xFF,0x0F,0x80,0x07,0x00,0x00,0xF0,0xBF,0xFF,0x0F,0x00,0x0F,0x00,0x00,0xF8,0xFF,0x87,0x1F,0x00,0x0F,0x00,0x00,0xF8,0xFF,0x01,0x3E,0x00,0x0F,0x00,0x00,0xFC,0xF8,0x00,0x3C,0x00,0x0F,0x00,0x00,0x7C,0xF0,0x01,0x7C,0x00,0x0F,0x00,0x00,0x3C,0xE0,0x03,0xF8,0x00,0x0F,0x00,0x00,0x3C,0xC0,0x03,0xF0,0x00,0x0F,0x00,0x00,0x3C,0x80,0x07,0xE0,0x81,0x0F,0x00,0x00,0x3C,0x80,0x0F,0xE0,0xC7,0x0F,0x00,0x00,0x3C,0x00,0x1F,0xF0,0xFF,0x07,0x00,0x00,0x3C,0x00,0x7F,0xF8,0xFF,0x07,0x00,0x00,0x3C,0x00,0xFE,0x7F,0xFF,0x03,0x00,0x00,0x78,0x00,0xFC,0x3F,0xFE,0x01,0x00,0x00,0x78,0x00,0xF8,0x1F,0x7C,0x00,0x00,0x00,0x00,0x00,0xF0,0x0F,0x00,0x00,0x00,0x00,0x00,0x00,0xE0,0x07,	// 167
	0x00,0x00,0x00,0x00,0x00,0x00,0x00,0x00,0x00,0x00,0x00,0x00,0x00,0x00,0x00,0x00,0x00,0x00,0x00,0x00,0x00,0x00,0x00,0x00,0x00,0x00,0x00,0x00,0x00,0x00,0x00,0x00,0x00,0x00,0x00,0x00,0x00,0x00,0x00,0x00,0x00,0x00,0x00,0x00,0x00,0x00,0x00,0x00,0x00,0x00,0x00,0x00,0x00,0x00,0x00,0x00,0x00,0x00,0x00,0x00,0x00,0x00,0x00,0x00,0x00,0x3E,0x00,0x00,0x00,0x00,0x00,0x00,0x00,0x3E,0x00,0x00,0x00,0x00,0x00,0x00,0x00,0x3E,0x00,0x00,0x00,0x00,0x00,0x00,0x00,0x3E,0x00,0x00,0x00,0x00,0x00,0x00,0x00,0x3E,0x00,0x00,0x00,0x00,0x00,0x00,0x00,0x00,0x00,0x00,0x00,0x00,0x00,0x00,0x00,0x00,0x00,0x00,0x00,0x00,0x00,0x00,0x00,0x00,0x00,0x00,0x00,0x00,0x00,0x00,0x00,0x00,0x00,0x00,0x00,0x00,0x00,0x00,0x00,0x00,0x00,0x00,0x00,0x00,0x00,0x00,0x00,0x3E,0x00,0x00,0x00,0x00,0x00,0x00,0x00,0x3E,0x00,0x00,0x00,0x00,0x00,0x00,0x00,0x3E,0x00,0x00,0x00,0x00,0x00,0x00,0x00,0x3E,0x00,0x00,0x00,0x00,0x00,0x00,0x00,0x3E,	// 168
	0x00,0x00,0x00,0xFE,0x01,0x00,0x00,0x00,0x00,0x00,0xC0,0xFF,0x0F,0x00,0x00,0x00,0x00,0x00,0xE0,0x01,0x1E,0x00,0x00,0x00,0x00,0x00,0x78,0x00,0x78,0x00,0x00,0x00,0x00,0x00,0x1C,0x00,0xE0,0x00,0x00,0x00,0x00,0x00,0x0E,0x00,0xC0,0x01,0x00,0x00,0x00,0x00,0x06,0xFE,0x81,0x01,0x00,0x00,0x00,0x00,0x83,0xFF,0x07,0x03,0x00,0x00,0x00,0x80,0xC3,0xFF,0x0F,0x07,0x00,0x00,0x00,0x80,0xE1,0x01,0x1E,0x06,0x00,0x00,0x00,0x80,0x71,0x00,0x38,0x06,0x00,0x00,0x00,0xC0,0x30,0x00,0x30,0x0C,0x00,0x00,0x00,0xC0,0x38,0x00,0x70,0x0C,0x00,0x00,0x00,0xC0,0x18,0x00,0x60,0x0C,0x00,0x00,0x00,0xC0,0x18,0x00,0x60,0x0C,0x00,0x00,0x00,0xC0,0x18,0x00,0x60,0x0C,0x00,0x00,0x00,0xC0,0x18,0x00,0x60,0x0C,0x00,0x00,0x00,0xC0,0x18,0x00,0x60,0x0C,0x00,0x00,0x00,0xC0,0x18,0x00,0x60,0x0C,0x00,0x00,0x00,0x80,0x31,0x00,0x60,0x06,0x00,0x00,0x00,0x80,0x31,0x00,0x30,0x06,0x00,0x00,0x00,0x80,0x03,0x00,0x00,0x07,0x00,0x00,0x00,0x00,0x03,0x00,0x00,0x03,0x00,0x00,0x00,0x00,0x06,0x00,0x80,0x01,0x00,0x00,0x00,0x00,0x0E,0x00,0xC0,0x01,0x00,0x00,0x00,0x00,0x1C,0x00,0xE0,0x00,0x00,0x00,0x00,0x00,0x78,0x00,0x78,0x00,0x00,0x00,0x00,0x00,0xE0,0x01,0x1E,0x00,0x00,0x00,0x00,0x00,0xC0,0xFF,0x0F,0x00,0x00,0x00,0x00,0x00,0x00,0xFE,0x01,	// 169
	0x00,0x00,0x00,0x00,0x00,0x00,0x00,0x00,0x00,0x00,0x00,0x00,0x00,0x00,0x00,0x00,0x00,0x00,0x00,0x00,0x00,0x00,0x00,0x00,0x00,0x00,0x00,0x00,0x00,0x00,0x00,0x00,0x00,0x00,0x00,0x00,0x00,0x00,0x00,0x00,0x00,0x00,0x00,0x00,0x00,0x00,0x00,0x00,0x00,0x00,0xE0,0x03,0x00,0x00,0x00,0x00,0x00,0x00,0xF0,0x0F,0x0E,0x00,0x00,0x00,0x00,0x70,0xF8,0x1F,0x0E,0x00,0x00,0x00,0x00,0x38,0xFC,0x1F,0x0E,0x00,0x00,0x00,0x00,0x38,0x3C,0x3E,0x0E,0x00,0x00,0x00,0x00,0x1C,0x1E,0x3C,0x0E,0x00,0x00,0x00,0x00,0x1C,0x0E,0x38,0x0E,0x00,0x00,0x00,0x00,0x1C,0x0E,0x38,0x0E,0x00,0x00,0x00,0x00,0x1C,0x0E,0x38,0x0E,0x00,0x00,0x00,0x00,0x1C,0x0E,0x38,0x0E,0x00,0x00,0x00,0x00,0x1C,0x0E,0x18,0x0E,0x00,0x00,0x00,0x00,0x3C,0x0E,0x1C,0x0E,0x00,0x00,0x00,0x00,0x3C,0x0E,0x0E,0x0E,0x00,0x00,0x00,0x00,0x78,0x8E,0x07,0x0E,0x00,0x00,0x00,0x00,0xF8,0xFF,0x3F,0x0E,0x00,0x00,0x00,0x00,0xF0,0xFF,0x3F,0x0E,0x00,0x00,0x00,0x00,0xE0,0xFF,0x3F,0x0E,0x00,0x00,0x00,0x00,0x80,0xFF,0x3F,0x0E,	// 170
	0x00,0x00,0x00,0x00,0x00,0x00,0x00,0x00,0x00,0x00,0x00,0x00,0x00,0x00,0x00,0x00,0x00,0x00,0x00,0x00,0x00,0x00,0x00,0x00,0x00,0x00,0x00,0x80,0x01,0x00,0x00,0x00,0x00,0x00,0x00,0xC0,0x03,0x00,0x00,0x00,0x00,0x00,0x00,0xE0,0x07,0x00,0x00,0x00,0x00,0x00,0x00,0xF0,0x0F,0x00,0x00,0x00,0x00,0x00,0x00,0xF8,0x1F,0x00,0x00,0x00,0x00,0x00,0x00,0x7C,0x3E,0x00,0x00,0x00,0x00,0x00,0x00,0x3E,0x7C,0x00,0x00,0x00,0x00,0x00,0x00,0x1F,0xF8,0x00,0x00,0x00,0x00,0x00,0x80,0x0F,0xF0,0x01,0x00,0x00,0x00,0x00,0xC0,0x07,0xE0,0x03,0x00,0x00,0x00,0x00,0xE0,0x03,0xC0,0x07,0x00,0x00,0x00,0x00,0x00,0x80,0x01,0x00,0x00,0x00,0x00,0x00,0x00,0xC0,0x03,0x00,0x00,0x00,0x00,0x00,0x00,0xE0,0x07,0x00,0x00,0x00,0x00,0x00,0x00,0xF0,0x0F,0x00,0x00,0x00,0x00,0x00,0x00,0x78,0x1E,0x00,0x00,0x00,0x00,0x00,0x00,0x3C,0x3C,0x00,0x00,0x00,0x00,0x00,0x00,0x3E,0x7C,0x00,0x00,0x00,0x00,0x00,0x00,0x1F,0xF8,0x00,0x00,0x00,0x00,0x00,0x80,0x0F,0xF0,0x01,0x00,0x00,0x00,0x00,0xC0,0x07,0xE0,0x03,0x00,0x00,0x00,0x00,0xE0,0x03,0xC0,0x07,	// 171
	0x00,0x00,0x00,0x00,0x00,0x00,0x00,0x00,0x00,0x00,0x00,0x00,0x00,0x00,0x00,0x00,0x00,0x00,0x00,0x3C,0x00,0x00,0x00,0x00,0x00,0x00,0x00,0x3C,0x00,0x00,0x00,0x00,0x00,0x00,0x00,0x3C,0x00,0x00,0x00,0x00,0x00,0x00,0x00,0x3C,0x00,0x00,0x00,0x00,0x00,0x00,0x00,0x3C,0x00,0x00,0x00,0x00,0x00,0x00,0x00,0x3C,0x00,0x00,0x00,0x00,0x00,0x00,0x00,0x3C,0x00,0x00,0x00,0x00,0x00,0x00,0x00,0x3C,0x00,0x00,0x00,0x00,0x00,0x00,0x00,0x3C,0x00,0x00,0x00,0x00,0x00,0x00,0x00,0x3C,0x00,0x00,0x00,0x00,0x00,0x00,0x00,0x3C,0x00,0x00,0x00,0x00,0x00,0x00,0x00,0x3C,0x00,0x00,0x00,0x00,0x00,0x00,0x00,0x3C,0x00,0x00,0x00,0x00,0x00,0x00,0x00,0x3C,0x00,0x00,0x00,0x00,0x00,0x00,0x00,0x3C,0x00,0x00,0x00,0x00,0x00,0x00,0x00,0x3C,0x00,0x00,0x00,0x00,0x00,0x00,0x00,0x3C,0x00,0x00,0x00,0x00,0x00,0x00,0x00,0x3C,0x00,0x00,0x00,0x00,0x00,0x00,0x00,0x3C,0x00,0x00,0x00,0x00,0x00,0x00,0x00,0x3C,0x00,0x00,0x00,0x00,0x00,0x00,0x00,0x3C,0x00,0x00,0x00,0x00,0x00,0x00,0x00,0x3C,0x00,0x00,0x00,0x00,0x00,0x00,0x00,0xFC,0x3F,0x00,0x00,0x00,0x00,0x00,0x00,0xFC,0x3F,0x00,0x00,0x00,0x00,0x00,0x00,0xFC,0x3F,0x00,0x00,0x00,0x00,0x00,0x00,0xFC,0x3F,	// 172
	0x00,0x00,0x00,0x00,0x00,0x00,0x00,0x00,0x00,0x00,0x00,0x00,0x00,0x00,0x00,0x00,0x00,0x00,0x00,0x00,0x00,0x00,0x00,0x00,0x00,0x00,0x00,0x00,0x00,0x00,0x00,0x00,0x00,0x00,0x00,0x00,0x00,0x00,0x00,0x00,0x00,0x00,0x00,0x00,0x00,0x00,0x00,0x00,0x00,0x00,0x00,0x00,0x00,0x00,0x00,0x00,0x00,0x00,0x00,0x00,0x00,0x00,0x00,0x00,0x00,0x00,0x00,0x00,0x00,0x00,0x00,0x00,0x00,0x00,0x00,0x80,0x07,0x00,0x00,0x00,0x00,0x00,0x00,0x80,0x07,0x00,0x00,0x00,0x00,0x00,0x00,0x80,0x07,0x00,0x00,0x00,0x00,0x00,0x00,0x80,0x07,0x00,0x00,0x00,0x00,0x00,0x00,0x80,0x07,0x00,0x00,0x00,0x00,0x00,0x00,0x80,0x07,0x00,0x00,0x00,0x00,0x00,0x00,0x80,0x07,0x00,0x00,0x00,0x00,0x00,0x00,0x80,0x07,0x00,0x00,0x00,0x00,0x00,0x00,0x80,0x07,0x00,0x00,0x00,0x00,0x00,0x00,0x80,0x07,0x00,0x00,0x00,0x00,0x00,0x00,0x80,0x07,0x00,0x00,0x00,0x00,0x00,0x00,0x80,0x07,0x00,0x00,0x00,0x00,0x00,0x00,0x80,0x07,	// 173
	0x00,0x00,0x00,0xFE,0x01,0x00,0x00,0x00,0x00,0x00,0xC0,0xFF,0x0F,0x00,0x00,0x00,0x00,0x00,0xE0,0x01,0x1E,0x00,0x00,0x00,0x00,0x00,0x78,0x00,0x78,0x00,0x00,0x00,0x00,0x00,0x1C,0x00,0xE0,0x00,0x00,0x00,0x00,0x00,0x0E,0x00,0xC0,0x01,0x00,0x00,0x00,0x00,0x06,0x00,0x80,0x01,0x00,0x00,0x00,0x00,0x03,0x00,0x00,0x03,0x00,0x00,0x00,0x80,0xF3,0xFF,0x3F,0x07,0x00,0x00,0x00,0x80,0xF1,0xFF,0x3F,0x06,0x00,0x00,0x00,0x80,0xF1,0xFF,0x3F,0x06,0x00,0x00,0x00,0xC0,0x30,0x30,0x00,0x0C,0x00,0x00,0x00,0xC0,0x30,0x30,0x00,0x0C,0x00,0x00,0x00,0xC0,0x30,0x10,0x00,0x0C,0x00,0x00,0x00,0xC0,0x30,0x30,0x00,0x0C,0x00,0x00,0x00,0xC0,0x30,0x30,0x00,0x0C,0x00,0x00,0x00,0xC0,0x30,0x70,0x00,0x0C,0x00,0x00,0x00,0xC0,0x70,0xF8,0x01,0x0C,0x00,0x00,0x00,0xC0,0x60,0xD8,0x07,0x0C,0x00,0x00,0x00,0x80,0xE1,0x9F,0x1F,0x06,0x00,0x00,0x00,0x80,0xC1,0x0F,0x3F,0x06,0x00,0x00,0x00,0x80,0x83,0x07,0x38,0x07,0x00,0x00,0x00,0x00,0x03,0x00,0x20,0x03,0x00,0x00,0x00,0x00,0x06,0x00,0x80,0x01,0x00,0x00,0x00,0x00,0x0E,0x00,0xC0,0x01,0x00,0x00,0x00,0x00,0x1C,0x00,0xE0,0x00,0x00,0x00,0x00,0x00,0x78,0x00,0x78,0x00,0x00,0x00,0x00,0x00,0xE0,0x01,0x1E,0x00,0x00,0x00,0x00,0x00,0xC0,0xFF,0x0F,0x00,0x00,0x00,0x00,0x00,0x00,0xFE,0x01,	// 174
	0x00,0x00,0x00,0x00,0x00,0x00,0x00,0x00,0x00,0x00,0x00,0x00,0x00,0x00,0x00,0x00,0x00,0x00,0x00,0x00,0x00,0x00,0x00,0x00,0x00,0x00,0x00,0x00,0x00,0x00,0x00,0x00,0x00,0x00,0x00,0x00,0x00,0x00,0x00,0x00,0x00,0x00,0x00,0x00,0x00,0x00,0x00,0x00,0x00,0x00,0x00,0x00,0x00,0x00,0x00,0x00,0x00,0x00,0x00,0x00,0x00,0x00,0x00,0x00,0x00,0x3C,0x00,0x00,0x00,0x00,0x00,0x00,0x00,0x3C,0x00,0x00,0x00,0x00,0x00,0x00,0x00,0x3C,0x00,0x00,0x00,0x00,0x00,0x00,0x00,0x3C,0x00,0x00,0x00,0x00,0x00,0x00,0x00,0x3C,0x00,0x00,0x00,0x00,0x00,0x00,0x00,0x3C,0x00,0x00,0x00,0x00,0x00,0x00,0x00,0x3C,0x00,0x00,0x00,0x00,0x00,0x00,0x00,0x3C,0x00,0x00,0x00,0x00,0x00,0x00,0x00,0x3C,0x00,0x00,0x00,0x00,0x00,0x00,0x00,0x3C,0x00,0x00,0x00,0x00,0x00,0x00,0x00,0x3C,0x00,0x00,0x00,0x00,0x00,0x00,0x00,0x3C,0x00,0x00,0x00,0x00,0x00,0x00,0x00,0x3C,0x00,0x00,0x00,0x00,0x00,0x00,0x00,0x3C,0x00,0x00,0x00,0x00,0x00,0x00,0x00,0x3C,	// 175
	0x00,0x00,0x00,0x00,0x00,0x00,0x00,0x00,0x00,0x00,0x00,0x00,0x00,0x00,0x00,0x00,0x00,0x00,0x00,0x00,0x00,0x00,0x00,0x00,0x00,0x00,0x00,0x00,0x00,0x00,0x00,0x00,0x00,0x00,0x00,0x00,0x00,0x00,0x00,0x00,0x00,0x00,0x00,0x00,0x00,0x00,0x00,0x00,0x00,0x00,0x00,0x00,0x00,0x00,0x00,0x00,0x00,0x80,0x1F,0x00,0x00,0x00,0x00,0x00,0x00,0xE0,0x7F,0x00,0x00,0x00,0x00,0x00,0x00,0xF0,0xFF,0x00,0x00,0x00,0x00,0x00,0x00,0xF8,0xF0,0x01,0x00,0x00,0x00,0x00,0x00,0x38,0xC0,0x01,0x00,0x00,0x00,0x00,0x00,0x3C,0xC0,0x03,0x00,0x00,0x00,0x00,0x00,0x1C,0x80,0x03,0x00,0x00,0x00,0x00,0x00,0x1C,0x80,0x03,0x00,0x00,0x00,0x00,0x00,0x1C,0x80,0x03,0x00,0x00,0x00,0x00,0x00,0x1C,0x80,0x03,0x00,0x00,0x00,0x00,0x00,0x3C,0xC0,0x03,0x00,0x00,0x00,0x00,0x00,0x38,0xC0,0x01,0x00,0x00,0x00,0x00,0x00,0xF8,0xF0,0x01,0x00,0x00,0x00,0x00,0x00,0xF0,0xFF,0x00,0x00,0x00,0x00,0x00,0x00,0xE0,0x7F,0x00,0x00,0x00,0x00,0x00,0x00,0x80,0x1F,	// 176
	0x00,0x00,0x00,0x00,0x00,0x00,0x00,0x00,0x00,0x00,0x00,0x00,0x00,0x00,0x00,0x00,0x00,0x00,0x00,0x3C,0x00,0x78,0x00,0x00,0x00,0x00,0x00,0x3C,0x00,0x78,0x00,0x00,0x00,0x00,0x00,0x3C,0x00,0x78,0x00,0x00,0x00,0x00,0x00,0x3C,0x00,0x78,0x00,0x00,0x00,0x00,0x00,0x3C,0x00,0x78,0x00,0x00,0x00,0x00,0x00,0x3C,0x00,0x78,0x00,0x00,0x00,0x00,0x00,0x3C,0x00,0x78,0x00,0x00,0x00,0x00,0x00,0x3C,0x00,0x78,0x00,0x00,0x00,0x00,0x00,0x3C,0x00,0x78,0x00,0x00,0x00,0x00,0x00,0x3C,0x00,0x78,0x00,0x00,0x00,0x00,0x00,0x3C,0x00,0x78,0x00,0x00,0x00,0x00,0xFC,0xFF,0x3F,0x78,0x00,0x00,0x00,0x00,0xFC,0xFF,0x3F,0x78,0x00,0x00,0x00,0x00,0xFC,0xFF,0x3F,0x78,0x00,0x00,0x00,0x00,0xFC,0xFF,0x3F,0x78,0x00,0x00,0x00,0x00,0x00,0x3C,0x00,0x78,0x00,0x00,0x00,0x00,0x00,0x3C,0x00,0x78,0x00,0x00,0x00,0x00,0x00,0x3C,0x00,0x78,0x00,0x00,0x00,0x00,0x00,0x3C,0x00,0x78,0x00,0x00,0x00,0x00,0x00,0x3C,0x00,0x78,0x00,0x00,0x00,0x00,0x00,0x3C,0x00,0x78,0x00,0x00,0x00,0x00,0x00,0x3C,0x00,0x78,0x00,0x00,0x00,0x00,0x00,0x3C,0x00,0x78,0x00,0x00,0x00,0x00,0x00,0x3C,0x00,0x78,0x00,0x00,0x00,0x00,0x00,0x3C,0x00,0x78,0x00,0x00,0x00,0x00,0x00,0x3C,0x00,0x78,	// 177
	0x00,0x00,0x00,0x00,0x00,0x00,0x00,0x00,0x00,0x00,0x00,0x00,0x00,0x00,0x00,0x00,0x00,0x00,0x00,0x00,0x00,0x00,0x00,0x00,0x00,0x00,0x00,0x00,0x00,0x00,0x00,0x00,0x00,0x00,0x00,0x00,0x00,0x00,0x00,0x00,0x00,0x00,0x00,0x00,0x00,0x00,0x00,0x00,0x00,0x00,0x00,0x00,0x00,0x00,0x00,0x00,0x00,0x00,0x00,0x00,0x00,0x00,0x00,0x00,0x00,0x38,0x00,0x38,0x00,0x00,0x00,0x00,0x00,0x38,0x00,0x3C,0x00,0x00,0x00,0x00,0x00,0x1C,0x00,0x3E,0x00,0x00,0x00,0x00,0x00,0x1C,0x00,0x3F,0x00,0x00,0x00,0x00,0x00,0x1C,0x80,0x3F,0x00,0x00,0x00,0x00,0x00,0x1C,0xC0,0x3B,0x00,0x00,0x00,0x00,0x00,0x1C,0xE0,0x39,0x00,0x00,0x00,0x00,0x00,0x1C,0xE0,0x39,0x00,0x00,0x00,0x00,0x00,0x1C,0xF0,0x38,0x00,0x00,0x00,0x00,0x00,0x3C,0x78,0x38,0x00,0x00,0x00,0x00,0x00,0x78,0x3C,0x38,0x00,0x00,0x00,0x00,0x00,0xF8,0x1F,0x38,0x00,0x00,0x00,0x00,0x00,0xF0,0x07,0x38,0x00,0x00,0x00,0x00,0x00,0xE0,0x03,0x38,	// 178
	0x00,0x00,0x00,0x00,0x00,0x00,0x00,0x00,0x00,0x00,0x00,0x00,0x00,0x00,0x00,0x00,0x00,0x00,0x00,0x00,0x00,0x00,0x00,0x00,0x00,0x00,0x00,0x00,0x00,0x00,0x00,0x00,0x00,0x00,0x00,0x00,0x00,0x00,0x00,0x00,0x00,0x00,0x00,0x00,0x00,0x00,0x00,0x00,0x00,0x00,0x00,0x00,0x00,0x00,0x00,0x00,0x00,0x00,0x00,0x00,0x00,0x00,0x00,0x00,0x00,0x00,0x00,0x1C,0x00,0x00,0x00,0x00,0x00,0x38,0x00,0x1C,0x00,0x00,0x00,0x00,0x00,0x38,0x00,0x38,0x00,0x00,0x00,0x00,0x00,0x1C,0x00,0x38,0x00,0x00,0x00,0x00,0x00,0x1C,0x0E,0x38,0x00,0x00,0x00,0x00,0x00,0x1C,0x0E,0x38,0x00,0x00,0x00,0x00,0x00,0x1C,0x0E,0x38,0x00,0x00,0x00,0x00,0x00,0x1C,0x0E,0x38,0x00,0x00,0x00,0x00,0x00,0x1C,0x0E,0x38,0x00,0x00,0x00,0x00,0x00,0x1C,0x1E,0x3C,0x00,0x00,0x00,0x00,0x00,0x38,0x1F,0x1C,0x00,0x00,0x00,0x00,0x00,0xF8,0x3B,0x1E,0x00,0x00,0x00,0x00,0x00,0xF0,0xFB,0x0F,0x00,0x00,0x00,0x00,0x00,0xE0,0xF0,0x0F,0x00,0x00,0x00,0x00,0x00,0x00,0xE0,0x03,	// 179
	0x00,0x00,0x00,0x00,0x00,0x00,0x00,0x00,0x00,0x00,0x00,0x00,0x00,0x00,0x00,0x00,0x00,0x00,0x00,0x00,0x00,0x00,0x00,0x00,0x00,0x00,0x00,0x00,0x00,0x00,0x00,0x00,0x00,0x00,0x00,0x00,0x00,0x00,0x00,0x00,0x00,0x00,0x00,0x00,0x00,0x00,0x00,0x00,0x00,0x00,0x00,0x00,0x00,0x00,0x00,0x00,0x00,0x00,0x00,0x00,0x00,0x00,0x00,0x00,0x00,0x00,0x00,0x00,0x00,0x00,0x00,0x00,0x00,0x00,0x00,0x00,0x00,0x00,0x00,0x00,0x00,0x00,0x00,0x00,0x00,0x00,0x00,0x00,0x00,0x00,0x00,0x00,0x00,0x00,0x00,0x00,0x00,0x80,0x00,0x00,0x00,0x00,0x00,0x00,0x00,0xC0,0x00,0x00,0x00,0x00,0x00,0x00,0x00,0xE0,0x00,0x00,0x00,0x00,0x00,0x00,0x00,0xF0,0x00,0x00,0x00,0x00,0x00,0x00,0x00,0x7C,0x00,0x00,0x00,0x00,0x00,0x00,0x00,0x3E,0x00,0x00,0x00,0x00,0x00,0x00,0x00,0x1F,0x00,0x00,0x00,0x00,0x00,0x00,0x80,0x0F,0x00,0x00,0x00,0x00,0x00,0x00,0x80,0x07,0x00,0x00,0x00,0x00,0x00,0x00,0x80,0x03,0x00,0x00,0x00,0x00,0x00,0x00,0x80,0x01,0x00,0x00,0x00,0x00,0x00,0x00,0x80,	// 180
	0x00,0x00,0x00,0x00,0x00,0x00,0x00,0x00,0x00,0x00,0x00,0x00,0x00,0x00,0x00,0x00,0x00,0x00,0x00,0x00,0x00,0x00,0x00,0x00,0x00,0x00,0x00,0x00,0x00,0x00,0x00,0x00,0x00,0x00,0x00,0x00,0x00,0x00,0x00,0x00,0x00,0x00,0xF0,0xFF,0xFF,0xFF,0xFF,0x01,0x00,0x00,0xF0,0xFF,0xFF,0xFF,0xFF,0x01,0x00,0x00,0xF0,0xFF,0xFF,0xFF,0xFF,0x01,0x00,0x00,0xF0,0xFF,0xFF,0xFF,0xFF,0x01,0x00,0x00,0xF0,0xFF,0xFF,0xFF,0xFF,0x01,0x00,0x00,0x00,0x00,0x00,0x3F,0x00,0x00,0x00,0x00,0x00,0x00,0x00,0x7C,0x00,0x00,0x00,0x00,0x00,0x00,0x00,0x78,0x00,0x00,0x00,0x00,0x00,0x00,0x00,0xF0,0x00,0x00,0x00,0x00,0x00,0x00,0x00,0xF0,0x00,0x00,0x00,0x00,0x00,0x00,0x00,0xF0,0x00,0x00,0x00,0x00,0x00,0x00,0x00,0xF0,0x00,0x00,0x00,0x00,0x00,0x00,0x00,0xF0,0x00,0x00,0x00,0x00,0x00,0x00,0x00,0x78,0x00,0x00,0x00,0x00,0x00,0x00,0x00,0x7C,0x00,0x00,0x00,0x00,0x00,0x00,0x00,0x3F,0x00,0x00,0x00,0x00,0xF0,0xFF,0xFF,0x0F,0x00,0x00,0x00,0x00,0xF0,0xFF,0xFF,0x3F,0x00,0x00,0x00,0x00,0xF0,0xFF,0xFF,0x7F,0x00,0x00,0x00,0x00,0xF0,0xFF,0xFF,0xFF,0x00,0x00,0x00,0x00,0xF0,0xFF,0xFF,0xFF,0x00,0x00,0x00,0x00,0x00,0x00,0x00,0xF8,0x00,0x00,0x00,0x00,0x00,0x00,0x00,0xF0,0x00,0x00,0x00,0x00,0x00,0x00,0x00,0x78,	// 181
	0x00,0x00,0x00,0x00,0x00,0x00,0x00,0x00,0x00,0x00,0x00,0x00,0x00,0x00,0x00,0x00,0x00,0x00,0x00,0x00,0x00,0x00,0x00,0x00,0x00,0x00,0xFC,0x01,0x00,0x00,0x00,0x00,0x00,0x00,0xFF,0x07,0x00,0x00,0x00,0x00,0x00,0x80,0xFF,0x0F,0x00,0x00,0x00,0x00,0x00,0xC0,0xFF,0x1F,0x00,0x00,0x00,0x00,0x00,0xE0,0xFF,0x3F,0x00,0x00,0x00,0x00,0x00,0xE0,0xFF,0x3F,0x00,0x00,0x00,0x00,0x00,0xF0,0xFF,0x7F,0x00,0x00,0x00,0x00,0x00,0xF0,0xFF,0x7F,0x00,0x00,0x00,0x00,0x00,0xF8,0xFF,0x7F,0x00,0x00,0x00,0x00,0x00,0xF8,0xFF,0xFF,0x00,0x00,0x00,0x00,0x00,0xF8,0xFF,0xFF,0x00,0x00,0x00,0x00,0x00,0xF8,0xFF,0xFF,0x00,0x00,0x00,0x00,0x00,0xF8,0xFF,0xFF,0xFF,0xFF,0x0F,0x00,0x00,0xF8,0xFF,0xFF,0xFF,0xFF,0x0F,0x00,0x00,0xF8,0xFF,0xFF,0xFF,0xFF,0x0F,0x00,0x00,0x38,0x00,0x00,0x00,0x00,0x00,0x00,0x00,0x38,0x00,0x00,0x00,0x00,0x00,0x00,0x00,0x38,0x00,0x00,0x00,0x00,0x00,0x00,0x00,0x38,0x00,0x00,0x00,0x00,0x00,0x00,0x00,0x38,0x00,0x00,0x00,0x00,0x00,0x00,0x00,0xF8,0xFF,0xFF,0xFF,0xFF,0x0F,0x00,0x00,0xF8,0xFF,0xFF,0xFF,0xFF,0x0F,0x00,0x00,0xF8,0xFF,0xFF,0xFF,0xFF,0x0F,	// 182
	0x00,0x00,0x00,0x00,0x00,0x00,0x00,0x00,0x00,0x00,0x00,0x00,0x00,0x00,0x00,0x00,0x00,0x00,0x00,0x00,0x00,0x00,0x00,0x00,0x00,0x00,0x00,0x00,0x00,0x00,0x00,0x00,0x00,0x00,0x00,0x00,0x00,0x00,0x00,0x00,0x00,0x00,0x00,0x00,0x00,0x00,0x00,0x00,0x00,0x00,0x00,0x00,0x00,0x00,0x00,0x00,0x00,0x00,0x00,0x00,0x00,0x00,0x00,0x00,0x00,0x00,0x00,0x00,0x00,0x00,0x00,0x00,0x00,0x00,0x00,0x00,0x00,0x00,0x00,0x00,0x00,0x00,0x00,0x00,0x00,0x00,0x00,0x00,0x00,0x00,0x00,0x00,0x00,0x00,0x00,0x00,0x00,0x00,0x00,0xFC,0x03,0x00,0x00,0x00,0x00,0x00,0x00,0xFC,0x03,0x00,0x00,0x00,0x00,0x00,0x00,0xFC,0x03,0x00,0x00,0x00,0x00,0x00,0x00,0xFC,0x03,0x00,0x00,0x00,0x00,0x00,0x00,0xFC,0x03,0x00,0x00,0x00,0x00,0x00,0x00,0xFC,0x03,	// 183
	0x00,0x00,0x00,0x00,0x00,0x00,0x00,0x00,0x00,0x00,0x00,0x00,0x00,0x00,0x00,0x00,0x00,0x00,0x00,0x00,0x00,0x00,0x00,0x00,0x00,0x00,0x00,0x00,0x00,0x00,0x00,0x00,0x00,0x00,0x00,0x00,0x00,0x00,0x00,0x00,0x00,0x00,0x00,0x00,0x00,0x00,0x00,0x00,0x00,0x00,0x00,0x00,0x00,0x00,0x00,0x00,0x00,0x00,0x00,0x00,0x00,0x00,0x00,0x00,0x00,0x00,0x00,0x00,0x00,0x00,0x00,0x00,0x00,0x00,0x00,0x00,0x00,0x00,0x00,0x00,0x00,0x00,0x00,0x00,0x00,0x00,0xE0,0x01,0x00,0x00,0x00,0x00,0x00,0x00,0xC0,0x01,0x00,0x00,0x00,0x00,0x00,0x00,0xC0,0x01,0x00,0x00,0x00,0x00,0x00,0x00,0xC0,0x01,0x00,0x00,0x00,0x00,0x00,0x80,0xC0,0x01,0x00,0x00,0x00,0x00,0x00,0x80,0xC1,0x01,0x00,0x00,0x00,0x00,0x00,0x80,0xE3,0x01,0x00,0x00,0x00,0x00,0x00,0x00,0xFF,0x00,0x00,0x00,0x00,0x00,0x00,0x00,0xFE,0x00,0x00,0x00,0x00,0x00,0x00,0x00,0x7C,	// 184
	0x00,0x00,0x00,0x00,0x00,0x00,0x00,0x00,0x00,0x00,0x00,0x00,0x00,0x00,0x00,0x00,0x00,0x00,0x00,0x00,0x00,0x00,0x00,0x00,0x00,0x00,0x00,0x00,0x00,0x00,0x00,0x00,0x00,0x00,0x00,0x00,0x00,0x00,0x00,0x00,0x00,0x00,0x00,0x00,0x00,0x00,0x00,0x00,0x00,0x00,0x00,0x00,0x00,0x00,0x00,0x00,0x00,0x00,0x00,0x00,0x00,0x00,0x00,0x00,0x00,0x00,0x00,0x00,0x00,0x00,0x00,0x00,0x00,0x38,0x00,0x38,0x00,0x00,0x00,0x00,0x00,0x38,0x00,0x38,0x00,0x00,0x00,0x00,0x00,0x3C,0x00,0x38,0x00,0x00,0x00,0x00,0x00,0x1C,0x00,0x38,0x00,0x00,0x00,0x00,0x00,0x1C,0x00,0x38,0x00,0x00,0x00,0x00,0x00,0xFC,0xFF,0x3F,0x00,0x00,0x00,0x00,0x00,0xFC,0xFF,0x3F,0x00,0x00,0x00,0x00,0x00,0xFC,0xFF,0x3F,0x00,0x00,0x00,0x00,0x00,0x00,0x00,0x38,0x00,0x00,0x00,0x00,0x00,0x00,0x00,0x38,0x00,0x00,0x00,0x00,0x00,0x00,0x00,0x38,0x00,0x00,0x00,0x00,0x00,0x00,0x00,0x38,0x00,0x00,0x00,0x00,0x00,0x00,0x00,0x38,	// 185
	0x00,0x00,0x00,0x00,0x00,0x00,0x00,0x00,0x00,0x00,0x00,0x00,0x00,0x00,0x00,0x00,0x00,0x00,0x00,0x00,0x00,0x00,0x00,0x00,0x00,0x00,0x00,0x00,0x00,0x00,0x00,0x00,0x00,0x00,0x00,0x00,0x00,0x00,0x00,0x00,0x00,0x00,0x00,0x00,0x00,0x00,0x00,0x00,0x00,0x00,0xFF,0x00,0x00,0x00,0x00,0x00,0x00,0xC0,0xFF,0x03,0x0E,0x00,0x00,0x00,0x00,0xE0,0xFF,0x07,0x0E,0x00,0x00,0x00,0x00,0xF0,0xFF,0x0F,0x0E,0x00,0x00,0x00,0x00,0xF8,0x00,0x1F,0x0E,0x00,0x00,0x00,0x00,0x78,0x00,0x1E,0x0E,0x00,0x00,0x00,0x00,0x3C,0x00,0x3C,0x0E,0x00,0x00,0x00,0x00,0x1C,0x00,0x38,0x0E,0x00,0x00,0x00,0x00,0x1C,0x00,0x38,0x0E,0x00,0x00,0x00,0x00,0x1C,0x00,0x38,0x0E,0x00,0x00,0x00,0x00,0x1C,0x00,0x38,0x0E,0x00,0x00,0x00,0x00,0x3C,0x00,0x3C,0x0E,0x00,0x00,0x00,0x00,0x78,0x00,0x1E,0x0E,0x00,0x00,0x00,0x00,0xF8,0x81,0x1F,0x0E,0x00,0x00,0x00,0x00,0xF0,0xFF,0x0F,0x0E,0x00,0x00,0x00,0x00,0xE0,0xFF,0x07,0x0E,0x00,0x00,0x00,0x00,0xC0,0xFF,0x03,0x0E,0x00,0x00,0x00,0x00,0x00,0xFF,	// 186
	0x00,0x00,0x00,0x00,0x00,0x00,0x00,0x00,0x00,0x00,0x00,0x00,0x00,0x00,0x00,0x00,0x00,0x00,0x00,0x00,0x00,0x00,0x00,0x00,0x00,0x00,0x00,0x00,0x00,0x00,0x00,0x00,0x00,0x00,0x00,0x00,0x00,0x00,0x00,0x00,0x00,0x00,0xE0,0x03,0xC0,0x07,0x00,0x00,0x00,0x00,0xC0,0x07,0xE0,0x03,0x00,0x00,0x00,0x00,0x80,0x0F,0xF0,0x01,0x00,0x00,0x00,0x00,0x00,0x1F,0xF8,0x00,0x00,0x00,0x00,0x00,0x00,0x3E,0x7C,0x00,0x00,0x00,0x00,0x00,0x00,0x3C,0x3C,0x00,0x00,0x00,0x00,0x00,0x00,0x78,0x1E,0x00,0x00,0x00,0x00,0x00,0x00,0xF0,0x0F,0x00,0x00,0x00,0x00,0x00,0x00,0xE0,0x07,0x00,0x00,0x00,0x00,0x00,0x00,0xC0,0x03,0x00,0x00,0x00,0x00,0x00,0x00,0x80,0x01,0x00,0x00,0x00,0x00,0x00,0xE0,0x03,0xC0,0x07,0x00,0x00,0x00,0x00,0xC0,0x07,0xE0,0x03,0x00,0x00,0x00,0x00,0x80,0x0F,0xF0,0x01,0x00,0x00,0x00,0x00,0x00,0x1F,0xF8,0x00,0x00,0x00,0x00,0x00,0x00,0x3E,0x7C,0x00,0x00,0x00,0x00,0x00,0x00,0x7C,0x3E,0x00,0x00,0x00,0x00,0x00,0x00,0xF8,0x1F,0x00,0x00,0x00,0x00,0x00,0x00,0xF0,0x0F,0x00,0x00,0x00,0x00,0x00,0x00,0xE0,0x07,0x00,0x00,0x00,0x00,0x00,0x00,0xC0,0x03,0x00,0x00,0x00,0x00,0x00,0x00,0x80,0x01,	// 187
	0x00,0x00,0x00,0x00,0x00,0x00,0x00,0x00,0x00,0x00,0x00,0x00,0x07,0x00,0x00,0x00,0x00,0x00,0x00,0x00,0x07,0x00,0x00,0x00,0x80,0x03,0x80,0x83,0x07,0x00,0x00,0x00,0x80,0x03,0x80,0x83,0x03,0x00,0x00,0x00,0xC0,0x03,0x80,0x83,0x03,0x00,0x00,0x00,0xC0,0x01,0x80,0x83,0x03,0x00,0x00,0x00,0xC0,0x01,0x80,0x83,0x03,0x00,0x00,0x00,0xC0,0xFF,0xFF,0xC3,0x01,0x00,0x00,0x00,0xC0,0xFF,0xFF,0xC3,0x01,0x00,0x00,0x00,0xC0,0xFF,0xFF,0xC3,0x01,0x00,0x00,0x00,0x00,0x00,0x80,0xC3,0x01,0x00,0x00,0x00,0x00,0x00,0x80,0xE3,0x01,0xE0,0x00,0x00,0x00,0x00,0x80,0xE3,0x00,0xF8,0x00,0x00,0x00,0x00,0x80,0xE3,0x00,0xFC,0x00,0x00,0x00,0x00,0x80,0xE3,0x00,0xEF,0x00,0x00,0x00,0x00,0x00,0xF0,0x80,0xE7,0x00,0x00,0x00,0x00,0x00,0x70,0xC0,0xE3,0x00,0x00,0x00,0x00,0x00,0x70,0xF0,0xE0,0x00,0x00,0x00,0x00,0x00,0x70,0x78,0xE0,0x00,0x00,0x00,0x00,0x00,0x70,0x3C,0xE0,0x00,0x00,0x00,0x00,0x00,0x38,0x0E,0xE0,0x00,0x00,0x00,0x00,0x00,0x38,0xFE,0xFF,0x1F,0x00,0x00,0x00,0x00,0x38,0xFE,0xFF,0x1F,0x00,0x00,0x00,0x00,0x38,0xFE,0xFF,0x1F,0x00,0x00,0x00,0x00,0x3C,0x00,0xE0,0x00,0x00,0x00,0x00,0x00,0x1C,0x00,0xE0,0x00,0x00,0x00,0x00,0x00,0x18,0x00,0xE0,	// 188
	0x00,0x00,0x00,0x00,0x00,0x00,0x00,0x00,0x00,0x00,0x00,0x00,0x07,0x00,0x00,0x00,0x00,0x00,0x00,0x00,0x07,0x00,0x00,0x00,0x80,0x03,0x80,0x83,0x07,0x00,0x00,0x00,0x80,0x03,0x80,0x83,0x03,0x00,0x00,0x00,0xC0,0x03,0x80,0x83,0x03,0x00,0x00,0x00,0xC0,0x01,0x80,0x83,0x03,0x00,0x00,0x00,0xC0,0x01,0x80,0x83,0x03,0x00,0x00,0x00,0xC0,0xFF,0xFF,0xC3,0x01,0x00,0x00,0x00,0xC0,0xFF,0xFF,0xC3,0x01,0x00,0x00,0x00,0xC0,0xFF,0xFF,0xC3,0x01,0x00,0x00,0x00,0x00,0x00,0x80,0xC3,0x01,0x00,0x00,0x00,0x00,0x00,0x80,0xE3,0x01,0x00,0x00,0x00,0x00,0x00,0x80,0xE3,0x1C,0x00,0x1C,0x00,0x00,0x00,0x80,0xE3,0x1C,0x00,0x1E,0x00,0x00,0x00,0x80,0xE3,0x0E,0x00,0x1F,0x00,0x00,0x00,0x00,0xF0,0x0E,0x80,0x1F,0x00,0x00,0x00,0x00,0x70,0x0E,0xC0,0x1F,0x00,0x00,0x00,0x00,0x70,0x0E,0xE0,0x1D,0x00,0x00,0x00,0x00,0x70,0x0E,0xF0,0x1C,0x00,0x00,0x00,0x00,0x70,0x0E,0xF0,0x1C,0x00,0x00,0x00,0x00,0x38,0x0E,0x78,0x1C,0x00,0x00,0x00,0x00,0x38,0x1E,0x3C,0x1C,0x00,0x00,0x00,0x00,0x38,0x3C,0x1E,0x1C,0x00,0x00,0x00,0x00,0x38,0xFC,0x0F,0x1C,0x00,0x00,0x00,0x00,0x3C,0xF8,0x03,0x1C,0x00,0x00,0x00,0x00,0x1C,0xF0,0x01,0x1C,0x00,0x00,0x00,0x00,0x18,	// 189
	0x00,0x00,0x00,0x00,0x00,0x00,0x00,0x00,0x00,0x00,0x00,0x00,0x07,0x00,0x00,0x00,0x00,0x00,0xC0,0x01,0x07,0x00,0x00,0x00,0x80,0x03,0xC0,0x81,0x07,0x00,0x00,0x00,0x80,0x03,0x80,0x83,0x03,0x00,0x00,0x00,0xC0,0x01,0x80,0x83,0x03,0x00,0x00,0x00,0xC0,0xE1,0x80,0x83,0x03,0x00,0x00,0x00,0xC0,0xE1,0x80,0x83,0x03,0x00,0x00,0x00,0xC0,0xE1,0x80,0xC3,0x01,0x00,0x00,0x00,0xC0,0xE1,0x80,0xC3,0x01,0x00,0x00,0x00,0xC0,0xE1,0x80,0xC3,0x01,0x00,0x00,0x00,0xC0,0xE1,0xC1,0xC3,0x01,0x00,0x00,0x00,0x80,0xF3,0xC1,0xE1,0x01,0xE0,0x00,0x00,0x80,0xBF,0xE3,0xE1,0x00,0xF8,0x00,0x00,0x00,0xBF,0xFF,0xE0,0x00,0xFC,0x00,0x00,0x00,0x0E,0xFF,0xE0,0x00,0xEF,0x00,0x00,0x00,0x00,0x3E,0xF0,0x80,0xE7,0x00,0x00,0x00,0x00,0x00,0x70,0xC0,0xE3,0x00,0x00,0x00,0x00,0x00,0x70,0xF0,0xE0,0x00,0x00,0x00,0x00,0x00,0x70,0x78,0xE0,0x00,0x00,0x00,0x00,0x00,0x70,0x3C,0xE0,0x00,0x00,0x00,0x00,0x00,0x38,0x0E,0xE0,0x00,0x00,0x00,0x00,0x00,0x38,0xFE,0xFF,0x1F,0x00,0x00,0x00,0x00,0x38,0xFE,0xFF,0x1F,0x00,0x00,0x00,0x00,0x38,0xFE,0xFF,0x1F,0x00,0x00,0x00,0x00,0x3C,0x00,0xE0,0x00,0x00,0x00,0x00,0x00,0x1C,0x00,0xE0,0x00,0x00,0x00,0x00,0x00,0x18,0x00,0xE0,	// 190
	0x00,0x00,0x00,0x00,0x00,0x00,0x00,0x00,0x00,0x00,0x00,0x00,0x00,0x00,0x00,0x00,0x00,0x00,0x00,0x00,0x00,0x00,0x00,0x00,0x00,0x00,0x00,0x00,0x00,0x00,0x00,0x00,0x00,0x00,0x00,0x00,0x00,0x00,0x00,0x00,0x00,0x00,0x00,0x00,0x00,0xC0,0x0F,0x00,0x00,0x00,0x00,0x00,0x00,0xF0,0x3F,0x00,0x00,0x00,0x00,0x00,0x00,0xF8,0x7F,0x00,0x00,0x00,0x00,0x00,0x00,0xFC,0x7F,0x00,0x00,0x00,0x00,0x00,0x00,0xFE,0xFF,0x00,0x00,0x00,0x00,0x00,0x00,0x7F,0xF8,0x00,0x00,0x00,0x00,0x00,0x80,0x3F,0xF0,0x01,0x00,0x00,0x00,0x00,0xE0,0x1F,0xE0,0x01,0x00,0x00,0xF0,0xC3,0xFF,0x0F,0xE0,0x01,0x00,0x00,0xF0,0xC3,0xFF,0x07,0xE0,0x01,0x00,0x00,0xF0,0xC3,0xFF,0x03,0xE0,0x01,0x00,0x00,0xF0,0xC3,0xFF,0x00,0xE0,0x01,0x00,0x00,0xF0,0xC3,0x3F,0x00,0xE0,0x01,0x00,0x00,0x00,0x00,0x00,0x00,0xE0,0x01,0x00,0x00,0x00,0x00,0x00,0x00,0xF0,0x00,0x00,0x00,0x00,0x00,0x00,0x00,0xF0,0x00,0x00,0x00,0x00,0x00,0x00,0x00,0xF8,0x00,0x00,0x00,0x00,0x00,0x00,0x00,0xF8,0x00,0x00,0x00,0x00,0x00,0x00,0x00,0x7C,	// 191
	0x00,0x00,0x00,0x00,0x00,0x00,0x00,0x00,0x00,0x00,0x00,0x00,0x00,0x60,0x00,0x00,0x00,0x00,0x00,0x00,0x00,0x7C,0x00,0x00,0x00,0x00,0x00,0x00,0x80,0x7F,0x00,0x00,0x00,0x00,0x00,0x00,0xF0,0x7F,0x00,0x00,0x00,0x00,0x00,0x00,0xFF,0x7F,0x00,0x00,0x00,0x00,0x00,0xE0,0xFF,0x3F,0x00,0x00,0x00,0x00,0x00,0xFC,0xFF,0x07,0x00,0x00,0x00,0x00,0x80,0xFF,0xFF,0x00,0x00,0x00,0x02,0x00,0xF8,0xFF,0x3F,0x00,0x00,0x00,0x06,0x00,0xFF,0xFF,0x3D,0x00,0x00,0x00,0x0E,0xE0,0xFF,0x3F,0x3C,0x00,0x00,0x00,0x1E,0xF8,0xFF,0x07,0x3C,0x00,0x00,0x00,0x3E,0xF8,0x7F,0x00,0x3C,0x00,0x00,0x00,0x7C,0xF8,0x0F,0x00,0x3C,0x00,0x00,0x00,0x70,0xF8,0x0F,0x00,0x3C,0x00,0x00,0x00,0x60,0xF8,0x7F,0x00,0x3C,0x00,0x00,0x00,0x40,0xF8,0xFF,0x07,0x3C,0x00,0x00,0x00,0x00,0xE0,0xFF,0x3F,0x3C,0x00,0x00,0x00,0x00,0x00,0xFF,0xFF,0x3D,0x00,0x00,0x00,0x00,0x00,0xF8,0xFF,0x3F,0x00,0x00,0x00,0x00,0x00,0x80,0xFF,0xFF,0x00,0x00,0x00,0x00,0x00,0x00,0xFC,0xFF,0x07,0x00,0x00,0x00,0x00,0x00,0xE0,0xFF,0x3F,0x00,0x00,0x00,0x00,0x00,0x00,0xFF,0x7F,0x00,0x00,0x00,0x00,0x00,0x00,0xF0,0x7F,0x00,0x00,0x00,0x00,0x00,0x00,0x80,0x7F,0x00,0x00,0x00,0x00,0x00,0x00,0x00,0x7C,0x00,0x00,0x00,0x00,0x00,0x00,0x00,0x60,	// 192
	0x00,0x00,0x00,0x00,0x00,0x00,0x00,0x00,0x00,0x00,0x00,0x00,0x00,0x60,0x00,0x00,0x00,0x00,0x00,0x00,0x00,0x7C,0x00,0x00,0x00,0x00,0x00,0x00,0x80,0x7F,0x00,0x00,0x00,0x00,0x00,0x00,0xF0,0x7F,0x00,0x00,0x00,0x00,0x00,0x00,0xFF,0x7F,0x00,0x00,0x00,0x00,0x00,0xE0,0xFF,0x3F,0x00,0x00,0x00,0x00,0x00,0xFC,0xFF,0x07,0x00,0x00,0x00,0x00,0x80,0xFF,0xFF,0x00,0x00,0x00,0x00,0x00,0xF8,0xFF,0x3F,0x00,0x00,0x00,0x00,0x00,0xFF,0xFF,0x3D,0x00,0x00,0x00,0x00,0xE0,0xFF,0x3F,0x3C,0x00,0x00,0x00,0x40,0xF8,0xFF,0x07,0x3C,0x00,0x00,0x00,0x60,0xF8,0x7F,0x00,0x3C,0x00,0x00,0x00,0x70,0xF8,0x0F,0x00,0x3C,0x00,0x00,0x00,0x7C,0xF8,0x0F,0x00,0x3C,0x00,0x00,0x00,0x3E,0xF8,0x7F,0x00,0x3C,0x00,0x00,0x00,0x1E,0xF8,0xFF,0x07,0x3C,0x00,0x00,0x00,0x0E,0xE0,0xFF,0x3F,0x3C,0x00,0x00,0x00,0x06,0x00,0xFF,0xFF,0x3D,0x00,0x00,0x00,0x02,0x00,0xF8,0xFF,0x3F,0x00,0x00,0x00,0x00,0x00,0x80,0xFF,0xFF,0x00,0x00,0x00,0x00,0x00,0x00,0xFC,0xFF,0x07,0x00,0x00,0x00,0x00,0x00,0xE0,0xFF,0x3F,0x00,0x00,0x00,0x00,0x00,0x00,0xFF,0x7F,0x00,0x00,0x00,0x00,0x00,0x00,0xF0,0x7F,0x00,0x00,0x00,0x00,0x00,0x00,0x80,0x7F,0x00,0x00,0x00,0x00,0x00,0x00,0x00,0x7C,0x00,0x00,0x00,0x00,0x00,0x00,0x00,0x60,	// 193
	0x00,0x00,0x00,0x00,0x00,0x00,0x00,0x00,0x00,0x00,0x00,0x00,0x00,0x60,0x00,0x00,0x00,0x00,0x00,0x00,0x00,0x7C,0x00,0x00,0x00,0x00,0x00,0x00,0x80,0x7F,0x00,0x00,0x00,0x00,0x00,0x00,0xF0,0x7F,0x00,0x00,0x00,0x00,0x00,0x00,0xFF,0x7F,0x00,0x00,0x00,0x00,0x00,0xE0,0xFF,0x3F,0x00,0x00,0x00,0x00,0x00,0xFC,0xFF,0x07,0x00,0x00,0x40,0x00,0x80,0xFF,0xFF,0x00,0x00,0x00,0x60,0x00,0xF8,0xFF,0x3F,0x00,0x00,0x00,0x78,0x00,0xFF,0xFF,0x3D,0x00,0x00,0x00,0x7C,0xE0,0xFF,0x3F,0x3C,0x00,0x00,0x00,0x1F,0xF8,0xFF,0x07,0x3C,0x00,0x00,0x00,0x0F,0xF8,0x7F,0x00,0x3C,0x00,0x00,0x00,0x07,0xF8,0x0F,0x00,0x3C,0x00,0x00,0x00,0x07,0xF8,0x0F,0x00,0x3C,0x00,0x00,0x00,0x0F,0xF8,0x7F,0x00,0x3C,0x00,0x00,0x00,0x1F,0xF8,0xFF,0x07,0x3C,0x00,0x00,0x00,0x7C,0xE0,0xFF,0x3F,0x3C,0x00,0x00,0x00,0x78,0x00,0xFF,0xFF,0x3D,0x00,0x00,0x00,0x60,0x00,0xF8,0xFF,0x3F,0x00,0x00,0x00,0x40,0x00,0x80,0xFF,0xFF,0x00,0x00,0x00,0x00,0x00,0x00,0xFC,0xFF,0x07,0x00,0x00,0x00,0x00,0x00,0xE0,0xFF,0x3F,0x00,0x00,0x00,0x00,0x00,0x00,0xFF,0x7F,0x00,0x00,0x00,0x00,0x00,0x00,0xF0,0x7F,0x00,0x00,0x00,0x00,0x00,0x00,0x80,0x7F,0x00,0x00,0x00,0x00,0x00,0x00,0x00,0x7C,0x00,0x00,0x00,0x00,0x00,0x00,0x00,0x60,	// 194
	0x00,0x00,0x00,0x00,0x00,0x00,0x00,0x00,0x00,0x00,0x00,0x00,0x00,0x60,0x00,0x00,0x00,0x00,0x00,0x00,0x00,0x7C,0x00,0x00,0x00,0x00,0x00,0x00,0x80,0x7F,0x00,0x00,0x00,0x00,0x00,0x00,0xF0,0x7F,0x00,0x00,0x00,0x00,0x00,0x00,0xFF,0x7F,0x00,0x00,0x00,0x00,0x00,0xE0,0xFF,0x3F,0x00,0x00,0x38,0x00,0x00,0xFC,0xFF,0x07,0x00,0x00,0x3C,0x00,0x80,0xFF,0xFF,0x00,0x00,0x00,0x3E,0x00,0xF8,0xFF,0x3F,0x00,0x00,0x00,0x0E,0x00,0xFF,0xFF,0x3D,0x00,0x00,0x00,0x0E,0xE0,0xFF,0x3F,0x3C,0x00,0x00,0x00,0x0E,0xF8,0xFF,0x07,0x3C,0x00,0x00,0x00,0x1E,0xF8,0x7F,0x00,0x3C,0x00,0x00,0x00,0x1C,0xF8,0x0F,0x00,0x3C,0x00,0x00,0x00,0x1C,0xF8,0x0F,0x00,0x3C,0x00,0x00,0x00,0x3C,0xF8,0x7F,0x00,0x3C,0x00,0x00,0x00,0x38,0xF8,0xFF,0x07,0x3C,0x00,0x00,0x00,0x38,0xE0,0xFF,0x3F,0x3C,0x00,0x00,0x00,0x3C,0x00,0xFF,0xFF,0x3D,0x00,0x00,0x00,0x3E,0x00,0xF8,0xFF,0x3F,0x00,0x00,0x00,0x1E,0x00,0x80,0xFF,0xFF,0x00,0x00,0x00,0x06,0x00,0x00,0xFC,0xFF,0x07,0x00,0x00,0x00,0x00,0x00,0xE0,0xFF,0x3F,0x00,0x00,0x00,0x00,0x00,0x00,0xFF,0x7F,0x00,0x00,0x00,0x00,0x00,0x00,0xF0,0x7F,0x00,0x00,0x00,0x00,0x00,0x00,0x80,0x7F,0x00,0x00,0x00,0x00,0x00,0x00,0x00,0x7C,0x00,0x00,0x00,0x00,0x00,0x00,0x00,0x60,	// 195
	0x00,0x00,0x00,0x00,0x00,0x00,0x00,0x00,0x00,0x00,0x00,0x00,0x00,0x60,0x00,0x00,0x00,0x00,0x00,0x00,0x00,0x7C,0x00,0x00,0x00,0x00,0x00,0x00,0x80,0x7F,0x00,0x00,0x00,0x00,0x00,0x00,0xF0,0x7F,0x00,0x00,0x00,0x00,0x00,0x00,0xFF,0x7F,0x00,0x00,0x00,0x00,0x00,0xE0,0xFF,0x3F,0x00,0x00,0x00,0x00,0x00,0xFC,0xFF,0x07,0x00,0x00,0x3E,0x00,0x80,0xFF,0xFF,0x00,0x00,0x00,0x3E,0x00,0xF8,0xFF,0x3F,0x00,0x00,0x00,0x3E,0x00,0xFF,0xFF,0x3D,0x00,0x00,0x00,0x3E,0xE0,0xFF,0x3F,0x3C,0x00,0x00,0x00,0x3E,0xF8,0xFF,0x07,0x3C,0x00,0x00,0x00,0x00,0xF8,0x7F,0x00,0x3C,0x00,0x00,0x00,0x00,0xF8,0x0F,0x00,0x3C,0x00,0x00,0x00,0x00,0xF8,0x0F,0x00,0x3C,0x00,0x00,0x00,0x00,0xF8,0x7F,0x00,0x3C,0x00,0x00,0x00,0x3E,0xF8,0xFF,0x07,0x3C,0x00,0x00,0x00,0x3E,0xE0,0xFF,0x3F,0x3C,0x00,0x00,0x00,0x3E,0x00,0xFF,0xFF,0x3D,0x00,0x00,0x00,0x3E,0x00,0xF8,0xFF,0x3F,0x00,0x00,0x00,0x3E,0x00,0x80,0xFF,0xFF,0x00,0x00,0x00,0x00,0x00,0x00,0xFC,0xFF,0x07,0x00,0x00,0x00,0x00,0x00,0xE0,0xFF,0x3F,0x00,0x00,0x00,0x00,0x00,0x00,0xFF,0x7F,0x00,0x00,0x00,0x00,0x00,0x00,0xF0,0x7F,0x00,0x00,0x00,0x00,0x00,0x00,0x80,0x7F,0x00,0x00,0x00,0x00,0x00,0x00,0x00,0x7C,0x00,0x00,0x00,0x00,0x00,0x00,0x00,0x60,	// 196
	0x00,0x00,0x00,0x00,0x00,0x00,0x00,0x00,0x00,0x00,0x00,0x00,0x00,0x60,0x00,0x00,0x00,0x00,0x00,0x00,0x00,0x7C,0x00,0x00,0x00,0x00,0x00,0x00,0xC0,0x7F,0x00,0x00,0x00,0x00,0x00,0x00,0xF8,0x7F,0x00,0x00,0x00,0x00,0x00,0x00,0xFF,0x7F,0x00,0x00,0x00,0x00,0x00,0xF0,0xFF,0x3F,0x00,0x00,0x00,0x00,0x00,0xFE,0xFF,0x07,0x00,0x00,0xE0,0x03,0xE0,0xFF,0x7F,0x00,0x00,0x00,0xF8,0x0F,0xFC,0xFF,0x3F,0x00,0x00,0x00,0xFC,0x9F,0xFF,0xFF,0x3C,0x00,0x00,0x00,0x3C,0xFE,0xFF,0x1F,0x3C,0x00,0x00,0x00,0x1E,0xFC,0xFF,0x03,0x3C,0x00,0x00,0x00,0x0E,0xF8,0x3F,0x00,0x3C,0x00,0x00,0x00,0x0E,0xF8,0x07,0x00,0x3C,0x00,0x00,0x00,0x0E,0xF8,0x07,0x00,0x3C,0x00,0x00,0x00,0x0E,0xF8,0x3F,0x00,0x3C,0x00,0x00,0x00,0x1E,0xFC,0xFF,0x03,0x3C,0x00,0x00,0x00,0x3C,0xFE,0xFF,0x1F,0x3C,0x00,0x00,0x00,0xF8,0x9F,0xFF,0xFF,0x3C,0x00,0x00,0x00,0xF8,0x0F,0xFC,0xFF,0x3F,0x00,0x00,0x00,0xE0,0x03,0xE0,0xFF,0x7F,0x00,0x00,0x00,0x00,0x00,0x00,0xFE,0xFF,0x07,0x00,0x00,0x00,0x00,0x00,0xF0,0xFF,0x3F,0x00,0x00,0x00,0x00,0x00,0x00,0xFF,0x7F,0x00,0x00,0x00,0x00,0x00,0x00,0xF8,0x7F,0x00,0x00,0x00,0x00,0x00,0x00,0xC0,0x7F,0x00,0x00,0x00,0x00,0x00,0x00,0x00,0x7C,0x00,0x00,0x00,0x00,0x00,0x00,0x00,0x60,	// 197
	0x00,0x00,0x00,0x00,0x00,0x60,0x00,0x00,0x00,0x00,0x00,0x00,0x00,0x7C,0x00,0x00,0x00,0x00,0x00,0x00,0xC0,0x7F,0x00,0x00,0x00,0x00,0x00,0x00,0xF8,0x7F,0x00,0x00,0x00,0x00,0x00,0x80,0xFF,0x7F,0x00,0x00,0x00,0x00,0x00,0xF0,0xFF,0x3F,0x00,0x00,0x00,0x00,0x00,0xFF,0xFF,0x07,0x00,0x00,0x00,0x00,0xE0,0xFF,0x7F,0x00,0x00,0x00,0x00,0x00,0xFE,0xFF,0x3F,0x00,0x00,0x00,0x00,0xC0,0xFF,0xFF,0x3C,0x00,0x00,0x00,0x00,0xF8,0xFF,0x1F,0x3C,0x00,0x00,0x00,0x00,0xF8,0xFF,0x01,0x3C,0x00,0x00,0x00,0x00,0xF8,0x3F,0x00,0x3C,0x00,0x00,0x00,0x00,0xF8,0x03,0x00,0x3C,0x00,0x00,0x00,0x00,0x78,0x00,0x00,0x3C,0x00,0x00,0x00,0x00,0x78,0x00,0x00,0x3C,0x00,0x00,0x00,0x00,0xF8,0xFF,0xFF,0xFF,0x7F,0x00,0x00,0x00,0xF8,0xFF,0xFF,0xFF,0x7F,0x00,0x00,0x00,0xF8,0xFF,0xFF,0xFF,0x7F,0x00,0x00,0x00,0xF8,0xFF,0xFF,0xFF,0x7F,0x00,0x00,0x00,0xF8,0xFF,0xFF,0xFF,0x7F,0x00,0x00,0x00,0x78,0x00,0x1E,0x00,0x78,0x00,0x00,0x00,0x78,0x00,0x1E,0x00,0x78,0x00,0x00,0x00,0x78,0x00,0x1E,0x00,0x78,0x00,0x00,0x00,0x78,0x00,0x1E,0x00,0x78,0x00,0x00,0x00,0x78,0x00,0x1E,0x00,0x78,0x00,0x00,0x00,0x78,0x00,0x1E,0x00,0x78,0x00,0x00,0x00,0x78,0x00,0x1E,0x00,0x78,0x00,0x00,0x00,0x78,0x00,0x00,0x00,0x78,	// 198
	0x00,0x00,0x00,0x00,0x00,0x00,0x00,0x00,0x00,0x00,0x00,0x00,0x00,0x00,0x00,0x00,0x00,0x00,0x00,0x00,0x00,0x00,0x00,0x00,0x00,0x00,0x80,0xFF,0x07,0x00,0x00,0x00,0x00,0x00,0xF8,0xFF,0x7F,0x00,0x00,0x00,0x00,0x00,0xFE,0xFF,0xFF,0x01,0x00,0x00,0x00,0x00,0xFF,0xFF,0xFF,0x07,0x00,0x00,0x00,0xC0,0xFF,0xFF,0xFF,0x0F,0x00,0x00,0x00,0xE0,0x7F,0x00,0xF8,0x1F,0x00,0x00,0x00,0xE0,0x07,0x00,0x80,0x3F,0x00,0x00,0x00,0xF0,0x03,0x00,0x00,0x3F,0x00,0x00,0x00,0xF8,0x00,0x00,0x00,0x7C,0x00,0x00,0x00,0xF8,0x00,0x00,0x00,0x7C,0xE0,0x01,0x00,0x78,0x00,0x00,0x00,0x78,0xC0,0x01,0x00,0x3C,0x00,0x00,0x00,0xF8,0xC0,0x01,0x00,0x3C,0x00,0x00,0x00,0xF0,0xC0,0x01,0x00,0x3C,0x00,0x00,0x00,0xF0,0xC0,0x01,0x00,0x3C,0x00,0x00,0x00,0xF0,0xC1,0x01,0x00,0x3C,0x00,0x00,0x00,0xF0,0xE3,0x01,0x00,0x3C,0x00,0x00,0x00,0xF0,0xFF,0x00,0x00,0x3C,0x00,0x00,0x00,0xF0,0xFE,0x00,0x00,0x78,0x00,0x00,0x00,0x78,0x7C,0x00,0x00,0x78,0x00,0x00,0x00,0x78,0x00,0x00,0x00,0xF8,0x00,0x00,0x00,0x7C,0x00,0x00,0x00,0xF0,0x01,0x00,0x00,0x3E,0x00,0x00,0x00,0xE0,0x03,0x00,0x00,0x1F,	// 199
	0x00,0x00,0x00,0x00,0x00,0x00,0x00,0x00,0x00,0x00,0x00,0x00,0x00,0x00,0x00,0x00,0x00,0x00,0x00,0x00,0x00,0x00,0x00,0x00,0x00,0x00,0x00,0x00,0x00,0x00,0x00,0x00,0x00,0x00,0x00,0x00,0x00,0x00,0x00,0x00,0x00,0xF8,0xFF,0xFF,0xFF,0x7F,0x00,0x00,0x00,0xF8,0xFF,0xFF,0xFF,0x7F,0x00,0x00,0x00,0xF8,0xFF,0xFF,0xFF,0x7F,0x00,0x00,0x00,0xF8,0xFF,0xFF,0xFF,0x7F,0x00,0x00,0x02,0xF8,0xFF,0xFF,0xFF,0x7F,0x00,0x00,0x06,0x78,0x00,0x1E,0x00,0x78,0x00,0x00,0x0E,0x78,0x00,0x1E,0x00,0x78,0x00,0x00,0x1E,0x78,0x00,0x1E,0x00,0x78,0x00,0x00,0x3E,0x78,0x00,0x1E,0x00,0x78,0x00,0x00,0x7C,0x78,0x00,0x1E,0x00,0x78,0x00,0x00,0x70,0x78,0x00,0x1E,0x00,0x78,0x00,0x00,0x60,0x78,0x00,0x1E,0x00,0x78,0x00,0x00,0x40,0x78,0x00,0x1E,0x00,0x78,0x00,0x00,0x00,0x78,0x00,0x1E,0x00,0x78,0x00,0x00,0x00,0x78,0x00,0x1E,0x00,0x78,0x00,0x00,0x00,0x78,0x00,0x1E,0x00,0x78,0x00,0x00,0x00,0x78,0x00,0x1E,0x00,0x78,0x00,0x00,0x00,0x78,0x00,0x1E,0x00,0x78,0x00,0x00,0x00,0x78,0x00,0x1E,0x00,0x78,0x00,0x00,0x00,0x78,0x00,0x1E,0x00,0x78,0x00,0x00,0x00,0x78,0x00,0x1E,0x00,0x78,0x00,0x00,0x00,0x78,0x00,0x00,0x00,0x78,	// 200
	0x00,0x00,0x00,0x00,0x00,0x00,0x00,0x00,0x00,0x00,0x00,0x00,0x00,0x00,0x00,0x00,0x00,0x00,0x00,0x00,0x00,0x00,0x00,0x00,0x00,0x00,0x00,0x00,0x00,0x00,0x00,0x00,0x00,0x00,0x00,0x00,0x00,0x00,0x00,0x00,0x00,0xF8,0xFF,0xFF,0xFF,0x7F,0x00,0x00,0x00,0xF8,0xFF,0xFF,0xFF,0x7F,0x00,0x00,0x00,0xF8,0xFF,0xFF,0xFF,0x7F,0x00,0x00,0x00,0xF8,0xFF,0xFF,0xFF,0x7F,0x00,0x00,0x00,0xF8,0xFF,0xFF,0xFF,0x7F,0x00,0x00,0x00,0x78,0x00,0x1E,0x00,0x78,0x00,0x00,0x00,0x78,0x00,0x1E,0x00,0x78,0x00,0x00,0x40,0x78,0x00,0x1E,0x00,0x78,0x00,0x00,0x60,0x78,0x00,0x1E,0x00,0x78,0x00,0x00,0x70,0x78,0x00,0x1E,0x00,0x78,0x00,0x00,0x7C,0x78,0x00,0x1E,0x00,0x78,0x00,0x00,0x3E,0x78,0x00,0x1E,0x00,0x78,0x00,0x00,0x1E,0x78,0x00,0x1E,0x00,0x78,0x00,0x00,0x0E,0x78,0x00,0x1E,0x00,0x78,0x00,0x00,0x06,0x78,0x00,0x1E,0x00,0x78,0x00,0x00,0x02,0x78,0x00,0x1E,0x00,0x78,0x00,0x00,0x00,0x78,0x00,0x1E,0x00,0x78,0x00,0x00,0x00,0x78,0x00,0x1E,0x00,0x78,0x00,0x00,0x00,0x78,0x00,0x1E,0x00,0x78,0x00,0x00,0x00,0x78,0x00,0x1E,0x00,0x78,0x00,0x00,0x00,0x78,0x00,0x1E,0x00,0x78,0x00,0x00,0x00,0x78,0x00,0x00,0x00,0x78,	// 201
	0x00,0x00,0x00,0x00,0x00,0x00,0x00,0x00,0x00,0x00,0x00,0x00,0x00,0x00,0x00,0x00,0x00,0x00,0x00,0x00,0x00,0x00,0x00,0x00,0x00,0x00,0x00,0x00,0x00,0x00,0x00,0x00,0x00,0x00,0x00,0x00,0x00,0x00,0x00,0x00,0x00,0xF8,0xFF,0xFF,0xFF,0x7F,0x00,0x00,0x00,0xF8,0xFF,0xFF,0xFF,0x7F,0x00,0x00,0x00,0xF8,0xFF,0xFF,0xFF,0x7F,0x00,0x00,0x40,0xF8,0xFF,0xFF,0xFF,0x7F,0x00,0x00,0x60,0xF8,0xFF,0xFF,0xFF,0x7F,0x00,0x00,0x70,0x78,0x00,0x1E,0x00,0x78,0x00,0x00,0x7C,0x78,0x00,0x1E,0x00,0x78,0x00,0x00,0x3E,0x78,0x00,0x1E,0x00,0x78,0x00,0x00,0x1F,0x78,0x00,0x1E,0x00,0x78,0x00,0x00,0x07,0x78,0x00,0x1E,0x00,0x78,0x00,0x00,0x03,0x78,0x00,0x1E,0x00,0x78,0x00,0x00,0x07,0x78,0x00,0x1E,0x00,0x78,0x00,0x00,0x1F,0x78,0x00,0x1E,0x00,0x78,0x00,0x00,0x3E,0x78,0x00,0x1E,0x00,0x78,0x00,0x00,0x7C,0x78,0x00,0x1E,0x00,0x78,0x00,0x00,0x70,0x78,0x00,0x1E,0x00,0x78,0x00,0x00,0x60,0x78,0x00,0x1E,0x00,0x78,0x00,0x00,0x40,0x78,0x00,0x1E,0x00,0x78,0x00,0x00,0x00,0x78,0x00,0x1E,0x00,0x78,0x00,0x00,0x00,0x78,0x00,0x1E,0x00,0x78,0x00,0x00,0x00,0x78,0x00,0x1E,0x00,0x78,0x00,0x00,0x00,0x78,0x00,0x00,0x00,0x78,	// 202
	0x00,0x00,0x00,0x00,0x00,0x00,0x00,0x00,0x00,0x00,0x00,0x00,0x00,0x00,0x00,0x00,0x00,0x00,0x00,0x00,0x00,0x00,0x00,0x00,0x00,0x00,0x00,0x00,0x00,0x00,0x00,0x00,0x00,0x00,0x00,0x00,0x00,0x00,0x00,0x00,0x00,0xF8,0xFF,0xFF,0xFF,0x7F,0x00,0x00,0x00,0xF8,0xFF,0xFF,0xFF,0x7F,0x00,0x00,0x00,0xF8,0xFF,0xFF,0xFF,0x7F,0x00,0x00,0x3E,0xF8,0xFF,0xFF,0xFF,0x7F,0x00,0x00,0x3E,0xF8,0xFF,0xFF,0xFF,0x7F,0x00,0x00,0x3E,0x78,0x00,0x1E,0x00,0x78,0x00,0x00,0x3E,0x78,0x00,0x1E,0x00,0x78,0x00,0x00,0x3E,0x78,0x00,0x1E,0x00,0x78,0x00,0x00,0x00,0x78,0x00,0x1E,0x00,0x78,0x00,0x00,0x00,0x78,0x00,0x1E,0x00,0x78,0x00,0x00,0x00,0x78,0x00,0x1E,0x00,0x78,0x00,0x00,0x00,0x78,0x00,0x1E,0x00,0x78,0x00,0x00,0x00,0x78,0x00,0x1E,0x00,0x78,0x00,0x00,0x3E,0x78,0x00,0x1E,0x00,0x78,0x00,0x00,0x3E,0x78,0x00,0x1E,0x00,0x78,0x00,0x00,0x3E,0x78,0x00,0x1E,0x00,0x78,0x00,0x00,0x3E,0x78,0x00,0x1E,0x00,0x78,0x00,0x00,0x3E,0x78,0x00,0x1E,0x00,0x78,0x00,0x00,0x00,0x78,0x00,0x1E,0x00,0x78,0x00,0x00,0x00,0x78,0x00,0x1E,0x00,0x78,0x00,0x00,0x00,0x78,0x00,0x1E,0x00,0x78,0x00,0x00,0x00,0x78,0x00,0x00,0x00,0x78,	// 203
	0x00,0x00,0x00,0x00,0x00,0x00,0x00,0x00,0x00,0x00,0x00,0x00,0x00,0x00,0x00,0x00,0x00,0x00,0x00,0x00,0x00,0x00,0x00,0x00,0x00,0x00,0x00,0x00,0x00,0x00,0x00,0x00,0x00,0x00,0x00,0x00,0x00,0x00,0x00,0x00,0x00,0x78,0x00,0x00,0x00,0x78,0x00,0x00,0x00,0x78,0x00,0x00,0x00,0x78,0x00,0x00,0x00,0x78,0x00,0x00,0x00,0x78,0x00,0x00,0x00,0x78,0x00,0x00,0x00,0x78,0x00,0x00,0x02,0x78,0x00,0x00,0x00,0x78,0x00,0x00,0x06,0x78,0x00,0x00,0x00,0x78,0x00,0x00,0x0E,0x78,0x00,0x00,0x00,0x78,0x00,0x00,0x1E,0x78,0x00,0x00,0x00,0x78,0x00,0x00,0x3E,0xF8,0xFF,0xFF,0xFF,0x7F,0x00,0x00,0x7C,0xF8,0xFF,0xFF,0xFF,0x7F,0x00,0x00,0x70,0xF8,0xFF,0xFF,0xFF,0x7F,0x00,0x00,0x60,0xF8,0xFF,0xFF,0xFF,0x7F,0x00,0x00,0x40,0xF8,0xFF,0xFF,0xFF,0x7F,0x00,0x00,0x00,0x78,0x00,0x00,0x00,0x78,0x00,0x00,0x00,0x78,0x00,0x00,0x00,0x78,0x00,0x00,0x00,0x78,0x00,0x00,0x00,0x78,0x00,0x00,0x00,0x78,0x00,0x00,0x00,0x78,0x00,0x00,0x00,0x78,0x00,0x00,0x00,0x78,0x00,0x00,0x00,0x78,0x00,0x00,0x00,0x78,0x00,0x00,0x00,0x78,0x00,0x00,0x00,0x78,0x00,0x00,0x00,0x78,0x00,0x00,0x00,0x78,	// 204
	0x00,0x00,0x00,0x00,0x00,0x00,0x00,0x00,0x00,0x00,0x00,0x00,0x00,0x00,0x00,0x00,0x00,0x00,0x00,0x00,0x00,0x00,0x00,0x00,0x00,0x00,0x00,0x00,0x00,0x00,0x00,0x00,0x00,0x00,0x00,0x00,0x00,0x00,0x00,0x00,0x00,0x78,0x00,0x00,0x00,0x78,0x00,0x00,0x00,0x78,0x00,0x00,0x00,0x78,0x00,0x00,0x00,0x78,0x00,0x00,0x00,0x78,0x00,0x00,0x00,0x78,0x00,0x00,0x00,0x78,0x00,0x00,0x00,0x78,0x00,0x00,0x00,0x78,0x00,0x00,0x00,0x78,0x00,0x00,0x00,0x78,0x00,0x00,0x00,0x78,0x00,0x00,0x00,0x78,0x00,0x00,0x40,0x78,0x00,0x00,0x00,0x78,0x00,0x00,0x60,0xF8,0xFF,0xFF,0xFF,0x7F,0x00,0x00,0x70,0xF8,0xFF,0xFF,0xFF,0x7F,0x00,0x00,0x7C,0xF8,0xFF,0xFF,0xFF,0x7F,0x00,0x00,0x3E,0xF8,0xFF,0xFF,0xFF,0x7F,0x00,0x00,0x1E,0xF8,0xFF,0xFF,0xFF,0x7F,0x00,0x00,0x0E,0x78,0x00,0x00,0x00,0x78,0x00,0x00,0x06,0x78,0x00,0x00,0x00,0x78,0x00,0x00,0x02,0x78,0x00,0x00,0x00,0x78,0x00,0x00,0x00,0x78,0x00,0x00,0x00,0x78,0x00,0x00,0x00,0x78,0x00,0x00,0x00,0x78,0x00,0x00,0x00,0x78,0x00,0x00,0x00,0x78,0x00,0x00,0x00,0x78,0x00,0x00,0x00,0x78,0x00,0x00,0x00,0x78,0x00,0x00,0x00,0x78,	// 205
	0x00,0x00,0x00,0x00,0x00,0x00,0x00,0x00,0x00,0x00,0x00,0x00,0x00,0x00,0x00,0x00,0x00,0x00,0x00,0x00,0x00,0x00,0x00,0x00,0x00,0x00,0x00,0x00,0x00,0x00,0x00,0x00,0x00,0x00,0x00,0x00,0x00,0x00,0x00,0x00,0x00,0x78,0x00,0x00,0x00,0x78,0x00,0x00,0x00,0x78,0x00,0x00,0x00,0x78,0x00,0x00,0x00,0x78,0x00,0x00,0x00,0x78,0x00,0x00,0x40,0x78,0x00,0x00,0x00,0x78,0x00,0x00,0x60,0x78,0x00,0x00,0x00,0x78,0x00,0x00,0x70,0x78,0x00,0x00,0x00,0x78,0x00,0x00,0x7C,0x78,0x00,0x00,0x00,0x78,0x00,0x00,0x3E,0x78,0x00,0x00,0x00,0x78,0x00,0x00,0x1F,0xF8,0xFF,0xFF,0xFF,0x7F,0x00,0x00,0x07,0xF8,0xFF,0xFF,0xFF,0x7F,0x00,0x00,0x03,0xF8,0xFF,0xFF,0xFF,0x7F,0x00,0x00,0x07,0xF8,0xFF,0xFF,0xFF,0x7F,0x00,0x00,0x1F,0xF8,0xFF,0xFF,0xFF,0x7F,0x00,0x00,0x3E,0x78,0x00,0x00,0x00,0x78,0x00,0x00,0x7C,0x78,0x00,0x00,0x00,0x78,0x00,0x00,0x70,0x78,0x00,0x00,0x00,0x78,0x00,0x00,0x60,0x78,0x00,0x00,0x00,0x78,0x00,0x00,0x40,0x78,0x00,0x00,0x00,0x78,0x00,0x00,0x00,0x78,0x00,0x00,0x00,0x78,0x00,0x00,0x00,0x78,0x00,0x00,0x00,0x78,0x00,0x00,0x00,0x78,0x00,0x00,0x00,0x78,	// 206
	0x00,0x00,0x00,0x00,0x00,0x00,0x00,0x00,0x00,0x00,0x00,0x00,0x00,0x00,0x00,0x00,0x00,0x00,0x00,0x00,0x00,0x00,0x00,0x00,0x00,0x00,0x00,0x00,0x00,0x00,0x00,0x00,0x00,0x00,0x00,0x00,0x00,0x00,0x00,0x00,0x00,0x78,0x00,0x00,0x00,0x78,0x00,0x00,0x00,0x78,0x00,0x00,0x00,0x78,0x00,0x00,0x00,0x78,0x00,0x00,0x00,0x78,0x00,0x00,0x3E,0x78,0x00,0x00,0x00,0x78,0x00,0x00,0x3E,0x78,0x00,0x00,0x00,0x78,0x00,0x00,0x3E,0x78,0x00,0x00,0x00,0x78,0x00,0x00,0x3E,0x78,0x00,0x00,0x00,0x78,0x00,0x00,0x3E,0x78,0x00,0x00,0x00,0x78,0x00,0x00,0x00,0xF8,0xFF,0xFF,0xFF,0x7F,0x00,0x00,0x00,0xF8,0xFF,0xFF,0xFF,0x7F,0x00,0x00,0x00,0xF8,0xFF,0xFF,0xFF,0x7F,0x00,0x00,0x00,0xF8,0xFF,0xFF,0xFF,0x7F,0x00,0x00,0x00,0xF8,0xFF,0xFF,0xFF,0x7F,0x00,0x00,0x3E,0x78,0x00,0x00,0x00,0x78,0x00,0x00,0x3E,0x78,0x00,0x00,0x00,0x78,0x00,0x00,0x3E,0x78,0x00,0x00,0x00,0x78,0x00,0x00,0x3E,0x78,0x00,0x00,0x00,0x78,0x00,0x00,0x3E,0x78,0x00,0x00,0x00,0x78,0x00,0x00,0x00,0x78,0x00,0x00,0x00,0x78,0x00,0x00,0x00,0x78,0x00,0x00,0x00,0x78,0x00,0x00,0x00,0x78,0x00,0x00,0x00,0x78,	// 207
	0x00,0x00,0x00,0x3C,0x00,0x00,0x00,0x00,0x00,0x00,0x00,0x3C,0x00,0x00,0x00,0x00,0x00,0x00,0x00,0x3C,0x00,0x00,0x00,0x00,0x00,0xF8,0xFF,0xFF,0xFF,0x7F,0x00,0x00,0x00,0xF8,0xFF,0xFF,0xFF,0x7F,0x00,0x00,0x00,0xF8,0xFF,0xFF,0xFF,0x7F,0x00,0x00,0x00,0xF8,0xFF,0xFF,0xFF,0x7F,0x00,0x00,0x00,0xF8,0xFF,0xFF,0xFF,0x7F,0x00,0x00,0x00,0x78,0x00,0x3C,0x00,0x78,0x00,0x00,0x00,0x78,0x00,0x3C,0x00,0x78,0x00,0x00,0x00,0x78,0x00,0x3C,0x00,0x78,0x00,0x00,0x00,0x78,0x00,0x3C,0x00,0x78,0x00,0x00,0x00,0x78,0x00,0x3C,0x00,0x78,0x00,0x00,0x00,0x78,0x00,0x3C,0x00,0x78,0x00,0x00,0x00,0x78,0x00,0x00,0x00,0x78,0x00,0x00,0x00,0xF0,0x00,0x00,0x00,0x3C,0x00,0x00,0x00,0xF0,0x00,0x00,0x00,0x3C,0x00,0x00,0x00,0xF0,0x01,0x00,0x00,0x3C,0x00,0x00,0x00,0xF0,0x01,0x00,0x00,0x3E,0x00,0x00,0x00,0xE0,0x03,0x00,0x00,0x1F,0x00,0x00,0x00,0xE0,0x0F,0x00,0xC0,0x1F,0x00,0x00,0x00,0xC0,0x7F,0x00,0xF8,0x0F,0x00,0x00,0x00,0x80,0xFF,0xFF,0xFF,0x07,0x00,0x00,0x00,0x00,0xFF,0xFF,0xFF,0x03,0x00,0x00,0x00,0x00,0xFC,0xFF,0xFF,0x00,0x00,0x00,0x00,0x00,0xF0,0xFF,0x3F,0x00,0x00,0x00,0x00,0x00,0x80,0xFF,0x07,	// 208
	0x00,0x00,0x00,0x00,0x00,0x00,0x00,0x00,0x00,0x00,0x00,0x00,0x00,0x00,0x00,0x00,0x00,0x00,0x00,0x00,0x00,0x00,0x00,0x00,0x00,0xF8,0xFF,0xFF,0xFF,0x7F,0x00,0x00,0x00,0xF8,0xFF,0xFF,0xFF,0x7F,0x00,0x00,0x00,0xF8,0xFF,0xFF,0xFF,0x7F,0x00,0x00,0x00,0xF8,0xFF,0xFF,0xFF,0x7F,0x00,0x00,0x38,0xF8,0xFF,0xFF,0xFF,0x7F,0x00,0x00,0x3C,0xF8,0x07,0x00,0x00,0x00,0x00,0x00,0x3E,0xF8,0x3F,0x00,0x00,0x00,0x00,0x00,0x0E,0xC0,0xFF,0x00,0x00,0x00,0x00,0x00,0x0E,0x00,0xFF,0x07,0x00,0x00,0x00,0x00,0x0E,0x00,0xF8,0x1F,0x00,0x00,0x00,0x00,0x1E,0x00,0xE0,0xFF,0x00,0x00,0x00,0x00,0x1C,0x00,0x00,0xFF,0x03,0x00,0x00,0x00,0x3C,0x00,0x00,0xFC,0x1F,0x00,0x00,0x00,0x38,0x00,0x00,0xE0,0x7F,0x00,0x00,0x00,0x38,0x00,0x00,0x80,0xFF,0x03,0x00,0x00,0x38,0x00,0x00,0x00,0xFC,0x0F,0x00,0x00,0x3E,0x00,0x00,0x00,0xE0,0x7F,0x00,0x00,0x1E,0x00,0x00,0x00,0x80,0x7F,0x00,0x00,0x06,0xF8,0xFF,0xFF,0xFF,0x7F,0x00,0x00,0x00,0xF8,0xFF,0xFF,0xFF,0x7F,0x00,0x00,0x00,0xF8,0xFF,0xFF,0xFF,0x7F,0x00,0x00,0x00,0xF8,0xFF,0xFF,0xFF,0x7F,0x00,0x00,0x00,0xF8,0xFF,0xFF,0xFF,0x7F,	// 209
	0x00,0x00,0x00,0x00,0x00,0x00,0x00,0x00,0x00,0x00,0x00,0x00,0x00,0x00,0x00,0x00,0x00,0x00,0x00,0x00,0x00,0x00,0x00,0x00,0x00,0x00,0xC0,0xFF,0x0F,0x00,0x00,0x00,0x00,0x00,0xFC,0xFF,0xFF,0x00,0x00,0x00,0x00,0x80,0xFF,0xFF,0xFF,0x07,0x00,0x00,0x00,0xC0,0xFF,0xFF,0xFF,0x0F,0x00,0x00,0x00,0xE0,0xFF,0xFF,0xFF,0x1F,0x00,0x00,0x00,0xF0,0x1F,0x00,0xE0,0x3F,0x00,0x00,0x02,0xF8,0x03,0x00,0x00,0x7F,0x00,0x00,0x06,0xF8,0x00,0x00,0x00,0x7C,0x00,0x00,0x0E,0x7C,0x00,0x00,0x00,0xF8,0x00,0x00,0x1E,0x7C,0x00,0x00,0x00,0xF0,0x00,0x00,0x3E,0x3C,0x00,0x00,0x00,0xF0,0x00,0x00,0x7C,0x3C,0x00,0x00,0x00,0xF0,0x00,0x00,0x70,0x3C,0x00,0x00,0x00,0xF0,0x00,0x00,0x60,0x3C,0x00,0x00,0x00,0xF0,0x00,0x00,0x40,0x7C,0x00,0x00,0x00,0xF0,0x00,0x00,0x00,0x7C,0x00,0x00,0x00,0xF8,0x00,0x00,0x00,0xF8,0x00,0x00,0x00,0x7C,0x00,0x00,0x00,0xF8,0x03,0x00,0x00,0x7F,0x00,0x00,0x00,0xF0,0x3F,0x00,0xF0,0x3F,0x00,0x00,0x00,0xE0,0xFF,0xFF,0xFF,0x1F,0x00,0x00,0x00,0xC0,0xFF,0xFF,0xFF,0x0F,0x00,0x00,0x00,0x00,0xFF,0xFF,0xFF,0x03,0x00,0x00,0x00,0x00,0xFC,0xFF,0xFF,0x00,0x00,0x00,0x00,0x00,0xC0,0xFF,0x0F,	// 210
	0x00,0x00,0x00,0x00,0x00,0x00,0x00,0x00,0x00,0x00,0x00,0x00,0x00,0x00,0x00,0x00,0x00,0x00,0x00,0x00,0x00,0x00,0x00,0x00,0x00,0x00,0xC0,0xFF,0x0F,0x00,0x00,0x00,0x00,0x00,0xFC,0xFF,0xFF,0x00,0x00,0x00,0x00,0x80,0xFF,0xFF,0xFF,0x07,0x00,0x00,0x00,0xC0,0xFF,0xFF,0xFF,0x0F,0x00,0x00,0x00,0xE0,0xFF,0xFF,0xFF,0x1F,0x00,0x00,0x00,0xF0,0x1F,0x00,0xE0,0x3F,0x00,0x00,0x00,0xF8,0x03,0x00,0x00,0x7F,0x00,0x00,0x00,0xF8,0x00,0x00,0x00,0x7C,0x00,0x00,0x00,0x7C,0x00,0x00,0x00,0xF8,0x00,0x00,0x40,0x7C,0x00,0x00,0x00,0xF0,0x00,0x00,0x60,0x3C,0x00,0x00,0x00,0xF0,0x00,0x00,0x70,0x3C,0x00,0x00,0x00,0xF0,0x00,0x00,0x7C,0x3C,0x00,0x00,0x00,0xF0,0x00,0x00,0x3E,0x3C,0x00,0x00,0x00,0xF0,0x00,0x00,0x1E,0x7C,0x00,0x00,0x00,0xF0,0x00,0x00,0x0E,0x7C,0x00,0x00,0x00,0xF8,0x00,0x00,0x06,0xF8,0x00,0x00,0x00,0x7C,0x00,0x00,0x02,0xF8,0x03,0x00,0x00,0x7F,0x00,0x00,0x00,0xF0,0x3F,0x00,0xF0,0x3F,0x00,0x00,0x00,0xE0,0xFF,0xFF,0xFF,0x1F,0x00,0x00,0x00,0xC0,0xFF,0xFF,0xFF,0x0F,0x00,0x00,0x00,0x00,0xFF,0xFF,0xFF,0x03,0x00,0x00,0x00,0x00,0xFC,0xFF,0xFF,0x00,0x00,0x00,0x00,0x00,0xC0,0xFF,0x0F,	// 211
	0x00,0x00,0x00,0x00,0x00,0x00,0x00,0x00,0x00,0x00,0x00,0x00,0x00,0x00,0x00,0x00,0x00,0x00,0x00,0x00,0x00,0x00,0x00,0x00,0x00,0x00,0xC0,0xFF,0x0F,0x00,0x00,0x00,0x00,0x00,0xFC,0xFF,0xFF,0x00,0x00,0x00,0x00,0x80,0xFF,0xFF,0xFF,0x07,0x00,0x00,0x00,0xC0,0xFF,0xFF,0xFF,0x0F,0x00,0x00,0x00,0xE0,0xFF,0xFF,0xFF,0x1F,0x00,0x00,0x40,0xF0,0x1F,0x00,0xE0,0x3F,0x00,0x00,0x60,0xF8,0x03,0x00,0x00,0x7F,0x00,0x00,0x78,0xF8,0x00,0x00,0x00,0x7C,0x00,0x00,0x7C,0x7C,0x00,0x00,0x00,0xF8,0x00,0x00,0x1F,0x7C,0x00,0x00,0x00,0xF0,0x00,0x00,0x0F,0x3C,0x00,0x00,0x00,0xF0,0x00,0x00,0x07,0x3C,0x00,0x00,0x00,0xF0,0x00,0x00,0x07,0x3C,0x00,0x00,0x00,0xF0,0x00,0x00,0x0F,0x3C,0x00,0x00,0x00,0xF0,0x00,0x00,0x1F,0x7C,0x00,0x00,0x00,0xF0,0x00,0x00,0x7C,0x7C,0x00,0x00,0x00,0xF8,0x00,0x00,0x78,0xF8,0x00,0x00,0x00,0x7C,0x00,0x00,0x60,0xF8,0x03,0x00,0x00,0x7F,0x00,0x00,0x40,0xF0,0x3F,0x00,0xF0,0x3F,0x00,0x00,0x00,0xE0,0xFF,0xFF,0xFF,0x1F,0x00,0x00,0x00,0xC0,0xFF,0xFF,0xFF,0x0F,0x00,0x00,0x00,0x00,0xFF,0xFF,0xFF,0x03,0x00,0x00,0x00,0x00,0xFC,0xFF,0xFF,0x00,0x00,0x00,0x00,0x00,0xC0,0xFF,0x0F,	// 212
	0x00,0x00,0x00,0x00,0x00,0x00,0x00,0x00,0x00,0x00,0x00,0x00,0x00,0x00,0x00,0x00,0x00,0x00,0x00,0x00,0x00,0x00,0x00,0x00,0x00,0x00,0xC0,0xFF,0x0F,0x00,0x00,0x00,0x00,0x00,0xFC,0xFF,0xFF,0x00,0x00,0x00,0x00,0x80,0xFF,0xFF,0xFF,0x07,0x00,0x00,0x00,0xC0,0xFF,0xFF,0xFF,0x0F,0x00,0x00,0x38,0xE0,0xFF,0xFF,0xFF,0x1F,0x00,0x00,0x3C,0xF0,0x1F,0x00,0xE0,0x3F,0x00,0x00,0x3E,0xF8,0x03,0x00,0x00,0x7F,0x00,0x00,0x0E,0xF8,0x00,0x00,0x00,0x7C,0x00,0x00,0x0E,0x7C,0x00,0x00,0x00,0xF8,0x00,0x00,0x0E,0x7C,0x00,0x00,0x00,0xF0,0x00,0x00,0x1E,0x3C,0x00,0x00,0x00,0xF0,0x00,0x00,0x1C,0x3C,0x00,0x00,0x00,0xF0,0x00,0x00,0x1C,0x3C,0x00,0x00,0x00,0xF0,0x00,0x00,0x3C,0x3C,0x00,0x00,0x00,0xF0,0x00,0x00,0x38,0x7C,0x00,0x00,0x00,0xF0,0x00,0x00,0x38,0x7C,0x00,0x00,0x00,0xF8,0x00,0x00,0x3C,0xF8,0x00,0x00,0x00,0x7C,0x00,0x00,0x3E,0xF8,0x03,0x00,0x00,0x7F,0x00,0x00,0x1E,0xF0,0x3F,0x00,0xF0,0x3F,0x00,0x00,0x06,0xE0,0xFF,0xFF,0xFF,0x1F,0x00,0x00,0x00,0xC0,0xFF,0xFF,0xFF,0x0F,0x00,0x00,0x00,0x00,0xFF,0xFF,0xFF,0x03,0x00,0x00,0x00,0x00,0xFC,0xFF,0xFF,0x00,0x00,0x00,0x00,0x00,0xC0,0xFF,0x0F,	// 213
	0x00,0x00,0x00,0x00,0x00,0x00,0x00,0x00,0x00,0x00,0x00,0x00,0x00,0x00,0x00,0x00,0x00,0x00,0x00,0x00,0x00,0x00,0x00,0x00,0x00,0x00,0xC0,0xFF,0x0F,0x00,0x00,0x00,0x00,0x00,0xFC,0xFF,0xFF,0x00,0x00,0x00,0x00,0x80,0xFF,0xFF,0xFF,0x07,0x00,0x00,0x00,0xC0,0xFF,0xFF,0xFF,0x0F,0x00,0x00,0x00,0xE0,0xFF,0xFF,0xFF,0x1F,0x00,0x00,0x3E,0xF0,0x1F,0x00,0xE0,0x3F,0x00,0x00,0x3E,0xF8,0x03,0x00,0x00,0x7F,0x00,0x00,0x3E,0xF8,0x00,0x00,0x00,0x7C,0x00,0x00,0x3E,0x7C,0x00,0x00,0x00,0xF8,0x00,0x00,0x3E,0x7C,0x00,0x00,0x00,0xF0,0x00,0x00,0x00,0x3C,0x00,0x00,0x00,0xF0,0x00,0x00,0x00,0x3C,0x00,0x00,0x00,0xF0,0x00,0x00,0x00,0x3C,0x00,0x00,0x00,0xF0,0x00,0x00,0x00,0x3C,0x00,0x00,0x00,0xF0,0x00,0x00,0x3E,0x7C,0x00,0x00,0x00,0xF0,0x00,0x00,0x3E,0x7C,0x00,0x00,0x00,0xF8,0x00,0x00,0x3E,0xF8,0x00,0x00,0x00,0x7C,0x00,0x00,0x3E,0xF8,0x03,0x00,0x00,0x7F,0x00,0x00,0x3E,0xF0,0x3F,0x00,0xF0,0x3F,0x00,0x00,0x00,0xE0,0xFF,0xFF,0xFF,0x1F,0x00,0x00,0x00,0xC0,0xFF,0xFF,0xFF,0x0F,0x00,0x00,0x00,0x00,0xFF,0xFF,0xFF,0x03,0x00,0x00,0x00,0x00,0xFC,0xFF,0xFF,0x00,0x00,0x00,0x00,0x00,0xC0,0xFF,0x0F,	// 214
	0x00,0x00,0x00,0x00,0x00,0x00,0x00,0x00,0x00,0x00,0x00,0x00,0x00,0x00,0x00,0x00,0x00,0x00,0x00,0x00,0x00,0x00,0x00,0x00,0x00,0x00,0x00,0x00,0x00,0x00,0x00,0x00,0x00,0x00,0x40,0x00,0x00,0x01,0x00,0x00,0x00,0x00,0xE0,0x00,0x80,0x03,0x00,0x00,0x00,0x00,0xF0,0x01,0xC0,0x07,0x00,0x00,0x00,0x00,0xE0,0x03,0xE0,0x03,0x00,0x00,0x00,0x00,0xC0,0x07,0xF0,0x01,0x00,0x00,0x00,0x00,0x80,0x0F,0xF8,0x00,0x00,0x00,0x00,0x00,0x00,0x1F,0x7C,0x00,0x00,0x00,0x00,0x00,0x00,0x3E,0x3E,0x00,0x00,0x00,0x00,0x00,0x00,0x7C,0x1F,0x00,0x00,0x00,0x00,0x00,0x00,0xF8,0x0F,0x00,0x00,0x00,0x00,0x00,0x00,0xF0,0x07,0x00,0x00,0x00,0x00,0x00,0x00,0xE0,0x03,0x00,0x00,0x00,0x00,0x00,0x00,0xF0,0x07,0x00,0x00,0x00,0x00,0x00,0x00,0xF8,0x0F,0x00,0x00,0x00,0x00,0x00,0x00,0x7C,0x1F,0x00,0x00,0x00,0x00,0x00,0x00,0x3E,0x3E,0x00,0x00,0x00,0x00,0x00,0x00,0x1F,0x7C,0x00,0x00,0x00,0x00,0x00,0x80,0x0F,0xF8,0x00,0x00,0x00,0x00,0x00,0xC0,0x07,0xF0,0x01,0x00,0x00,0x00,0x00,0xE0,0x03,0xE0,0x03,0x00,0x00,0x00,0x00,0xF0,0x01,0xC0,0x07,0x00,0x00,0x00,0x00,0xE0,0x00,0x80,0x03,0x00,0x00,0x00,0x00,0x40,0x00,0x00,0x01,	// 215
	0x00,0x00,0x00,0x00,0x00,0x00,0x00,0x00,0x00,0x00,0x00,0x00,0x00,0xE0,0x00,0x00,0x00,0x00,0x00,0x00,0x00,0xF0,0x01,0x00,0x00,0x00,0xC0,0xFF,0x1F,0xF8,0x00,0x00,0x00,0x00,0xFC,0xFF,0xFF,0x7F,0x00,0x00,0x00,0x80,0xFF,0xFF,0xFF,0x1F,0x00,0x00,0x00,0xC0,0xFF,0xFF,0xFF,0x0F,0x00,0x00,0x00,0xE0,0xFF,0xFF,0xFF,0x1F,0x00,0x00,0x00,0xF0,0x3F,0x00,0xF8,0x3F,0x00,0x00,0x00,0xF8,0x03,0x00,0x7C,0x7E,0x00,0x00,0x00,0xF8,0x00,0x00,0x3F,0x7C,0x00,0x00,0x00,0x7C,0x00,0x80,0x0F,0xF8,0x00,0x00,0x00,0x3C,0x00,0xC0,0x07,0xF0,0x00,0x00,0x00,0x3C,0x00,0xF0,0x01,0xF0,0x00,0x00,0x00,0x3C,0x00,0xF8,0x00,0xF0,0x00,0x00,0x00,0x3C,0x00,0x7E,0x00,0xF0,0x00,0x00,0x00,0x3C,0x00,0x1F,0x00,0xF0,0x00,0x00,0x00,0x7C,0xC0,0x0F,0x00,0xF0,0x00,0x00,0x00,0x7C,0xE0,0x03,0x00,0xF8,0x00,0x00,0x00,0xF8,0xF8,0x01,0x00,0x7C,0x00,0x00,0x00,0xF8,0x7F,0x00,0x00,0x7F,0x00,0x00,0x00,0xF0,0x3F,0x00,0xF0,0x3F,0x00,0x00,0x00,0xE0,0xFF,0xFF,0xFF,0x1F,0x00,0x00,0x00,0xC0,0xFF,0xFF,0xFF,0x0F,0x00,0x00,0x00,0xF0,0xFF,0xFF,0xFF,0x03,0x00,0x00,0x00,0xF8,0xFC,0xFF,0xFF,0x00,0x00,0x00,0x00,0x7E,0xC0,0xFF,0x0F,0x00,0x00,0x00,0x00,0x1C,0x00,0x00,0x00,0x00,0x00,0x00,0x00,0x0C,	// 216
	0x00,0x00,0x00,0x00,0x00,0x00,0x00,0x00,0x00,0x00,0x00,0x00,0x00,0x00,0x00,0x00,0x00,0x00,0x00,0x00,0x00,0x00,0x00,0x00,0x00,0x00,0x00,0x00,0x00,0x00,0x00,0x00,0x00,0xF8,0xFF,0xFF,0xFF,0x00,0x00,0x00,0x00,0xF8,0xFF,0xFF,0xFF,0x07,0x00,0x00,0x00,0xF8,0xFF,0xFF,0xFF,0x1F,0x00,0x00,0x00,0xF8,0xFF,0xFF,0xFF,0x3F,0x00,0x00,0x00,0xF8,0xFF,0xFF,0xFF,0x3F,0x00,0x00,0x02,0x00,0x00,0x00,0x00,0x7E,0x00,0x00,0x06,0x00,0x00,0x00,0x00,0x7C,0x00,0x00,0x0E,0x00,0x00,0x00,0x00,0x78,0x00,0x00,0x1E,0x00,0x00,0x00,0x00,0xF0,0x00,0x00,0x3E,0x00,0x00,0x00,0x00,0xF0,0x00,0x00,0x7C,0x00,0x00,0x00,0x00,0xF0,0x00,0x00,0x70,0x00,0x00,0x00,0x00,0xF0,0x00,0x00,0x60,0x00,0x00,0x00,0x00,0xF0,0x00,0x00,0x40,0x00,0x00,0x00,0x00,0xF0,0x00,0x00,0x00,0x00,0x00,0x00,0x00,0xF0,0x00,0x00,0x00,0x00,0x00,0x00,0x00,0xF8,0x00,0x00,0x00,0x00,0x00,0x00,0x00,0x7C,0x00,0x00,0x00,0x00,0x00,0x00,0x00,0x7E,0x00,0x00,0x00,0xF8,0xFF,0xFF,0xFF,0x3F,0x00,0x00,0x00,0xF8,0xFF,0xFF,0xFF,0x3F,0x00,0x00,0x00,0xF8,0xFF,0xFF,0xFF,0x1F,0x00,0x00,0x00,0xF8,0xFF,0xFF,0xFF,0x07,0x00,0x00,0x00,0xF8,0xFF,0xFF,0xFF,	// 217
	0x00,0x00,0x00,0x00,0x00,0x00,0x00,0x00,0x00,0x00,0x00,0x00,0x00,0x00,0x00,0x00,0x00,0x00,0x00,0x00,0x00,0x00,0x00,0x00,0x00,0x00,0x00,0x00,0x00,0x00,0x00,0x00,0x00,0xF8,0xFF,0xFF,0xFF,0x00,0x00,0x00,0x00,0xF8,0xFF,0xFF,0xFF,0x07,0x00,0x00,0x00,0xF8,0xFF,0xFF,0xFF,0x1F,0x00,0x00,0x00,0xF8,0xFF,0xFF,0xFF,0x3F,0x00,0x00,0x00,0xF8,0xFF,0xFF,0xFF,0x3F,0x00,0x00,0x00,0x00,0x00,0x00,0x00,0x7E,0x00,0x00,0x00,0x00,0x00,0x00,0x00,0x7C,0x00,0x00,0x00,0x00,0x00,0x00,0x00,0x78,0x00,0x00,0x40,0x00,0x00,0x00,0x00,0xF0,0x00,0x00,0x60,0x00,0x00,0x00,0x00,0xF0,0x00,0x00,0x70,0x00,0x00,0x00,0x00,0xF0,0x00,0x00,0x7C,0x00,0x00,0x00,0x00,0xF0,0x00,0x00,0x3E,0x00,0x00,0x00,0x00,0xF0,0x00,0x00,0x1E,0x00,0x00,0x00,0x00,0xF0,0x00,0x00,0x0E,0x00,0x00,0x00,0x00,0xF0,0x00,0x00,0x06,0x00,0x00,0x00,0x00,0xF8,0x00,0x00,0x02,0x00,0x00,0x00,0x00,0x7C,0x00,0x00,0x00,0x00,0x00,0x00,0x00,0x7E,0x00,0x00,0x00,0xF8,0xFF,0xFF,0xFF,0x3F,0x00,0x00,0x00,0xF8,0xFF,0xFF,0xFF,0x3F,0x00,0x00,0x00,0xF8,0xFF,0xFF,0xFF,0x1F,0x00,0x00,0x00,0xF8,0xFF,0xFF,0xFF,0x07,0x00,0x00,0x00,0xF8,0xFF,0xFF,0xFF,	// 218
	0x00,0x00,0x00,0x00,0x00,0x00,0x00,0x00,0x00,0x00,0x00,0x00,0x00,0x00,0x00,0x00,0x00,0x00,0x00,0x00,0x00,0x00,0x00,0x00,0x00,0x00,0x00,0x00,0x00,0x00,0x00,0x00,0x00,0xF8,0xFF,0xFF,0xFF,0x00,0x00,0x00,0x00,0xF8,0xFF,0xFF,0xFF,0x07,0x00,0x00,0x00,0xF8,0xFF,0xFF,0xFF,0x1F,0x00,0x00,0x00,0xF8,0xFF,0xFF,0xFF,0x3F,0x00,0x00,0x40,0xF8,0xFF,0xFF,0xFF,0x3F,0x00,0x00,0x60,0x00,0x00,0x00,0x00,0x7E,0x00,0x00,0x70,0x00,0x00,0x00,0x00,0x7C,0x00,0x00,0x7C,0x00,0x00,0x00,0x00,0x78,0x00,0x00,0x3E,0x00,0x00,0x00,0x00,0xF0,0x00,0x00,0x1F,0x00,0x00,0x00,0x00,0xF0,0x00,0x00,0x07,0x00,0x00,0x00,0x00,0xF0,0x00,0x00,0x03,0x00,0x00,0x00,0x00,0xF0,0x00,0x00,0x07,0x00,0x00,0x00,0x00,0xF0,0x00,0x00,0x1F,0x00,0x00,0x00,0x00,0xF0,0x00,0x00,0x3E,0x00,0x00,0x00,0x00,0xF0,0x00,0x00,0x7C,0x00,0x00,0x00,0x00,0xF8,0x00,0x00,0x70,0x00,0x00,0x00,0x00,0x7C,0x00,0x00,0x60,0x00,0x00,0x00,0x00,0x7E,0x00,0x00,0x40,0xF8,0xFF,0xFF,0xFF,0x3F,0x00,0x00,0x00,0xF8,0xFF,0xFF,0xFF,0x3F,0x00,0x00,0x00,0xF8,0xFF,0xFF,0xFF,0x1F,0x00,0x00,0x00,0xF8,0xFF,0xFF,0xFF,0x07,0x00,0x00,0x00,0xF8,0xFF,0xFF,0xFF,	// 219
	0x00,0x00,0x00,0x00,0x00,0x00,0x00,0x00,0x00,0x00,0x00,0x00,0x00,0x00,0x00,0x00,0x00,0x00,0x00,0x00,0x00,0x00,0x00,0x00,0x00,0x00,0x00,0x00,0x00,0x00,0x00,0x00,0x00,0xF8,0xFF,0xFF,0xFF,0x00,0x00,0x00,0x00,0xF8,0xFF,0xFF,0xFF,0x07,0x00,0x00,0x00,0xF8,0xFF,0xFF,0xFF,0x1F,0x00,0x00,0x00,0xF8,0xFF,0xFF,0xFF,0x3F,0x00,0x00,0x3E,0xF8,0xFF,0xFF,0xFF,0x3F,0x00,0x00,0x3E,0x00,0x00,0x00,0x00,0x7E,0x00,0x00,0x3E,0x00,0x00,0x00,0x00,0x7C,0x00,0x00,0x3E,0x00,0x00,0x00,0x00,0x78,0x00,0x00,0x3E,0x00,0x00,0x00,0x00,0xF0,0x00,0x00,0x00,0x00,0x00,0x00,0x00,0xF0,0x00,0x00,0x00,0x00,0x00,0x00,0x00,0xF0,0x00,0x00,0x00,0x00,0x00,0x00,0x00,0xF0,0x00,0x00,0x00,0x00,0x00,0x00,0x00,0xF0,0x00,0x00,0x00,0x00,0x00,0x00,0x00,0xF0,0x00,0x00,0x3E,0x00,0x00,0x00,0x00,0xF0,0x00,0x00,0x3E,0x00,0x00,0x00,0x00,0xF8,0x00,0x00,0x3E,0x00,0x00,0x00,0x00,0x7C,0x00,0x00,0x3E,0x00,0x00,0x00,0x00,0x7E,0x00,0x00,0x3E,0xF8,0xFF,0xFF,0xFF,0x3F,0x00,0x00,0x00,0xF8,0xFF,0xFF,0xFF,0x3F,0x00,0x00,0x00,0xF8,0xFF,0xFF,0xFF,0x1F,0x00,0x00,0x00,0xF8,0xFF,0xFF,0xFF,0x07,0x00,0x00,0x00,0xF8,0xFF,0xFF,0xFF,	// 220
	0x00,0x00,0x00,0x00,0x00,0x00,0x00,0x00,0x00,0x08,0x00,0x00,0x00,0x00,0x00,0x00,0x00,0x18,0x00,0x00,0x00,0x00,0x00,0x00,0x00,0x78,0x00,0x00,0x00,0x00,0x00,0x00,0x00,0xF8,0x01,0x00,0x00,0x00,0x00,0x00,0x00,0xF8,0x03,0x00,0x00,0x00,0x00,0x00,0x00,0xF8,0x0F,0x00,0x00,0x00,0x00,0x00,0x00,0xF0,0x3F,0x00,0x00,0x00,0x00,0x00,0x00,0xC0,0x7F,0x00,0x00,0x00,0x00,0x00,0x00,0x80,0xFF,0x01,0x00,0x00,0x00,0x00,0x00,0x00,0xFE,0x07,0x00,0x00,0x00,0x00,0x00,0x00,0xF8,0x0F,0x00,0x00,0x00,0x00,0x40,0x00,0xF0,0x3F,0x00,0x00,0x00,0x00,0x60,0x00,0xC0,0xFF,0xFF,0x7F,0x00,0x00,0x70,0x00,0x00,0xFF,0xFF,0x7F,0x00,0x00,0x7C,0x00,0x00,0xFE,0xFF,0x7F,0x00,0x00,0x3E,0x00,0x00,0xFF,0xFF,0x7F,0x00,0x00,0x1E,0x00,0xC0,0xFF,0xFF,0x7F,0x00,0x00,0x0E,0x00,0xF0,0x3F,0x00,0x00,0x00,0x00,0x06,0x00,0xF8,0x0F,0x00,0x00,0x00,0x00,0x02,0x00,0xFE,0x07,0x00,0x00,0x00,0x00,0x00,0x80,0xFF,0x01,0x00,0x00,0x00,0x00,0x00,0xC0,0x7F,0x00,0x00,0x00,0x00,0x00,0x00,0xF0,0x3F,0x00,0x00,0x00,0x00,0x00,0x00,0xF8,0x0F,0x00,0x00,0x00,0x00,0x00,0x00,0xF8,0x03,0x00,0x00,0x00,0x00,0x00,0x00,0xF8,0x01,0x00,0x00,0x00,0x00,0x00,0x00,0x78,0x00,0x00,0x00,0x00,0x00,0x00,0x00,0x38,0x00,0x00,0x00,0x00,0x00,0x00,0x00,0x08,	// 221
	0x00,0x00,0x00,0x00,0x00,0x00,0x00,0x00,0x00,0x00,0x00,0x00,0x00,0x00,0x00,0x00,0x00,0x00,0x00,0x00,0x00,0x00,0x00,0x00,0x00,0x00,0x00,0x00,0x00,0x00,0x00,0x00,0x00,0x00,0x00,0x00,0x00,0x00,0x00,0x00,0x00,0xF8,0xFF,0xFF,0xFF,0x7F,0x00,0x00,0x00,0xF8,0xFF,0xFF,0xFF,0x7F,0x00,0x00,0x00,0xF8,0xFF,0xFF,0xFF,0x7F,0x00,0x00,0x00,0xF8,0xFF,0xFF,0xFF,0x7F,0x00,0x00,0x00,0xF8,0xFF,0xFF,0xFF,0x7F,0x00,0x00,0x00,0x00,0x3C,0x00,0x78,0x00,0x00,0x00,0x00,0x00,0x3C,0x00,0x78,0x00,0x00,0x00,0x00,0x00,0x3C,0x00,0x78,0x00,0x00,0x00,0x00,0x00,0x3C,0x00,0x78,0x00,0x00,0x00,0x00,0x00,0x3C,0x00,0x78,0x00,0x00,0x00,0x00,0x00,0x3C,0x00,0x78,0x00,0x00,0x00,0x00,0x00,0x3C,0x00,0x78,0x00,0x00,0x00,0x00,0x00,0x3C,0x00,0x78,0x00,0x00,0x00,0x00,0x00,0x3C,0x00,0x78,0x00,0x00,0x00,0x00,0x00,0x7C,0x00,0x7C,0x00,0x00,0x00,0x00,0x00,0x7C,0x00,0x7C,0x00,0x00,0x00,0x00,0x00,0xF8,0x00,0x3E,0x00,0x00,0x00,0x00,0x00,0xF8,0x83,0x3F,0x00,0x00,0x00,0x00,0x00,0xF8,0xFF,0x3F,0x00,0x00,0x00,0x00,0x00,0xF0,0xFF,0x1F,0x00,0x00,0x00,0x00,0x00,0xE0,0xFF,0x0F,0x00,0x00,0x00,0x00,0x00,0xC0,0xFF,0x07,0x00,0x00,0x00,0x00,0x00,0x00,0xFE,	// 222
	0x00,0x00,0x00,0x00,0x00,0x00,0x00,0x00,0x00,0x00,0x00,0x00,0x00,0x00,0x00,0x00,0x00,0x00,0x00,0x00,0x00,0x00,0x00,0x00,0x00,0x00,0x00,0x00,0x00,0x00,0x00,0x00,0x00,0x00,0x00,0x00,0x00,0x00,0x00,0x00,0x00,0x80,0xFF,0xFF,0xFF,0x7F,0x00,0x00,0x00,0xE0,0xFF,0xFF,0xFF,0x7F,0x00,0x00,0x00,0xF0,0xFF,0xFF,0xFF,0x7F,0x00,0x00,0x00,0xF8,0xFF,0xFF,0xFF,0x7F,0x00,0x00,0x00,0xFC,0xFF,0xFF,0xFF,0x7F,0x00,0x00,0x00,0xFC,0x00,0x00,0x00,0x00,0x00,0x00,0x00,0x3E,0x00,0x00,0x00,0x00,0x00,0x00,0x00,0x3E,0x00,0x00,0x00,0x78,0x00,0x00,0x00,0x1E,0x00,0x1F,0x00,0x78,0x00,0x00,0x00,0x1E,0xC0,0x7F,0x00,0xF0,0x00,0x00,0x00,0x1E,0xE0,0xFF,0x00,0xF0,0x00,0x00,0x00,0x1E,0xF0,0xFF,0x01,0xF0,0x00,0x00,0x00,0x3E,0xF8,0xF0,0x03,0xF0,0x00,0x00,0x00,0x3E,0x38,0xE0,0x03,0xF0,0x00,0x00,0x00,0xFC,0x38,0xC0,0x07,0xF0,0x00,0x00,0x00,0xFC,0x1F,0x80,0x0F,0xF8,0x00,0x00,0x00,0xF8,0x1F,0x80,0x0F,0xF8,0x00,0x00,0x00,0xF0,0x0F,0x00,0x3F,0x7C,0x00,0x00,0x00,0xE0,0x0F,0x00,0xFF,0x7F,0x00,0x00,0x00,0x00,0x0F,0x00,0xFE,0x3F,0x00,0x00,0x00,0x00,0x00,0x00,0xFC,0x3F,0x00,0x00,0x00,0x00,0x00,0x00,0xF8,0x1F,0x00,0x00,0x00,0x00,0x00,0x00,0xE0,0x07,	// 223
	0x00,0x00,0x00,0x00,0x00,0x00,0x00,0x00,0x00,0x00,0x00,0x00,0x00,0x00,0x00,0x00,0x00,0x00,0x00,0x00,0x00,0x00,0x00,0x00,0x00,0x00,0x00,0x00,0xF0,0x07,0x00,0x00,0x00,0x00,0x00,0x00,0xFC,0x1F,0x00,0x00,0x00,0x00,0xC0,0x03,0xFE,0x3F,0x00,0x00,0x00,0x00,0xE0,0x01,0xFF,0x3F,0x00,0x00,0x80,0x00,0xE0,0x01,0xFF,0x7F,0x00,0x00,0x80,0x01,0xF0,0x80,0x1F,0x7C,0x00,0x00,0x80,0x03,0xF0,0x80,0x0F,0xF8,0x00,0x00,0x80,0x07,0x70,0xC0,0x07,0xF8,0x00,0x00,0x80,0x0F,0x78,0xC0,0x07,0xF0,0x00,0x00,0x00,0x1F,0x78,0xC0,0x03,0xF0,0x00,0x00,0x00,0x3E,0x78,0xC0,0x03,0xF0,0x00,0x00,0x00,0x7C,0x78,0xC0,0x03,0xF0,0x00,0x00,0x00,0xF0,0x78,0xC0,0x03,0xF0,0x00,0x00,0x00,0xE0,0x78,0xC0,0x03,0x78,0x00,0x00,0x00,0xC0,0x78,0xC0,0x03,0x78,0x00,0x00,0x00,0x80,0xF8,0xC0,0x03,0x3C,0x00,0x00,0x00,0x00,0xF0,0xC1,0x03,0x1E,0x00,0x00,0x00,0x00,0xF0,0xC3,0x83,0x0F,0x00,0x00,0x00,0x00,0xE0,0xFF,0xFF,0x7F,0x00,0x00,0x00,0x00,0xE0,0xFF,0xFF,0x7F,0x00,0x00,0x00,0x00,0xC0,0xFF,0xFF,0x7F,0x00,0x00,0x00,0x00,0x80,0xFF,0xFF,0x7F,0x00,0x00,0x00,0x00,0x00,0xFC,0xFF,0x7F,	// 224
	0x00,0x00,0x00,0x00,0x00,0x00,0x00,0x00,0x00,0x00,0x00,0x00,0x00,0x00,0x00,0x00,0x00,0x00,0x00,0x00,0x00,0x00,0x00,0x00,0x00,0x00,0x00,0x00,0xF0,0x07,0x00,0x00,0x00,0x00,0x00,0x00,0xFC,0x1F,0x00,0x00,0x00,0x00,0xC0,0x03,0xFE,0x3F,0x00,0x00,0x00,0x00,0xE0,0x01,0xFF,0x3F,0x00,0x00,0x00,0x00,0xE0,0x01,0xFF,0x7F,0x00,0x00,0x00,0x00,0xF0,0x80,0x1F,0x7C,0x00,0x00,0x00,0x00,0xF0,0x80,0x0F,0xF8,0x00,0x00,0x00,0x00,0x70,0xC0,0x07,0xF8,0x00,0x00,0x00,0x00,0x78,0xC0,0x07,0xF0,0x00,0x00,0x00,0x80,0x78,0xC0,0x03,0xF0,0x00,0x00,0x00,0xC0,0x78,0xC0,0x03,0xF0,0x00,0x00,0x00,0xE0,0x78,0xC0,0x03,0xF0,0x00,0x00,0x00,0xF0,0x78,0xC0,0x03,0xF0,0x00,0x00,0x00,0x7C,0x78,0xC0,0x03,0x78,0x00,0x00,0x00,0x3E,0x78,0xC0,0x03,0x78,0x00,0x00,0x00,0x1F,0xF8,0xC0,0x03,0x3C,0x00,0x00,0x80,0x0F,0xF0,0xC1,0x03,0x1E,0x00,0x00,0x80,0x07,0xF0,0xC3,0x83,0x0F,0x00,0x00,0x80,0x03,0xE0,0xFF,0xFF,0x7F,0x00,0x00,0x80,0x01,0xE0,0xFF,0xFF,0x7F,0x00,0x00,0x80,0x00,0xC0,0xFF,0xFF,0x7F,0x00,0x00,0x00,0x00,0x80,0xFF,0xFF,0x7F,0x00,0x00,0x00,0x00,0x00,0xFC,0xFF,0x7F,	// 225
	0x00,0x00,0x00,0x00,0x00,0x00,0x00,0x00,0x00,0x00,0x00,0x00,0x00,0x00,0x00,0x00,0x00,0x00,0x00,0x00,0x00,0x00,0x00,0x00,0x00,0x00,0x00,0x00,0xF0,0x07,0x00,0x00,0x00,0x00,0x00,0x00,0xFC,0x1F,0x00,0x00,0x00,0x00,0xC0,0x03,0xFE,0x3F,0x00,0x00,0x00,0x00,0xE0,0x01,0xFF,0x3F,0x00,0x00,0x00,0x80,0xE0,0x01,0xFF,0x7F,0x00,0x00,0x00,0xC0,0xF0,0x80,0x1F,0x7C,0x00,0x00,0x00,0xF0,0xF0,0x80,0x0F,0xF8,0x00,0x00,0x00,0xF8,0x70,0xC0,0x07,0xF8,0x00,0x00,0x00,0x7E,0x78,0xC0,0x07,0xF0,0x00,0x00,0x00,0x1F,0x78,0xC0,0x03,0xF0,0x00,0x00,0x80,0x0F,0x78,0xC0,0x03,0xF0,0x00,0x00,0x80,0x07,0x78,0xC0,0x03,0xF0,0x00,0x00,0x80,0x07,0x78,0xC0,0x03,0xF0,0x00,0x00,0x80,0x0F,0x78,0xC0,0x03,0x78,0x00,0x00,0x00,0x1F,0x78,0xC0,0x03,0x78,0x00,0x00,0x00,0x7E,0xF8,0xC0,0x03,0x3C,0x00,0x00,0x00,0xF8,0xF0,0xC1,0x03,0x1E,0x00,0x00,0x00,0xF0,0xF0,0xC3,0x83,0x0F,0x00,0x00,0x00,0xC0,0xE0,0xFF,0xFF,0x7F,0x00,0x00,0x00,0x80,0xE0,0xFF,0xFF,0x7F,0x00,0x00,0x00,0x00,0xC0,0xFF,0xFF,0x7F,0x00,0x00,0x00,0x00,0x80,0xFF,0xFF,0x7F,0x00,0x00,0x00,0x00,0x00,0xFC,0xFF,0x7F,	// 226
	0x00,0x00,0x00,0x00,0x00,0x00,0x00,0x00,0x00,0x00,0x00,0x00,0x00,0x00,0x00,0x00,0x00,0x00,0x00,0x00,0x00,0x00,0x00,0x00,0x00,0x00,0x00,0x00,0xF0,0x07,0x00,0x00,0x00,0x00,0x00,0x00,0xFC,0x1F,0x00,0x00,0x00,0x00,0xC0,0x03,0xFE,0x3F,0x00,0x00,0x00,0x00,0xE0,0x01,0xFF,0x3F,0x00,0x00,0x00,0x78,0xE0,0x01,0xFF,0x7F,0x00,0x00,0x00,0x7C,0xF0,0x80,0x1F,0x7C,0x00,0x00,0x00,0x7E,0xF0,0x80,0x0F,0xF8,0x00,0x00,0x00,0x0F,0x70,0xC0,0x07,0xF8,0x00,0x00,0x00,0x07,0x78,0xC0,0x07,0xF0,0x00,0x00,0x00,0x07,0x78,0xC0,0x03,0xF0,0x00,0x00,0x00,0x0F,0x78,0xC0,0x03,0xF0,0x00,0x00,0x00,0x1E,0x78,0xC0,0x03,0xF0,0x00,0x00,0x00,0x3C,0x78,0xC0,0x03,0xF0,0x00,0x00,0x00,0x78,0x78,0xC0,0x03,0x78,0x00,0x00,0x00,0x70,0x78,0xC0,0x03,0x78,0x00,0x00,0x00,0x70,0xF8,0xC0,0x03,0x3C,0x00,0x00,0x00,0x78,0xF0,0xC1,0x03,0x1E,0x00,0x00,0x00,0x3F,0xF0,0xC3,0x83,0x0F,0x00,0x00,0x00,0x3F,0xE0,0xFF,0xFF,0x7F,0x00,0x00,0x00,0x0F,0xE0,0xFF,0xFF,0x7F,0x00,0x00,0x00,0x00,0xC0,0xFF,0xFF,0x7F,0x00,0x00,0x00,0x00,0x80,0xFF,0xFF,0x7F,0x00,0x00,0x00,0x00,0x00,0xFC,0xFF,0x7F,	// 227
	0x00,0x00,0x00,0x00,0x00,0x00,0x00,0x00,0x00,0x00,0x00,0x00,0x00,0x00,0x00,0x00,0x00,0x00,0x00,0x00,0x00,0x00,0x00,0x00,0x00,0x00,0x00,0x00,0xF0,0x07,0x00,0x00,0x00,0x00,0x00,0x00,0xFC,0x1F,0x00,0x00,0x00,0x00,0xC0,0x03,0xFE,0x3F,0x00,0x00,0x00,0x00,0xE0,0x01,0xFF,0x3F,0x00,0x00,0x00,0x00,0xE0,0x01,0xFF,0x7F,0x00,0x00,0x00,0x3E,0xF0,0x80,0x1F,0x7C,0x00,0x00,0x00,0x3E,0xF0,0x80,0x0F,0xF8,0x00,0x00,0x00,0x3E,0x70,0xC0,0x07,0xF8,0x00,0x00,0x00,0x3E,0x78,0xC0,0x07,0xF0,0x00,0x00,0x00,0x3E,0x78,0xC0,0x03,0xF0,0x00,0x00,0x00,0x00,0x78,0xC0,0x03,0xF0,0x00,0x00,0x00,0x00,0x78,0xC0,0x03,0xF0,0x00,0x00,0x00,0x00,0x78,0xC0,0x03,0xF0,0x00,0x00,0x00,0x00,0x78,0xC0,0x03,0x78,0x00,0x00,0x00,0x00,0x78,0xC0,0x03,0x78,0x00,0x00,0x00,0x3E,0xF8,0xC0,0x03,0x3C,0x00,0x00,0x00,0x3E,0xF0,0xC1,0x03,0x1E,0x00,0x00,0x00,0x3E,0xF0,0xC3,0x83,0x0F,0x00,0x00,0x00,0x3E,0xE0,0xFF,0xFF,0x7F,0x00,0x00,0x00,0x3E,0xE0,0xFF,0xFF,0x7F,0x00,0x00,0x00,0x00,0xC0,0xFF,0xFF,0x7F,0x00,0x00,0x00,0x00,0x80,0xFF,0xFF,0x7F,0x00,0x00,0x00,0x00,0x00,0xFC,0xFF,0x7F,	// 228
	0x00,0x00,0x00,0x00,0x00,0x00,0x00,0x00,0x00,0x00,0x00,0x00,0x00,0x00,0x00,0x00,0x00,0x00,0x00,0x00,0x00,0x00,0x00,0x00,0x00,0x00,0x00,0x00,0xF0,0x07,0x00,0x00,0x00,0x00,0x00,0x00,0xFC,0x1F,0x00,0x00,0x00,0x00,0xC0,0x03,0xFE,0x3F,0x00,0x00,0x00,0x00,0xE0,0x01,0xFF,0x3F,0x00,0x00,0x00,0x00,0xE0,0x01,0xFF,0x7F,0x00,0x00,0x80,0x0F,0xF0,0x80,0x1F,0x7C,0x00,0x00,0xE0,0x3F,0xF0,0x80,0x0F,0xF8,0x00,0x00,0xF0,0x7F,0x70,0xC0,0x07,0xF8,0x00,0x00,0xF0,0x78,0x78,0xC0,0x07,0xF0,0x00,0x00,0x78,0xF0,0x78,0xC0,0x03,0xF0,0x00,0x00,0x38,0xE0,0x78,0xC0,0x03,0xF0,0x00,0x00,0x38,0xE0,0x78,0xC0,0x03,0xF0,0x00,0x00,0x38,0xE0,0x78,0xC0,0x03,0xF0,0x00,0x00,0x78,0xF0,0x78,0xC0,0x03,0x78,0x00,0x00,0xF0,0x78,0x78,0xC0,0x03,0x78,0x00,0x00,0xF0,0x7F,0xF8,0xC0,0x03,0x3C,0x00,0x00,0xE0,0x3F,0xF0,0xC1,0x03,0x1E,0x00,0x00,0x80,0x0F,0xF0,0xC3,0x83,0x0F,0x00,0x00,0x00,0x00,0xE0,0xFF,0xFF,0x7F,0x00,0x00,0x00,0x00,0xE0,0xFF,0xFF,0x7F,0x00,0x00,0x00,0x00,0xC0,0xFF,0xFF,0x7F,0x00,0x00,0x00,0x00,0x80,0xFF,0xFF,0x7F,0x00,0x00,0x00,0x00,0x00,0xFC,0xFF,0x7F,	// 229
	0x00,0x00,0x00,0x00,0x00,0x00,0x00,0x00,0x00,0x00,0x00,0x00,0xF8,0x07,0x00,0x00,0x00,0x00,0x00,0x00,0xFE,0x1F,0x00,0x00,0x00,0x00,0xE0,0x01,0xFF,0x3F,0x00,0x00,0x00,0x00,0xF0,0x80,0xFF,0x7F,0x00,0x00,0x00,0x00,0xF0,0x80,0x0F,0x7C,0x00,0x00,0x00,0x00,0x78,0x80,0x07,0xF8,0x00,0x00,0x00,0x00,0x78,0xC0,0x07,0xF0,0x00,0x00,0x00,0x00,0x78,0xC0,0x03,0xF0,0x00,0x00,0x00,0x00,0x78,0xC0,0x03,0xF0,0x00,0x00,0x00,0x00,0x78,0xC0,0x03,0xF0,0x00,0x00,0x00,0x00,0xF8,0xC0,0x03,0x78,0x00,0x00,0x00,0x00,0xF0,0xC1,0x03,0x7E,0x00,0x00,0x00,0x00,0xF0,0xFF,0xFF,0x3F,0x00,0x00,0x00,0x00,0xC0,0xFF,0xFF,0x1F,0x00,0x00,0x00,0x00,0xE0,0xFF,0xFF,0x1F,0x00,0x00,0x00,0x00,0xF0,0xFF,0xFF,0x3F,0x00,0x00,0x00,0x00,0xF0,0xC1,0x03,0x7E,0x00,0x00,0x00,0x00,0xF8,0xC0,0x03,0x78,0x00,0x00,0x00,0x00,0x78,0xC0,0x03,0xF8,0x00,0x00,0x00,0x00,0x78,0xC0,0x03,0xF0,0x00,0x00,0x00,0x00,0x78,0xC0,0x03,0xF0,0x00,0x00,0x00,0x00,0x78,0xC0,0x03,0xF0,0x00,0x00,0x00,0x00,0xF8,0xC0,0x03,0xF0,0x00,0x00,0x00,0x00,0xF0,0xC1,0x03,0xF0,0x00,0x00,0x00,0x00,0xF0,0xFF,0x03,0x78,0x00,0x00,0x00,0x00,0xE0,0xFF,0x03,0x3C,0x00,0x00,0x00,0x00,0xC0,0xFF,0x03,0x3C,0x00,0x00,0x00,0x00,0x00,0xFE,0x03,	// 230
	0x00,0x00,0x00,0x00,0x00,0x00,0x00,0x00,0x00,0x00,0x00,0x00,0x00,0x00,0x00,0x00,0x00,0x00,0x00,0x00,0x00,0x00,0x00,0x00,0x00,0x00,0x00,0x00,0x00,0x00,0x00,0x00,0x00,0x00,0x00,0x00,0x00,0x00,0x00,0x00,0x00,0x00,0x00,0xE0,0x3F,0x00,0x00,0x00,0x00,0x00,0x00,0xFC,0xFF,0x01,0x00,0x00,0x00,0x00,0x00,0xFF,0xFF,0x07,0x00,0x00,0x00,0x00,0x80,0xFF,0xFF,0x0F,0x00,0x00,0x00,0x00,0xC0,0xFF,0xFF,0x1F,0x00,0x00,0x00,0x00,0xE0,0x1F,0xC0,0x3F,0x00,0x00,0x00,0x00,0xE0,0x07,0x00,0x3F,0x00,0x00,0x00,0x00,0xF0,0x01,0x00,0x7C,0x00,0x00,0x00,0x00,0xF0,0x00,0x00,0x7C,0xE0,0x01,0x00,0x00,0xF8,0x00,0x00,0xF8,0xC0,0x01,0x00,0x00,0x78,0x00,0x00,0xF0,0xC0,0x01,0x00,0x00,0x78,0x00,0x00,0xF0,0xC0,0x01,0x00,0x00,0x78,0x00,0x00,0xF0,0xC0,0x01,0x00,0x00,0x78,0x00,0x00,0xF0,0xC1,0x01,0x00,0x00,0x78,0x00,0x00,0xF0,0xE3,0x01,0x00,0x00,0x78,0x00,0x00,0xF0,0xFF,0x00,0x00,0x00,0x78,0x00,0x00,0xF0,0xFE,0x00,0x00,0x00,0xF0,0x00,0x00,0x78,0x7C,0x00,0x00,0x00,0xF0,0x00,0x00,0x78,0x00,0x00,0x00,0x00,0xF0,0x01,0x00,0x7C,0x00,0x00,0x00,0x00,0xE0,0x03,0x00,0x3E,	// 231
	0x00,0x00,0x00,0x00,0x00,0x00,0x00,0x00,0x00,0x00,0x00,0x00,0x00,0x00,0x00,0x00,0x00,0x00,0x00,0x00,0x00,0x00,0x00,0x00,0x00,0x00,0x00,0xE0,0x3F,0x00,0x00,0x00,0x00,0x00,0x00,0xFC,0xFF,0x01,0x00,0x00,0x00,0x00,0x00,0xFF,0xFF,0x07,0x00,0x00,0x00,0x00,0x80,0xFF,0xFF,0x0F,0x00,0x00,0x80,0x00,0xC0,0xFF,0xFF,0x1F,0x00,0x00,0x80,0x01,0xE0,0xCF,0x83,0x3F,0x00,0x00,0x80,0x03,0xE0,0xC3,0x03,0x3E,0x00,0x00,0x80,0x07,0xF0,0xC1,0x03,0x7C,0x00,0x00,0x80,0x0F,0xF0,0xC0,0x03,0x78,0x00,0x00,0x00,0x1F,0xF8,0xC0,0x03,0xF8,0x00,0x00,0x00,0x3E,0x78,0xC0,0x03,0xF0,0x00,0x00,0x00,0x7C,0x78,0xC0,0x03,0xF0,0x00,0x00,0x00,0xF0,0x78,0xC0,0x03,0xF0,0x00,0x00,0x00,0xE0,0x78,0xC0,0x03,0xF0,0x00,0x00,0x00,0xC0,0x78,0xC0,0x03,0xF0,0x00,0x00,0x00,0x80,0xF8,0xC0,0x03,0xF0,0x00,0x00,0x00,0x00,0xF8,0xC0,0x03,0xF0,0x00,0x00,0x00,0x00,0xF0,0xC1,0x03,0x78,0x00,0x00,0x00,0x00,0xF0,0xC7,0x03,0x78,0x00,0x00,0x00,0x00,0xE0,0xFF,0x03,0x78,0x00,0x00,0x00,0x00,0xC0,0xFF,0x03,0x3C,0x00,0x00,0x00,0x00,0x80,0xFF,0x03,0x3C,0x00,0x00,0x00,0x00,0x00,0xFE,0x03,0x1E,0x00,0x00,0x00,0x00,0x00,0xF8,0x03,	// 232
	0x00,0x00,0x00,0x00,0x00,0x00,0x00,0x00,0x00,0x00,0x00,0x00,0x00,0x00,0x00,0x00,0x00,0x00,0x00,0x00,0x00,0x00,0x00,0x00,0x00,0x00,0x00,0xE0,0x3F,0x00,0x00,0x00,0x00,0x00,0x00,0xFC,0xFF,0x01,0x00,0x00,0x00,0x00,0x00,0xFF,0xFF,0x07,0x00,0x00,0x00,0x00,0x80,0xFF,0xFF,0x0F,0x00,0x00,0x00,0x00,0xC0,0xFF,0xFF,0x1F,0x00,0x00,0x00,0x00,0xE0,0xCF,0x83,0x3F,0x00,0x00,0x00,0x00,0xE0,0xC3,0x03,0x3E,0x00,0x00,0x00,0x00,0xF0,0xC1,0x03,0x7C,0x00,0x00,0x00,0x00,0xF0,0xC0,0x03,0x78,0x00,0x00,0x00,0x80,0xF8,0xC0,0x03,0xF8,0x00,0x00,0x00,0xC0,0x78,0xC0,0x03,0xF0,0x00,0x00,0x00,0xE0,0x78,0xC0,0x03,0xF0,0x00,0x00,0x00,0xF0,0x78,0xC0,0x03,0xF0,0x00,0x00,0x00,0x7C,0x78,0xC0,0x03,0xF0,0x00,0x00,0x00,0x3E,0x78,0xC0,0x03,0xF0,0x00,0x00,0x00,0x1F,0xF8,0xC0,0x03,0xF0,0x00,0x00,0x80,0x0F,0xF8,0xC0,0x03,0xF0,0x00,0x00,0x80,0x07,0xF0,0xC1,0x03,0x78,0x00,0x00,0x80,0x03,0xF0,0xC7,0x03,0x78,0x00,0x00,0x80,0x01,0xE0,0xFF,0x03,0x78,0x00,0x00,0x80,0x00,0xC0,0xFF,0x03,0x3C,0x00,0x00,0x00,0x00,0x80,0xFF,0x03,0x3C,0x00,0x00,0x00,0x00,0x00,0xFE,0x03,0x1E,0x00,0x00,0x00,0x00,0x00,0xF8,0x03,	// 233
	0x00,0x00,0x00,0x00,0x00,0x00,0x00,0x00,0x00,0x00,0x00,0x00,0x00,0x00,0x00,0x00,0x00,0x00,0x00,0x00,0x00,0x00,0x00,0x00,0x00,0x00,0x00,0xE0,0x3F,0x00,0x00,0x00,0x00,0x00,0x00,0xFC,0xFF,0x01,0x00,0x00,0x00,0x00,0x00,0xFF,0xFF,0x07,0x00,0x00,0x00,0x00,0x80,0xFF,0xFF,0x0F,0x00,0x00,0x00,0x80,0xC0,0xFF,0xFF,0x1F,0x00,0x00,0x00,0xC0,0xE0,0xCF,0x83,0x3F,0x00,0x00,0x00,0xF0,0xE0,0xC3,0x03,0x3E,0x00,0x00,0x00,0xF8,0xF0,0xC1,0x03,0x7C,0x00,0x00,0x00,0x7E,0xF0,0xC0,0x03,0x78,0x00,0x00,0x00,0x1F,0xF8,0xC0,0x03,0xF8,0x00,0x00,0x80,0x0F,0x78,0xC0,0x03,0xF0,0x00,0x00,0x80,0x07,0x78,0xC0,0x03,0xF0,0x00,0x00,0x80,0x07,0x78,0xC0,0x03,0xF0,0x00,0x00,0x80,0x0F,0x78,0xC0,0x03,0xF0,0x00,0x00,0x00,0x1F,0x78,0xC0,0x03,0xF0,0x00,0x00,0x00,0x7E,0xF8,0xC0,0x03,0xF0,0x00,0x00,0x00,0xF8,0xF8,0xC0,0x03,0xF0,0x00,0x00,0x00,0xF0,0xF0,0xC1,0x03,0x78,0x00,0x00,0x00,0xC0,0xF0,0xC7,0x03,0x78,0x00,0x00,0x00,0x80,0xE0,0xFF,0x03,0x78,0x00,0x00,0x00,0x00,0xC0,0xFF,0x03,0x3C,0x00,0x00,0x00,0x00,0x80,0xFF,0x03,0x3C,0x00,0x00,0x00,0x00,0x00,0xFE,0x03,0x1E,0x00,0x00,0x00,0x00,0x00,0xF8,0x03,	// 234
	0x00,0x00,0x00,0x00,0x00,0x00,0x00,0x00,0x00,0x00,0x00,0x00,0x00,0x00,0x00,0x00,0x00,0x00,0x00,0x00,0x00,0x00,0x00,0x00,0x00,0x00,0x00,0xE0,0x3F,0x00,0x00,0x00,0x00,0x00,0x00,0xFC,0xFF,0x01,0x00,0x00,0x00,0x00,0x00,0xFF,0xFF,0x07,0x00,0x00,0x00,0x00,0x80,0xFF,0xFF,0x0F,0x00,0x00,0x00,0x00,0xC0,0xFF,0xFF,0x1F,0x00,0x00,0x00,0x3E,0xE0,0xCF,0x83,0x3F,0x00,0x00,0x00,0x3E,0xE0,0xC3,0x03,0x3E,0x00,0x00,0x00,0x3E,0xF0,0xC1,0x03,0x7C,0x00,0x00,0x00,0x3E,0xF0,0xC0,0x03,0x78,0x00,0x00,0x00,0x3E,0xF8,0xC0,0x03,0xF8,0x00,0x00,0x00,0x00,0x78,0xC0,0x03,0xF0,0x00,0x00,0x00,0x00,0x78,0xC0,0x03,0xF0,0x00,0x00,0x00,0x00,0x78,0xC0,0x03,0xF0,0x00,0x00,0x00,0x00,0x78,0xC0,0x03,0xF0,0x00,0x00,0x00,0x00,0x78,0xC0,0x03,0xF0,0x00,0x00,0x00,0x3E,0xF8,0xC0,0x03,0xF0,0x00,0x00,0x00,0x3E,0xF8,0xC0,0x03,0xF0,0x00,0x00,0x00,0x3E,0xF0,0xC1,0x03,0x78,0x00,0x00,0x00,0x3E,0xF0,0xC7,0x03,0x78,0x00,0x00,0x00,0x3E,0xE0,0xFF,0x03,0x78,0x00,0x00,0x00,0x00,0xC0,0xFF,0x03,0x3C,0x00,0x00,0x00,0x00,0x80,0xFF,0x03,0x3C,0x00,0x00,0x00,0x00,0x00,0xFE,0x03,0x1E,0x00,0x00,0x00,0x00,0x00,0xF8,0x03,	// 235
	0x00,0x00,0x00,0x00,0x00,0x00,0x00,0x00,0x00,0x00,0x00,0x00,0x00,0x00,0x00,0x00,0x00,0x00,0x00,0x00,0x00,0x00,0x00,0x00,0x00,0x00,0x00,0x00,0x00,0x00,0x00,0x00,0x00,0x00,0x00,0x00,0x00,0x78,0x00,0x00,0x00,0x00,0x00,0x00,0x00,0x78,0x00,0x00,0x00,0x00,0xF0,0x00,0x00,0x78,0x00,0x00,0x80,0x00,0xF0,0x00,0x00,0x78,0x00,0x00,0x80,0x01,0xF0,0x00,0x00,0x78,0x00,0x00,0x80,0x03,0xF0,0x00,0x00,0x78,0x00,0x00,0x80,0x07,0xF0,0x00,0x00,0x78,0x00,0x00,0x80,0x0F,0xF0,0x00,0x00,0x78,0x00,0x00,0x00,0x1F,0xF0,0x00,0x00,0x78,0x00,0x00,0x00,0x3E,0xF0,0xFF,0xFF,0x7F,0x00,0x00,0x00,0x7C,0xF0,0xFF,0xFF,0x7F,0x00,0x00,0x00,0xF0,0xF0,0xFF,0xFF,0x7F,0x00,0x00,0x00,0xE0,0xF0,0xFF,0xFF,0x7F,0x00,0x00,0x00,0xC0,0xF0,0xFF,0xFF,0x7F,0x00,0x00,0x00,0x80,0x00,0x00,0x00,0x78,0x00,0x00,0x00,0x00,0x00,0x00,0x00,0x78,0x00,0x00,0x00,0x00,0x00,0x00,0x00,0x78,0x00,0x00,0x00,0x00,0x00,0x00,0x00,0x78,0x00,0x00,0x00,0x00,0x00,0x00,0x00,0x78,0x00,0x00,0x00,0x00,0x00,0x00,0x00,0x78,0x00,0x00,0x00,0x00,0x00,0x00,0x00,0x78,0x00,0x00,0x00,0x00,0x00,0x00,0x00,0x78,0x00,0x00,0x00,0x00,0x00,0x00,0x00,0x78,	// 236
	0x00,0x00,0x00,0x00,0x00,0x00,0x00,0x00,0x00,0x00,0x00,0x00,0x00,0x00,0x00,0x00,0x00,0x00,0x00,0x00,0x00,0x00,0x00,0x00,0x00,0x00,0x00,0x00,0x00,0x00,0x00,0x00,0x00,0x00,0x00,0x00,0x00,0x78,0x00,0x00,0x00,0x00,0x00,0x00,0x00,0x78,0x00,0x00,0x00,0x00,0xF0,0x00,0x00,0x78,0x00,0x00,0x00,0x00,0xF0,0x00,0x00,0x78,0x00,0x00,0x00,0x00,0xF0,0x00,0x00,0x78,0x00,0x00,0x00,0x00,0xF0,0x00,0x00,0x78,0x00,0x00,0x00,0x00,0xF0,0x00,0x00,0x78,0x00,0x00,0x00,0x00,0xF0,0x00,0x00,0x78,0x00,0x00,0x00,0x80,0xF0,0x00,0x00,0x78,0x00,0x00,0x00,0xC0,0xF0,0xFF,0xFF,0x7F,0x00,0x00,0x00,0xE0,0xF0,0xFF,0xFF,0x7F,0x00,0x00,0x00,0xF0,0xF0,0xFF,0xFF,0x7F,0x00,0x00,0x00,0x7C,0xF0,0xFF,0xFF,0x7F,0x00,0x00,0x00,0x3E,0xF0,0xFF,0xFF,0x7F,0x00,0x00,0x00,0x1F,0x00,0x00,0x00,0x78,0x00,0x00,0x80,0x0F,0x00,0x00,0x00,0x78,0x00,0x00,0x80,0x07,0x00,0x00,0x00,0x78,0x00,0x00,0x80,0x03,0x00,0x00,0x00,0x78,0x00,0x00,0x80,0x01,0x00,0x00,0x00,0x78,0x00,0x00,0x80,0x00,0x00,0x00,0x00,0x78,0x00,0x00,0x00,0x00,0x00,0x00,0x00,0x78,0x00,0x00,0x00,0x00,0x00,0x00,0x00,0x78,0x00,0x00,0x00,0x00,0x00,0x00,0x00,0x78,	// 237
	0x00,0x00,0x00,0x00,0x00,0x00,0x00,0x00,0x00,0x00,0x00,0x00,0x00,0x00,0x00,0x00,0x00,0x00,0x00,0x00,0x00,0x00,0x00,0x00,0x00,0x00,0x00,0x00,0x00,0x00,0x00,0x00,0x00,0x00,0x00,0x00,0x00,0x78,0x00,0x00,0x00,0x00,0x00,0x00,0x00,0x78,0x00,0x00,0x00,0x00,0xF0,0x00,0x00,0x78,0x00,0x00,0x00,0x80,0xF0,0x00,0x00,0x78,0x00,0x00,0x00,0xC0,0xF0,0x00,0x00,0x78,0x00,0x00,0x00,0xF0,0xF0,0x00,0x00,0x78,0x00,0x00,0x00,0xF8,0xF0,0x00,0x00,0x78,0x00,0x00,0x00,0x7E,0xF0,0x00,0x00,0x78,0x00,0x00,0x00,0x1F,0xF0,0x00,0x00,0x78,0x00,0x00,0x80,0x0F,0xF0,0xFF,0xFF,0x7F,0x00,0x00,0x80,0x07,0xF0,0xFF,0xFF,0x7F,0x00,0x00,0x80,0x07,0xF0,0xFF,0xFF,0x7F,0x00,0x00,0x80,0x0F,0xF0,0xFF,0xFF,0x7F,0x00,0x00,0x00,0x1F,0xF0,0xFF,0xFF,0x7F,0x00,0x00,0x00,0x7E,0x00,0x00,0x00,0x78,0x00,0x00,0x00,0xF8,0x00,0x00,0x00,0x78,0x00,0x00,0x00,0xF0,0x00,0x00,0x00,0x78,0x00,0x00,0x00,0xC0,0x00,0x00,0x00,0x78,0x00,0x00,0x00,0x80,0x00,0x00,0x00,0x78,0x00,0x00,0x00,0x00,0x00,0x00,0x00,0x78,0x00,0x00,0x00,0x00,0x00,0x00,0x00,0x78,0x00,0x00,0x00,0x00,0x00,0x00,0x00,0x78,0x00,0x00,0x00,0x00,0x00,0x00,0x00,0x78,	// 238
	0x00,0x00,0x00,0x00,0x00,0x00,0x00,0x00,0x00,0x00,0x00,0x00,0x00,0x00,0x00,0x00,0x00,0x00,0x00,0x00,0x00,0x00,0x00,0x00,0x00,0x00,0x00,0x00,0x00,0x00,0x00,0x00,0x00,0x00,0x00,0x00,0x00,0x78,0x00,0x00,0x00,0x00,0x00,0x00,0x00,0x78,0x00,0x00,0x00,0x00,0xF0,0x00,0x00,0x78,0x00,0x00,0x00,0x00,0xF0,0x00,0x00,0x78,0x00,0x00,0x00,0x3E,0xF0,0x00,0x00,0x78,0x00,0x00,0x00,0x3E,0xF0,0x00,0x00,0x78,0x00,0x00,0x00,0x3E,0xF0,0x00,0x00,0x78,0x00,0x00,0x00,0x3E,0xF0,0x00,0x00,0x78,0x00,0x00,0x00,0x3E,0xF0,0x00,0x00,0x78,0x00,0x00,0x00,0x00,0xF0,0xFF,0xFF,0x7F,0x00,0x00,0x00,0x00,0xF0,0xFF,0xFF,0x7F,0x00,0x00,0x00,0x00,0xF0,0xFF,0xFF,0x7F,0x00,0x00,0x00,0x00,0xF0,0xFF,0xFF,0x7F,0x00,0x00,0x00,0x00,0xF0,0xFF,0xFF,0x7F,0x00,0x00,0x00,0x3E,0x00,0x00,0x00,0x78,0x00,0x00,0x00,0x3E,0x00,0x00,0x00,0x78,0x00,0x00,0x00,0x3E,0x00,0x00,0x00,0x78,0x00,0x00,0x00,0x3E,0x00,0x00,0x00,0x78,0x00,0x00,0x00,0x3E,0x00,0x00,0x00,0x78,0x00,0x00,0x00,0x00,0x00,0x00,0x00,0x78,0x00,0x00,0x00,0x00,0x00,0x00,0x00,0x78,0x00,0x00,0x00,0x00,0x00,0x00,0x00,0x78,0x00,0x00,0x00,0x00,0x00,0x00,0x00,0x78,	// 239
	0x00,0x00,0x00,0x00,0x00,0x00,0x00,0x00,0x00,0x00,0x00,0x00,0x00,0x00,0x00,0x00,0x00,0x00,0x00,0x00,0x00,0x00,0x00,0x00,0x00,0x00,0x00,0xE0,0x7F,0x00,0x00,0x00,0x00,0x00,0x00,0xFC,0xFF,0x03,0x00,0x00,0x00,0x00,0x00,0xFF,0xFF,0x0F,0x00,0x00,0x00,0x82,0x83,0xFF,0xFF,0x1F,0x00,0x00,0x00,0x86,0xC3,0xFF,0xFF,0x3F,0x00,0x00,0x00,0x8E,0xE1,0x3F,0x80,0x7F,0x00,0x00,0x00,0xFE,0xE1,0x07,0x00,0x7E,0x00,0x00,0x00,0xFE,0xE1,0x03,0x00,0x7C,0x00,0x00,0x00,0xFE,0xF0,0x01,0x00,0xF8,0x00,0x00,0x00,0xFE,0xF1,0x00,0x00,0xF0,0x00,0x00,0x00,0xFC,0xF7,0x00,0x00,0xF0,0x00,0x00,0x00,0xF0,0xFF,0x00,0x00,0xF0,0x00,0x00,0x00,0xF0,0xFF,0x00,0x00,0xF0,0x00,0x00,0x00,0xF0,0xFF,0x00,0x00,0xF0,0x00,0x00,0x00,0xB0,0xFF,0x00,0x00,0xF8,0x00,0x00,0x00,0x38,0xFF,0x01,0x00,0x7C,0x00,0x00,0x00,0x38,0xFC,0x03,0x00,0x7E,0x00,0x00,0x00,0x18,0xF8,0x3F,0x80,0x3F,0x00,0x00,0x00,0x1C,0xF0,0xFF,0xFF,0x3F,0x00,0x00,0x00,0x10,0xC0,0xFF,0xFF,0x1F,0x00,0x00,0x00,0x00,0x00,0xFF,0xFF,0x0F,0x00,0x00,0x00,0x00,0x00,0xFC,0xFF,0x03,0x00,0x00,0x00,0x00,0x00,0xE0,0x7F,	// 240
	0x00,0x00,0x00,0x00,0x00,0x00,0x00,0x00,0x00,0x00,0x00,0x00,0x00,0x00,0x00,0x00,0x00,0x00,0x00,0x00,0x00,0x00,0x00,0x00,0x00,0x00,0x00,0x00,0x00,0x00,0x00,0x00,0x00,0x00,0x00,0x00,0x00,0x00,0x00,0x00,0x00,0x00,0xF0,0xFF,0xFF,0x7F,0x00,0x00,0x00,0x00,0xF0,0xFF,0xFF,0x7F,0x00,0x00,0x00,0x78,0xF0,0xFF,0xFF,0x7F,0x00,0x00,0x00,0x7C,0xF0,0xFF,0xFF,0x7F,0x00,0x00,0x00,0x7E,0xF0,0xFF,0xFF,0x7F,0x00,0x00,0x00,0x0F,0x80,0x0F,0x00,0x00,0x00,0x00,0x00,0x07,0xC0,0x01,0x00,0x00,0x00,0x00,0x00,0x07,0xE0,0x00,0x00,0x00,0x00,0x00,0x00,0x0F,0xF0,0x00,0x00,0x00,0x00,0x00,0x00,0x1E,0x70,0x00,0x00,0x00,0x00,0x00,0x00,0x3C,0x78,0x00,0x00,0x00,0x00,0x00,0x00,0x78,0x78,0x00,0x00,0x00,0x00,0x00,0x00,0x70,0x78,0x00,0x00,0x00,0x00,0x00,0x00,0x70,0xF8,0x00,0x00,0x00,0x00,0x00,0x00,0x78,0xF8,0x00,0x00,0x00,0x00,0x00,0x00,0x3F,0xF8,0x03,0x00,0x00,0x00,0x00,0x00,0x3F,0xF0,0xFF,0xFF,0x7F,0x00,0x00,0x00,0x0F,0xF0,0xFF,0xFF,0x7F,0x00,0x00,0x00,0x00,0xE0,0xFF,0xFF,0x7F,0x00,0x00,0x00,0x00,0x80,0xFF,0xFF,0x7F,0x00,0x00,0x00,0x00,0x00,0xFE,0xFF,0x7F,	// 241
	0x00,0x00,0x00,0x00,0x00,0x00,0x00,0x00,0x00,0x00,0x00,0x00,0x00,0x00,0x00,0x00,0x00,0x00,0x00,0x00,0x00,0x00,0x00,0x00,0x00,0x00,0x00,0xF0,0x7F,0x00,0x00,0x00,0x00,0x00,0x00,0xFE,0xFF,0x03,0x00,0x00,0x00,0x00,0x80,0xFF,0xFF,0x0F,0x00,0x00,0x00,0x00,0xC0,0xFF,0xFF,0x1F,0x00,0x00,0x80,0x00,0xE0,0xFF,0xFF,0x3F,0x00,0x00,0x80,0x01,0xF0,0x1F,0x80,0x7F,0x00,0x00,0x80,0x03,0xF0,0x03,0x00,0x7E,0x00,0x00,0x80,0x07,0xF0,0x01,0x00,0x7C,0x00,0x00,0x80,0x0F,0xF8,0x00,0x00,0xF8,0x00,0x00,0x00,0x1F,0x78,0x00,0x00,0xF0,0x00,0x00,0x00,0x3E,0x78,0x00,0x00,0xF0,0x00,0x00,0x00,0x7C,0x78,0x00,0x00,0xF0,0x00,0x00,0x00,0xF0,0x78,0x00,0x00,0xF0,0x00,0x00,0x00,0xE0,0x78,0x00,0x00,0xF0,0x00,0x00,0x00,0xC0,0xF8,0x00,0x00,0xF8,0x00,0x00,0x00,0x80,0xF0,0x01,0x00,0x7C,0x00,0x00,0x00,0x00,0xF0,0x03,0x00,0x7E,0x00,0x00,0x00,0x00,0xF0,0x1F,0xC0,0x7F,0x00,0x00,0x00,0x00,0xE0,0xFF,0xFF,0x3F,0x00,0x00,0x00,0x00,0xC0,0xFF,0xFF,0x1F,0x00,0x00,0x00,0x00,0x80,0xFF,0xFF,0x0F,0x00,0x00,0x00,0x00,0x00,0xFE,0xFF,0x03,0x00,0x00,0x00,0x00,0x00,0xF0,0x7F,	// 242
	0x00,0x00,0x00,0x00,0x00,0x00,0x00,0x00,0x00,0x00,0x00,0x00,0x00,0x00,0x00,0x00,0x00,0x00,0x00,0x00,0x00,0x00,0x00,0x00,0x00,0x00,0x00,0xF0,0x7F,0x00,0x00,0x00,0x00,0x00,0x00,0xFE,0xFF,0x03,0x00,0x00,0x00,0x00,0x80,0xFF,0xFF,0x0F,0x00,0x00,0x00,0x00,0xC0,0xFF,0xFF,0x1F,0x00,0x00,0x00,0x00,0xE0,0xFF,0xFF,0x3F,0x00,0x00,0x00,0x00,0xF0,0x1F,0x80,0x7F,0x00,0x00,0x00,0x00,0xF0,0x03,0x00,0x7E,0x00,0x00,0x00,0x00,0xF0,0x01,0x00,0x7C,0x00,0x00,0x00,0x00,0xF8,0x00,0x00,0xF8,0x00,0x00,0x00,0x80,0x78,0x00,0x00,0xF0,0x00,0x00,0x00,0xC0,0x78,0x00,0x00,0xF0,0x00,0x00,0x00,0xE0,0x78,0x00,0x00,0xF0,0x00,0x00,0x00,0xF0,0x78,0x00,0x00,0xF0,0x00,0x00,0x00,0x7C,0x78,0x00,0x00,0xF0,0x00,0x00,0x00,0x3E,0xF8,0x00,0x00,0xF8,0x00,0x00,0x00,0x1F,0xF0,0x01,0x00,0x7C,0x00,0x00,0x80,0x0F,0xF0,0x03,0x00,0x7E,0x00,0x00,0x80,0x07,0xF0,0x1F,0xC0,0x7F,0x00,0x00,0x80,0x03,0xE0,0xFF,0xFF,0x3F,0x00,0x00,0x80,0x01,0xC0,0xFF,0xFF,0x1F,0x00,0x00,0x80,0x00,0x80,0xFF,0xFF,0x0F,0x00,0x00,0x00,0x00,0x00,0xFE,0xFF,0x03,0x00,0x00,0x00,0x00,0x00,0xF0,0x7F,	// 243
	0x00,0x00,0x00,0x00,0x00,0x00,0x00,0x00,0x00,0x00,0x00,0x00,0x00,0x00,0x00,0x00,0x00,0x00,0x00,0x00,0x00,0x00,0x00,0x00,0x00,0x00,0x00,0xF0,0x7F,0x00,0x00,0x00,0x00,0x00,0x00,0xFE,0xFF,0x03,0x00,0x00,0x00,0x00,0x80,0xFF,0xFF,0x0F,0x00,0x00,0x00,0x00,0xC0,0xFF,0xFF,0x1F,0x00,0x00,0x00,0x80,0xE0,0xFF,0xFF,0x3F,0x00,0x00,0x00,0xC0,0xF0,0x1F,0x80,0x7F,0x00,0x00,0x00,0xF0,0xF0,0x03,0x00,0x7E,0x00,0x00,0x00,0xF8,0xF0,0x01,0x00,0x7C,0x00,0x00,0x00,0x3E,0xF8,0x00,0x00,0xF8,0x00,0x00,0x80,0x1F,0x78,0x00,0x00,0xF0,0x00,0x00,0x80,0x0F,0x78,0x00,0x00,0xF0,0x00,0x00,0x80,0x03,0x78,0x00,0x00,0xF0,0x00,0x00,0x80,0x0F,0x78,0x00,0x00,0xF0,0x00,0x00,0x80,0x1F,0x78,0x00,0x00,0xF0,0x00,0x00,0x00,0x3E,0xF8,0x00,0x00,0xF8,0x00,0x00,0x00,0xF8,0xF0,0x01,0x00,0x7C,0x00,0x00,0x00,0xF0,0xF0,0x03,0x00,0x7E,0x00,0x00,0x00,0xC0,0xF0,0x1F,0xC0,0x7F,0x00,0x00,0x00,0x80,0xE0,0xFF,0xFF,0x3F,0x00,0x00,0x00,0x00,0xC0,0xFF,0xFF,0x1F,0x00,0x00,0x00,0x00,0x80,0xFF,0xFF,0x0F,0x00,0x00,0x00,0x00,0x00,0xFE,0xFF,0x03,0x00,0x00,0x00,0x00,0x00,0xF0,0x7F,	// 244
	0x00,0x00,0x00,0x00,0x00,0x00,0x00,0x00,0x00,0x00,0x00,0x00,0x00,0x00,0x00,0x00,0x00,0x00,0x00,0x00,0x00,0x00,0x00,0x00,0x00,0x00,0x00,0xF0,0x7F,0x00,0x00,0x00,0x00,0x00,0x00,0xFE,0xFF,0x03,0x00,0x00,0x00,0x00,0x80,0xFF,0xFF,0x0F,0x00,0x00,0x00,0x00,0xC0,0xFF,0xFF,0x1F,0x00,0x00,0x00,0x78,0xE0,0xFF,0xFF,0x3F,0x00,0x00,0x00,0x7E,0xF0,0x1F,0x80,0x7F,0x00,0x00,0x00,0x7E,0xF0,0x03,0x00,0x7E,0x00,0x00,0x00,0x0F,0xF0,0x01,0x00,0x7C,0x00,0x00,0x00,0x07,0xF8,0x00,0x00,0xF8,0x00,0x00,0x00,0x0F,0x78,0x00,0x00,0xF0,0x00,0x00,0x00,0x1E,0x78,0x00,0x00,0xF0,0x00,0x00,0x00,0x3E,0x78,0x00,0x00,0xF0,0x00,0x00,0x00,0x3C,0x78,0x00,0x00,0xF0,0x00,0x00,0x00,0x78,0x78,0x00,0x00,0xF0,0x00,0x00,0x00,0x70,0xF8,0x00,0x00,0xF8,0x00,0x00,0x00,0x78,0xF0,0x01,0x00,0x7C,0x00,0x00,0x00,0x7F,0xF0,0x03,0x00,0x7E,0x00,0x00,0x00,0x3F,0xF0,0x1F,0xC0,0x7F,0x00,0x00,0x00,0x0F,0xE0,0xFF,0xFF,0x3F,0x00,0x00,0x00,0x00,0xC0,0xFF,0xFF,0x1F,0x00,0x00,0x00,0x00,0x80,0xFF,0xFF,0x0F,0x00,0x00,0x00,0x00,0x00,0xFE,0xFF,0x03,0x00,0x00,0x00,0x00,0x00,0xF0,0x7F,	// 245
	0x00,0x00,0x00,0x00,0x00,0x00,0x00,0x00,0x00,0x00,0x00,0x00,0x00,0x00,0x00,0x00,0x00,0x00,0x00,0x00,0x00,0x00,0x00,0x00,0x00,0x00,0x00,0xF0,0x7F,0x00,0x00,0x00,0x00,0x00,0x00,0xFE,0xFF,0x03,0x00,0x00,0x00,0x00,0x80,0xFF,0xFF,0x0F,0x00,0x00,0x00,0x00,0xC0,0xFF,0xFF,0x1F,0x00,0x00,0x00,0x3E,0xE0,0xFF,0xFF,0x3F,0x00,0x00,0x00,0x3E,0xF0,0x1F,0x80,0x7F,0x00,0x00,0x00,0x3E,0xF0,0x03,0x00,0x7E,0x00,0x00,0x00,0x3E,0xF0,0x01,0x00,0x7C,0x00,0x00,0x00,0x3E,0xF8,0x00,0x00,0xF8,0x00,0x00,0x00,0x00,0x78,0x00,0x00,0xF0,0x00,0x00,0x00,0x00,0x78,0x00,0x00,0xF0,0x00,0x00,0x00,0x00,0x78,0x00,0x00,0xF0,0x00,0x00,0x00,0x00,0x78,0x00,0x00,0xF0,0x00,0x00,0x00,0x00,0x78,0x00,0x00,0xF0,0x00,0x00,0x00,0x3E,0xF8,0x00,0x00,0xF8,0x00,0x00,0x00,0x3E,0xF0,0x01,0x00,0x7C,0x00,0x00,0x00,0x3E,0xF0,0x03,0x00,0x7E,0x00,0x00,0x00,0x3E,0xF0,0x1F,0xC0,0x7F,0x00,0x00,0x00,0x3E,0xE0,0xFF,0xFF,0x3F,0x00,0x00,0x00,0x00,0xC0,0xFF,0xFF,0x1F,0x00,0x00,0x00,0x00,0x80,0xFF,0xFF,0x0F,0x00,0x00,0x00,0x00,0x00,0xFE,0xFF,0x03,0x00,0x00,0x00,0x00,0x00,0xF0,0x7F,	// 246
	0x00,0x00,0x00,0x00,0x00,0x00,0x00,0x00,0x00,0x00,0x00,0x00,0x00,0x00,0x00,0x00,0x00,0x00,0x00,0xE0,0x01,0x00,0x00,0x00,0x00,0x00,0x00,0xE0,0x01,0x00,0x00,0x00,0x00,0x00,0x00,0xE0,0x01,0x00,0x00,0x00,0x00,0x00,0x00,0xE0,0x01,0x00,0x00,0x00,0x00,0x00,0x00,0xE0,0x01,0x00,0x00,0x00,0x00,0x00,0x00,0xE0,0x01,0x00,0x00,0x00,0x00,0x00,0x00,0xE0,0x01,0x00,0x00,0x00,0x00,0x00,0x00,0xE0,0x01,0x00,0x00,0x00,0x00,0x00,0x00,0xE0,0x01,0x00,0x00,0x00,0x00,0x00,0x00,0xE0,0x01,0x00,0x00,0x00,0x00,0x00,0xF8,0xE1,0xE1,0x07,0x00,0x00,0x00,0x00,0xF8,0xE1,0xE1,0x07,0x00,0x00,0x00,0x00,0xF8,0xE1,0xE1,0x07,0x00,0x00,0x00,0x00,0xF8,0xE1,0xE1,0x07,0x00,0x00,0x00,0x00,0xF8,0xE1,0xE1,0x07,0x00,0x00,0x00,0x00,0xF8,0xE1,0xE1,0x07,0x00,0x00,0x00,0x00,0x00,0xE0,0x01,0x00,0x00,0x00,0x00,0x00,0x00,0xE0,0x01,0x00,0x00,0x00,0x00,0x00,0x00,0xE0,0x01,0x00,0x00,0x00,0x00,0x00,0x00,0xE0,0x01,0x00,0x00,0x00,0x00,0x00,0x00,0xE0,0x01,0x00,0x00,0x00,0x00,0x00,0x00,0xE0,0x01,0x00,0x00,0x00,0x00,0x00,0x00,0xE0,0x01,0x00,0x00,0x00,0x00,0x00,0x00,0xE0,0x01,0x00,0x00,0x00,0x00,0x00,0x00,0xE0,0x01,0x00,0x00,0x00,0x00,0x00,0x00,0xE0,0x01,	// 247
	0x00,0x00,0x00,0x00,0x00,0x00,0x00,0x00,0x00,0x00,0x00,0x00,0x00,0x80,0x00,0x00,0x00,0x00,0x00,0x00,0x00,0xC0,0x01,0x00,0x00,0x00,0x00,0xF0,0x3F,0xE0,0x01,0x00,0x00,0x00,0x00,0xFE,0xFF,0xFB,0x00,0x00,0x00,0x00,0x80,0xFF,0xFF,0x7F,0x00,0x00,0x00,0x00,0xC0,0xFF,0xFF,0x3F,0x00,0x00,0x00,0x00,0xE0,0xFF,0xFF,0x1F,0x00,0x00,0x00,0x00,0xF0,0x1F,0xC0,0x3F,0x00,0x00,0x00,0x00,0xF0,0x03,0xC0,0x7F,0x00,0x00,0x00,0x00,0xF0,0x01,0xF0,0x7D,0x00,0x00,0x00,0x00,0xF8,0x00,0xF8,0xF8,0x00,0x00,0x00,0x00,0x78,0x00,0x3C,0xF0,0x00,0x00,0x00,0x00,0x78,0x00,0x1E,0xF0,0x00,0x00,0x00,0x00,0x78,0x80,0x0F,0xF0,0x00,0x00,0x00,0x00,0x78,0xC0,0x07,0xF0,0x00,0x00,0x00,0x00,0x78,0xE0,0x01,0xF0,0x00,0x00,0x00,0x00,0xF8,0xF8,0x00,0xF8,0x00,0x00,0x00,0x00,0xF0,0x7D,0x00,0x7C,0x00,0x00,0x00,0x00,0xF0,0x1F,0x00,0x7E,0x00,0x00,0x00,0x00,0xE0,0x0F,0xC0,0x7F,0x00,0x00,0x00,0x00,0xC0,0xFF,0xFF,0x3F,0x00,0x00,0x00,0x00,0xE0,0xFF,0xFF,0x1F,0x00,0x00,0x00,0x00,0xF0,0xFF,0xFF,0x0F,0x00,0x00,0x00,0x00,0x78,0xFC,0xFF,0x03,0x00,0x00,0x00,0x00,0x3C,0xE0,0x7F,0x00,0x00,0x00,0x00,0x00,0x1C,0x00,0x00,0x00,0x00,0x00,0x00,0x00,0x08,	// 248
	0x00,0x00,0x00,0x00,0x00,0x00,0x00,0x00,0x00,0x00,0x00,0x00,0x00,0x00,0x00,0x00,0x00,0x00,0x00,0x00,0x00,0x00,0x00,0x00,0x00,0x00,0x00,0x00,0x00,0x00,0x00,0x00,0x00,0x00,0x00,0x00,0x00,0x00,0x00,0x00,0x00,0x00,0xF0,0xFF,0xFF,0x03,0x00,0x00,0x00,0x00,0xF0,0xFF,0xFF,0x0F,0x00,0x00,0x80,0x00,0xF0,0xFF,0xFF,0x3F,0x00,0x00,0x80,0x01,0xF0,0xFF,0xFF,0x7F,0x00,0x00,0x80,0x03,0xF0,0xFF,0xFF,0x7F,0x00,0x00,0x80,0x07,0x00,0x00,0x00,0xFE,0x00,0x00,0x80,0x0F,0x00,0x00,0x00,0xF8,0x00,0x00,0x00,0x1F,0x00,0x00,0x00,0xF8,0x00,0x00,0x00,0x3E,0x00,0x00,0x00,0xF0,0x00,0x00,0x00,0x7C,0x00,0x00,0x00,0xF0,0x00,0x00,0x00,0xF0,0x00,0x00,0x00,0xF0,0x00,0x00,0x00,0xE0,0x00,0x00,0x00,0x70,0x00,0x00,0x00,0xC0,0x00,0x00,0x00,0x78,0x00,0x00,0x00,0x80,0x00,0x00,0x00,0x38,0x00,0x00,0x00,0x00,0x00,0x00,0x00,0x1C,0x00,0x00,0x00,0x00,0x00,0x00,0x80,0x0F,0x00,0x00,0x00,0x00,0xF0,0xFF,0xFF,0x7F,0x00,0x00,0x00,0x00,0xF0,0xFF,0xFF,0x7F,0x00,0x00,0x00,0x00,0xF0,0xFF,0xFF,0x7F,0x00,0x00,0x00,0x00,0xF0,0xFF,0xFF,0x7F,0x00,0x00,0x00,0x00,0xF0,0xFF,0xFF,0x7F,	// 249
	0x00,0x00,0x00,0x00,0x00,0x00,0x00,0x00,0x00,0x00,0x00,0x00,0x00,0x00,0x00,0x00,0x00,0x00,0x00,0x00,0x00,0x00,0x00,0x00,0x00,0x00,0x00,0x00,0x00,0x00,0x00,0x00,0x00,0x00,0x00,0x00,0x00,0x00,0x00,0x00,0x00,0x00,0xF0,0xFF,0xFF,0x03,0x00,0x00,0x00,0x00,0xF0,0xFF,0xFF,0x0F,0x00,0x00,0x00,0x00,0xF0,0xFF,0xFF,0x3F,0x00,0x00,0x00,0x00,0xF0,0xFF,0xFF,0x7F,0x00,0x00,0x00,0x00,0xF0,0xFF,0xFF,0x7F,0x00,0x00,0x00,0x00,0x00,0x00,0x00,0xFE,0x00,0x00,0x00,0x00,0x00,0x00,0x00,0xF8,0x00,0x00,0x00,0x80,0x00,0x00,0x00,0xF8,0x00,0x00,0x00,0xC0,0x00,0x00,0x00,0xF0,0x00,0x00,0x00,0xE0,0x00,0x00,0x00,0xF0,0x00,0x00,0x00,0xF0,0x00,0x00,0x00,0xF0,0x00,0x00,0x00,0x7C,0x00,0x00,0x00,0x70,0x00,0x00,0x00,0x3E,0x00,0x00,0x00,0x78,0x00,0x00,0x00,0x1F,0x00,0x00,0x00,0x38,0x00,0x00,0x80,0x0F,0x00,0x00,0x00,0x1C,0x00,0x00,0x80,0x07,0x00,0x00,0x80,0x0F,0x00,0x00,0x80,0x03,0xF0,0xFF,0xFF,0x7F,0x00,0x00,0x80,0x01,0xF0,0xFF,0xFF,0x7F,0x00,0x00,0x80,0x00,0xF0,0xFF,0xFF,0x7F,0x00,0x00,0x00,0x00,0xF0,0xFF,0xFF,0x7F,0x00,0x00,0x00,0x00,0xF0,0xFF,0xFF,0x7F,	// 250
	0x00,0x00,0x00,0x00,0x00,0x00,0x00,0x00,0x00,0x00,0x00,0x00,0x00,0x00,0x00,0x00,0x00,0x00,0x00,0x00,0x00,0x00,0x00,0x00,0x00,0x00,0x00,0x00,0x00,0x00,0x00,0x00,0x00,0x00,0x00,0x00,0x00,0x00,0x00,0x00,0x00,0x00,0xF0,0xFF,0xFF,0x03,0x00,0x00,0x00,0x00,0xF0,0xFF,0xFF,0x0F,0x00,0x00,0x00,0x00,0xF0,0xFF,0xFF,0x3F,0x00,0x00,0x00,0x80,0xF0,0xFF,0xFF,0x7F,0x00,0x00,0x00,0xC0,0xF0,0xFF,0xFF,0x7F,0x00,0x00,0x00,0xF0,0x00,0x00,0x00,0xFE,0x00,0x00,0x00,0xF8,0x00,0x00,0x00,0xF8,0x00,0x00,0x00,0x3E,0x00,0x00,0x00,0xF8,0x00,0x00,0x80,0x1F,0x00,0x00,0x00,0xF0,0x00,0x00,0x80,0x0F,0x00,0x00,0x00,0xF0,0x00,0x00,0x80,0x03,0x00,0x00,0x00,0xF0,0x00,0x00,0x80,0x0F,0x00,0x00,0x00,0x70,0x00,0x00,0x80,0x1F,0x00,0x00,0x00,0x78,0x00,0x00,0x00,0x3E,0x00,0x00,0x00,0x38,0x00,0x00,0x00,0xF8,0x00,0x00,0x00,0x1C,0x00,0x00,0x00,0xF0,0x00,0x00,0x80,0x0F,0x00,0x00,0x00,0xC0,0xF0,0xFF,0xFF,0x7F,0x00,0x00,0x00,0x80,0xF0,0xFF,0xFF,0x7F,0x00,0x00,0x00,0x00,0xF0,0xFF,0xFF,0x7F,0x00,0x00,0x00,0x00,0xF0,0xFF,0xFF,0x7F,0x00,0x00,0x00,0x00,0xF0,0xFF,0xFF,0x7F,	// 251
	0x00,0x00,0x00,0x00,0x00,0x00,0x00,0x00,0x00,0x00,0x00,0x00,0x00,0x00,0x00,0x00,0x00,0x00,0x00,0x00,0x00,0x00,0x00,0x00,0x00,0x00,0x00,0x00,0x00,0x00,0x00,0x00,0x00,0x00,0x00,0x00,0x00,0x00,0x00,0x00,0x00,0x00,0xF0,0xFF,0xFF,0x03,0x00,0x00,0x00,0x00,0xF0,0xFF,0xFF,0x0F,0x00,0x00,0x00,0x00,0xF0,0xFF,0xFF,0x3F,0x00,0x00,0x00,0x3E,0xF0,0xFF,0xFF,0x7F,0x00,0x00,0x00,0x3E,0xF0,0xFF,0xFF,0x7F,0x00,0x00,0x00,0x3E,0x00,0x00,0x00,0xFE,0x00,0x00,0x00,0x3E,0x00,0x00,0x00,0xF8,0x00,0x00,0x00,0x3E,0x00,0x00,0x00,0xF8,0x00,0x00,0x00,0x00,0x00,0x00,0x00,0xF0,0x00,0x00,0x00,0x00,0x00,0x00,0x00,0xF0,0x00,0x00,0x00,0x00,0x00,0x00,0x00,0xF0,0x00,0x00,0x00,0x00,0x00,0x00,0x00,0x70,0x00,0x00,0x00,0x00,0x00,0x00,0x00,0x78,0x00,0x00,0x00,0x3E,0x00,0x00,0x00,0x38,0x00,0x00,0x00,0x3E,0x00,0x00,0x00,0x1C,0x00,0x00,0x00,0x3E,0x00,0x00,0x80,0x0F,0x00,0x00,0x00,0x3E,0xF0,0xFF,0xFF,0x7F,0x00,0x00,0x00,0x3E,0xF0,0xFF,0xFF,0x7F,0x00,0x00,0x00,0x00,0xF0,0xFF,0xFF,0x7F,0x00,0x00,0x00,0x00,0xF0,0xFF,0xFF,0x7F,0x00,0x00,0x00,0x00,0xF0,0xFF,0xFF,0x7F,	// 252
	0x00,0x00,0x00,0x00,0x00,0x00,0x00,0x00,0x00,0x00,0x00,0x00,0x00,0x00,0x00,0x00,0x00,0x00,0x00,0x00,0x00,0x00,0x00,0x00,0x00,0x00,0x10,0x00,0x00,0x00,0x00,0x00,0x00,0x00,0xF0,0x00,0x00,0x00,0x00,0x00,0x00,0x00,0xF0,0x03,0x00,0x00,0xE0,0x01,0x00,0x00,0xF0,0x1F,0x00,0x00,0xE0,0x01,0x00,0x00,0xF0,0x7F,0x00,0x00,0xE0,0x01,0x00,0x00,0xF0,0xFF,0x01,0x00,0xE0,0x01,0x00,0x00,0x80,0xFF,0x0F,0x00,0xE0,0x01,0x00,0x00,0x00,0xFE,0x3F,0x00,0xF0,0x01,0x00,0x00,0x00,0xF0,0xFF,0x01,0xFC,0x01,0x00,0x80,0x00,0xC0,0xFF,0x07,0xFF,0x00,0x00,0xC0,0x00,0x00,0xFF,0xFF,0xFF,0x00,0x00,0xE0,0x00,0x00,0xF8,0xFF,0x7F,0x00,0x00,0xF0,0x00,0x00,0xE0,0xFF,0x1F,0x00,0x00,0x7C,0x00,0x00,0xE0,0xFF,0x07,0x00,0x00,0x3E,0x00,0x00,0xF8,0xFF,0x01,0x00,0x00,0x1F,0x00,0x00,0xFE,0x3F,0x00,0x00,0x80,0x0F,0x00,0xC0,0xFF,0x0F,0x00,0x00,0x80,0x07,0x00,0xF0,0xFF,0x01,0x00,0x00,0x80,0x03,0x00,0xFE,0x3F,0x00,0x00,0x00,0x80,0x01,0x80,0xFF,0x0F,0x00,0x00,0x00,0x80,0x00,0xF0,0xFF,0x03,0x00,0x00,0x00,0x00,0x00,0xF0,0x7F,0x00,0x00,0x00,0x00,0x00,0x00,0xF0,0x1F,0x00,0x00,0x00,0x00,0x00,0x00,0xF0,0x03,0x00,0x00,0x00,0x00,0x00,0x00,0xF0,0x00,0x00,0x00,0x00,0x00,0x00,0x00,0x10,	// 253
	0x00,0x00,0x00,0x00,0x00,0x00,0x00,0x00,0x00,0x00,0x00,0x00,0x00,0x00,0x00,0x00,0x00,0x00,0x00,0x00,0x00,0x00,0x00,0x00,0x00,0x00,0x00,0x00,0x00,0x00,0x00,0x00,0x00,0x00,0x00,0x00,0x00,0x00,0x00,0x00,0x00,0xFE,0xFF,0xFF,0xFF,0xFF,0xFF,0x01,0x00,0xFE,0xFF,0xFF,0xFF,0xFF,0xFF,0x01,0x00,0xFE,0xFF,0xFF,0xFF,0xFF,0xFF,0x01,0x00,0xFE,0xFF,0xFF,0xFF,0xFF,0xFF,0x01,0x00,0xFE,0xFF,0xFF,0xFF,0xFF,0xFF,0x01,0x00,0x00,0xC0,0x1F,0xC0,0x1F,0x00,0x00,0x00,0x00,0xE0,0x03,0x00,0x3E,0x00,0x00,0x00,0x00,0xF0,0x01,0x00,0x7C,0x00,0x00,0x00,0x00,0xF0,0x00,0x00,0x78,0x00,0x00,0x00,0x00,0x78,0x00,0x00,0xF0,0x00,0x00,0x00,0x00,0x78,0x00,0x00,0xF0,0x00,0x00,0x00,0x00,0x78,0x00,0x00,0xF0,0x00,0x00,0x00,0x00,0x78,0x00,0x00,0xF0,0x00,0x00,0x00,0x00,0x78,0x00,0x00,0xF0,0x00,0x00,0x00,0x00,0xF8,0x00,0x00,0xF8,0x00,0x00,0x00,0x00,0xF8,0x01,0x00,0xFC,0x00,0x00,0x00,0x00,0xF0,0x03,0x00,0x7E,0x00,0x00,0x00,0x00,0xF0,0x1F,0xC0,0x7F,0x00,0x00,0x00,0x00,0xE0,0xFF,0xFF,0x3F,0x00,0x00,0x00,0x00,0xC0,0xFF,0xFF,0x1F,0x00,0x00,0x00,0x00,0x80,0xFF,0xFF,0x0F,0x00,0x00,0x00,0x00,0x00,0xFE,0xFF,0x03,0x00,0x00,0x00,0x00,0x00,0xF0,0x7F,	// 254
	0x00,0x00,0x00,0x00,0x00,0x00,0x00,0x00,0x00,0x00,0x00,0x00,0x00,0x00,0x00,0x00,0x00,0x00,0x00,0x00,0x00,0x00,0x00,0x00,0x00,0x00,0x10,0x00,0x00,0x00,0x00,0x00,0x00,0x00,0xF0,0x00,0x00,0x00,0x00,0x00,0x00,0x00,0xF0,0x03,0x00,0x00,0xE0,0x01,0x00,0x00,0xF0,0x1F,0x00,0x00,0xE0,0x01,0x00,0x00,0xF0,0x7F,0x00,0x00,0xE0,0x01,0x00,0x3E,0xF0,0xFF,0x01,0x00,0xE0,0x01,0x00,0x3E,0x80,0xFF,0x0F,0x00,0xE0,0x01,0x00,0x3E,0x00,0xFE,0x3F,0x00,0xF0,0x01,0x00,0x3E,0x00,0xF0,0xFF,0x01,0xFC,0x01,0x00,0x3E,0x00,0xC0,0xFF,0x07,0xFF,0x00,0x00,0x00,0x00,0x00,0xFF,0xFF,0xFF,0x00,0x00,0x00,0x00,0x00,0xF8,0xFF,0x7F,0x00,0x00,0x00,0x00,0x00,0xE0,0xFF,0x1F,0x00,0x00,0x00,0x00,0x00,0xE0,0xFF,0x07,0x00,0x00,0x00,0x00,0x00,0xF8,0xFF,0x01,0x00,0x00,0x3E,0x00,0x00,0xFE,0x3F,0x00,0x00,0x00,0x3E,0x00,0xC0,0xFF,0x0F,0x00,0x00,0x00,0x3E,0x00,0xF0,0xFF,0x01,0x00,0x00,0x00,0x3E,0x00,0xFE,0x3F,0x00,0x00,0x00,0x00,0x3E,0x80,0xFF,0x0F,0x00,0x00,0x00,0x00,0x00,0xF0,0xFF,0x03,0x00,0x00,0x00,0x00,0x00,0xF0,0x7F,0x00,0x00,0x00,0x00,0x00,0x00,0xF0,0x1F,0x00,0x00,0x00,0x00,0x00,0x00,0xF0,0x03,0x00,0x00,0x00,0x00,0x00,0x00,0xF0,0x00,0x00,0x00,0x00,0x00,0x00,0x00,0x10	// 255
};
