#ifdef ARDUINO
#include <Arduino.h>
#elif __MBED__
#define PROGMEM
#endif

// uint8_t not char
// Created by https://oleddisplay.squix.ch/ Consider a donation
// In case of problems make sure that you are using the font file with the correct version!
const uint8_t Monospaced_bold_55[] PROGMEM = {
	0x21, // Width: 33
	0x41, // Height: 65
	0x20, // First Char: 32
	0xE0, // Numbers of Chars: 224

	// Jump Table:
	0xFF, 0xFF, 0x00, 0x21,  // 32:65535
	0x00, 0x00, 0xB2, 0x21,  // 33:0
	0x00, 0xB2, 0xEE, 0x21,  // 34:178
	0x01, 0xA0, 0x124, 0x21,  // 35:416
	0x02, 0xC4, 0x10B, 0x21,  // 36:708
	0x03, 0xCF, 0x126, 0x21,  // 37:975
	0x04, 0xF5, 0x127, 0x21,  // 38:1269
	0x06, 0x1C, 0xAF, 0x21,  // 39:1564
	0x06, 0xCB, 0xE0, 0x21,  // 40:1739
	0x07, 0xAB, 0xCB, 0x21,  // 41:1963
	0x08, 0x76, 0x109, 0x21,  // 42:2166
	0x09, 0x7F, 0x113, 0x21,  // 43:2431
	0x0A, 0x92, 0xBB, 0x21,  // 44:2706
	0x0B, 0x4D, 0xDD, 0x21,  // 45:2893
	0x0C, 0x2A, 0xBB, 0x21,  // 46:3114
	0x0C, 0xE5, 0x107, 0x21,  // 47:3301
	0x0D, 0xEC, 0x10A, 0x21,  // 48:3564
	0x0E, 0xF6, 0x115, 0x21,  // 49:3830
	0x10, 0x0B, 0xFA, 0x21,  // 50:4107
	0x11, 0x05, 0x102, 0x21,  // 51:4357
	0x12, 0x07, 0x114, 0x21,  // 52:4615
	0x13, 0x1B, 0x10B, 0x21,  // 53:4891
	0x14, 0x26, 0x114, 0x21,  // 54:5158
	0x15, 0x3A, 0xFF, 0x21,  // 55:5434
	0x16, 0x39, 0x102, 0x21,  // 56:5689
	0x17, 0x3B, 0x10A, 0x21,  // 57:5947
	0x18, 0x45, 0xBB, 0x21,  // 58:6213
	0x19, 0x00, 0xBB, 0x21,  // 59:6400
	0x19, 0xBB, 0x10C, 0x21,  // 60:6587
	0x1A, 0xC7, 0x10B, 0x21,  // 61:6855
	0x1B, 0xD2, 0x10A, 0x21,  // 62:7122
	0x1C, 0xDC, 0xF6, 0x21,  // 63:7388
	0x1D, 0xD2, 0x115, 0x21,  // 64:7634
	0x1E, 0xE7, 0x11E, 0x21,  // 65:7911
	0x20, 0x05, 0x114, 0x21,  // 66:8197
	0x21, 0x19, 0x103, 0x21,  // 67:8473
	0x22, 0x1C, 0x11C, 0x21,  // 68:8732
	0x23, 0x38, 0x10C, 0x21,  // 69:9016
	0x24, 0x44, 0x108, 0x21,  // 70:9284
	0x25, 0x4C, 0x115, 0x21,  // 71:9548
	0x26, 0x61, 0x10C, 0x21,  // 72:9825
	0x27, 0x6D, 0x103, 0x21,  // 73:10093
	0x28, 0x70, 0xF0, 0x21,  // 74:10352
	0x29, 0x60, 0x127, 0x21,  // 75:10592
	0x2A, 0x87, 0x115, 0x21,  // 76:10887
	0x2B, 0x9C, 0x10C, 0x21,  // 77:11164
	0x2C, 0xA8, 0x10C, 0x21,  // 78:11432
	0x2D, 0xB4, 0x10A, 0x21,  // 79:11700
	0x2E, 0xBE, 0x109, 0x21,  // 80:11966
	0x2F, 0xC7, 0x10A, 0x21,  // 81:12231
	0x30, 0xD1, 0x127, 0x21,  // 82:12497
	0x31, 0xF8, 0x102, 0x21,  // 83:12792
	0x32, 0xFA, 0x111, 0x21,  // 84:13050
	0x34, 0x0B, 0x10B, 0x21,  // 85:13323
	0x35, 0x16, 0x119, 0x21,  // 86:13590
	0x36, 0x2F, 0x122, 0x21,  // 87:13871
	0x37, 0x51, 0x127, 0x21,  // 88:14161
	0x38, 0x78, 0x122, 0x21,  // 89:14456
	0x39, 0x9A, 0x115, 0x21,  // 90:14746
	0x3A, 0xAF, 0xE0, 0x21,  // 91:15023
	0x3B, 0x8F, 0x10D, 0x21,  // 92:15247
	0x3C, 0x9C, 0xC5, 0x21,  // 93:15516
	0x3D, 0x61, 0x11B, 0x21,  // 94:15713
	0x3E, 0x7C, 0x129, 0x21,  // 95:15996
	0x3F, 0xA5, 0xAE, 0x21,  // 96:16293
	0x40, 0x53, 0x10C, 0x21,  // 97:16467
	0x41, 0x5F, 0x114, 0x21,  // 98:16735
	0x42, 0x73, 0xFA, 0x21,  // 99:17011
	0x43, 0x6D, 0x10C, 0x21,  // 100:17261
	0x44, 0x79, 0x113, 0x21,  // 101:17529
	0x45, 0x8C, 0x100, 0x21,  // 102:17804
	0x46, 0x8C, 0x10C, 0x21,  // 103:18060
	0x47, 0x98, 0xFA, 0x21,  // 104:18328
	0x48, 0x92, 0x11E, 0x21,  // 105:18578
	0x49, 0xB0, 0xCD, 0x21,  // 106:18864
	0x4A, 0x7D, 0x11E, 0x21,  // 107:19069
	0x4B, 0x9B, 0x103, 0x21,  // 108:19355
	0x4C, 0x9E, 0x115, 0x21,  // 109:19614
	0x4D, 0xB3, 0xFA, 0x21,  // 110:19891
	0x4E, 0xAD, 0x114, 0x21,  // 111:20141
	0x4F, 0xC1, 0x114, 0x21,  // 112:20417
	0x50, 0xD5, 0x10D, 0x21,  // 113:20693
	0x51, 0xE2, 0x112, 0x21,  // 114:20962
	0x52, 0xF4, 0xF9, 0x21,  // 115:21236
	0x53, 0xED, 0x103, 0x21,  // 116:21485
	0x54, 0xF0, 0xFA, 0x21,  // 117:21744
	0x55, 0xEA, 0x111, 0x21,  // 118:21994
	0x56, 0xFB, 0x124, 0x21,  // 119:22267
	0x58, 0x1F, 0x115, 0x21,  // 120:22559
	0x59, 0x34, 0x11A, 0x21,  // 121:22836
	0x5A, 0x4E, 0x103, 0x21,  // 122:23118
	0x5B, 0x51, 0xFB, 0x21,  // 123:23377
	0x5C, 0x4C, 0xAB, 0x21,  // 124:23628
	0x5C, 0xF7, 0xF8, 0x21,  // 125:23799
	0x5D, 0xEF, 0x10A, 0x21,  // 126:24047
	0x5E, 0xF9, 0x116, 0x21,  // 127:24313
	0x60, 0x0F, 0x116, 0x21,  // 128:24591
	0x61, 0x25, 0x116, 0x21,  // 129:24869
	0x62, 0x3B, 0x116, 0x21,  // 130:25147
	0x63, 0x51, 0x116, 0x21,  // 131:25425
	0x64, 0x67, 0x116, 0x21,  // 132:25703
	0x65, 0x7D, 0x116, 0x21,  // 133:25981
	0x66, 0x93, 0x116, 0x21,  // 134:26259
	0x67, 0xA9, 0x116, 0x21,  // 135:26537
	0x68, 0xBF, 0x116, 0x21,  // 136:26815
	0x69, 0xD5, 0x116, 0x21,  // 137:27093
	0x6A, 0xEB, 0x116, 0x21,  // 138:27371
	0x6C, 0x01, 0x116, 0x21,  // 139:27649
	0x6D, 0x17, 0x116, 0x21,  // 140:27927
	0x6E, 0x2D, 0x116, 0x21,  // 141:28205
	0x6F, 0x43, 0x116, 0x21,  // 142:28483
	0x70, 0x59, 0x116, 0x21,  // 143:28761
	0x71, 0x6F, 0x116, 0x21,  // 144:29039
	0x72, 0x85, 0x116, 0x21,  // 145:29317
	0x73, 0x9B, 0x116, 0x21,  // 146:29595
	0x74, 0xB1, 0x116, 0x21,  // 147:29873
	0x75, 0xC7, 0x116, 0x21,  // 148:30151
	0x76, 0xDD, 0x116, 0x21,  // 149:30429
	0x77, 0xF3, 0x116, 0x21,  // 150:30707
	0x79, 0x09, 0x116, 0x21,  // 151:30985
	0x7A, 0x1F, 0x116, 0x21,  // 152:31263
	0x7B, 0x35, 0x116, 0x21,  // 153:31541
	0x7C, 0x4B, 0x116, 0x21,  // 154:31819
	0x7D, 0x61, 0x116, 0x21,  // 155:32097
	0x7E, 0x77, 0x116, 0x21,  // 156:32375
	0x7F, 0x8D, 0x116, 0x21,  // 157:32653
	0x80, 0xA3, 0x116, 0x21,  // 158:32931
	0x81, 0xB9, 0x116, 0x21,  // 159:33209
	0xFF, 0xFF, 0x00, 0x21,  // 160:65535
	0x82, 0xCF, 0xB3, 0x21,  // 161:33487
	0x83, 0x82, 0xFA, 0x21,  // 162:33666
	0x84, 0x7C, 0x115, 0x21,  // 163:33916
	0x85, 0x91, 0x102, 0x21,  // 164:34193
	0x86, 0x93, 0x122, 0x21,  // 165:34451
	0x87, 0xB5, 0xAA, 0x21,  // 166:34741
	0x88, 0x5F, 0x101, 0x21,  // 167:34911
	0x89, 0x60, 0xD1, 0x21,  // 168:35168
	0x8A, 0x31, 0x125, 0x21,  // 169:35377
	0x8B, 0x56, 0xE7, 0x21,  // 170:35670
	0x8C, 0x3D, 0x103, 0x21,  // 171:35901
	0x8D, 0x40, 0x10B, 0x21,  // 172:36160
	0x8E, 0x4B, 0xDD, 0x21,  // 173:36427
	0x8F, 0x28, 0x125, 0x21,  // 174:36648
	0x90, 0x4D, 0xDA, 0x21,  // 175:36941
	0x91, 0x27, 0xE4, 0x21,  // 176:37159
	0x92, 0x0B, 0x10C, 0x21,  // 177:37387
	0x93, 0x17, 0xDD, 0x21,  // 178:37655
	0x93, 0xF4, 0xE5, 0x21,  // 179:37876
	0x94, 0xD9, 0xF5, 0x21,  // 180:38105
	0x95, 0xCE, 0x115, 0x21,  // 181:38350
	0x96, 0xE3, 0x104, 0x21,  // 182:38627
	0x97, 0xE7, 0xB9, 0x21,  // 183:38887
	0x98, 0xA0, 0xC5, 0x21,  // 184:39072
	0x99, 0x65, 0xDD, 0x21,  // 185:39269
	0x9A, 0x42, 0xE5, 0x21,  // 186:39490
	0x9B, 0x27, 0x113, 0x21,  // 187:39719
	0x9C, 0x3A, 0x10C, 0x21,  // 188:39994
	0x9D, 0x46, 0x10D, 0x21,  // 189:40262
	0x9E, 0x53, 0x10C, 0x21,  // 190:40531
	0x9F, 0x5F, 0xF2, 0x21,  // 191:40799
	0xA0, 0x51, 0x11E, 0x21,  // 192:41041
	0xA1, 0x6F, 0x11E, 0x21,  // 193:41327
	0xA2, 0x8D, 0x11E, 0x21,  // 194:41613
	0xA3, 0xAB, 0x11E, 0x21,  // 195:41899
	0xA4, 0xC9, 0x11E, 0x21,  // 196:42185
	0xA5, 0xE7, 0x11E, 0x21,  // 197:42471
	0xA7, 0x05, 0x11E, 0x21,  // 198:42757
	0xA8, 0x23, 0x103, 0x21,  // 199:43043
	0xA9, 0x26, 0x10C, 0x21,  // 200:43302
	0xAA, 0x32, 0x10C, 0x21,  // 201:43570
	0xAB, 0x3E, 0x10C, 0x21,  // 202:43838
	0xAC, 0x4A, 0x10C, 0x21,  // 203:44106
	0xAD, 0x56, 0x103, 0x21,  // 204:44374
	0xAE, 0x59, 0x103, 0x21,  // 205:44633
	0xAF, 0x5C, 0x103, 0x21,  // 206:44892
	0xB0, 0x5F, 0x103, 0x21,  // 207:45151
	0xB1, 0x62, 0x11C, 0x21,  // 208:45410
	0xB2, 0x7E, 0x10C, 0x21,  // 209:45694
	0xB3, 0x8A, 0x10A, 0x21,  // 210:45962
	0xB4, 0x94, 0x10A, 0x21,  // 211:46228
	0xB5, 0x9E, 0x10A, 0x21,  // 212:46494
	0xB6, 0xA8, 0x10A, 0x21,  // 213:46760
	0xB7, 0xB2, 0x10A, 0x21,  // 214:47026
	0xB8, 0xBC, 0x102, 0x21,  // 215:47292
	0xB9, 0xBE, 0x119, 0x21,  // 216:47550
	0xBA, 0xD7, 0x10B, 0x21,  // 217:47831
	0xBB, 0xE2, 0x10B, 0x21,  // 218:48098
	0xBC, 0xED, 0x10B, 0x21,  // 219:48365
	0xBD, 0xF8, 0x10B, 0x21,  // 220:48632
	0xBF, 0x03, 0x122, 0x21,  // 221:48899
	0xC0, 0x25, 0x10A, 0x21,  // 222:49189
	0xC1, 0x2F, 0x114, 0x21,  // 223:49455
	0xC2, 0x43, 0x10C, 0x21,  // 224:49731
	0xC3, 0x4F, 0x10C, 0x21,  // 225:49999
	0xC4, 0x5B, 0x10C, 0x21,  // 226:50267
	0xC5, 0x67, 0x10C, 0x21,  // 227:50535
	0xC6, 0x73, 0x10C, 0x21,  // 228:50803
	0xC7, 0x7F, 0x10C, 0x21,  // 229:51071
	0xC8, 0x8B, 0x127, 0x21,  // 230:51339
	0xC9, 0xB2, 0xFA, 0x21,  // 231:51634
	0xCA, 0xAC, 0x113, 0x21,  // 232:51884
	0xCB, 0xBF, 0x113, 0x21,  // 233:52159
	0xCC, 0xD2, 0x113, 0x21,  // 234:52434
	0xCD, 0xE5, 0x113, 0x21,  // 235:52709
	0xCE, 0xF8, 0x11E, 0x21,  // 236:52984
	0xD0, 0x16, 0x11E, 0x21,  // 237:53270
	0xD1, 0x34, 0x11E, 0x21,  // 238:53556
	0xD2, 0x52, 0x11E, 0x21,  // 239:53842
	0xD3, 0x70, 0x114, 0x21,  // 240:54128
	0xD4, 0x84, 0xFA, 0x21,  // 241:54404
	0xD5, 0x7E, 0x114, 0x21,  // 242:54654
	0xD6, 0x92, 0x114, 0x21,  // 243:54930
	0xD7, 0xA6, 0x114, 0x21,  // 244:55206
	0xD8, 0xBA, 0x114, 0x21,  // 245:55482
	0xD9, 0xCE, 0x114, 0x21,  // 246:55758
	0xDA, 0xE2, 0x113, 0x21,  // 247:56034
	0xDB, 0xF5, 0x11A, 0x21,  // 248:56309
	0xDD, 0x0F, 0xFA, 0x21,  // 249:56591
	0xDE, 0x09, 0xFA, 0x21,  // 250:56841
	0xDF, 0x03, 0xFA, 0x21,  // 251:57091
	0xDF, 0xFD, 0xFA, 0x21,  // 252:57341
	0xE0, 0xF7, 0x11A, 0x21,  // 253:57591
	0xE2, 0x11, 0x114, 0x21,  // 254:57873
	0xE3, 0x25, 0x11A, 0x21,  // 255:58149

	// Font Data:
	0x00,0x00,0x00,0x00,0x00,0x00,0x00,0x00,0x00,0x00,0x00,0x00,0x00,0x00,0x00,0x00,0x00,0x00,0x00,0x00,0x00,0x00,0x00,0x00,0x00,0x00,0x00,0x00,0x00,0x00,0x00,0x00,0x00,0x00,0x00,0x00,0x00,0x00,0x00,0x00,0x00,0x00,0x00,0x00,0x00,0x00,0x00,0x00,0x00,0x00,0x00,0x00,0x00,0x00,0x00,0x00,0x00,0x00,0x00,0x00,0x00,0x00,0x00,0x00,0x00,0x00,0x00,0x00,0x00,0x00,0x00,0x00,0x00,0x00,0x00,0x00,0x00,0x00,0x00,0x00,0x00,0x00,0x00,0x00,0x00,0x00,0x00,0x00,0x00,0x00,0x00,0x00,0x00,0x00,0x00,0x00,0x00,0x00,0x00,0x00,0x00,0x00,0x00,0x00,0x00,0x00,0x00,0x00,0x00,0x00,0x00,0x00,0x00,0x00,0x00,0x00,0x00,0x00,0xF0,0xFF,0xFF,0x07,0xF0,0x0F,0x00,0x00,0x00,0xF0,0xFF,0xFF,0x7F,0xF0,0x0F,0x00,0x00,0x00,0xF0,0xFF,0xFF,0x7F,0xF0,0x0F,0x00,0x00,0x00,0xF0,0xFF,0xFF,0x7F,0xF0,0x0F,0x00,0x00,0x00,0xF0,0xFF,0xFF,0x7F,0xF0,0x0F,0x00,0x00,0x00,0xF0,0xFF,0xFF,0x7F,0xF0,0x0F,0x00,0x00,0x00,0xF0,0xFF,0xFF,0x07,0xF0,0x0F,	// 33
	0x00,0x00,0x00,0x00,0x00,0x00,0x00,0x00,0x00,0x00,0x00,0x00,0x00,0x00,0x00,0x00,0x00,0x00,0x00,0x00,0x00,0x00,0x00,0x00,0x00,0x00,0x00,0x00,0x00,0x00,0x00,0x00,0x00,0x00,0x00,0x00,0x00,0x00,0x00,0x00,0x00,0x00,0x00,0x00,0x00,0x00,0x00,0x00,0x00,0x00,0x00,0x00,0x00,0x00,0x00,0xF0,0xFF,0x07,0x00,0x00,0x00,0x00,0x00,0x00,0xF0,0xFF,0x07,0x00,0x00,0x00,0x00,0x00,0x00,0xF0,0xFF,0x07,0x00,0x00,0x00,0x00,0x00,0x00,0xF0,0xFF,0x07,0x00,0x00,0x00,0x00,0x00,0x00,0xF0,0xFF,0x07,0x00,0x00,0x00,0x00,0x00,0x00,0xF0,0xFF,0x07,0x00,0x00,0x00,0x00,0x00,0x00,0xF0,0xFF,0x07,0x00,0x00,0x00,0x00,0x00,0x00,0x00,0x00,0x00,0x00,0x00,0x00,0x00,0x00,0x00,0x00,0x00,0x00,0x00,0x00,0x00,0x00,0x00,0x00,0x00,0x00,0x00,0x00,0x00,0x00,0x00,0x00,0x00,0x00,0x00,0x00,0x00,0x00,0x00,0x00,0x00,0x00,0x00,0x00,0x00,0x00,0x00,0x00,0x00,0x00,0x00,0x00,0x00,0x00,0x00,0x00,0x00,0x00,0x00,0x00,0x00,0x00,0x00,0x00,0x00,0x00,0x00,0x00,0x00,0xF0,0xFF,0x07,0x00,0x00,0x00,0x00,0x00,0x00,0xF0,0xFF,0x07,0x00,0x00,0x00,0x00,0x00,0x00,0xF0,0xFF,0x07,0x00,0x00,0x00,0x00,0x00,0x00,0xF0,0xFF,0x07,0x00,0x00,0x00,0x00,0x00,0x00,0xF0,0xFF,0x07,0x00,0x00,0x00,0x00,0x00,0x00,0xF0,0xFF,0x07,0x00,0x00,0x00,0x00,0x00,0x00,0xF0,0xFF,0x07,	// 34
	0x00,0x00,0x00,0x00,0xF0,0x03,0x00,0x00,0x00,0x00,0x00,0x00,0x00,0xF0,0x03,0x00,0x00,0x00,0x00,0x00,0x00,0x00,0xF0,0x03,0x00,0x00,0x00,0x00,0x00,0xC0,0x0F,0xF0,0x03,0x0C,0x00,0x00,0x00,0x00,0xC0,0x0F,0xF0,0xC3,0x0F,0x00,0x00,0x00,0x00,0xC0,0x0F,0xF0,0xFF,0x0F,0x00,0x00,0x00,0x00,0xC0,0x0F,0xF0,0xFF,0x0F,0x00,0x00,0x00,0x00,0xC0,0x0F,0xFC,0xFF,0x0F,0x00,0x00,0x00,0x00,0xC0,0xCF,0xFF,0xFF,0x0F,0x00,0x00,0x00,0x00,0xC0,0xFF,0xFF,0xFF,0x03,0x00,0x00,0x00,0x00,0xC0,0xFF,0xFF,0x3F,0x00,0x00,0x00,0x00,0x00,0xFC,0xFF,0xFF,0x03,0x00,0x00,0x00,0x00,0xC0,0xFF,0xFF,0xFF,0x03,0x00,0x00,0x00,0x00,0xF0,0xFF,0xFF,0xF3,0x03,0x00,0x00,0x00,0x00,0xF0,0xFF,0x3F,0xF0,0x03,0x00,0x00,0x00,0x00,0xF0,0xFF,0x0F,0xF0,0x03,0x0F,0x00,0x00,0x00,0xF0,0xFF,0x0F,0xF0,0xF3,0x0F,0x00,0x00,0x00,0xF0,0xC3,0x0F,0xF0,0xFF,0x0F,0x00,0x00,0x00,0x30,0xC0,0x0F,0xF0,0xFF,0x0F,0x00,0x00,0x00,0x00,0xC0,0x0F,0xFF,0xFF,0x0F,0x00,0x00,0x00,0x00,0xC0,0xFF,0xFF,0xFF,0x0F,0x00,0x00,0x00,0x00,0xC0,0xFF,0xFF,0xFF,0x00,0x00,0x00,0x00,0x00,0xF8,0xFF,0xFF,0x0F,0x00,0x00,0x00,0x00,0x80,0xFF,0xFF,0xFF,0x03,0x00,0x00,0x00,0x00,0xF0,0xFF,0xFF,0xFF,0x03,0x00,0x00,0x00,0x00,0xF0,0xFF,0xFF,0xF0,0x03,0x00,0x00,0x00,0x00,0xF0,0xFF,0x0F,0xF0,0x03,0x00,0x00,0x00,0x00,0xF0,0xFF,0x0F,0xF0,0x03,0x00,0x00,0x00,0x00,0xF0,0xC7,0x0F,0xF0,0x03,0x00,0x00,0x00,0x00,0xF0,0xC0,0x0F,0xF0,0x03,0x00,0x00,0x00,0x00,0x00,0xC0,0x0F,0x00,0x00,0x00,0x00,0x00,0x00,0x00,0xC0,0x0F,0x00,0x00,0x00,0x00,0x00,0x00,0x00,0xC0,0x0F,	// 35
	0x00,0x00,0x00,0x00,0x00,0x00,0x00,0x00,0x00,0x00,0x00,0x00,0x00,0x00,0x00,0x00,0x00,0x00,0x00,0x00,0x00,0x00,0x00,0x00,0x00,0x00,0x00,0x00,0x00,0x00,0x00,0x00,0x00,0x00,0x00,0x00,0x00,0x00,0x00,0x00,0x00,0x00,0x00,0x00,0x00,0x00,0x00,0x00,0x7F,0x00,0xF8,0x03,0x00,0x00,0x00,0x00,0xE0,0xFF,0x01,0xF0,0x07,0x00,0x00,0x00,0x00,0xF0,0xFF,0x03,0xF0,0x07,0x00,0x00,0x00,0x00,0xF8,0xFF,0x07,0xE0,0x07,0x00,0x00,0x00,0x00,0xF8,0xFF,0x0F,0xE0,0x07,0x00,0x00,0x00,0x00,0xFC,0xFF,0x0F,0xE0,0x0F,0x00,0x00,0x00,0x00,0xFC,0xFF,0x1F,0xC0,0x0F,0x00,0x00,0x00,0x00,0xFE,0xE1,0x1F,0xC0,0x0F,0x00,0x00,0x00,0x00,0xFE,0xC0,0x1F,0xC0,0x0F,0x00,0x00,0x00,0x00,0x7E,0x80,0x3F,0xC0,0x0F,0x00,0x00,0x00,0xF8,0xFF,0xFF,0xFF,0xFF,0xFF,0x0F,0x00,0x00,0xF8,0xFF,0xFF,0xFF,0xFF,0xFF,0x0F,0x00,0x00,0xF8,0xFF,0xFF,0xFF,0xFF,0xFF,0x0F,0x00,0x00,0xF8,0xFF,0xFF,0xFF,0xFF,0xFF,0x0F,0x00,0x00,0x00,0x7E,0x00,0x7F,0xC0,0x0F,0x00,0x00,0x00,0x00,0x7E,0x00,0x7F,0xC0,0x0F,0x00,0x00,0x00,0x00,0x7E,0x00,0x7F,0xE0,0x0F,0x00,0x00,0x00,0x00,0xFC,0x00,0xFF,0xF0,0x0F,0x00,0x00,0x00,0x00,0xFC,0x00,0xFE,0xFF,0x07,0x00,0x00,0x00,0x00,0xFC,0x00,0xFE,0xFF,0x07,0x00,0x00,0x00,0x00,0xFC,0x01,0xFC,0xFF,0x03,0x00,0x00,0x00,0x00,0xF8,0x03,0xFC,0xFF,0x03,0x00,0x00,0x00,0x00,0x00,0x00,0xF8,0xFF,0x01,0x00,0x00,0x00,0x00,0x00,0x00,0xE0,0x7F,0x00,0x00,0x00,0x00,0x00,0x00,0x00,0x80,0x1F,	// 36
	0x00,0x00,0x00,0x00,0x00,0x00,0x00,0x00,0x00,0x00,0x00,0xF8,0x03,0x00,0x00,0x00,0x00,0x00,0x00,0x00,0xFC,0x07,0x00,0x00,0x00,0x00,0x00,0x00,0x00,0xFF,0x1F,0x70,0x00,0x00,0x00,0x00,0x00,0x00,0xFF,0x1F,0x30,0x00,0x00,0x00,0x00,0x00,0x80,0xFF,0x3F,0x30,0x00,0x00,0x00,0x00,0x00,0x80,0x0F,0x3E,0x38,0x00,0x00,0x00,0x00,0x00,0xC0,0x07,0x7C,0x18,0x00,0x00,0x00,0x00,0x00,0xC0,0x03,0x78,0x18,0x00,0x00,0x00,0x00,0x00,0xC0,0x03,0x78,0x1C,0x00,0x00,0x00,0x00,0x00,0xC0,0x03,0x78,0x0C,0x00,0x00,0x00,0x00,0x00,0xC0,0x07,0x7C,0x0C,0x00,0x00,0x00,0x00,0x00,0x80,0x0F,0x7E,0x0E,0x00,0x00,0x00,0x00,0x00,0x80,0xFF,0x3F,0x06,0x00,0x00,0x00,0x00,0x00,0x00,0xFF,0x1F,0x07,0x00,0x00,0x00,0x00,0x00,0x00,0xFF,0x1F,0x07,0x00,0x00,0x00,0x00,0x00,0x00,0xFC,0x07,0x03,0x7F,0x00,0x00,0x00,0x00,0x00,0xF0,0x81,0x83,0xFF,0x00,0x00,0x00,0x00,0x00,0x00,0x80,0xE3,0xFF,0x03,0x00,0x00,0x00,0x00,0x00,0x80,0xE1,0xFF,0x03,0x00,0x00,0x00,0x00,0x00,0xC0,0xF1,0xFF,0x07,0x00,0x00,0x00,0x00,0x00,0xC0,0xF1,0xC1,0x07,0x00,0x00,0x00,0x00,0x00,0xC0,0xF8,0x80,0x0F,0x00,0x00,0x00,0x00,0x00,0xE0,0x78,0x00,0x0F,0x00,0x00,0x00,0x00,0x00,0xE0,0x78,0x00,0x0F,0x00,0x00,0x00,0x00,0x00,0x60,0x78,0x00,0x0F,0x00,0x00,0x00,0x00,0x00,0x70,0xF8,0x80,0x0F,0x00,0x00,0x00,0x00,0x00,0x30,0xF0,0xC1,0x07,0x00,0x00,0x00,0x00,0x00,0x30,0xF0,0xFF,0x07,0x00,0x00,0x00,0x00,0x00,0x38,0xE0,0xFF,0x03,0x00,0x00,0x00,0x00,0x00,0x18,0xE0,0xFF,0x03,0x00,0x00,0x00,0x00,0x00,0x00,0x80,0xFF,0x00,0x00,0x00,0x00,0x00,0x00,0x00,0x00,0x3E,	// 37
	0x00,0x00,0x00,0x00,0x00,0x00,0x00,0x00,0x00,0x00,0x00,0x00,0x00,0xF0,0x0F,0x00,0x00,0x00,0x00,0x00,0x00,0x00,0xFC,0x7F,0x00,0x00,0x00,0x00,0x00,0x00,0x00,0xFF,0xFF,0x00,0x00,0x00,0x00,0x00,0x00,0x80,0xFF,0xFF,0x01,0x00,0x00,0x00,0x00,0x00,0xC0,0xFF,0xFF,0x03,0x00,0x00,0x00,0x00,0x7E,0xE0,0xFF,0xFF,0x07,0x00,0x00,0x00,0x80,0xFF,0xF3,0xFF,0xFF,0x07,0x00,0x00,0x00,0xC0,0xFF,0xFF,0x0F,0xFE,0x0F,0x00,0x00,0x00,0xE0,0xFF,0xFF,0x03,0xF8,0x0F,0x00,0x00,0x00,0xF0,0xFF,0xFF,0x01,0xF0,0x1F,0x00,0x00,0x00,0xF0,0xFF,0xFF,0x01,0xE0,0x1F,0x00,0x00,0x00,0xF0,0xFF,0xFF,0x01,0xE0,0x1F,0x00,0x00,0x00,0xF8,0xFF,0xFF,0x03,0xC0,0x1F,0x00,0x00,0x00,0xF8,0x87,0xFF,0x0F,0xC0,0x1F,0x00,0x00,0x00,0xF8,0x03,0xFF,0x1F,0xC0,0x1F,0x00,0x00,0x00,0xF8,0x03,0xFC,0x7F,0xC0,0x1F,0x00,0x00,0x00,0xF8,0x03,0xF8,0xFF,0xC0,0x1F,0x00,0x00,0x00,0xF8,0x03,0xE0,0xFF,0xE3,0x0F,0x00,0x00,0x00,0xF8,0x03,0xC0,0xFF,0xE7,0x0F,0x00,0x00,0x00,0xF8,0x03,0x00,0xFF,0xFF,0x0F,0x00,0x00,0x00,0xF8,0x03,0x00,0xFC,0xFF,0x07,0x00,0x00,0x00,0xF8,0x03,0x00,0xF8,0xFF,0x07,0x00,0x00,0x00,0xF0,0x07,0x00,0xE0,0xFF,0x03,0x00,0x00,0x00,0xF0,0x07,0x00,0xC0,0xFF,0x07,0x00,0x00,0x00,0x00,0x00,0x00,0x00,0xFF,0x0F,0x00,0x00,0x00,0x00,0x00,0x00,0xC0,0xFF,0x0F,0x00,0x00,0x00,0x00,0x00,0x00,0xFF,0xFF,0x0F,0x00,0x00,0x00,0x00,0x00,0x00,0xFF,0xFF,0x0F,0x00,0x00,0x00,0x00,0x00,0x00,0xFF,0xFF,0x0F,0x00,0x00,0x00,0x00,0x00,0x00,0xFF,0x87,0x0F,0x00,0x00,0x00,0x00,0x00,0x00,0xFF,0x01,0x0F,0x00,0x00,0x00,0x00,0x00,0x00,0x3F,0x00,0x0C,	// 38
	0x00,0x00,0x00,0x00,0x00,0x00,0x00,0x00,0x00,0x00,0x00,0x00,0x00,0x00,0x00,0x00,0x00,0x00,0x00,0x00,0x00,0x00,0x00,0x00,0x00,0x00,0x00,0x00,0x00,0x00,0x00,0x00,0x00,0x00,0x00,0x00,0x00,0x00,0x00,0x00,0x00,0x00,0x00,0x00,0x00,0x00,0x00,0x00,0x00,0x00,0x00,0x00,0x00,0x00,0x00,0x00,0x00,0x00,0x00,0x00,0x00,0x00,0x00,0x00,0x00,0x00,0x00,0x00,0x00,0x00,0x00,0x00,0x00,0x00,0x00,0x00,0x00,0x00,0x00,0x00,0x00,0x00,0x00,0x00,0x00,0x00,0x00,0x00,0x00,0x00,0x00,0x00,0x00,0x00,0x00,0x00,0x00,0x00,0x00,0x00,0x00,0x00,0x00,0x00,0x00,0x00,0x00,0x00,0x00,0x00,0x00,0x00,0x00,0x00,0x00,0x00,0x00,0x00,0xF0,0xFF,0x07,0x00,0x00,0x00,0x00,0x00,0x00,0xF0,0xFF,0x07,0x00,0x00,0x00,0x00,0x00,0x00,0xF0,0xFF,0x07,0x00,0x00,0x00,0x00,0x00,0x00,0xF0,0xFF,0x07,0x00,0x00,0x00,0x00,0x00,0x00,0xF0,0xFF,0x07,0x00,0x00,0x00,0x00,0x00,0x00,0xF0,0xFF,0x07,0x00,0x00,0x00,0x00,0x00,0x00,0xF0,0xFF,0x07,	// 39
	0x00,0x00,0x00,0x00,0x00,0x00,0x00,0x00,0x00,0x00,0x00,0x00,0x00,0x00,0x00,0x00,0x00,0x00,0x00,0x00,0x00,0x00,0x00,0x00,0x00,0x00,0x00,0x00,0x00,0x00,0x00,0x00,0x00,0x00,0x00,0x00,0x00,0x00,0x00,0x00,0x00,0x00,0x00,0x00,0x00,0x00,0x00,0x00,0x00,0x00,0x00,0x00,0x00,0x00,0x00,0x00,0x00,0x00,0x00,0x00,0x00,0x00,0x00,0x00,0x00,0x00,0x00,0x00,0x00,0x00,0x00,0x00,0x00,0x00,0x00,0x00,0x00,0x00,0x00,0x00,0x00,0x00,0x00,0x00,0x00,0x00,0x00,0x00,0x00,0x00,0x00,0x00,0x00,0xF0,0xFF,0x01,0x00,0x00,0x00,0x00,0x00,0x00,0xFF,0xFF,0x1F,0x00,0x00,0x00,0x00,0x00,0xE0,0xFF,0xFF,0xFF,0x00,0x00,0x00,0x00,0x00,0xF8,0xFF,0xFF,0xFF,0x03,0x00,0x00,0x00,0x00,0xFE,0xFF,0xFF,0xFF,0x0F,0x00,0x00,0x00,0x80,0xFF,0xFF,0xFF,0xFF,0x3F,0x00,0x00,0x00,0xE0,0xFF,0xFF,0xFF,0xFF,0xFF,0x00,0x00,0x00,0xF0,0xFF,0xFF,0xFF,0xFF,0xFF,0x01,0x00,0x00,0xFC,0xFF,0x0F,0x00,0xFE,0xFF,0x07,0x00,0x00,0xFC,0x7F,0x00,0x00,0xC0,0xFF,0x07,0x00,0x00,0xFC,0x0F,0x00,0x00,0x00,0xFE,0x07,0x00,0x00,0xFC,0x01,0x00,0x00,0x00,0xF0,0x07,0x00,0x00,0x7C,0x00,0x00,0x00,0x00,0xC0,0x07,0x00,0x00,0x1C,0x00,0x00,0x00,0x00,0x00,0x07,0x00,0x00,0x04,0x00,0x00,0x00,0x00,0x00,0x04,	// 40
	0x00,0x00,0x00,0x00,0x00,0x00,0x00,0x00,0x00,0x00,0x00,0x00,0x00,0x00,0x00,0x00,0x00,0x00,0x00,0x00,0x00,0x00,0x00,0x00,0x00,0x00,0x00,0x00,0x00,0x00,0x00,0x00,0x00,0x00,0x00,0x00,0x00,0x00,0x00,0x00,0x00,0x00,0x00,0x00,0x00,0x00,0x00,0x00,0x00,0x00,0x00,0x00,0x00,0x00,0x00,0x00,0x00,0x00,0x00,0x00,0x00,0x00,0x00,0x00,0x00,0x00,0x00,0x00,0x00,0x00,0x00,0x00,0x00,0x04,0x00,0x00,0x00,0x00,0x00,0x04,0x00,0x00,0x1C,0x00,0x00,0x00,0x00,0x00,0x07,0x00,0x00,0x7C,0x00,0x00,0x00,0x00,0xC0,0x07,0x00,0x00,0xFC,0x01,0x00,0x00,0x00,0xF0,0x07,0x00,0x00,0xFC,0x0F,0x00,0x00,0x00,0xFE,0x07,0x00,0x00,0xFC,0x7F,0x00,0x00,0xC0,0xFF,0x07,0x00,0x00,0xF8,0xFF,0x0F,0x00,0xFE,0xFF,0x07,0x00,0x00,0xF0,0xFF,0xFF,0xFF,0xFF,0xFF,0x01,0x00,0x00,0xE0,0xFF,0xFF,0xFF,0xFF,0x7F,0x00,0x00,0x00,0x80,0xFF,0xFF,0xFF,0xFF,0x3F,0x00,0x00,0x00,0x00,0xFE,0xFF,0xFF,0xFF,0x0F,0x00,0x00,0x00,0x00,0xF8,0xFF,0xFF,0xFF,0x03,0x00,0x00,0x00,0x00,0xE0,0xFF,0xFF,0xFF,0x00,0x00,0x00,0x00,0x00,0x00,0xFF,0xFF,0x1F,0x00,0x00,0x00,0x00,0x00,0x00,0xE0,0xFF,	// 41
	0x00,0x00,0x00,0x00,0x00,0x00,0x00,0x00,0x00,0x00,0x00,0x00,0x00,0x00,0x00,0x00,0x00,0x00,0x00,0x00,0x00,0x00,0x00,0x00,0x00,0x00,0x00,0x00,0x00,0x08,0x10,0x00,0x00,0x00,0x00,0x00,0x00,0x00,0x0E,0x70,0x00,0x00,0x00,0x00,0x00,0x00,0x00,0x1F,0xF8,0x00,0x00,0x00,0x00,0x00,0x00,0x00,0x1E,0x78,0x00,0x00,0x00,0x00,0x00,0x00,0x00,0x3E,0x7C,0x00,0x00,0x00,0x00,0x00,0x00,0x00,0x3C,0x3C,0x00,0x00,0x00,0x00,0x00,0x00,0x00,0x7C,0x3E,0x00,0x00,0x00,0x00,0x00,0x00,0x00,0x78,0x1E,0x00,0x00,0x00,0x00,0x00,0x00,0x00,0xF8,0x1F,0x00,0x00,0x00,0x00,0x00,0x00,0x00,0xF0,0x0F,0x00,0x00,0x00,0x00,0x00,0x00,0x00,0xF0,0x0F,0x00,0x00,0x00,0x00,0x00,0x00,0xF8,0xFF,0xFF,0x1F,0x00,0x00,0x00,0x00,0x00,0xF8,0xFF,0xFF,0x1F,0x00,0x00,0x00,0x00,0x00,0xF8,0xFF,0xFF,0x1F,0x00,0x00,0x00,0x00,0x00,0xF8,0xFF,0xFF,0x1F,0x00,0x00,0x00,0x00,0x00,0xF8,0xFF,0xFF,0x1F,0x00,0x00,0x00,0x00,0x00,0x00,0xF0,0x0F,0x00,0x00,0x00,0x00,0x00,0x00,0x00,0xF0,0x0F,0x00,0x00,0x00,0x00,0x00,0x00,0x00,0xF8,0x1F,0x00,0x00,0x00,0x00,0x00,0x00,0x00,0x78,0x1E,0x00,0x00,0x00,0x00,0x00,0x00,0x00,0x7C,0x3E,0x00,0x00,0x00,0x00,0x00,0x00,0x00,0x3C,0x3C,0x00,0x00,0x00,0x00,0x00,0x00,0x00,0x3E,0x7C,0x00,0x00,0x00,0x00,0x00,0x00,0x00,0x1E,0x78,0x00,0x00,0x00,0x00,0x00,0x00,0x00,0x1F,0xF8,0x00,0x00,0x00,0x00,0x00,0x00,0x00,0x0E,0x70,0x00,0x00,0x00,0x00,0x00,0x00,0x00,0x08,0x10,	// 42
	0x00,0x00,0x00,0x00,0x00,0x00,0x00,0x00,0x00,0x00,0x00,0x00,0x00,0x3F,0x00,0x00,0x00,0x00,0x00,0x00,0x00,0x00,0x3F,0x00,0x00,0x00,0x00,0x00,0x00,0x00,0x00,0x3F,0x00,0x00,0x00,0x00,0x00,0x00,0x00,0x00,0x3F,0x00,0x00,0x00,0x00,0x00,0x00,0x00,0x00,0x3F,0x00,0x00,0x00,0x00,0x00,0x00,0x00,0x00,0x3F,0x00,0x00,0x00,0x00,0x00,0x00,0x00,0x00,0x3F,0x00,0x00,0x00,0x00,0x00,0x00,0x00,0x00,0x3F,0x00,0x00,0x00,0x00,0x00,0x00,0x00,0x00,0x3F,0x00,0x00,0x00,0x00,0x00,0x00,0x00,0x00,0x3F,0x00,0x00,0x00,0x00,0x00,0x00,0x00,0x00,0x3F,0x00,0x00,0x00,0x00,0x00,0x00,0x00,0x00,0x3F,0x00,0x00,0x00,0x00,0x00,0x00,0xF0,0xFF,0xFF,0xFF,0x03,0x00,0x00,0x00,0x00,0xF0,0xFF,0xFF,0xFF,0x03,0x00,0x00,0x00,0x00,0xF0,0xFF,0xFF,0xFF,0x03,0x00,0x00,0x00,0x00,0xF0,0xFF,0xFF,0xFF,0x03,0x00,0x00,0x00,0x00,0xF0,0xFF,0xFF,0xFF,0x03,0x00,0x00,0x00,0x00,0xF0,0xFF,0xFF,0xFF,0x03,0x00,0x00,0x00,0x00,0x00,0x00,0x3F,0x00,0x00,0x00,0x00,0x00,0x00,0x00,0x00,0x3F,0x00,0x00,0x00,0x00,0x00,0x00,0x00,0x00,0x3F,0x00,0x00,0x00,0x00,0x00,0x00,0x00,0x00,0x3F,0x00,0x00,0x00,0x00,0x00,0x00,0x00,0x00,0x3F,0x00,0x00,0x00,0x00,0x00,0x00,0x00,0x00,0x3F,0x00,0x00,0x00,0x00,0x00,0x00,0x00,0x00,0x3F,0x00,0x00,0x00,0x00,0x00,0x00,0x00,0x00,0x3F,0x00,0x00,0x00,0x00,0x00,0x00,0x00,0x00,0x3F,0x00,0x00,0x00,0x00,0x00,0x00,0x00,0x00,0x3F,0x00,0x00,0x00,0x00,0x00,0x00,0x00,0x00,0x3F,0x00,0x00,0x00,0x00,0x00,0x00,0x00,0x00,0x3F,	// 43
	0x00,0x00,0x00,0x00,0x00,0x00,0x00,0x00,0x00,0x00,0x00,0x00,0x00,0x00,0x00,0x00,0x00,0x00,0x00,0x00,0x00,0x00,0x00,0x00,0x00,0x00,0x00,0x00,0x00,0x00,0x00,0x00,0x00,0x00,0x00,0x00,0x00,0x00,0x00,0x00,0x00,0x00,0x00,0x00,0x00,0x00,0x00,0x00,0x00,0x00,0x00,0x00,0x00,0x00,0x00,0x00,0x00,0x00,0x00,0x00,0x00,0x00,0x00,0x00,0x00,0x00,0x00,0x00,0x00,0x00,0x00,0x00,0x00,0x00,0x00,0x00,0x00,0x00,0x00,0x00,0x00,0x00,0x00,0x00,0x00,0x00,0x00,0x00,0x0C,0x00,0x00,0x00,0x00,0x00,0x00,0x00,0x80,0x0F,0x00,0x00,0x00,0x00,0x00,0x00,0x00,0xF8,0x0F,0x00,0x00,0x00,0x00,0x00,0x00,0xFC,0xFF,0x0F,0x00,0x00,0x00,0x00,0x00,0x00,0xFC,0xFF,0x0F,0x00,0x00,0x00,0x00,0x00,0x00,0xFC,0xFF,0x0F,0x00,0x00,0x00,0x00,0x00,0x00,0xFC,0xFF,0x07,0x00,0x00,0x00,0x00,0x00,0x00,0xFC,0xFF,0x01,0x00,0x00,0x00,0x00,0x00,0x00,0xFC,0xFF,0x00,0x00,0x00,0x00,0x00,0x00,0x00,0xFC,0x3F,0x00,0x00,0x00,0x00,0x00,0x00,0x00,0xFC,0x0F,0x00,0x00,0x00,0x00,0x00,0x00,0x00,0xFC,0x03,	// 44
	0x00,0x00,0x00,0x00,0x00,0x00,0x00,0x00,0x00,0x00,0x00,0x00,0x00,0x00,0x00,0x00,0x00,0x00,0x00,0x00,0x00,0x00,0x00,0x00,0x00,0x00,0x00,0x00,0x00,0x00,0x00,0x00,0x00,0x00,0x00,0x00,0x00,0x00,0x00,0x00,0x00,0x00,0x00,0x00,0x00,0x00,0x00,0x00,0x00,0x00,0x00,0x00,0x00,0x00,0x00,0x00,0x00,0x00,0x00,0x00,0x00,0x00,0x00,0x00,0x00,0x00,0x00,0x00,0x00,0x00,0x00,0x00,0x00,0x00,0x00,0x00,0xFF,0x00,0x00,0x00,0x00,0x00,0x00,0x00,0x00,0xFF,0x00,0x00,0x00,0x00,0x00,0x00,0x00,0x00,0xFF,0x00,0x00,0x00,0x00,0x00,0x00,0x00,0x00,0xFF,0x00,0x00,0x00,0x00,0x00,0x00,0x00,0x00,0xFF,0x00,0x00,0x00,0x00,0x00,0x00,0x00,0x00,0xFF,0x00,0x00,0x00,0x00,0x00,0x00,0x00,0x00,0xFF,0x00,0x00,0x00,0x00,0x00,0x00,0x00,0x00,0xFF,0x00,0x00,0x00,0x00,0x00,0x00,0x00,0x00,0xFF,0x00,0x00,0x00,0x00,0x00,0x00,0x00,0x00,0xFF,0x00,0x00,0x00,0x00,0x00,0x00,0x00,0x00,0xFF,0x00,0x00,0x00,0x00,0x00,0x00,0x00,0x00,0xFF,0x00,0x00,0x00,0x00,0x00,0x00,0x00,0x00,0xFF,0x00,0x00,0x00,0x00,0x00,0x00,0x00,0x00,0xFF,0x00,0x00,0x00,0x00,0x00,0x00,0x00,0x00,0xFF,0x00,0x00,0x00,0x00,0x00,0x00,0x00,0x00,0xFF,0x00,0x00,0x00,0x00,0x00,0x00,0x00,0x00,0xFF,	// 45
	0x00,0x00,0x00,0x00,0x00,0x00,0x00,0x00,0x00,0x00,0x00,0x00,0x00,0x00,0x00,0x00,0x00,0x00,0x00,0x00,0x00,0x00,0x00,0x00,0x00,0x00,0x00,0x00,0x00,0x00,0x00,0x00,0x00,0x00,0x00,0x00,0x00,0x00,0x00,0x00,0x00,0x00,0x00,0x00,0x00,0x00,0x00,0x00,0x00,0x00,0x00,0x00,0x00,0x00,0x00,0x00,0x00,0x00,0x00,0x00,0x00,0x00,0x00,0x00,0x00,0x00,0x00,0x00,0x00,0x00,0x00,0x00,0x00,0x00,0x00,0x00,0x00,0x00,0x00,0x00,0x00,0x00,0x00,0x00,0x00,0x00,0x00,0x00,0x00,0x00,0x00,0x00,0x00,0x00,0x00,0x00,0x00,0x00,0x00,0x00,0x00,0x00,0x00,0x00,0x00,0x00,0x00,0x00,0x00,0x00,0x00,0x00,0x00,0xFC,0x0F,0x00,0x00,0x00,0x00,0x00,0x00,0x00,0xFC,0x0F,0x00,0x00,0x00,0x00,0x00,0x00,0x00,0xFC,0x0F,0x00,0x00,0x00,0x00,0x00,0x00,0x00,0xFC,0x0F,0x00,0x00,0x00,0x00,0x00,0x00,0x00,0xFC,0x0F,0x00,0x00,0x00,0x00,0x00,0x00,0x00,0xFC,0x0F,0x00,0x00,0x00,0x00,0x00,0x00,0x00,0xFC,0x0F,0x00,0x00,0x00,0x00,0x00,0x00,0x00,0xFC,0x0F,0x00,0x00,0x00,0x00,0x00,0x00,0x00,0xFC,0x0F,	// 46
	0x00,0x00,0x00,0x00,0x00,0x00,0x00,0x00,0x00,0x00,0x00,0x00,0x00,0x00,0x00,0x00,0x00,0x00,0x00,0x00,0x00,0x00,0x00,0x00,0x00,0x00,0x00,0x00,0x00,0x00,0x00,0x00,0x00,0x00,0x01,0x00,0x00,0x00,0x00,0x00,0x00,0x00,0xC0,0x01,0x00,0x00,0x00,0x00,0x00,0x00,0x00,0xF0,0x01,0x00,0x00,0x00,0x00,0x00,0x00,0x00,0xFE,0x01,0x00,0x00,0x00,0x00,0x00,0x00,0x80,0xFF,0x01,0x00,0x00,0x00,0x00,0x00,0x00,0xE0,0xFF,0x01,0x00,0x00,0x00,0x00,0x00,0x00,0xF8,0xFF,0x00,0x00,0x00,0x00,0x00,0x00,0x00,0xFE,0x3F,0x00,0x00,0x00,0x00,0x00,0x00,0x80,0xFF,0x0F,0x00,0x00,0x00,0x00,0x00,0x00,0xE0,0xFF,0x03,0x00,0x00,0x00,0x00,0x00,0x00,0xFC,0x7F,0x00,0x00,0x00,0x00,0x00,0x00,0x00,0xFF,0x1F,0x00,0x00,0x00,0x00,0x00,0x00,0xC0,0xFF,0x07,0x00,0x00,0x00,0x00,0x00,0x00,0xF0,0xFF,0x01,0x00,0x00,0x00,0x00,0x00,0x00,0xFC,0x7F,0x00,0x00,0x00,0x00,0x00,0x00,0x00,0xFF,0x1F,0x00,0x00,0x00,0x00,0x00,0x00,0xC0,0xFF,0x07,0x00,0x00,0x00,0x00,0x00,0x00,0xF8,0xFF,0x00,0x00,0x00,0x00,0x00,0x00,0x00,0xFE,0x3F,0x00,0x00,0x00,0x00,0x00,0x00,0x80,0xFF,0x0F,0x00,0x00,0x00,0x00,0x00,0x00,0xE0,0xFF,0x03,0x00,0x00,0x00,0x00,0x00,0x00,0xF0,0xFF,0x00,0x00,0x00,0x00,0x00,0x00,0x00,0xF0,0x3F,0x00,0x00,0x00,0x00,0x00,0x00,0x00,0xF0,0x0F,0x00,0x00,0x00,0x00,0x00,0x00,0x00,0xF0,0x01,0x00,0x00,0x00,0x00,0x00,0x00,0x00,0x70,0x00,0x00,0x00,0x00,0x00,0x00,0x00,0x00,0x10,	// 47
	0x00,0x00,0x00,0x00,0x00,0x00,0x00,0x00,0x00,0x00,0x00,0x00,0x00,0x00,0x00,0x00,0x00,0x00,0x00,0x00,0x00,0x00,0x00,0x00,0x00,0x00,0x00,0x00,0x00,0x00,0xFF,0xFF,0x00,0x00,0x00,0x00,0x00,0x00,0xF0,0xFF,0xFF,0x0F,0x00,0x00,0x00,0x00,0x00,0xFC,0xFF,0xFF,0x3F,0x00,0x00,0x00,0x00,0x00,0xFF,0xFF,0xFF,0xFF,0x00,0x00,0x00,0x00,0x80,0xFF,0xFF,0xFF,0xFF,0x01,0x00,0x00,0x00,0xC0,0xFF,0xFF,0xFF,0xFF,0x03,0x00,0x00,0x00,0xE0,0xFF,0xFF,0xFF,0xFF,0x07,0x00,0x00,0x00,0xF0,0xFF,0xFF,0xFF,0xFF,0x0F,0x00,0x00,0x00,0xF0,0xFF,0x00,0x00,0xFF,0x0F,0x00,0x00,0x00,0xF0,0x1F,0x00,0x00,0xF8,0x0F,0x00,0x00,0x00,0xF8,0x07,0x80,0x03,0xE0,0x1F,0x00,0x00,0x00,0xF8,0x03,0xC0,0x07,0xE0,0x1F,0x00,0x00,0x00,0xF8,0x03,0xE0,0x0F,0xC0,0x1F,0x00,0x00,0x00,0xF8,0x03,0xE0,0x0F,0xC0,0x1F,0x00,0x00,0x00,0xF8,0x03,0xE0,0x0F,0xC0,0x1F,0x00,0x00,0x00,0xF8,0x07,0xC0,0x07,0xE0,0x1F,0x00,0x00,0x00,0xF8,0x07,0x80,0x03,0xE0,0x1F,0x00,0x00,0x00,0xF0,0x1F,0x00,0x00,0xF8,0x0F,0x00,0x00,0x00,0xF0,0xFF,0x01,0x80,0xFF,0x0F,0x00,0x00,0x00,0xF0,0xFF,0xFF,0xFF,0xFF,0x0F,0x00,0x00,0x00,0xE0,0xFF,0xFF,0xFF,0xFF,0x07,0x00,0x00,0x00,0xC0,0xFF,0xFF,0xFF,0xFF,0x03,0x00,0x00,0x00,0x80,0xFF,0xFF,0xFF,0xFF,0x01,0x00,0x00,0x00,0x00,0xFF,0xFF,0xFF,0xFF,0x00,0x00,0x00,0x00,0x00,0xFC,0xFF,0xFF,0x3F,0x00,0x00,0x00,0x00,0x00,0xF0,0xFF,0xFF,0x0F,0x00,0x00,0x00,0x00,0x00,0x00,0xFE,0x7F,	// 48
	0x00,0x00,0x00,0x00,0x00,0x00,0x00,0x00,0x00,0x00,0x00,0x00,0x00,0x00,0x00,0x00,0x00,0x00,0x00,0x00,0x00,0x00,0x00,0x00,0x00,0x00,0x00,0x00,0x00,0x00,0x00,0x00,0x00,0x00,0x00,0x00,0x00,0x00,0x00,0x00,0x00,0x00,0x00,0x00,0x00,0x00,0x00,0x00,0x00,0x00,0xE0,0x0F,0x00,0x00,0x00,0xC0,0x1F,0x00,0x00,0xE0,0x0F,0x00,0x00,0x00,0xC0,0x1F,0x00,0x00,0xE0,0x0F,0x00,0x00,0x00,0xE0,0x0F,0x00,0x00,0xE0,0x0F,0x00,0x00,0x00,0xE0,0x0F,0x00,0x00,0xE0,0x0F,0x00,0x00,0x00,0xE0,0x0F,0x00,0x00,0xE0,0x0F,0x00,0x00,0x00,0xE0,0x0F,0x00,0x00,0xE0,0x0F,0x00,0x00,0x00,0xF0,0x07,0x00,0x00,0xE0,0x0F,0x00,0x00,0x00,0xF0,0x07,0x00,0x00,0xE0,0x0F,0x00,0x00,0x00,0xF0,0xFF,0xFF,0xFF,0xFF,0x0F,0x00,0x00,0x00,0xF0,0xFF,0xFF,0xFF,0xFF,0x0F,0x00,0x00,0x00,0xF0,0xFF,0xFF,0xFF,0xFF,0x0F,0x00,0x00,0x00,0xF0,0xFF,0xFF,0xFF,0xFF,0x0F,0x00,0x00,0x00,0xF0,0xFF,0xFF,0xFF,0xFF,0x0F,0x00,0x00,0x00,0xF0,0xFF,0xFF,0xFF,0xFF,0x0F,0x00,0x00,0x00,0xF0,0xFF,0xFF,0xFF,0xFF,0x0F,0x00,0x00,0x00,0xF0,0xFF,0xFF,0xFF,0xFF,0x0F,0x00,0x00,0x00,0x00,0x00,0x00,0x00,0xE0,0x0F,0x00,0x00,0x00,0x00,0x00,0x00,0x00,0xE0,0x0F,0x00,0x00,0x00,0x00,0x00,0x00,0x00,0xE0,0x0F,0x00,0x00,0x00,0x00,0x00,0x00,0x00,0xE0,0x0F,0x00,0x00,0x00,0x00,0x00,0x00,0x00,0xE0,0x0F,0x00,0x00,0x00,0x00,0x00,0x00,0x00,0xE0,0x0F,0x00,0x00,0x00,0x00,0x00,0x00,0x00,0xE0,0x0F,0x00,0x00,0x00,0x00,0x00,0x00,0x00,0xE0,0x0F,0x00,0x00,0x00,0x00,0x00,0x00,0x00,0xE0,0x0F,	// 49
	0x00,0x00,0x00,0x00,0x00,0x00,0x00,0x00,0x00,0x00,0x00,0x00,0x00,0x00,0x00,0x00,0x00,0x00,0x00,0x00,0x00,0x00,0x00,0x00,0x00,0x00,0x00,0x00,0x00,0x00,0x00,0x00,0xE0,0x0F,0x00,0x00,0x00,0xE0,0x0F,0x00,0x00,0xF0,0x0F,0x00,0x00,0x00,0xE0,0x07,0x00,0x00,0xF8,0x0F,0x00,0x00,0x00,0xF0,0x07,0x00,0x00,0xFE,0x0F,0x00,0x00,0x00,0xF0,0x07,0x00,0x00,0xFF,0x0F,0x00,0x00,0x00,0xF0,0x07,0x00,0x80,0xFF,0x0F,0x00,0x00,0x00,0xF0,0x03,0x00,0xC0,0xFF,0x0F,0x00,0x00,0x00,0xF8,0x03,0x00,0xE0,0xFF,0x0F,0x00,0x00,0x00,0xF8,0x03,0x00,0xF0,0xFF,0x0F,0x00,0x00,0x00,0xF8,0x03,0x00,0xF8,0xEF,0x0F,0x00,0x00,0x00,0xF8,0x03,0x00,0xFC,0xE7,0x0F,0x00,0x00,0x00,0xF8,0x03,0x00,0xFE,0xE3,0x0F,0x00,0x00,0x00,0xF8,0x03,0x00,0xFF,0xE1,0x0F,0x00,0x00,0x00,0xF8,0x03,0x80,0xFF,0xE0,0x0F,0x00,0x00,0x00,0xF8,0x07,0xE0,0x7F,0xE0,0x0F,0x00,0x00,0x00,0xF8,0x0F,0xF0,0x3F,0xE0,0x0F,0x00,0x00,0x00,0xF0,0x1F,0xFC,0x1F,0xE0,0x0F,0x00,0x00,0x00,0xF0,0xFF,0xFF,0x0F,0xE0,0x0F,0x00,0x00,0x00,0xF0,0xFF,0xFF,0x07,0xE0,0x0F,0x00,0x00,0x00,0xE0,0xFF,0xFF,0x03,0xE0,0x0F,0x00,0x00,0x00,0xE0,0xFF,0xFF,0x00,0xE0,0x0F,0x00,0x00,0x00,0xC0,0xFF,0x7F,0x00,0xE0,0x0F,0x00,0x00,0x00,0x80,0xFF,0x3F,0x00,0xE0,0x0F,0x00,0x00,0x00,0x00,0xFF,0x0F,0x00,0xE0,0x0F,0x00,0x00,0x00,0x00,0xF8,0x03,0x00,0xE0,0x0F,	// 50
	0x00,0x00,0x00,0x00,0x00,0x00,0x00,0x00,0x00,0x00,0x00,0x00,0x00,0x00,0x00,0x00,0x00,0x00,0x00,0x00,0x00,0x00,0x00,0x00,0x00,0x00,0x00,0x00,0x00,0x00,0x00,0x00,0xF0,0x07,0x00,0x00,0x00,0xE0,0x0F,0x00,0x00,0xE0,0x0F,0x00,0x00,0x00,0xE0,0x0F,0x00,0x00,0xE0,0x0F,0x00,0x00,0x00,0xF0,0x07,0x00,0x00,0xE0,0x0F,0x00,0x00,0x00,0xF0,0x07,0x00,0x00,0xE0,0x0F,0x00,0x00,0x00,0xF0,0x07,0x00,0x00,0xC0,0x0F,0x00,0x00,0x00,0xF0,0x03,0x00,0x00,0xC0,0x1F,0x00,0x00,0x00,0xF8,0x03,0xF8,0x03,0xC0,0x1F,0x00,0x00,0x00,0xF8,0x03,0xF8,0x03,0xC0,0x1F,0x00,0x00,0x00,0xF8,0x03,0xF8,0x03,0xC0,0x1F,0x00,0x00,0x00,0xF8,0x03,0xF8,0x03,0xC0,0x1F,0x00,0x00,0x00,0xF8,0x03,0xF8,0x03,0xC0,0x1F,0x00,0x00,0x00,0xF8,0x03,0xF8,0x03,0xC0,0x1F,0x00,0x00,0x00,0xF8,0x03,0xF8,0x03,0xC0,0x1F,0x00,0x00,0x00,0xF8,0x07,0xFC,0x07,0xE0,0x1F,0x00,0x00,0x00,0xF8,0x07,0xFC,0x07,0xE0,0x1F,0x00,0x00,0x00,0xF0,0x1F,0xFE,0x0F,0xF0,0x1F,0x00,0x00,0x00,0xF0,0xFF,0xFF,0x3F,0xF8,0x0F,0x00,0x00,0x00,0xF0,0xFF,0xBF,0xFF,0xFF,0x0F,0x00,0x00,0x00,0xE0,0xFF,0xBF,0xFF,0xFF,0x0F,0x00,0x00,0x00,0xE0,0xFF,0x9F,0xFF,0xFF,0x07,0x00,0x00,0x00,0xC0,0xFF,0x0F,0xFF,0xFF,0x03,0x00,0x00,0x00,0x80,0xFF,0x0F,0xFE,0xFF,0x03,0x00,0x00,0x00,0x00,0xFF,0x07,0xFC,0xFF,0x01,0x00,0x00,0x00,0x00,0xFC,0x01,0xF8,0x7F,0x00,0x00,0x00,0x00,0x00,0x00,0x00,0xE0,0x1F,	// 51
	0x00,0x00,0x00,0x00,0x00,0x00,0x00,0x00,0x00,0x00,0x00,0x00,0x00,0x00,0x00,0x00,0x00,0x00,0x00,0x00,0x00,0x00,0x00,0x00,0x00,0x00,0x00,0x00,0x00,0x00,0x00,0xF8,0x0F,0x00,0x00,0x00,0x00,0x00,0x00,0x00,0xFC,0x0F,0x00,0x00,0x00,0x00,0x00,0x00,0x00,0xFF,0x0F,0x00,0x00,0x00,0x00,0x00,0x00,0x80,0xFF,0x0F,0x00,0x00,0x00,0x00,0x00,0x00,0xE0,0xFF,0x0F,0x00,0x00,0x00,0x00,0x00,0x00,0xF0,0xFF,0x0F,0x00,0x00,0x00,0x00,0x00,0x00,0xFC,0xEF,0x0F,0x00,0x00,0x00,0x00,0x00,0x00,0xFF,0xE3,0x0F,0x00,0x00,0x00,0x00,0x00,0x80,0xFF,0xE1,0x0F,0x00,0x00,0x00,0x00,0x00,0xE0,0x7F,0xE0,0x0F,0x00,0x00,0x00,0x00,0x00,0xF0,0x3F,0xE0,0x0F,0x00,0x00,0x00,0x00,0x00,0xFC,0x0F,0xE0,0x0F,0x00,0x00,0x00,0x00,0x00,0xFE,0x03,0xE0,0x0F,0x00,0x00,0x00,0x00,0x80,0xFF,0x01,0xE0,0x0F,0x00,0x00,0x00,0x00,0xC0,0x7F,0x00,0xE0,0x0F,0x00,0x00,0x00,0x00,0xF0,0x3F,0x00,0xE0,0x0F,0x00,0x00,0x00,0x00,0xF0,0xFF,0xFF,0xFF,0xFF,0x0F,0x00,0x00,0x00,0xF0,0xFF,0xFF,0xFF,0xFF,0x0F,0x00,0x00,0x00,0xF0,0xFF,0xFF,0xFF,0xFF,0x0F,0x00,0x00,0x00,0xF0,0xFF,0xFF,0xFF,0xFF,0x0F,0x00,0x00,0x00,0xF0,0xFF,0xFF,0xFF,0xFF,0x0F,0x00,0x00,0x00,0xF0,0xFF,0xFF,0xFF,0xFF,0x0F,0x00,0x00,0x00,0xF0,0xFF,0xFF,0xFF,0xFF,0x0F,0x00,0x00,0x00,0xF0,0xFF,0xFF,0xFF,0xFF,0x0F,0x00,0x00,0x00,0x00,0x00,0x00,0xE0,0x0F,0x00,0x00,0x00,0x00,0x00,0x00,0x00,0xE0,0x0F,0x00,0x00,0x00,0x00,0x00,0x00,0x00,0xE0,0x0F,0x00,0x00,0x00,0x00,0x00,0x00,0x00,0xE0,0x0F,	// 52
	0x00,0x00,0x00,0x00,0x00,0x00,0x00,0x00,0x00,0x00,0x00,0x00,0x00,0x00,0x00,0x00,0x00,0x00,0x00,0x00,0x00,0x00,0x00,0x00,0x00,0x00,0x00,0x00,0x00,0x00,0x00,0x00,0x00,0x00,0x00,0x00,0x00,0x00,0x00,0x00,0x00,0xF0,0x07,0x00,0x00,0x00,0xF0,0xFF,0xFF,0x07,0xE0,0x0F,0x00,0x00,0x00,0xF0,0xFF,0xFF,0x03,0xE0,0x0F,0x00,0x00,0x00,0xF0,0xFF,0xFF,0x03,0xE0,0x0F,0x00,0x00,0x00,0xF0,0xFF,0xFF,0x03,0xE0,0x0F,0x00,0x00,0x00,0xF0,0xFF,0xFF,0x01,0xC0,0x1F,0x00,0x00,0x00,0xF0,0xFF,0xFF,0x01,0xC0,0x1F,0x00,0x00,0x00,0xF0,0x07,0xF8,0x01,0xC0,0x1F,0x00,0x00,0x00,0xF0,0x07,0xFC,0x01,0xC0,0x1F,0x00,0x00,0x00,0xF0,0x07,0xFC,0x01,0xC0,0x1F,0x00,0x00,0x00,0xF0,0x07,0xFC,0x01,0xC0,0x1F,0x00,0x00,0x00,0xF0,0x07,0xFC,0x01,0xC0,0x1F,0x00,0x00,0x00,0xF0,0x07,0xFC,0x01,0xC0,0x1F,0x00,0x00,0x00,0xF0,0x07,0xFC,0x03,0xE0,0x1F,0x00,0x00,0x00,0xF0,0x07,0xFC,0x03,0xE0,0x1F,0x00,0x00,0x00,0xF0,0x07,0xFC,0x07,0xE0,0x0F,0x00,0x00,0x00,0xF0,0x07,0xF8,0x07,0xF0,0x0F,0x00,0x00,0x00,0xF0,0x07,0xF8,0x1F,0xFC,0x0F,0x00,0x00,0x00,0xF0,0x07,0xF8,0xFF,0xFF,0x0F,0x00,0x00,0x00,0xF0,0x07,0xF0,0xFF,0xFF,0x07,0x00,0x00,0x00,0xF0,0x07,0xF0,0xFF,0xFF,0x03,0x00,0x00,0x00,0xF0,0x07,0xE0,0xFF,0xFF,0x03,0x00,0x00,0x00,0xF0,0x07,0xC0,0xFF,0xFF,0x01,0x00,0x00,0x00,0xF0,0x07,0x80,0xFF,0xFF,0x00,0x00,0x00,0x00,0x00,0x00,0x00,0xFE,0x3F,0x00,0x00,0x00,0x00,0x00,0x00,0x00,0xF0,0x07,	// 53
	0x00,0x00,0x00,0x00,0x00,0x00,0x00,0x00,0x00,0x00,0x00,0x00,0x00,0x00,0x00,0x00,0x00,0x00,0x00,0x00,0x00,0x00,0x00,0x00,0x00,0x00,0x00,0x00,0x00,0x00,0x00,0x00,0x00,0x00,0x00,0x00,0x00,0x00,0x00,0xFE,0xFF,0x00,0x00,0x00,0x00,0x00,0x00,0xE0,0xFF,0xFF,0x0F,0x00,0x00,0x00,0x00,0x00,0xF8,0xFF,0xFF,0x7F,0x00,0x00,0x00,0x00,0x00,0xFE,0xFF,0xFF,0xFF,0x00,0x00,0x00,0x00,0x00,0xFF,0xFF,0xFF,0xFF,0x03,0x00,0x00,0x00,0x80,0xFF,0xFF,0xFF,0xFF,0x03,0x00,0x00,0x00,0xC0,0xFF,0xFF,0xFF,0xFF,0x07,0x00,0x00,0x00,0xE0,0xFF,0xFF,0xFF,0xFF,0x0F,0x00,0x00,0x00,0xE0,0xFF,0xE1,0x0F,0xF8,0x0F,0x00,0x00,0x00,0xF0,0x3F,0xF0,0x03,0xE0,0x0F,0x00,0x00,0x00,0xF0,0x0F,0xF8,0x01,0xC0,0x1F,0x00,0x00,0x00,0xF0,0x07,0xF8,0x00,0x80,0x1F,0x00,0x00,0x00,0xF8,0x03,0xFC,0x00,0x80,0x1F,0x00,0x00,0x00,0xF8,0x03,0xFC,0x00,0x80,0x1F,0x00,0x00,0x00,0xF8,0x01,0xFC,0x00,0x80,0x1F,0x00,0x00,0x00,0xF8,0x01,0xFC,0x00,0x80,0x1F,0x00,0x00,0x00,0xF8,0x01,0xFC,0x01,0xC0,0x1F,0x00,0x00,0x00,0xF8,0x01,0xFC,0x03,0xE0,0x1F,0x00,0x00,0x00,0xF8,0x01,0xFC,0x0F,0xF8,0x0F,0x00,0x00,0x00,0xF8,0x01,0xFC,0xFF,0xFF,0x0F,0x00,0x00,0x00,0xF8,0x03,0xF8,0xFF,0xFF,0x0F,0x00,0x00,0x00,0xF0,0x03,0xF8,0xFF,0xFF,0x07,0x00,0x00,0x00,0xF0,0x03,0xF0,0xFF,0xFF,0x03,0x00,0x00,0x00,0xF0,0x07,0xE0,0xFF,0xFF,0x01,0x00,0x00,0x00,0xE0,0x0F,0xC0,0xFF,0xFF,0x00,0x00,0x00,0x00,0x00,0x00,0x00,0xFF,0x7F,0x00,0x00,0x00,0x00,0x00,0x00,0x00,0xFC,0x0F,	// 54
	0x00,0x00,0x00,0x00,0x00,0x00,0x00,0x00,0x00,0x00,0x00,0x00,0x00,0x00,0x00,0x00,0x00,0x00,0x00,0x00,0x00,0x00,0x00,0x00,0x00,0x00,0x00,0x00,0x00,0x00,0x00,0x00,0x00,0x00,0x00,0x00,0x00,0xF0,0x07,0x00,0x00,0x00,0x00,0x00,0x00,0x00,0xF0,0x07,0x00,0x00,0x00,0x00,0x00,0x00,0x00,0xF0,0x07,0x00,0x00,0x00,0x00,0x00,0x00,0x00,0xF0,0x07,0x00,0x00,0x00,0x00,0x00,0x00,0x00,0xF0,0x07,0x00,0x00,0x00,0x08,0x00,0x00,0x00,0xF0,0x07,0x00,0x00,0x00,0x0F,0x00,0x00,0x00,0xF0,0x07,0x00,0x00,0xE0,0x0F,0x00,0x00,0x00,0xF0,0x07,0x00,0x00,0xF8,0x0F,0x00,0x00,0x00,0xF0,0x07,0x00,0x00,0xFF,0x0F,0x00,0x00,0x00,0xF0,0x07,0x00,0xC0,0xFF,0x0F,0x00,0x00,0x00,0xF0,0x07,0x00,0xF8,0xFF,0x0F,0x00,0x00,0x00,0xF0,0x07,0x00,0xFF,0xFF,0x0F,0x00,0x00,0x00,0xF0,0x07,0xC0,0xFF,0xFF,0x03,0x00,0x00,0x00,0xF0,0x07,0xF8,0xFF,0xFF,0x00,0x00,0x00,0x00,0xF0,0x07,0xFE,0xFF,0x1F,0x00,0x00,0x00,0x00,0xF0,0xC7,0xFF,0xFF,0x03,0x00,0x00,0x00,0x00,0xF0,0xFF,0xFF,0xFF,0x00,0x00,0x00,0x00,0x00,0xF0,0xFF,0xFF,0x1F,0x00,0x00,0x00,0x00,0x00,0xF0,0xFF,0xFF,0x07,0x00,0x00,0x00,0x00,0x00,0xF0,0xFF,0xFF,0x00,0x00,0x00,0x00,0x00,0x00,0xF0,0xFF,0x1F,0x00,0x00,0x00,0x00,0x00,0x00,0xF0,0xFF,0x07,0x00,0x00,0x00,0x00,0x00,0x00,0xF0,0xFF,0x00,0x00,0x00,0x00,0x00,0x00,0x00,0xF0,0x3F,0x00,0x00,0x00,0x00,0x00,0x00,0x00,0xF0,0x07,	// 55
	0x00,0x00,0x00,0x00,0x00,0x00,0x00,0x00,0x00,0x00,0x00,0x00,0x00,0x00,0x00,0x00,0x00,0x00,0x00,0x00,0x00,0x00,0x00,0x00,0x00,0x00,0x00,0x00,0x00,0x00,0x00,0xE0,0x1F,0x00,0x00,0x00,0x00,0x00,0xFC,0x01,0xF8,0x7F,0x00,0x00,0x00,0x00,0x00,0xFF,0x07,0xFC,0xFF,0x01,0x00,0x00,0x00,0x80,0xFF,0x1F,0xFE,0xFF,0x03,0x00,0x00,0x00,0xC0,0xFF,0x3F,0xFF,0xFF,0x07,0x00,0x00,0x00,0xE0,0xFF,0xBF,0xFF,0xFF,0x07,0x00,0x00,0x00,0xF0,0xFF,0xFF,0xFF,0xFF,0x0F,0x00,0x00,0x00,0xF0,0xFF,0xFF,0x3F,0xF8,0x0F,0x00,0x00,0x00,0xF0,0x0F,0xFE,0x0F,0xE0,0x1F,0x00,0x00,0x00,0xF8,0x03,0xF8,0x07,0xC0,0x1F,0x00,0x00,0x00,0xF8,0x03,0xF8,0x03,0x80,0x1F,0x00,0x00,0x00,0xF8,0x01,0xF0,0x03,0x80,0x1F,0x00,0x00,0x00,0xF8,0x01,0xF0,0x03,0x80,0x1F,0x00,0x00,0x00,0xF8,0x01,0xF0,0x03,0x80,0x1F,0x00,0x00,0x00,0xF8,0x01,0xF0,0x03,0x80,0x1F,0x00,0x00,0x00,0xF8,0x03,0xF8,0x03,0xC0,0x1F,0x00,0x00,0x00,0xF8,0x03,0xF8,0x07,0xC0,0x1F,0x00,0x00,0x00,0xF0,0x0F,0xFE,0x0F,0xE0,0x0F,0x00,0x00,0x00,0xF0,0xFF,0xFF,0x3F,0xF8,0x0F,0x00,0x00,0x00,0xF0,0xFF,0xFF,0xFF,0xFF,0x0F,0x00,0x00,0x00,0xE0,0xFF,0xBF,0xFF,0xFF,0x07,0x00,0x00,0x00,0xC0,0xFF,0x3F,0xFF,0xFF,0x07,0x00,0x00,0x00,0x80,0xFF,0x1F,0xFE,0xFF,0x03,0x00,0x00,0x00,0x00,0xFF,0x07,0xFC,0xFF,0x01,0x00,0x00,0x00,0x00,0xFC,0x01,0xF8,0x7F,0x00,0x00,0x00,0x00,0x00,0x00,0x00,0xE0,0x1F,	// 56
	0x00,0x00,0x00,0x00,0x00,0x00,0x00,0x00,0x00,0x00,0x00,0x00,0x00,0x00,0x00,0x00,0x00,0x00,0x00,0x00,0x00,0x00,0x00,0x00,0x00,0x00,0x00,0x00,0x00,0xF0,0x3F,0x00,0x00,0x00,0x00,0x00,0x00,0x00,0xFE,0xFF,0x01,0x00,0x00,0x00,0x00,0x00,0x00,0xFF,0xFF,0x03,0xF0,0x07,0x00,0x00,0x00,0xC0,0xFF,0xFF,0x07,0xE0,0x0F,0x00,0x00,0x00,0xC0,0xFF,0xFF,0x0F,0xC0,0x0F,0x00,0x00,0x00,0xE0,0xFF,0xFF,0x1F,0xC0,0x0F,0x00,0x00,0x00,0xF0,0xFF,0xFF,0x1F,0xC0,0x1F,0x00,0x00,0x00,0xF0,0xFF,0xFF,0x3F,0x80,0x1F,0x00,0x00,0x00,0xF0,0x1F,0xF8,0x3F,0x80,0x1F,0x00,0x00,0x00,0xF8,0x07,0xE0,0x3F,0x80,0x1F,0x00,0x00,0x00,0xF8,0x03,0xC0,0x3F,0x80,0x1F,0x00,0x00,0x00,0xF8,0x01,0x80,0x3F,0x80,0x1F,0x00,0x00,0x00,0xF8,0x01,0x80,0x3F,0x80,0x1F,0x00,0x00,0x00,0xF8,0x01,0x80,0x3F,0xC0,0x1F,0x00,0x00,0x00,0xF8,0x01,0x80,0x3F,0xC0,0x1F,0x00,0x00,0x00,0xF8,0x01,0x80,0x1F,0xE0,0x0F,0x00,0x00,0x00,0xF8,0x03,0xC0,0x1F,0xF0,0x0F,0x00,0x00,0x00,0xF0,0x07,0xE0,0x0F,0xFC,0x0F,0x00,0x00,0x00,0xF0,0x1F,0xF8,0x87,0xFF,0x07,0x00,0x00,0x00,0xF0,0xFF,0xFF,0xFF,0xFF,0x07,0x00,0x00,0x00,0xE0,0xFF,0xFF,0xFF,0xFF,0x03,0x00,0x00,0x00,0xC0,0xFF,0xFF,0xFF,0xFF,0x01,0x00,0x00,0x00,0x80,0xFF,0xFF,0xFF,0xFF,0x00,0x00,0x00,0x00,0x00,0xFF,0xFF,0xFF,0x7F,0x00,0x00,0x00,0x00,0x00,0xFE,0xFF,0xFF,0x1F,0x00,0x00,0x00,0x00,0x00,0xF0,0xFF,0xFF,0x07,0x00,0x00,0x00,0x00,0x00,0x00,0xFF,0x7F,	// 57
	0x00,0x00,0x00,0x00,0x00,0x00,0x00,0x00,0x00,0x00,0x00,0x00,0x00,0x00,0x00,0x00,0x00,0x00,0x00,0x00,0x00,0x00,0x00,0x00,0x00,0x00,0x00,0x00,0x00,0x00,0x00,0x00,0x00,0x00,0x00,0x00,0x00,0x00,0x00,0x00,0x00,0x00,0x00,0x00,0x00,0x00,0x00,0x00,0x00,0x00,0x00,0x00,0x00,0x00,0x00,0x00,0x00,0x00,0x00,0x00,0x00,0x00,0x00,0x00,0x00,0x00,0x00,0x00,0x00,0x00,0x00,0x00,0x00,0x00,0x00,0x00,0x00,0x00,0x00,0x00,0x00,0x00,0x00,0x00,0x00,0x00,0x00,0x00,0x00,0x00,0x00,0x00,0x00,0x00,0x00,0x00,0x00,0x00,0x00,0x00,0x00,0x00,0x00,0x00,0x00,0x00,0x00,0x00,0x00,0x00,0x80,0xFF,0x01,0xFC,0x0F,0x00,0x00,0x00,0x00,0x80,0xFF,0x01,0xFC,0x0F,0x00,0x00,0x00,0x00,0x80,0xFF,0x01,0xFC,0x0F,0x00,0x00,0x00,0x00,0x80,0xFF,0x01,0xFC,0x0F,0x00,0x00,0x00,0x00,0x80,0xFF,0x01,0xFC,0x0F,0x00,0x00,0x00,0x00,0x80,0xFF,0x01,0xFC,0x0F,0x00,0x00,0x00,0x00,0x80,0xFF,0x01,0xFC,0x0F,0x00,0x00,0x00,0x00,0x80,0xFF,0x01,0xFC,0x0F,0x00,0x00,0x00,0x00,0x80,0xFF,0x01,0xFC,0x0F,	// 58
	0x00,0x00,0x00,0x00,0x00,0x00,0x00,0x00,0x00,0x00,0x00,0x00,0x00,0x00,0x00,0x00,0x00,0x00,0x00,0x00,0x00,0x00,0x00,0x00,0x00,0x00,0x00,0x00,0x00,0x00,0x00,0x00,0x00,0x00,0x00,0x00,0x00,0x00,0x00,0x00,0x00,0x00,0x00,0x00,0x00,0x00,0x00,0x00,0x00,0x00,0x00,0x00,0x00,0x00,0x00,0x00,0x00,0x00,0x00,0x00,0x00,0x00,0x00,0x00,0x00,0x00,0x00,0x00,0x00,0x00,0x00,0x00,0x00,0x00,0x00,0x00,0x00,0x00,0x00,0x00,0x00,0x00,0x00,0x00,0x00,0x00,0x00,0x00,0x00,0x00,0x00,0x00,0x00,0x00,0x00,0x00,0x00,0x0E,0x00,0x00,0x00,0x00,0x00,0x00,0x00,0xF0,0x0F,0x00,0x00,0x00,0x80,0xFF,0x01,0xFC,0xFF,0x0F,0x00,0x00,0x00,0x80,0xFF,0x01,0xFC,0xFF,0x0F,0x00,0x00,0x00,0x80,0xFF,0x01,0xFC,0xFF,0x0F,0x00,0x00,0x00,0x80,0xFF,0x01,0xFC,0xFF,0x0F,0x00,0x00,0x00,0x80,0xFF,0x01,0xFC,0xFF,0x07,0x00,0x00,0x00,0x80,0xFF,0x01,0xFC,0xFF,0x01,0x00,0x00,0x00,0x80,0xFF,0x01,0xFC,0x7F,0x00,0x00,0x00,0x00,0x80,0xFF,0x01,0xFC,0x1F,0x00,0x00,0x00,0x00,0x80,0xFF,0x01,0xFC,0x07,	// 59
	0x00,0x00,0x00,0x00,0x00,0x00,0x00,0x00,0x00,0x00,0x00,0x00,0x00,0x00,0x00,0x00,0x00,0x00,0x00,0x00,0x00,0x80,0x3F,0x00,0x00,0x00,0x00,0x00,0x00,0x00,0x80,0x3F,0x00,0x00,0x00,0x00,0x00,0x00,0x00,0xC0,0x7F,0x00,0x00,0x00,0x00,0x00,0x00,0x00,0xC0,0x7F,0x00,0x00,0x00,0x00,0x00,0x00,0x00,0xE0,0xFF,0x00,0x00,0x00,0x00,0x00,0x00,0x00,0xE0,0xFF,0x00,0x00,0x00,0x00,0x00,0x00,0x00,0xE0,0xFF,0x00,0x00,0x00,0x00,0x00,0x00,0x00,0xF0,0xFB,0x01,0x00,0x00,0x00,0x00,0x00,0x00,0xF0,0xFB,0x01,0x00,0x00,0x00,0x00,0x00,0x00,0xF8,0xFB,0x03,0x00,0x00,0x00,0x00,0x00,0x00,0xF8,0xF1,0x03,0x00,0x00,0x00,0x00,0x00,0x00,0xF8,0xF1,0x03,0x00,0x00,0x00,0x00,0x00,0x00,0xFC,0xE1,0x07,0x00,0x00,0x00,0x00,0x00,0x00,0xFC,0xE0,0x07,0x00,0x00,0x00,0x00,0x00,0x00,0xFE,0xE0,0x0F,0x00,0x00,0x00,0x00,0x00,0x00,0x7E,0xC0,0x0F,0x00,0x00,0x00,0x00,0x00,0x00,0x7E,0xC0,0x0F,0x00,0x00,0x00,0x00,0x00,0x00,0x7F,0xC0,0x1F,0x00,0x00,0x00,0x00,0x00,0x00,0x3F,0x80,0x1F,0x00,0x00,0x00,0x00,0x00,0x80,0x3F,0x80,0x3F,0x00,0x00,0x00,0x00,0x00,0x80,0x3F,0x80,0x3F,0x00,0x00,0x00,0x00,0x00,0x80,0x1F,0x00,0x3F,0x00,0x00,0x00,0x00,0x00,0xC0,0x1F,0x00,0x7F,0x00,0x00,0x00,0x00,0x00,0xC0,0x0F,0x00,0x7E,0x00,0x00,0x00,0x00,0x00,0xE0,0x0F,0x00,0xFE,0x00,0x00,0x00,0x00,0x00,0xE0,0x0F,0x00,0xFE,0x00,0x00,0x00,0x00,0x00,0xE0,0x07,0x00,0xFC,0x00,0x00,0x00,0x00,0x00,0xF0,0x07,0x00,0xFC,0x01,	// 60
	0x00,0x00,0x00,0x00,0x00,0x00,0x00,0x00,0x00,0x00,0x00,0x00,0x00,0x00,0x00,0x00,0x00,0x00,0x00,0x00,0x00,0xFC,0xC0,0x0F,0x00,0x00,0x00,0x00,0x00,0x00,0xFC,0xC0,0x0F,0x00,0x00,0x00,0x00,0x00,0x00,0xFC,0xC0,0x0F,0x00,0x00,0x00,0x00,0x00,0x00,0xFC,0xC0,0x0F,0x00,0x00,0x00,0x00,0x00,0x00,0xFC,0xC0,0x0F,0x00,0x00,0x00,0x00,0x00,0x00,0xFC,0xC0,0x0F,0x00,0x00,0x00,0x00,0x00,0x00,0xFC,0xC0,0x0F,0x00,0x00,0x00,0x00,0x00,0x00,0xFC,0xC0,0x0F,0x00,0x00,0x00,0x00,0x00,0x00,0xFC,0xC0,0x0F,0x00,0x00,0x00,0x00,0x00,0x00,0xFC,0xC0,0x0F,0x00,0x00,0x00,0x00,0x00,0x00,0xFC,0xC0,0x0F,0x00,0x00,0x00,0x00,0x00,0x00,0xFC,0xC0,0x0F,0x00,0x00,0x00,0x00,0x00,0x00,0xFC,0xC0,0x0F,0x00,0x00,0x00,0x00,0x00,0x00,0xFC,0xC0,0x0F,0x00,0x00,0x00,0x00,0x00,0x00,0xFC,0xC0,0x0F,0x00,0x00,0x00,0x00,0x00,0x00,0xFC,0xC0,0x0F,0x00,0x00,0x00,0x00,0x00,0x00,0xFC,0xC0,0x0F,0x00,0x00,0x00,0x00,0x00,0x00,0xFC,0xC0,0x0F,0x00,0x00,0x00,0x00,0x00,0x00,0xFC,0xC0,0x0F,0x00,0x00,0x00,0x00,0x00,0x00,0xFC,0xC0,0x0F,0x00,0x00,0x00,0x00,0x00,0x00,0xFC,0xC0,0x0F,0x00,0x00,0x00,0x00,0x00,0x00,0xFC,0xC0,0x0F,0x00,0x00,0x00,0x00,0x00,0x00,0xFC,0xC0,0x0F,0x00,0x00,0x00,0x00,0x00,0x00,0xFC,0xC0,0x0F,0x00,0x00,0x00,0x00,0x00,0x00,0xFC,0xC0,0x0F,0x00,0x00,0x00,0x00,0x00,0x00,0xFC,0xC0,0x0F,0x00,0x00,0x00,0x00,0x00,0x00,0xFC,0xC0,0x0F,0x00,0x00,0x00,0x00,0x00,0x00,0xFC,0xC0,0x0F,	// 61
	0x00,0x00,0x00,0x00,0x00,0x00,0x00,0x00,0x00,0x00,0x00,0x00,0x00,0x00,0x00,0x00,0x00,0x00,0x00,0x00,0xF0,0x07,0x00,0xFC,0x01,0x00,0x00,0x00,0x00,0xE0,0x07,0x00,0xFC,0x00,0x00,0x00,0x00,0x00,0xE0,0x0F,0x00,0xFE,0x00,0x00,0x00,0x00,0x00,0xE0,0x0F,0x00,0xFE,0x00,0x00,0x00,0x00,0x00,0xC0,0x0F,0x00,0x7E,0x00,0x00,0x00,0x00,0x00,0xC0,0x1F,0x00,0x7F,0x00,0x00,0x00,0x00,0x00,0x80,0x1F,0x00,0x3F,0x00,0x00,0x00,0x00,0x00,0x80,0x3F,0x80,0x3F,0x00,0x00,0x00,0x00,0x00,0x80,0x3F,0x80,0x3F,0x00,0x00,0x00,0x00,0x00,0x00,0x3F,0x80,0x1F,0x00,0x00,0x00,0x00,0x00,0x00,0x7F,0xC0,0x1F,0x00,0x00,0x00,0x00,0x00,0x00,0x7E,0xC0,0x0F,0x00,0x00,0x00,0x00,0x00,0x00,0x7E,0xC0,0x0F,0x00,0x00,0x00,0x00,0x00,0x00,0xFE,0xE0,0x0F,0x00,0x00,0x00,0x00,0x00,0x00,0xFC,0xE0,0x07,0x00,0x00,0x00,0x00,0x00,0x00,0xFC,0xE0,0x07,0x00,0x00,0x00,0x00,0x00,0x00,0xF8,0xF1,0x03,0x00,0x00,0x00,0x00,0x00,0x00,0xF8,0xF1,0x03,0x00,0x00,0x00,0x00,0x00,0x00,0xF8,0xFB,0x03,0x00,0x00,0x00,0x00,0x00,0x00,0xF0,0xFB,0x01,0x00,0x00,0x00,0x00,0x00,0x00,0xF0,0xFB,0x01,0x00,0x00,0x00,0x00,0x00,0x00,0xE0,0xFF,0x00,0x00,0x00,0x00,0x00,0x00,0x00,0xE0,0xFF,0x00,0x00,0x00,0x00,0x00,0x00,0x00,0xE0,0xFF,0x00,0x00,0x00,0x00,0x00,0x00,0x00,0xC0,0x7F,0x00,0x00,0x00,0x00,0x00,0x00,0x00,0xC0,0x7F,0x00,0x00,0x00,0x00,0x00,0x00,0x00,0x80,0x3F,0x00,0x00,0x00,0x00,0x00,0x00,0x00,0x80,0x3F,	// 62
	0x00,0x00,0x00,0x00,0x00,0x00,0x00,0x00,0x00,0x00,0x00,0x00,0x00,0x00,0x00,0x00,0x00,0x00,0x00,0x00,0x00,0x00,0x00,0x00,0x00,0x00,0x00,0x00,0x00,0x00,0x00,0x00,0x00,0x00,0x00,0x00,0x00,0x00,0x00,0x00,0x00,0x00,0x00,0x00,0x00,0x00,0x00,0x00,0x00,0x00,0x00,0x00,0x00,0x00,0x00,0xC0,0x1F,0x00,0x00,0x00,0x00,0x00,0x00,0x00,0xE0,0x0F,0x00,0x00,0x00,0x00,0x00,0x00,0x00,0xE0,0x07,0x00,0x00,0x00,0x00,0x00,0x00,0x00,0xF0,0x07,0x00,0x00,0x00,0x00,0x00,0x00,0x00,0xF0,0x03,0x00,0x00,0x00,0x00,0x00,0x00,0x00,0xF0,0x03,0x00,0x00,0x00,0x00,0x00,0x00,0x00,0xF8,0x01,0x00,0xFE,0xF1,0x0F,0x00,0x00,0x00,0xF8,0x01,0x80,0xFF,0xF1,0x0F,0x00,0x00,0x00,0xF8,0x01,0xC0,0xFF,0xF1,0x0F,0x00,0x00,0x00,0xF8,0x01,0xF0,0xFF,0xF1,0x0F,0x00,0x00,0x00,0xF8,0x01,0xF8,0xFF,0xF1,0x0F,0x00,0x00,0x00,0xF8,0x01,0xFC,0xFF,0xF1,0x0F,0x00,0x00,0x00,0xF8,0x03,0xFE,0xFF,0xF1,0x0F,0x00,0x00,0x00,0xF8,0x87,0xFF,0x01,0x00,0x00,0x00,0x00,0x00,0xF8,0xFF,0x7F,0x00,0x00,0x00,0x00,0x00,0x00,0xF0,0xFF,0x3F,0x00,0x00,0x00,0x00,0x00,0x00,0xF0,0xFF,0x1F,0x00,0x00,0x00,0x00,0x00,0x00,0xE0,0xFF,0x0F,0x00,0x00,0x00,0x00,0x00,0x00,0xE0,0xFF,0x07,0x00,0x00,0x00,0x00,0x00,0x00,0xC0,0xFF,0x03,0x00,0x00,0x00,0x00,0x00,0x00,0x80,0xFF,0x01,0x00,0x00,0x00,0x00,0x00,0x00,0x00,0x7E,	// 63
	0x00,0x00,0x00,0x00,0xFF,0x0F,0x00,0x00,0x00,0x00,0x00,0x00,0xF0,0xFF,0xFF,0x00,0x00,0x00,0x00,0x00,0x00,0xFE,0xFF,0xFF,0x03,0x00,0x00,0x00,0x00,0x80,0xFF,0xFF,0xFF,0x0F,0x00,0x00,0x00,0x00,0xC0,0xFF,0xFF,0xFF,0x1F,0x00,0x00,0x00,0x00,0xE0,0xFF,0xFF,0xFF,0x7F,0x00,0x00,0x00,0x00,0xF0,0xFF,0x00,0xF8,0xFF,0x00,0x00,0x00,0x00,0xF8,0x0F,0x00,0x80,0xFF,0x01,0x00,0x00,0x00,0xFC,0x03,0x00,0x00,0xFE,0x01,0x00,0x00,0x00,0xFE,0x01,0x00,0x00,0xF8,0x03,0x00,0x00,0x00,0x7E,0x00,0x00,0x00,0xF0,0x07,0x00,0x00,0x00,0x3F,0x00,0xFE,0x03,0xE0,0x07,0x00,0x00,0x00,0x3F,0x80,0xFF,0x1F,0xC0,0x0F,0x00,0x00,0x00,0x1F,0xE0,0xFF,0x7F,0xC0,0x0F,0x00,0x00,0x80,0x1F,0xF0,0xFF,0xFF,0x80,0x0F,0x00,0x00,0x80,0x0F,0xF8,0xFF,0xFF,0x81,0x1F,0x00,0x00,0x80,0x0F,0xF8,0xFF,0xFF,0x01,0x1F,0x00,0x00,0x80,0x0F,0xFC,0x03,0xFC,0x03,0x1F,0x00,0x00,0x80,0x0F,0xFC,0x00,0xF0,0x03,0x1F,0x00,0x00,0x80,0x0F,0x7C,0x00,0xE0,0x03,0x1F,0x00,0x00,0x80,0x0F,0x7C,0x00,0xE0,0x03,0x1F,0x00,0x00,0x80,0x1F,0x7C,0x00,0xE0,0x03,0x1F,0x00,0x00,0x00,0x1F,0x7C,0x00,0xE0,0x01,0x1F,0x00,0x00,0x00,0x3F,0xF8,0x00,0xF0,0x81,0x1F,0x00,0x00,0x00,0xFF,0xF0,0x03,0xFC,0x80,0x1F,0x00,0x00,0x00,0xFE,0xFF,0xFF,0xFF,0x81,0x0F,0x00,0x00,0x00,0xFE,0xFF,0xFF,0xFF,0xC1,0x0F,0x00,0x00,0x00,0xFC,0xFF,0xFF,0xFF,0xE1,0x0F,0x00,0x00,0x00,0xF8,0xFF,0xFF,0xFF,0xC1,0x07,0x00,0x00,0x00,0xE0,0xFF,0xFF,0xFF,0x01,0x07,0x00,0x00,0x00,0x00,0xFF,0xFF,0xFF,0x01,	// 64
	0x00,0x00,0x00,0x00,0x00,0x00,0x00,0x00,0x00,0x00,0x00,0x00,0x00,0x00,0x00,0x0C,0x00,0x00,0x00,0x00,0x00,0x00,0x00,0xC0,0x0F,0x00,0x00,0x00,0x00,0x00,0x00,0x00,0xF8,0x0F,0x00,0x00,0x00,0x00,0x00,0x00,0x80,0xFF,0x0F,0x00,0x00,0x00,0x00,0x00,0x00,0xF8,0xFF,0x0F,0x00,0x00,0x00,0x00,0x00,0x80,0xFF,0xFF,0x0F,0x00,0x00,0x00,0x00,0x00,0xF0,0xFF,0xFF,0x0F,0x00,0x00,0x00,0x00,0x00,0xFF,0xFF,0xFF,0x0F,0x00,0x00,0x00,0x00,0xF0,0xFF,0xFF,0xFF,0x01,0x00,0x00,0x00,0x00,0xFF,0xFF,0xFF,0x1F,0x00,0x00,0x00,0x00,0xE0,0xFF,0xFF,0xFF,0x03,0x00,0x00,0x00,0x00,0xF0,0xFF,0xFF,0xFF,0x03,0x00,0x00,0x00,0x00,0xF0,0xFF,0xFF,0xF1,0x03,0x00,0x00,0x00,0x00,0xF0,0xFF,0x0F,0xF0,0x03,0x00,0x00,0x00,0x00,0xF0,0xFF,0x00,0xF0,0x03,0x00,0x00,0x00,0x00,0xF0,0x07,0x00,0xF0,0x03,0x00,0x00,0x00,0x00,0xF0,0xFF,0x00,0xF0,0x03,0x00,0x00,0x00,0x00,0xF0,0xFF,0x0F,0xF0,0x03,0x00,0x00,0x00,0x00,0xF0,0xFF,0xFF,0xF1,0x03,0x00,0x00,0x00,0x00,0xF0,0xFF,0xFF,0xFF,0x03,0x00,0x00,0x00,0x00,0xE0,0xFF,0xFF,0xFF,0x03,0x00,0x00,0x00,0x00,0x00,0xFF,0xFF,0xFF,0x1F,0x00,0x00,0x00,0x00,0x00,0xF0,0xFF,0xFF,0xFF,0x01,0x00,0x00,0x00,0x00,0x00,0xFF,0xFF,0xFF,0x0F,0x00,0x00,0x00,0x00,0x00,0xF0,0xFF,0xFF,0x0F,0x00,0x00,0x00,0x00,0x00,0x80,0xFF,0xFF,0x0F,0x00,0x00,0x00,0x00,0x00,0x00,0xF8,0xFF,0x0F,0x00,0x00,0x00,0x00,0x00,0x00,0x80,0xFF,0x0F,0x00,0x00,0x00,0x00,0x00,0x00,0x00,0xF8,0x0F,0x00,0x00,0x00,0x00,0x00,0x00,0x00,0xC0,0x0F,0x00,0x00,0x00,0x00,0x00,0x00,0x00,0x00,0x0C,	// 65
	0x00,0x00,0x00,0x00,0x00,0x00,0x00,0x00,0x00,0x00,0x00,0x00,0x00,0x00,0x00,0x00,0x00,0x00,0x00,0x00,0x00,0x00,0x00,0x00,0x00,0x00,0x00,0x00,0xF0,0xFF,0xFF,0xFF,0xFF,0x0F,0x00,0x00,0x00,0xF0,0xFF,0xFF,0xFF,0xFF,0x0F,0x00,0x00,0x00,0xF0,0xFF,0xFF,0xFF,0xFF,0x0F,0x00,0x00,0x00,0xF0,0xFF,0xFF,0xFF,0xFF,0x0F,0x00,0x00,0x00,0xF0,0xFF,0xFF,0xFF,0xFF,0x0F,0x00,0x00,0x00,0xF0,0xFF,0xFF,0xFF,0xFF,0x0F,0x00,0x00,0x00,0xF0,0xFF,0xFF,0xFF,0xFF,0x0F,0x00,0x00,0x00,0xF0,0xFF,0xFF,0xFF,0xFF,0x0F,0x00,0x00,0x00,0xF0,0x03,0xF8,0x01,0xC0,0x0F,0x00,0x00,0x00,0xF0,0x03,0xF8,0x01,0xC0,0x0F,0x00,0x00,0x00,0xF0,0x03,0xF8,0x01,0xC0,0x0F,0x00,0x00,0x00,0xF0,0x03,0xF8,0x01,0xC0,0x0F,0x00,0x00,0x00,0xF0,0x03,0xF8,0x01,0xC0,0x0F,0x00,0x00,0x00,0xF0,0x03,0xF8,0x01,0xC0,0x0F,0x00,0x00,0x00,0xF0,0x03,0xF8,0x01,0xC0,0x0F,0x00,0x00,0x00,0xF0,0x03,0xF8,0x01,0xC0,0x0F,0x00,0x00,0x00,0xF0,0x03,0xF8,0x01,0xC0,0x0F,0x00,0x00,0x00,0xF0,0x07,0xFC,0x03,0xE0,0x0F,0x00,0x00,0x00,0xF0,0x0F,0xFE,0x07,0xE0,0x0F,0x00,0x00,0x00,0xE0,0xFF,0xFF,0x0F,0xF8,0x07,0x00,0x00,0x00,0xE0,0xFF,0xFF,0xFF,0xFF,0x07,0x00,0x00,0x00,0xE0,0xFF,0xDF,0xFF,0xFF,0x07,0x00,0x00,0x00,0xC0,0xFF,0x9F,0xFF,0xFF,0x07,0x00,0x00,0x00,0xC0,0xFF,0x9F,0xFF,0xFF,0x03,0x00,0x00,0x00,0x80,0xFF,0x0F,0xFF,0xFF,0x01,0x00,0x00,0x00,0x00,0xFF,0x07,0xFE,0xFF,0x00,0x00,0x00,0x00,0x00,0xFC,0x01,0xFC,0x7F,0x00,0x00,0x00,0x00,0x00,0x00,0x00,0xE0,0x1F,	// 66
	0x00,0x00,0x00,0x00,0x00,0x00,0x00,0x00,0x00,0x00,0x00,0x00,0x00,0x00,0x00,0x00,0x00,0x00,0x00,0x00,0x00,0x00,0x00,0x00,0x00,0x00,0x00,0x00,0x00,0x00,0x00,0x00,0x00,0x00,0x00,0x00,0x00,0x00,0x00,0xFE,0x7F,0x00,0x00,0x00,0x00,0x00,0x00,0xC0,0xFF,0xFF,0x03,0x00,0x00,0x00,0x00,0x00,0xF8,0xFF,0xFF,0x1F,0x00,0x00,0x00,0x00,0x00,0xFE,0xFF,0xFF,0x7F,0x00,0x00,0x00,0x00,0x00,0xFF,0xFF,0xFF,0xFF,0x00,0x00,0x00,0x00,0x80,0xFF,0xFF,0xFF,0xFF,0x01,0x00,0x00,0x00,0xC0,0xFF,0xFF,0xFF,0xFF,0x03,0x00,0x00,0x00,0xE0,0xFF,0xFF,0xFF,0xFF,0x07,0x00,0x00,0x00,0xE0,0xFF,0x03,0xC0,0xFF,0x07,0x00,0x00,0x00,0xF0,0x7F,0x00,0x00,0xFE,0x0F,0x00,0x00,0x00,0xF0,0x1F,0x00,0x00,0xF8,0x0F,0x00,0x00,0x00,0xF0,0x0F,0x00,0x00,0xF0,0x0F,0x00,0x00,0x00,0xF8,0x07,0x00,0x00,0xE0,0x1F,0x00,0x00,0x00,0xF8,0x07,0x00,0x00,0xE0,0x1F,0x00,0x00,0x00,0xF8,0x03,0x00,0x00,0xC0,0x1F,0x00,0x00,0x00,0xF8,0x03,0x00,0x00,0xC0,0x1F,0x00,0x00,0x00,0xF8,0x03,0x00,0x00,0xC0,0x1F,0x00,0x00,0x00,0xF8,0x03,0x00,0x00,0xC0,0x1F,0x00,0x00,0x00,0xF8,0x03,0x00,0x00,0xC0,0x1F,0x00,0x00,0x00,0xF8,0x03,0x00,0x00,0xC0,0x1F,0x00,0x00,0x00,0xF8,0x07,0x00,0x00,0xE0,0x1F,0x00,0x00,0x00,0xF0,0x07,0x00,0x00,0xE0,0x0F,0x00,0x00,0x00,0xF0,0x0F,0x00,0x00,0xF0,0x0F,0x00,0x00,0x00,0xF0,0x1F,0x00,0x00,0xF8,0x0F,0x00,0x00,0x00,0xE0,0x3F,0x00,0x00,0xFC,0x07,	// 67
	0x00,0x00,0x00,0x00,0x00,0x00,0x00,0x00,0x00,0x00,0x00,0x00,0x00,0x00,0x00,0x00,0x00,0x00,0x00,0x00,0x00,0x00,0x00,0x00,0x00,0x00,0x00,0x00,0x00,0x00,0x00,0x00,0x00,0x00,0x00,0x00,0x00,0xF0,0xFF,0xFF,0xFF,0xFF,0x0F,0x00,0x00,0x00,0xF0,0xFF,0xFF,0xFF,0xFF,0x0F,0x00,0x00,0x00,0xF0,0xFF,0xFF,0xFF,0xFF,0x0F,0x00,0x00,0x00,0xF0,0xFF,0xFF,0xFF,0xFF,0x0F,0x00,0x00,0x00,0xF0,0xFF,0xFF,0xFF,0xFF,0x0F,0x00,0x00,0x00,0xF0,0xFF,0xFF,0xFF,0xFF,0x0F,0x00,0x00,0x00,0xF0,0xFF,0xFF,0xFF,0xFF,0x0F,0x00,0x00,0x00,0xF0,0xFF,0xFF,0xFF,0xFF,0x0F,0x00,0x00,0x00,0xF0,0x07,0x00,0x00,0xE0,0x0F,0x00,0x00,0x00,0xF0,0x07,0x00,0x00,0xE0,0x0F,0x00,0x00,0x00,0xF0,0x07,0x00,0x00,0xE0,0x0F,0x00,0x00,0x00,0xF0,0x07,0x00,0x00,0xE0,0x0F,0x00,0x00,0x00,0xF0,0x07,0x00,0x00,0xE0,0x0F,0x00,0x00,0x00,0xF0,0x07,0x00,0x00,0xE0,0x0F,0x00,0x00,0x00,0xF0,0x0F,0x00,0x00,0xF0,0x0F,0x00,0x00,0x00,0xE0,0x0F,0x00,0x00,0xF0,0x07,0x00,0x00,0x00,0xE0,0x1F,0x00,0x00,0xF8,0x07,0x00,0x00,0x00,0xE0,0x3F,0x00,0x00,0xFC,0x07,0x00,0x00,0x00,0xC0,0x7F,0x00,0x00,0xFE,0x07,0x00,0x00,0x00,0xC0,0xFF,0x03,0xC0,0xFF,0x03,0x00,0x00,0x00,0xC0,0xFF,0xFF,0xFF,0xFF,0x03,0x00,0x00,0x00,0x80,0xFF,0xFF,0xFF,0xFF,0x01,0x00,0x00,0x00,0x00,0xFF,0xFF,0xFF,0xFF,0x00,0x00,0x00,0x00,0x00,0xFE,0xFF,0xFF,0x7F,0x00,0x00,0x00,0x00,0x00,0xFC,0xFF,0xFF,0x3F,0x00,0x00,0x00,0x00,0x00,0xF8,0xFF,0xFF,0x0F,0x00,0x00,0x00,0x00,0x00,0xC0,0xFF,0xFF,0x03,0x00,0x00,0x00,0x00,0x00,0x00,0xFC,0x3F,	// 68
	0x00,0x00,0x00,0x00,0x00,0x00,0x00,0x00,0x00,0x00,0x00,0x00,0x00,0x00,0x00,0x00,0x00,0x00,0x00,0x00,0x00,0x00,0x00,0x00,0x00,0x00,0x00,0x00,0x00,0x00,0x00,0x00,0x00,0x00,0x00,0x00,0x00,0x00,0x00,0x00,0x00,0x00,0x00,0x00,0x00,0x00,0xF0,0xFF,0xFF,0xFF,0xFF,0x0F,0x00,0x00,0x00,0xF0,0xFF,0xFF,0xFF,0xFF,0x0F,0x00,0x00,0x00,0xF0,0xFF,0xFF,0xFF,0xFF,0x0F,0x00,0x00,0x00,0xF0,0xFF,0xFF,0xFF,0xFF,0x0F,0x00,0x00,0x00,0xF0,0xFF,0xFF,0xFF,0xFF,0x0F,0x00,0x00,0x00,0xF0,0xFF,0xFF,0xFF,0xFF,0x0F,0x00,0x00,0x00,0xF0,0xFF,0xFF,0xFF,0xFF,0x0F,0x00,0x00,0x00,0xF0,0xFF,0xFF,0xFF,0xFF,0x0F,0x00,0x00,0x00,0xF0,0x07,0xF8,0x03,0xE0,0x0F,0x00,0x00,0x00,0xF0,0x07,0xF8,0x03,0xE0,0x0F,0x00,0x00,0x00,0xF0,0x07,0xF8,0x03,0xE0,0x0F,0x00,0x00,0x00,0xF0,0x07,0xF8,0x03,0xE0,0x0F,0x00,0x00,0x00,0xF0,0x07,0xF8,0x03,0xE0,0x0F,0x00,0x00,0x00,0xF0,0x07,0xF8,0x03,0xE0,0x0F,0x00,0x00,0x00,0xF0,0x07,0xF8,0x03,0xE0,0x0F,0x00,0x00,0x00,0xF0,0x07,0xF8,0x03,0xE0,0x0F,0x00,0x00,0x00,0xF0,0x07,0xF8,0x03,0xE0,0x0F,0x00,0x00,0x00,0xF0,0x07,0xF8,0x03,0xE0,0x0F,0x00,0x00,0x00,0xF0,0x07,0xF8,0x03,0xE0,0x0F,0x00,0x00,0x00,0xF0,0x07,0xF8,0x03,0xE0,0x0F,0x00,0x00,0x00,0xF0,0x07,0xF8,0x03,0xE0,0x0F,0x00,0x00,0x00,0xF0,0x07,0xF8,0x03,0xE0,0x0F,0x00,0x00,0x00,0xF0,0x07,0xF8,0x03,0xE0,0x0F,0x00,0x00,0x00,0xF0,0x07,0x00,0x00,0xE0,0x0F,0x00,0x00,0x00,0xF0,0x07,0x00,0x00,0xE0,0x0F,	// 69
	0x00,0x00,0x00,0x00,0x00,0x00,0x00,0x00,0x00,0x00,0x00,0x00,0x00,0x00,0x00,0x00,0x00,0x00,0x00,0x00,0x00,0x00,0x00,0x00,0x00,0x00,0x00,0x00,0x00,0x00,0x00,0x00,0x00,0x00,0x00,0x00,0x00,0x00,0x00,0x00,0x00,0x00,0x00,0x00,0x00,0x00,0xF0,0xFF,0xFF,0xFF,0xFF,0x0F,0x00,0x00,0x00,0xF0,0xFF,0xFF,0xFF,0xFF,0x0F,0x00,0x00,0x00,0xF0,0xFF,0xFF,0xFF,0xFF,0x0F,0x00,0x00,0x00,0xF0,0xFF,0xFF,0xFF,0xFF,0x0F,0x00,0x00,0x00,0xF0,0xFF,0xFF,0xFF,0xFF,0x0F,0x00,0x00,0x00,0xF0,0xFF,0xFF,0xFF,0xFF,0x0F,0x00,0x00,0x00,0xF0,0xFF,0xFF,0xFF,0xFF,0x0F,0x00,0x00,0x00,0xF0,0xFF,0xFF,0xFF,0xFF,0x0F,0x00,0x00,0x00,0xF0,0x07,0xF8,0x03,0x00,0x00,0x00,0x00,0x00,0xF0,0x07,0xF8,0x03,0x00,0x00,0x00,0x00,0x00,0xF0,0x07,0xF8,0x03,0x00,0x00,0x00,0x00,0x00,0xF0,0x07,0xF8,0x03,0x00,0x00,0x00,0x00,0x00,0xF0,0x07,0xF8,0x03,0x00,0x00,0x00,0x00,0x00,0xF0,0x07,0xF8,0x03,0x00,0x00,0x00,0x00,0x00,0xF0,0x07,0xF8,0x03,0x00,0x00,0x00,0x00,0x00,0xF0,0x07,0xF8,0x03,0x00,0x00,0x00,0x00,0x00,0xF0,0x07,0xF8,0x03,0x00,0x00,0x00,0x00,0x00,0xF0,0x07,0xF8,0x03,0x00,0x00,0x00,0x00,0x00,0xF0,0x07,0xF8,0x03,0x00,0x00,0x00,0x00,0x00,0xF0,0x07,0xF8,0x03,0x00,0x00,0x00,0x00,0x00,0xF0,0x07,0xF8,0x03,0x00,0x00,0x00,0x00,0x00,0xF0,0x07,0xF8,0x03,0x00,0x00,0x00,0x00,0x00,0xF0,0x07,0xF8,0x03,0x00,0x00,0x00,0x00,0x00,0xF0,0x07,0x00,0x00,0x00,0x00,0x00,0x00,0x00,0xF0,0x07,	// 70
	0x00,0x00,0x00,0x00,0x00,0x00,0x00,0x00,0x00,0x00,0x00,0x00,0x00,0x00,0x00,0x00,0x00,0x00,0x00,0x00,0x00,0x00,0x00,0x00,0x00,0x00,0x00,0x00,0x00,0x00,0xFC,0x7F,0x00,0x00,0x00,0x00,0x00,0x00,0xC0,0xFF,0xFF,0x03,0x00,0x00,0x00,0x00,0x00,0xF8,0xFF,0xFF,0x1F,0x00,0x00,0x00,0x00,0x00,0xFC,0xFF,0xFF,0x3F,0x00,0x00,0x00,0x00,0x00,0xFF,0xFF,0xFF,0xFF,0x00,0x00,0x00,0x00,0x80,0xFF,0xFF,0xFF,0xFF,0x01,0x00,0x00,0x00,0xC0,0xFF,0xFF,0xFF,0xFF,0x03,0x00,0x00,0x00,0xC0,0xFF,0xFF,0xFF,0xFF,0x03,0x00,0x00,0x00,0xE0,0xFF,0x03,0xC0,0xFF,0x07,0x00,0x00,0x00,0xE0,0x7F,0x00,0x00,0xFE,0x0F,0x00,0x00,0x00,0xF0,0x1F,0x00,0x00,0xF8,0x0F,0x00,0x00,0x00,0xF0,0x0F,0x00,0x00,0xF0,0x0F,0x00,0x00,0x00,0xF0,0x07,0x00,0x00,0xE0,0x1F,0x00,0x00,0x00,0xF8,0x07,0x00,0x00,0xE0,0x1F,0x00,0x00,0x00,0xF8,0x03,0x00,0x00,0xC0,0x1F,0x00,0x00,0x00,0xF8,0x03,0x00,0x00,0xC0,0x1F,0x00,0x00,0x00,0xF8,0x03,0x80,0x3F,0xC0,0x1F,0x00,0x00,0x00,0xF8,0x03,0x80,0x3F,0xC0,0x1F,0x00,0x00,0x00,0xF8,0x03,0x80,0x3F,0xC0,0x1F,0x00,0x00,0x00,0xF8,0x03,0x80,0x3F,0xC0,0x1F,0x00,0x00,0x00,0xF8,0x03,0x80,0x3F,0xE0,0x1F,0x00,0x00,0x00,0xF0,0x07,0x80,0xFF,0xFF,0x0F,0x00,0x00,0x00,0xF0,0x07,0x80,0xFF,0xFF,0x0F,0x00,0x00,0x00,0xF0,0x0F,0x80,0xFF,0xFF,0x0F,0x00,0x00,0x00,0xE0,0x0F,0x80,0xFF,0xFF,0x07,0x00,0x00,0x00,0xE0,0x1F,0x80,0xFF,0xFF,0x07,0x00,0x00,0x00,0xC0,0x3F,0x80,0xFF,0xFF,0x03,0x00,0x00,0x00,0x00,0x00,0x80,0xFF,0xFF,0x01,	// 71
	0x00,0x00,0x00,0x00,0x00,0x00,0x00,0x00,0x00,0x00,0x00,0x00,0x00,0x00,0x00,0x00,0x00,0x00,0x00,0x00,0x00,0x00,0x00,0x00,0x00,0x00,0x00,0x00,0x00,0x00,0x00,0x00,0x00,0x00,0x00,0x00,0x00,0xF0,0xFF,0xFF,0xFF,0xFF,0x0F,0x00,0x00,0x00,0xF0,0xFF,0xFF,0xFF,0xFF,0x0F,0x00,0x00,0x00,0xF0,0xFF,0xFF,0xFF,0xFF,0x0F,0x00,0x00,0x00,0xF0,0xFF,0xFF,0xFF,0xFF,0x0F,0x00,0x00,0x00,0xF0,0xFF,0xFF,0xFF,0xFF,0x0F,0x00,0x00,0x00,0xF0,0xFF,0xFF,0xFF,0xFF,0x0F,0x00,0x00,0x00,0xF0,0xFF,0xFF,0xFF,0xFF,0x0F,0x00,0x00,0x00,0xF0,0xFF,0xFF,0xFF,0xFF,0x0F,0x00,0x00,0x00,0x00,0x00,0xF8,0x03,0x00,0x00,0x00,0x00,0x00,0x00,0x00,0xF8,0x03,0x00,0x00,0x00,0x00,0x00,0x00,0x00,0xF8,0x03,0x00,0x00,0x00,0x00,0x00,0x00,0x00,0xF8,0x03,0x00,0x00,0x00,0x00,0x00,0x00,0x00,0xF8,0x03,0x00,0x00,0x00,0x00,0x00,0x00,0x00,0xF8,0x03,0x00,0x00,0x00,0x00,0x00,0x00,0x00,0xF8,0x03,0x00,0x00,0x00,0x00,0x00,0x00,0x00,0xF8,0x03,0x00,0x00,0x00,0x00,0x00,0x00,0x00,0xF8,0x03,0x00,0x00,0x00,0x00,0x00,0x00,0x00,0xF8,0x03,0x00,0x00,0x00,0x00,0x00,0xF0,0xFF,0xFF,0xFF,0xFF,0x0F,0x00,0x00,0x00,0xF0,0xFF,0xFF,0xFF,0xFF,0x0F,0x00,0x00,0x00,0xF0,0xFF,0xFF,0xFF,0xFF,0x0F,0x00,0x00,0x00,0xF0,0xFF,0xFF,0xFF,0xFF,0x0F,0x00,0x00,0x00,0xF0,0xFF,0xFF,0xFF,0xFF,0x0F,0x00,0x00,0x00,0xF0,0xFF,0xFF,0xFF,0xFF,0x0F,0x00,0x00,0x00,0xF0,0xFF,0xFF,0xFF,0xFF,0x0F,0x00,0x00,0x00,0xF0,0xFF,0xFF,0xFF,0xFF,0x0F,	// 72
	0x00,0x00,0x00,0x00,0x00,0x00,0x00,0x00,0x00,0x00,0x00,0x00,0x00,0x00,0x00,0x00,0x00,0x00,0x00,0x00,0x00,0x00,0x00,0x00,0x00,0x00,0x00,0x00,0x00,0x00,0x00,0x00,0x00,0x00,0x00,0x00,0x00,0x00,0x00,0x00,0x00,0x00,0x00,0x00,0x00,0x00,0xF0,0x07,0x00,0x00,0xE0,0x0F,0x00,0x00,0x00,0xF0,0x07,0x00,0x00,0xE0,0x0F,0x00,0x00,0x00,0xF0,0x07,0x00,0x00,0xE0,0x0F,0x00,0x00,0x00,0xF0,0x07,0x00,0x00,0xE0,0x0F,0x00,0x00,0x00,0xF0,0x07,0x00,0x00,0xE0,0x0F,0x00,0x00,0x00,0xF0,0x07,0x00,0x00,0xE0,0x0F,0x00,0x00,0x00,0xF0,0x07,0x00,0x00,0xE0,0x0F,0x00,0x00,0x00,0xF0,0x07,0x00,0x00,0xE0,0x0F,0x00,0x00,0x00,0xF0,0xFF,0xFF,0xFF,0xFF,0x0F,0x00,0x00,0x00,0xF0,0xFF,0xFF,0xFF,0xFF,0x0F,0x00,0x00,0x00,0xF0,0xFF,0xFF,0xFF,0xFF,0x0F,0x00,0x00,0x00,0xF0,0xFF,0xFF,0xFF,0xFF,0x0F,0x00,0x00,0x00,0xF0,0xFF,0xFF,0xFF,0xFF,0x0F,0x00,0x00,0x00,0xF0,0xFF,0xFF,0xFF,0xFF,0x0F,0x00,0x00,0x00,0xF0,0xFF,0xFF,0xFF,0xFF,0x0F,0x00,0x00,0x00,0xF0,0xFF,0xFF,0xFF,0xFF,0x0F,0x00,0x00,0x00,0xF0,0x07,0x00,0x00,0xE0,0x0F,0x00,0x00,0x00,0xF0,0x07,0x00,0x00,0xE0,0x0F,0x00,0x00,0x00,0xF0,0x07,0x00,0x00,0xE0,0x0F,0x00,0x00,0x00,0xF0,0x07,0x00,0x00,0xE0,0x0F,0x00,0x00,0x00,0xF0,0x07,0x00,0x00,0xE0,0x0F,0x00,0x00,0x00,0xF0,0x07,0x00,0x00,0xE0,0x0F,0x00,0x00,0x00,0xF0,0x07,0x00,0x00,0xE0,0x0F,0x00,0x00,0x00,0xF0,0x07,0x00,0x00,0xE0,0x0F,	// 73
	0x00,0x00,0x00,0x00,0x00,0x00,0x00,0x00,0x00,0x00,0x00,0x00,0x00,0x00,0x00,0x00,0x00,0x00,0x00,0x00,0x00,0x00,0x00,0x00,0x00,0x00,0x00,0x00,0x00,0x00,0x00,0x00,0xFC,0x03,0x00,0x00,0x00,0x00,0x00,0x00,0x00,0xFC,0x07,0x00,0x00,0x00,0x00,0x00,0x00,0x00,0xF8,0x07,0x00,0x00,0x00,0x00,0x00,0x00,0x00,0xF0,0x0F,0x00,0x00,0x00,0x00,0x00,0x00,0x00,0xE0,0x0F,0x00,0x00,0x00,0x00,0x00,0x00,0x00,0xE0,0x0F,0x00,0x00,0x00,0xF0,0x07,0x00,0x00,0xE0,0x1F,0x00,0x00,0x00,0xF0,0x07,0x00,0x00,0xC0,0x1F,0x00,0x00,0x00,0xF0,0x07,0x00,0x00,0xC0,0x1F,0x00,0x00,0x00,0xF0,0x07,0x00,0x00,0xC0,0x1F,0x00,0x00,0x00,0xF0,0x07,0x00,0x00,0xC0,0x1F,0x00,0x00,0x00,0xF0,0x07,0x00,0x00,0xC0,0x1F,0x00,0x00,0x00,0xF0,0x07,0x00,0x00,0xC0,0x1F,0x00,0x00,0x00,0xF0,0x07,0x00,0x00,0xE0,0x1F,0x00,0x00,0x00,0xF0,0x07,0x00,0x00,0xF0,0x1F,0x00,0x00,0x00,0xF0,0x07,0x00,0x00,0xF8,0x1F,0x00,0x00,0x00,0xF0,0xFF,0xFF,0xFF,0xFF,0x0F,0x00,0x00,0x00,0xF0,0xFF,0xFF,0xFF,0xFF,0x0F,0x00,0x00,0x00,0xF0,0xFF,0xFF,0xFF,0xFF,0x0F,0x00,0x00,0x00,0xF0,0xFF,0xFF,0xFF,0xFF,0x07,0x00,0x00,0x00,0xF0,0xFF,0xFF,0xFF,0xFF,0x03,0x00,0x00,0x00,0xF0,0xFF,0xFF,0xFF,0xFF,0x01,0x00,0x00,0x00,0xF0,0xFF,0xFF,0xFF,0xFF,0x00,0x00,0x00,0x00,0xF0,0xFF,0xFF,0xFF,0x1F,	// 74
	0x00,0x00,0x00,0x00,0x00,0x00,0x00,0x00,0x00,0x00,0x00,0x00,0x00,0x00,0x00,0x00,0x00,0x00,0x00,0x00,0x00,0x00,0x00,0x00,0x00,0x00,0x00,0x00,0xF0,0xFF,0xFF,0xFF,0xFF,0x0F,0x00,0x00,0x00,0xF0,0xFF,0xFF,0xFF,0xFF,0x0F,0x00,0x00,0x00,0xF0,0xFF,0xFF,0xFF,0xFF,0x0F,0x00,0x00,0x00,0xF0,0xFF,0xFF,0xFF,0xFF,0x0F,0x00,0x00,0x00,0xF0,0xFF,0xFF,0xFF,0xFF,0x0F,0x00,0x00,0x00,0xF0,0xFF,0xFF,0xFF,0xFF,0x0F,0x00,0x00,0x00,0xF0,0xFF,0xFF,0xFF,0xFF,0x0F,0x00,0x00,0x00,0xF0,0xFF,0xFF,0xFF,0xFF,0x0F,0x00,0x00,0x00,0x00,0x00,0xF8,0x3F,0x00,0x00,0x00,0x00,0x00,0x00,0x00,0xFC,0x1F,0x00,0x00,0x00,0x00,0x00,0x00,0x00,0xFE,0x07,0x00,0x00,0x00,0x00,0x00,0x00,0x80,0xFF,0x03,0x00,0x00,0x00,0x00,0x00,0x00,0xC0,0xFF,0x0F,0x00,0x00,0x00,0x00,0x00,0x00,0xE0,0xFF,0x3F,0x00,0x00,0x00,0x00,0x00,0x00,0xF0,0xFF,0xFF,0x00,0x00,0x00,0x00,0x00,0x00,0xFC,0xFF,0xFF,0x03,0x00,0x00,0x00,0x00,0x00,0xFE,0xFF,0xFF,0x07,0x00,0x00,0x00,0x00,0x00,0xFF,0xE7,0xFF,0x1F,0x00,0x00,0x00,0x00,0xC0,0xFF,0x83,0xFF,0x7F,0x00,0x00,0x00,0x00,0xE0,0xFF,0x00,0xFE,0xFF,0x01,0x00,0x00,0x00,0xF0,0x7F,0x00,0xF8,0xFF,0x07,0x00,0x00,0x00,0xF0,0x3F,0x00,0xE0,0xFF,0x0F,0x00,0x00,0x00,0xF0,0x1F,0x00,0xC0,0xFF,0x0F,0x00,0x00,0x00,0xF0,0x07,0x00,0x00,0xFF,0x0F,0x00,0x00,0x00,0xF0,0x03,0x00,0x00,0xFC,0x0F,0x00,0x00,0x00,0xF0,0x01,0x00,0x00,0xF0,0x0F,0x00,0x00,0x00,0xF0,0x00,0x00,0x00,0xC0,0x0F,0x00,0x00,0x00,0x30,0x00,0x00,0x00,0x00,0x0F,0x00,0x00,0x00,0x10,0x00,0x00,0x00,0x00,0x0C,0x00,0x00,0x00,0x00,0x00,0x00,0x00,0x00,0x08,	// 75
	0x00,0x00,0x00,0x00,0x00,0x00,0x00,0x00,0x00,0x00,0x00,0x00,0x00,0x00,0x00,0x00,0x00,0x00,0x00,0x00,0x00,0x00,0x00,0x00,0x00,0x00,0x00,0x00,0x00,0x00,0x00,0x00,0x00,0x00,0x00,0x00,0x00,0x00,0x00,0x00,0x00,0x00,0x00,0x00,0x00,0x00,0x00,0x00,0x00,0x00,0x00,0x00,0x00,0x00,0x00,0xF0,0xFF,0xFF,0xFF,0xFF,0x0F,0x00,0x00,0x00,0xF0,0xFF,0xFF,0xFF,0xFF,0x0F,0x00,0x00,0x00,0xF0,0xFF,0xFF,0xFF,0xFF,0x0F,0x00,0x00,0x00,0xF0,0xFF,0xFF,0xFF,0xFF,0x0F,0x00,0x00,0x00,0xF0,0xFF,0xFF,0xFF,0xFF,0x0F,0x00,0x00,0x00,0xF0,0xFF,0xFF,0xFF,0xFF,0x0F,0x00,0x00,0x00,0xF0,0xFF,0xFF,0xFF,0xFF,0x0F,0x00,0x00,0x00,0xF0,0xFF,0xFF,0xFF,0xFF,0x0F,0x00,0x00,0x00,0x00,0x00,0x00,0x00,0xE0,0x0F,0x00,0x00,0x00,0x00,0x00,0x00,0x00,0xE0,0x0F,0x00,0x00,0x00,0x00,0x00,0x00,0x00,0xE0,0x0F,0x00,0x00,0x00,0x00,0x00,0x00,0x00,0xE0,0x0F,0x00,0x00,0x00,0x00,0x00,0x00,0x00,0xE0,0x0F,0x00,0x00,0x00,0x00,0x00,0x00,0x00,0xE0,0x0F,0x00,0x00,0x00,0x00,0x00,0x00,0x00,0xE0,0x0F,0x00,0x00,0x00,0x00,0x00,0x00,0x00,0xE0,0x0F,0x00,0x00,0x00,0x00,0x00,0x00,0x00,0xE0,0x0F,0x00,0x00,0x00,0x00,0x00,0x00,0x00,0xE0,0x0F,0x00,0x00,0x00,0x00,0x00,0x00,0x00,0xE0,0x0F,0x00,0x00,0x00,0x00,0x00,0x00,0x00,0xE0,0x0F,0x00,0x00,0x00,0x00,0x00,0x00,0x00,0xE0,0x0F,0x00,0x00,0x00,0x00,0x00,0x00,0x00,0xE0,0x0F,0x00,0x00,0x00,0x00,0x00,0x00,0x00,0xE0,0x0F,0x00,0x00,0x00,0x00,0x00,0x00,0x00,0xE0,0x0F,0x00,0x00,0x00,0x00,0x00,0x00,0x00,0xE0,0x0F,	// 76
	0x00,0x00,0x00,0x00,0x00,0x00,0x00,0x00,0x00,0x00,0x00,0x00,0x00,0x00,0x00,0x00,0x00,0x00,0x00,0xF0,0xFF,0xFF,0xFF,0xFF,0x0F,0x00,0x00,0x00,0xF0,0xFF,0xFF,0xFF,0xFF,0x0F,0x00,0x00,0x00,0xF0,0xFF,0xFF,0xFF,0xFF,0x0F,0x00,0x00,0x00,0xF0,0xFF,0xFF,0xFF,0xFF,0x0F,0x00,0x00,0x00,0xF0,0xFF,0xFF,0xFF,0xFF,0x0F,0x00,0x00,0x00,0xF0,0xFF,0xFF,0xFF,0xFF,0x0F,0x00,0x00,0x00,0xF0,0xFF,0xFF,0xFF,0xFF,0x0F,0x00,0x00,0x00,0xF0,0x3F,0x00,0x00,0x00,0x00,0x00,0x00,0x00,0xF0,0xFF,0x03,0x00,0x00,0x00,0x00,0x00,0x00,0xF0,0xFF,0x3F,0x00,0x00,0x00,0x00,0x00,0x00,0x00,0xFF,0xFF,0x07,0x00,0x00,0x00,0x00,0x00,0x00,0xF0,0xFF,0x1F,0x00,0x00,0x00,0x00,0x00,0x00,0x00,0xFF,0x1F,0x00,0x00,0x00,0x00,0x00,0x00,0x00,0xF8,0x1F,0x00,0x00,0x00,0x00,0x00,0x00,0x00,0xF8,0x1F,0x00,0x00,0x00,0x00,0x00,0x00,0x80,0xFF,0x1F,0x00,0x00,0x00,0x00,0x00,0x00,0xF8,0xFF,0x1F,0x00,0x00,0x00,0x00,0x00,0x00,0xFF,0xFF,0x07,0x00,0x00,0x00,0x00,0x00,0xF0,0xFF,0x7F,0x00,0x00,0x00,0x00,0x00,0x00,0xF0,0xFF,0x03,0x00,0x00,0x00,0x00,0x00,0x00,0xF0,0x3F,0x00,0x00,0x00,0x00,0x00,0x00,0x00,0xF0,0xFF,0xFF,0xFF,0xFF,0x0F,0x00,0x00,0x00,0xF0,0xFF,0xFF,0xFF,0xFF,0x0F,0x00,0x00,0x00,0xF0,0xFF,0xFF,0xFF,0xFF,0x0F,0x00,0x00,0x00,0xF0,0xFF,0xFF,0xFF,0xFF,0x0F,0x00,0x00,0x00,0xF0,0xFF,0xFF,0xFF,0xFF,0x0F,0x00,0x00,0x00,0xF0,0xFF,0xFF,0xFF,0xFF,0x0F,0x00,0x00,0x00,0xF0,0xFF,0xFF,0xFF,0xFF,0x0F,	// 77
	0x00,0x00,0x00,0x00,0x00,0x00,0x00,0x00,0x00,0x00,0x00,0x00,0x00,0x00,0x00,0x00,0x00,0x00,0x00,0x00,0x00,0x00,0x00,0x00,0x00,0x00,0x00,0x00,0xF0,0xFF,0xFF,0xFF,0xFF,0x0F,0x00,0x00,0x00,0xF0,0xFF,0xFF,0xFF,0xFF,0x0F,0x00,0x00,0x00,0xF0,0xFF,0xFF,0xFF,0xFF,0x0F,0x00,0x00,0x00,0xF0,0xFF,0xFF,0xFF,0xFF,0x0F,0x00,0x00,0x00,0xF0,0xFF,0xFF,0xFF,0xFF,0x0F,0x00,0x00,0x00,0xF0,0xFF,0xFF,0xFF,0xFF,0x0F,0x00,0x00,0x00,0xF0,0xFF,0xFF,0xFF,0xFF,0x0F,0x00,0x00,0x00,0xF0,0xFF,0x00,0x00,0x00,0x00,0x00,0x00,0x00,0xF0,0xFF,0x07,0x00,0x00,0x00,0x00,0x00,0x00,0xC0,0xFF,0x1F,0x00,0x00,0x00,0x00,0x00,0x00,0x00,0xFE,0xFF,0x00,0x00,0x00,0x00,0x00,0x00,0x00,0xF8,0xFF,0x03,0x00,0x00,0x00,0x00,0x00,0x00,0xC0,0xFF,0x1F,0x00,0x00,0x00,0x00,0x00,0x00,0x00,0xFE,0x7F,0x00,0x00,0x00,0x00,0x00,0x00,0x00,0xF8,0xFF,0x03,0x00,0x00,0x00,0x00,0x00,0x00,0xC0,0xFF,0x0F,0x00,0x00,0x00,0x00,0x00,0x00,0x00,0xFF,0x7F,0x00,0x00,0x00,0x00,0x00,0x00,0x00,0xF8,0xFF,0x03,0x00,0x00,0x00,0x00,0x00,0x00,0xE0,0xFF,0x0F,0x00,0x00,0x00,0x00,0x00,0x00,0x00,0xFF,0x0F,0x00,0x00,0x00,0xF0,0xFF,0xFF,0xFF,0xFF,0x0F,0x00,0x00,0x00,0xF0,0xFF,0xFF,0xFF,0xFF,0x0F,0x00,0x00,0x00,0xF0,0xFF,0xFF,0xFF,0xFF,0x0F,0x00,0x00,0x00,0xF0,0xFF,0xFF,0xFF,0xFF,0x0F,0x00,0x00,0x00,0xF0,0xFF,0xFF,0xFF,0xFF,0x0F,0x00,0x00,0x00,0xF0,0xFF,0xFF,0xFF,0xFF,0x0F,0x00,0x00,0x00,0xF0,0xFF,0xFF,0xFF,0xFF,0x0F,	// 78
	0x00,0x00,0x00,0x00,0x00,0x00,0x00,0x00,0x00,0x00,0x00,0x00,0x00,0x00,0x00,0x00,0x00,0x00,0x00,0x00,0x00,0xFE,0x7F,0x00,0x00,0x00,0x00,0x00,0x00,0xE0,0xFF,0xFF,0x07,0x00,0x00,0x00,0x00,0x00,0xFC,0xFF,0xFF,0x3F,0x00,0x00,0x00,0x00,0x00,0xFF,0xFF,0xFF,0xFF,0x00,0x00,0x00,0x00,0x80,0xFF,0xFF,0xFF,0xFF,0x01,0x00,0x00,0x00,0xC0,0xFF,0xFF,0xFF,0xFF,0x03,0x00,0x00,0x00,0xE0,0xFF,0xFF,0xFF,0xFF,0x07,0x00,0x00,0x00,0xE0,0xFF,0xFF,0xFF,0xFF,0x07,0x00,0x00,0x00,0xF0,0xFF,0x01,0x80,0xFF,0x0F,0x00,0x00,0x00,0xF0,0x1F,0x00,0x00,0xF8,0x0F,0x00,0x00,0x00,0xF8,0x0F,0x00,0x00,0xF0,0x1F,0x00,0x00,0x00,0xF8,0x07,0x00,0x00,0xE0,0x1F,0x00,0x00,0x00,0xF8,0x03,0x00,0x00,0xC0,0x1F,0x00,0x00,0x00,0xF8,0x03,0x00,0x00,0xC0,0x1F,0x00,0x00,0x00,0xF8,0x03,0x00,0x00,0xC0,0x1F,0x00,0x00,0x00,0xF8,0x03,0x00,0x00,0xC0,0x1F,0x00,0x00,0x00,0xF8,0x07,0x00,0x00,0xE0,0x1F,0x00,0x00,0x00,0xF8,0x0F,0x00,0x00,0xF0,0x1F,0x00,0x00,0x00,0xF0,0x1F,0x00,0x00,0xF8,0x0F,0x00,0x00,0x00,0xF0,0xFF,0x01,0x80,0xFF,0x0F,0x00,0x00,0x00,0xE0,0xFF,0xFF,0xFF,0xFF,0x07,0x00,0x00,0x00,0xE0,0xFF,0xFF,0xFF,0xFF,0x07,0x00,0x00,0x00,0xC0,0xFF,0xFF,0xFF,0xFF,0x03,0x00,0x00,0x00,0x80,0xFF,0xFF,0xFF,0xFF,0x01,0x00,0x00,0x00,0x00,0xFF,0xFF,0xFF,0xFF,0x00,0x00,0x00,0x00,0x00,0xFC,0xFF,0xFF,0x3F,0x00,0x00,0x00,0x00,0x00,0xE0,0xFF,0xFF,0x07,0x00,0x00,0x00,0x00,0x00,0x00,0xFE,0x7F,	// 79
	0x00,0x00,0x00,0x00,0x00,0x00,0x00,0x00,0x00,0x00,0x00,0x00,0x00,0x00,0x00,0x00,0x00,0x00,0x00,0x00,0x00,0x00,0x00,0x00,0x00,0x00,0x00,0x00,0x00,0x00,0x00,0x00,0x00,0x00,0x00,0x00,0x00,0xF0,0xFF,0xFF,0xFF,0xFF,0x0F,0x00,0x00,0x00,0xF0,0xFF,0xFF,0xFF,0xFF,0x0F,0x00,0x00,0x00,0xF0,0xFF,0xFF,0xFF,0xFF,0x0F,0x00,0x00,0x00,0xF0,0xFF,0xFF,0xFF,0xFF,0x0F,0x00,0x00,0x00,0xF0,0xFF,0xFF,0xFF,0xFF,0x0F,0x00,0x00,0x00,0xF0,0xFF,0xFF,0xFF,0xFF,0x0F,0x00,0x00,0x00,0xF0,0xFF,0xFF,0xFF,0xFF,0x0F,0x00,0x00,0x00,0xF0,0xFF,0xFF,0xFF,0xFF,0x0F,0x00,0x00,0x00,0xF0,0x07,0xC0,0x1F,0x00,0x00,0x00,0x00,0x00,0xF0,0x07,0xC0,0x1F,0x00,0x00,0x00,0x00,0x00,0xF0,0x07,0xC0,0x1F,0x00,0x00,0x00,0x00,0x00,0xF0,0x07,0xC0,0x1F,0x00,0x00,0x00,0x00,0x00,0xF0,0x07,0xC0,0x1F,0x00,0x00,0x00,0x00,0x00,0xF0,0x07,0xC0,0x1F,0x00,0x00,0x00,0x00,0x00,0xF0,0x07,0xC0,0x1F,0x00,0x00,0x00,0x00,0x00,0xF0,0x0F,0xE0,0x1F,0x00,0x00,0x00,0x00,0x00,0xF0,0x0F,0xE0,0x1F,0x00,0x00,0x00,0x00,0x00,0xE0,0x3F,0xF8,0x0F,0x00,0x00,0x00,0x00,0x00,0xE0,0xFF,0xFF,0x0F,0x00,0x00,0x00,0x00,0x00,0xE0,0xFF,0xFF,0x0F,0x00,0x00,0x00,0x00,0x00,0xC0,0xFF,0xFF,0x07,0x00,0x00,0x00,0x00,0x00,0xC0,0xFF,0xFF,0x07,0x00,0x00,0x00,0x00,0x00,0x80,0xFF,0xFF,0x03,0x00,0x00,0x00,0x00,0x00,0x00,0xFF,0xFF,0x01,0x00,0x00,0x00,0x00,0x00,0x00,0xFE,0xFF,0x00,0x00,0x00,0x00,0x00,0x00,0x00,0xF0,0x1F,	// 80
	0x00,0x00,0x00,0x00,0x00,0x00,0x00,0x00,0x00,0x00,0x00,0x00,0x00,0x00,0x00,0x00,0x00,0x00,0x00,0x00,0x00,0xFE,0x7F,0x00,0x00,0x00,0x00,0x00,0x00,0xE0,0xFF,0xFF,0x07,0x00,0x00,0x00,0x00,0x00,0xFC,0xFF,0xFF,0x3F,0x00,0x00,0x00,0x00,0x00,0xFF,0xFF,0xFF,0xFF,0x00,0x00,0x00,0x00,0x80,0xFF,0xFF,0xFF,0xFF,0x01,0x00,0x00,0x00,0xC0,0xFF,0xFF,0xFF,0xFF,0x03,0x00,0x00,0x00,0xE0,0xFF,0xFF,0xFF,0xFF,0x07,0x00,0x00,0x00,0xE0,0xFF,0xFF,0xFF,0xFF,0x07,0x00,0x00,0x00,0xF0,0xFF,0x01,0x80,0xFF,0x0F,0x00,0x00,0x00,0xF0,0x1F,0x00,0x00,0xF8,0x0F,0x00,0x00,0x00,0xF8,0x0F,0x00,0x00,0xF0,0x1F,0x00,0x00,0x00,0xF8,0x07,0x00,0x00,0xE0,0x1F,0x00,0x00,0x00,0xF8,0x03,0x00,0x00,0xC0,0x1F,0x00,0x00,0x00,0xF8,0x03,0x00,0x00,0xC0,0x1F,0x00,0x00,0x00,0xF8,0x03,0x00,0x00,0xC0,0x1F,0x00,0x00,0x00,0xF8,0x03,0x00,0x00,0xC0,0x1F,0x00,0x00,0x00,0xF8,0x07,0x00,0x00,0xE0,0x3F,0x00,0x00,0x00,0xF8,0x0F,0x00,0x00,0xF0,0xFF,0x00,0x00,0x00,0xF0,0x1F,0x00,0x00,0xF8,0xFF,0x01,0x00,0x00,0xF0,0xFF,0x01,0x80,0xFF,0xFF,0x03,0x00,0x00,0xE0,0xFF,0xFF,0xFF,0xFF,0xFF,0x07,0x00,0x00,0xE0,0xFF,0xFF,0xFF,0xFF,0xFF,0x0F,0x00,0x00,0xC0,0xFF,0xFF,0xFF,0xFF,0xF3,0x07,0x00,0x00,0x80,0xFF,0xFF,0xFF,0xFF,0xE1,0x03,0x00,0x00,0x00,0xFF,0xFF,0xFF,0xFF,0xC0,0x01,0x00,0x00,0x00,0xFC,0xFF,0xFF,0x3F,0x80,0x01,0x00,0x00,0x00,0xE0,0xFF,0xFF,0x0F,0x00,0x00,0x00,0x00,0x00,0x00,0xFE,0x7F,	// 81
	0x00,0x00,0x00,0x00,0x00,0x00,0x00,0x00,0x00,0x00,0x00,0x00,0x00,0x00,0x00,0x00,0x00,0x00,0x00,0x00,0x00,0x00,0x00,0x00,0x00,0x00,0x00,0x00,0x00,0x00,0x00,0x00,0x00,0x00,0x00,0x00,0x00,0xF0,0xFF,0xFF,0xFF,0xFF,0x0F,0x00,0x00,0x00,0xF0,0xFF,0xFF,0xFF,0xFF,0x0F,0x00,0x00,0x00,0xF0,0xFF,0xFF,0xFF,0xFF,0x0F,0x00,0x00,0x00,0xF0,0xFF,0xFF,0xFF,0xFF,0x0F,0x00,0x00,0x00,0xF0,0xFF,0xFF,0xFF,0xFF,0x0F,0x00,0x00,0x00,0xF0,0xFF,0xFF,0xFF,0xFF,0x0F,0x00,0x00,0x00,0xF0,0xFF,0xFF,0xFF,0xFF,0x0F,0x00,0x00,0x00,0xF0,0xFF,0xFF,0xFF,0xFF,0x0F,0x00,0x00,0x00,0xF0,0x07,0xE0,0x0F,0x00,0x00,0x00,0x00,0x00,0xF0,0x07,0xE0,0x0F,0x00,0x00,0x00,0x00,0x00,0xF0,0x07,0xE0,0x0F,0x00,0x00,0x00,0x00,0x00,0xF0,0x07,0xE0,0x0F,0x00,0x00,0x00,0x00,0x00,0xF0,0x07,0xE0,0x1F,0x00,0x00,0x00,0x00,0x00,0xF0,0x07,0xE0,0x1F,0x00,0x00,0x00,0x00,0x00,0xF0,0x07,0xE0,0x7F,0x00,0x00,0x00,0x00,0x00,0xF0,0x0F,0xF0,0xFF,0x00,0x00,0x00,0x00,0x00,0xF0,0x0F,0xF0,0xFF,0x03,0x00,0x00,0x00,0x00,0xE0,0x1F,0xF8,0xFF,0x0F,0x00,0x00,0x00,0x00,0xE0,0xFF,0xFF,0xFF,0x7F,0x00,0x00,0x00,0x00,0xE0,0xFF,0xFF,0xFF,0xFF,0x01,0x00,0x00,0x00,0xE0,0xFF,0xFF,0xFC,0xFF,0x07,0x00,0x00,0x00,0xC0,0xFF,0xFF,0xF0,0xFF,0x0F,0x00,0x00,0x00,0x80,0xFF,0x7F,0xC0,0xFF,0x0F,0x00,0x00,0x00,0x00,0xFF,0x7F,0x80,0xFF,0x0F,0x00,0x00,0x00,0x00,0xFE,0x1F,0x00,0xFE,0x0F,0x00,0x00,0x00,0x00,0xF8,0x07,0x00,0xF8,0x0F,0x00,0x00,0x00,0x00,0x00,0x00,0x00,0xE0,0x0F,0x00,0x00,0x00,0x00,0x00,0x00,0x00,0x80,0x0F,0x00,0x00,0x00,0x00,0x00,0x00,0x00,0x00,0x0E,	// 82
	0x00,0x00,0x00,0x00,0x00,0x00,0x00,0x00,0x00,0x00,0x00,0x00,0x00,0x00,0x00,0x00,0x00,0x00,0x00,0x00,0x00,0x00,0x00,0x00,0x00,0x00,0x00,0x00,0x00,0xF8,0x07,0x00,0xFC,0x03,0x00,0x00,0x00,0x00,0xFE,0x1F,0x00,0xF8,0x07,0x00,0x00,0x00,0x80,0xFF,0x3F,0x00,0xF8,0x07,0x00,0x00,0x00,0xC0,0xFF,0x7F,0x00,0xF0,0x0F,0x00,0x00,0x00,0xE0,0xFF,0xFF,0x00,0xF0,0x0F,0x00,0x00,0x00,0xE0,0xFF,0xFF,0x01,0xE0,0x0F,0x00,0x00,0x00,0xF0,0xFF,0xFF,0x01,0xE0,0x0F,0x00,0x00,0x00,0xF0,0xFF,0xFF,0x03,0xE0,0x1F,0x00,0x00,0x00,0xF0,0x0F,0xFE,0x03,0xC0,0x1F,0x00,0x00,0x00,0xF8,0x07,0xFC,0x03,0xC0,0x1F,0x00,0x00,0x00,0xF8,0x07,0xFC,0x07,0xC0,0x1F,0x00,0x00,0x00,0xF8,0x03,0xF8,0x07,0xC0,0x1F,0x00,0x00,0x00,0xF8,0x03,0xF8,0x0F,0xC0,0x1F,0x00,0x00,0x00,0xF8,0x03,0xF0,0x0F,0xC0,0x1F,0x00,0x00,0x00,0xF8,0x03,0xF0,0x0F,0xC0,0x1F,0x00,0x00,0x00,0xF8,0x03,0xE0,0x1F,0xE0,0x1F,0x00,0x00,0x00,0xF8,0x03,0xE0,0x3F,0xE0,0x1F,0x00,0x00,0x00,0xF0,0x07,0xE0,0x7F,0xF8,0x0F,0x00,0x00,0x00,0xF0,0x07,0xC0,0xFF,0xFF,0x0F,0x00,0x00,0x00,0xF0,0x07,0xC0,0xFF,0xFF,0x0F,0x00,0x00,0x00,0xF0,0x0F,0x80,0xFF,0xFF,0x07,0x00,0x00,0x00,0xE0,0x0F,0x00,0xFF,0xFF,0x07,0x00,0x00,0x00,0xE0,0x1F,0x00,0xFF,0xFF,0x03,0x00,0x00,0x00,0xC0,0x3F,0x00,0xFE,0xFF,0x01,0x00,0x00,0x00,0x00,0x00,0x00,0xF8,0xFF,0x00,0x00,0x00,0x00,0x00,0x00,0x00,0xE0,0x1F,	// 83
	0x00,0x00,0x00,0x00,0x00,0x00,0x00,0x00,0x00,0x00,0x00,0x00,0x00,0x00,0x00,0x00,0x00,0x00,0x00,0x00,0x00,0x00,0x00,0x00,0x00,0x00,0x00,0x00,0xF0,0x07,0x00,0x00,0x00,0x00,0x00,0x00,0x00,0xF0,0x07,0x00,0x00,0x00,0x00,0x00,0x00,0x00,0xF0,0x07,0x00,0x00,0x00,0x00,0x00,0x00,0x00,0xF0,0x07,0x00,0x00,0x00,0x00,0x00,0x00,0x00,0xF0,0x07,0x00,0x00,0x00,0x00,0x00,0x00,0x00,0xF0,0x07,0x00,0x00,0x00,0x00,0x00,0x00,0x00,0xF0,0x07,0x00,0x00,0x00,0x00,0x00,0x00,0x00,0xF0,0x07,0x00,0x00,0x00,0x00,0x00,0x00,0x00,0xF0,0x07,0x00,0x00,0x00,0x00,0x00,0x00,0x00,0xF0,0x07,0x00,0x00,0x00,0x00,0x00,0x00,0x00,0xF0,0xFF,0xFF,0xFF,0xFF,0x0F,0x00,0x00,0x00,0xF0,0xFF,0xFF,0xFF,0xFF,0x0F,0x00,0x00,0x00,0xF0,0xFF,0xFF,0xFF,0xFF,0x0F,0x00,0x00,0x00,0xF0,0xFF,0xFF,0xFF,0xFF,0x0F,0x00,0x00,0x00,0xF0,0xFF,0xFF,0xFF,0xFF,0x0F,0x00,0x00,0x00,0xF0,0xFF,0xFF,0xFF,0xFF,0x0F,0x00,0x00,0x00,0xF0,0xFF,0xFF,0xFF,0xFF,0x0F,0x00,0x00,0x00,0xF0,0xFF,0xFF,0xFF,0xFF,0x0F,0x00,0x00,0x00,0xF0,0x07,0x00,0x00,0x00,0x00,0x00,0x00,0x00,0xF0,0x07,0x00,0x00,0x00,0x00,0x00,0x00,0x00,0xF0,0x07,0x00,0x00,0x00,0x00,0x00,0x00,0x00,0xF0,0x07,0x00,0x00,0x00,0x00,0x00,0x00,0x00,0xF0,0x07,0x00,0x00,0x00,0x00,0x00,0x00,0x00,0xF0,0x07,0x00,0x00,0x00,0x00,0x00,0x00,0x00,0xF0,0x07,0x00,0x00,0x00,0x00,0x00,0x00,0x00,0xF0,0x07,0x00,0x00,0x00,0x00,0x00,0x00,0x00,0xF0,0x07,0x00,0x00,0x00,0x00,0x00,0x00,0x00,0xF0,0x07,	// 84
	0x00,0x00,0x00,0x00,0x00,0x00,0x00,0x00,0x00,0x00,0x00,0x00,0x00,0x00,0x00,0x00,0x00,0x00,0x00,0x00,0x00,0x00,0x00,0x00,0x00,0x00,0x00,0x00,0xF0,0xFF,0xFF,0xFF,0x07,0x00,0x00,0x00,0x00,0xF0,0xFF,0xFF,0xFF,0x7F,0x00,0x00,0x00,0x00,0xF0,0xFF,0xFF,0xFF,0xFF,0x00,0x00,0x00,0x00,0xF0,0xFF,0xFF,0xFF,0xFF,0x03,0x00,0x00,0x00,0xF0,0xFF,0xFF,0xFF,0xFF,0x07,0x00,0x00,0x00,0xF0,0xFF,0xFF,0xFF,0xFF,0x07,0x00,0x00,0x00,0xF0,0xFF,0xFF,0xFF,0xFF,0x0F,0x00,0x00,0x00,0xF0,0xFF,0xFF,0xFF,0xFF,0x0F,0x00,0x00,0x00,0x00,0x00,0x00,0x00,0xF8,0x0F,0x00,0x00,0x00,0x00,0x00,0x00,0x00,0xF0,0x1F,0x00,0x00,0x00,0x00,0x00,0x00,0x00,0xE0,0x1F,0x00,0x00,0x00,0x00,0x00,0x00,0x00,0xC0,0x1F,0x00,0x00,0x00,0x00,0x00,0x00,0x00,0xC0,0x1F,0x00,0x00,0x00,0x00,0x00,0x00,0x00,0xC0,0x1F,0x00,0x00,0x00,0x00,0x00,0x00,0x00,0xC0,0x1F,0x00,0x00,0x00,0x00,0x00,0x00,0x00,0xC0,0x1F,0x00,0x00,0x00,0x00,0x00,0x00,0x00,0xE0,0x1F,0x00,0x00,0x00,0x00,0x00,0x00,0x00,0xF0,0x1F,0x00,0x00,0x00,0x00,0x00,0x00,0x00,0xF8,0x0F,0x00,0x00,0x00,0xF0,0xFF,0xFF,0xFF,0xFF,0x0F,0x00,0x00,0x00,0xF0,0xFF,0xFF,0xFF,0xFF,0x0F,0x00,0x00,0x00,0xF0,0xFF,0xFF,0xFF,0xFF,0x07,0x00,0x00,0x00,0xF0,0xFF,0xFF,0xFF,0xFF,0x07,0x00,0x00,0x00,0xF0,0xFF,0xFF,0xFF,0xFF,0x03,0x00,0x00,0x00,0xF0,0xFF,0xFF,0xFF,0xFF,0x00,0x00,0x00,0x00,0xF0,0xFF,0xFF,0xFF,0x7F,0x00,0x00,0x00,0x00,0xF0,0xFF,0xFF,0xFF,0x07,	// 85
	0x00,0x00,0x00,0x00,0x00,0x00,0x00,0x00,0x00,0x00,0x00,0x00,0x00,0x00,0x00,0x00,0x00,0x00,0x00,0x30,0x00,0x00,0x00,0x00,0x00,0x00,0x00,0x00,0xF0,0x03,0x00,0x00,0x00,0x00,0x00,0x00,0x00,0xF0,0x7F,0x00,0x00,0x00,0x00,0x00,0x00,0x00,0xF0,0xFF,0x07,0x00,0x00,0x00,0x00,0x00,0x00,0xF0,0xFF,0x7F,0x00,0x00,0x00,0x00,0x00,0x00,0xF0,0xFF,0xFF,0x07,0x00,0x00,0x00,0x00,0x00,0xF0,0xFF,0xFF,0x7F,0x00,0x00,0x00,0x00,0x00,0xF0,0xFF,0xFF,0xFF,0x0F,0x00,0x00,0x00,0x00,0x80,0xFF,0xFF,0xFF,0xFF,0x00,0x00,0x00,0x00,0x00,0xF8,0xFF,0xFF,0xFF,0x0F,0x00,0x00,0x00,0x00,0x00,0xFF,0xFF,0xFF,0x0F,0x00,0x00,0x00,0x00,0x00,0xE0,0xFF,0xFF,0x0F,0x00,0x00,0x00,0x00,0x00,0x00,0xFC,0xFF,0x0F,0x00,0x00,0x00,0x00,0x00,0x00,0xC0,0xFF,0x0F,0x00,0x00,0x00,0x00,0x00,0x00,0x00,0xF8,0x0F,0x00,0x00,0x00,0x00,0x00,0x00,0x00,0xF8,0x0F,0x00,0x00,0x00,0x00,0x00,0x00,0xC0,0xFF,0x0F,0x00,0x00,0x00,0x00,0x00,0x00,0xFE,0xFF,0x0F,0x00,0x00,0x00,0x00,0x00,0xE0,0xFF,0xFF,0x0F,0x00,0x00,0x00,0x00,0x00,0xFF,0xFF,0xFF,0x0F,0x00,0x00,0x00,0x00,0xF8,0xFF,0xFF,0xFF,0x0F,0x00,0x00,0x00,0xC0,0xFF,0xFF,0xFF,0xFF,0x00,0x00,0x00,0x00,0xF0,0xFF,0xFF,0xFF,0x0F,0x00,0x00,0x00,0x00,0xF0,0xFF,0xFF,0x7F,0x00,0x00,0x00,0x00,0x00,0xF0,0xFF,0xFF,0x07,0x00,0x00,0x00,0x00,0x00,0xF0,0xFF,0x7F,0x00,0x00,0x00,0x00,0x00,0x00,0xF0,0xFF,0x07,0x00,0x00,0x00,0x00,0x00,0x00,0xF0,0x7F,0x00,0x00,0x00,0x00,0x00,0x00,0x00,0xF0,0x03,0x00,0x00,0x00,0x00,0x00,0x00,0x00,0x30,	// 86
	0x00,0xF0,0x00,0x00,0x00,0x00,0x00,0x00,0x00,0x00,0xF0,0xFF,0x00,0x00,0x00,0x00,0x00,0x00,0x00,0xF0,0xFF,0xFF,0x00,0x00,0x00,0x00,0x00,0x00,0xF0,0xFF,0xFF,0xFF,0x00,0x00,0x00,0x00,0x00,0xF0,0xFF,0xFF,0xFF,0xFF,0x01,0x00,0x00,0x00,0xF0,0xFF,0xFF,0xFF,0xFF,0x0F,0x00,0x00,0x00,0xF0,0xFF,0xFF,0xFF,0xFF,0x0F,0x00,0x00,0x00,0x00,0xFC,0xFF,0xFF,0xFF,0x0F,0x00,0x00,0x00,0x00,0x00,0xF0,0xFF,0xFF,0x0F,0x00,0x00,0x00,0x00,0x00,0x00,0x80,0xFF,0x0F,0x00,0x00,0x00,0x00,0x00,0x00,0xE0,0xFF,0x0F,0x00,0x00,0x00,0x00,0x00,0x80,0xFF,0xFF,0x0F,0x00,0x00,0x00,0x00,0x00,0xFC,0xFF,0xFF,0x07,0x00,0x00,0x00,0x00,0xC0,0xFF,0xFF,0x3F,0x00,0x00,0x00,0x00,0x00,0xC0,0xFF,0xFF,0x01,0x00,0x00,0x00,0x00,0x00,0xC0,0xFF,0x0F,0x00,0x00,0x00,0x00,0x00,0x00,0xC0,0x7F,0x00,0x00,0x00,0x00,0x00,0x00,0x00,0xC0,0xFF,0x0F,0x00,0x00,0x00,0x00,0x00,0x00,0xC0,0xFF,0xFF,0x00,0x00,0x00,0x00,0x00,0x00,0xC0,0xFF,0xFF,0x1F,0x00,0x00,0x00,0x00,0x00,0x00,0xFE,0xFF,0xFF,0x03,0x00,0x00,0x00,0x00,0x00,0xC0,0xFF,0xFF,0x0F,0x00,0x00,0x00,0x00,0x00,0x00,0xF8,0xFF,0x0F,0x00,0x00,0x00,0x00,0x00,0x00,0x00,0xFF,0x0F,0x00,0x00,0x00,0x00,0x00,0x00,0xFF,0xFF,0x0F,0x00,0x00,0x00,0x00,0xF8,0xFF,0xFF,0xFF,0x0F,0x00,0x00,0x00,0xF0,0xFF,0xFF,0xFF,0xFF,0x0F,0x00,0x00,0x00,0xF0,0xFF,0xFF,0xFF,0xFF,0x0F,0x00,0x00,0x00,0xF0,0xFF,0xFF,0xFF,0xFF,0x07,0x00,0x00,0x00,0xF0,0xFF,0xFF,0xFF,0x03,0x00,0x00,0x00,0x00,0xF0,0xFF,0xFF,0x03,0x00,0x00,0x00,0x00,0x00,0xF0,0xFF,0x01,0x00,0x00,0x00,0x00,0x00,0x00,0xF0,	// 87
	0x00,0x00,0x00,0x00,0x00,0x00,0x00,0x00,0x00,0x00,0x10,0x00,0x00,0x00,0x00,0x08,0x00,0x00,0x00,0x70,0x00,0x00,0x00,0x00,0x0E,0x00,0x00,0x00,0xF0,0x00,0x00,0x00,0x00,0x0F,0x00,0x00,0x00,0xF0,0x03,0x00,0x00,0xC0,0x0F,0x00,0x00,0x00,0xF0,0x0F,0x00,0x00,0xF0,0x0F,0x00,0x00,0x00,0xF0,0x1F,0x00,0x00,0xF8,0x0F,0x00,0x00,0x00,0xF0,0x7F,0x00,0x00,0xFE,0x0F,0x00,0x00,0x00,0xF0,0xFF,0x01,0x80,0xFF,0x0F,0x00,0x00,0x00,0xF0,0xFF,0x03,0xE0,0xFF,0x07,0x00,0x00,0x00,0xC0,0xFF,0x0F,0xF0,0xFF,0x03,0x00,0x00,0x00,0x80,0xFF,0x3F,0xFC,0xFF,0x00,0x00,0x00,0x00,0x00,0xFE,0x7F,0xFF,0x3F,0x00,0x00,0x00,0x00,0x00,0xF8,0xFF,0xFF,0x1F,0x00,0x00,0x00,0x00,0x00,0xE0,0xFF,0xFF,0x07,0x00,0x00,0x00,0x00,0x00,0xC0,0xFF,0xFF,0x01,0x00,0x00,0x00,0x00,0x00,0x00,0xFF,0xFF,0x00,0x00,0x00,0x00,0x00,0x00,0x00,0xFF,0xFF,0x00,0x00,0x00,0x00,0x00,0x00,0xC0,0xFF,0xFF,0x01,0x00,0x00,0x00,0x00,0x00,0xF0,0xFF,0xFF,0x07,0x00,0x00,0x00,0x00,0x00,0xF8,0xFF,0xFF,0x1F,0x00,0x00,0x00,0x00,0x00,0xFE,0x7F,0xFF,0x3F,0x00,0x00,0x00,0x00,0x80,0xFF,0x3F,0xFC,0xFF,0x00,0x00,0x00,0x00,0xC0,0xFF,0x0F,0xF0,0xFF,0x03,0x00,0x00,0x00,0xF0,0xFF,0x03,0xE0,0xFF,0x07,0x00,0x00,0x00,0xF0,0xFF,0x01,0x80,0xFF,0x0F,0x00,0x00,0x00,0xF0,0x7F,0x00,0x00,0xFE,0x0F,0x00,0x00,0x00,0xF0,0x1F,0x00,0x00,0xFC,0x0F,0x00,0x00,0x00,0xF0,0x0F,0x00,0x00,0xF0,0x0F,0x00,0x00,0x00,0xF0,0x03,0x00,0x00,0xC0,0x0F,0x00,0x00,0x00,0xF0,0x00,0x00,0x00,0x00,0x0F,0x00,0x00,0x00,0x70,0x00,0x00,0x00,0x00,0x0E,0x00,0x00,0x00,0x10,0x00,0x00,0x00,0x00,0x08,	// 88
	0x00,0x00,0x00,0x00,0x00,0x00,0x00,0x00,0x00,0x00,0x10,0x00,0x00,0x00,0x00,0x00,0x00,0x00,0x00,0x70,0x00,0x00,0x00,0x00,0x00,0x00,0x00,0x00,0xF0,0x01,0x00,0x00,0x00,0x00,0x00,0x00,0x00,0xF0,0x07,0x00,0x00,0x00,0x00,0x00,0x00,0x00,0xF0,0x1F,0x00,0x00,0x00,0x00,0x00,0x00,0x00,0xF0,0x7F,0x00,0x00,0x00,0x00,0x00,0x00,0x00,0xF0,0xFF,0x01,0x00,0x00,0x00,0x00,0x00,0x00,0xF0,0xFF,0x07,0x00,0x00,0x00,0x00,0x00,0x00,0xF0,0xFF,0x1F,0x00,0x00,0x00,0x00,0x00,0x00,0x80,0xFF,0x7F,0x00,0x00,0x00,0x00,0x00,0x00,0x00,0xFE,0xFF,0x01,0x00,0x00,0x00,0x00,0x00,0x00,0xF8,0xFF,0x07,0x00,0x00,0x00,0x00,0x00,0x00,0xE0,0xFF,0xFF,0xFF,0x0F,0x00,0x00,0x00,0x00,0x80,0xFF,0xFF,0xFF,0x0F,0x00,0x00,0x00,0x00,0x00,0xFE,0xFF,0xFF,0x0F,0x00,0x00,0x00,0x00,0x00,0xF8,0xFF,0xFF,0x0F,0x00,0x00,0x00,0x00,0x00,0xF8,0xFF,0xFF,0x0F,0x00,0x00,0x00,0x00,0x00,0xFE,0xFF,0xFF,0x0F,0x00,0x00,0x00,0x00,0x80,0xFF,0xFF,0xFF,0x0F,0x00,0x00,0x00,0x00,0xE0,0xFF,0xFF,0xFF,0x0F,0x00,0x00,0x00,0x00,0xF8,0xFF,0x07,0x00,0x00,0x00,0x00,0x00,0x00,0xFE,0xFF,0x01,0x00,0x00,0x00,0x00,0x00,0x80,0xFF,0x7F,0x00,0x00,0x00,0x00,0x00,0x00,0xF0,0xFF,0x1F,0x00,0x00,0x00,0x00,0x00,0x00,0xF0,0xFF,0x07,0x00,0x00,0x00,0x00,0x00,0x00,0xF0,0xFF,0x01,0x00,0x00,0x00,0x00,0x00,0x00,0xF0,0x7F,0x00,0x00,0x00,0x00,0x00,0x00,0x00,0xF0,0x1F,0x00,0x00,0x00,0x00,0x00,0x00,0x00,0xF0,0x07,0x00,0x00,0x00,0x00,0x00,0x00,0x00,0xF0,0x01,0x00,0x00,0x00,0x00,0x00,0x00,0x00,0x70,0x00,0x00,0x00,0x00,0x00,0x00,0x00,0x00,0x10,	// 89
	0x00,0x00,0x00,0x00,0x00,0x00,0x00,0x00,0x00,0x00,0x00,0x00,0x00,0x00,0x00,0x00,0x00,0x00,0x00,0x00,0x00,0x00,0x00,0x00,0x00,0x00,0x00,0x00,0x00,0x00,0x00,0x00,0xE0,0x0F,0x00,0x00,0x00,0xF0,0x07,0x00,0x00,0xF8,0x0F,0x00,0x00,0x00,0xF0,0x07,0x00,0x00,0xFC,0x0F,0x00,0x00,0x00,0xF0,0x07,0x00,0x00,0xFF,0x0F,0x00,0x00,0x00,0xF0,0x07,0x00,0x80,0xFF,0x0F,0x00,0x00,0x00,0xF0,0x07,0x00,0xC0,0xFF,0x0F,0x00,0x00,0x00,0xF0,0x07,0x00,0xF0,0xFF,0x0F,0x00,0x00,0x00,0xF0,0x07,0x00,0xF8,0xFF,0x0F,0x00,0x00,0x00,0xF0,0x07,0x00,0xFE,0xFF,0x0F,0x00,0x00,0x00,0xF0,0x07,0x00,0xFF,0xFF,0x0F,0x00,0x00,0x00,0xF0,0x07,0xC0,0xFF,0xEF,0x0F,0x00,0x00,0x00,0xF0,0x07,0xE0,0xFF,0xE3,0x0F,0x00,0x00,0x00,0xF0,0x07,0xF8,0xFF,0xE1,0x0F,0x00,0x00,0x00,0xF0,0x07,0xFC,0x7F,0xE0,0x0F,0x00,0x00,0x00,0xF0,0x07,0xFE,0x3F,0xE0,0x0F,0x00,0x00,0x00,0xF0,0x87,0xFF,0x0F,0xE0,0x0F,0x00,0x00,0x00,0xF0,0xC7,0xFF,0x07,0xE0,0x0F,0x00,0x00,0x00,0xF0,0xF7,0xFF,0x03,0xE0,0x0F,0x00,0x00,0x00,0xF0,0xFF,0xFF,0x00,0xE0,0x0F,0x00,0x00,0x00,0xF0,0xFF,0x7F,0x00,0xE0,0x0F,0x00,0x00,0x00,0xF0,0xFF,0x1F,0x00,0xE0,0x0F,0x00,0x00,0x00,0xF0,0xFF,0x0F,0x00,0xE0,0x0F,0x00,0x00,0x00,0xF0,0xFF,0x03,0x00,0xE0,0x0F,0x00,0x00,0x00,0xF0,0xFF,0x01,0x00,0xE0,0x0F,0x00,0x00,0x00,0xF0,0xFF,0x00,0x00,0xE0,0x0F,0x00,0x00,0x00,0xF0,0x3F,0x00,0x00,0xE0,0x0F,0x00,0x00,0x00,0xF0,0x1F,0x00,0x00,0xE0,0x0F,0x00,0x00,0x00,0xF0,0x07,0x00,0x00,0xE0,0x0F,	// 90
	0x00,0x00,0x00,0x00,0x00,0x00,0x00,0x00,0x00,0x00,0x00,0x00,0x00,0x00,0x00,0x00,0x00,0x00,0x00,0x00,0x00,0x00,0x00,0x00,0x00,0x00,0x00,0x00,0x00,0x00,0x00,0x00,0x00,0x00,0x00,0x00,0x00,0x00,0x00,0x00,0x00,0x00,0x00,0x00,0x00,0x00,0x00,0x00,0x00,0x00,0x00,0x00,0x00,0x00,0x00,0x00,0x00,0x00,0x00,0x00,0x00,0x00,0x00,0x00,0x00,0x00,0x00,0x00,0x00,0x00,0x00,0x00,0x00,0x00,0x00,0x00,0x00,0x00,0x00,0x00,0x00,0x00,0x00,0x00,0x00,0x00,0x00,0x00,0x00,0x00,0x00,0x00,0x00,0x00,0x00,0x00,0x00,0x00,0x00,0x00,0xFC,0xFF,0xFF,0xFF,0xFF,0xFF,0x07,0x00,0x00,0xFC,0xFF,0xFF,0xFF,0xFF,0xFF,0x07,0x00,0x00,0xFC,0xFF,0xFF,0xFF,0xFF,0xFF,0x07,0x00,0x00,0xFC,0xFF,0xFF,0xFF,0xFF,0xFF,0x07,0x00,0x00,0xFC,0xFF,0xFF,0xFF,0xFF,0xFF,0x07,0x00,0x00,0xFC,0xFF,0xFF,0xFF,0xFF,0xFF,0x07,0x00,0x00,0xFC,0xFF,0xFF,0xFF,0xFF,0xFF,0x07,0x00,0x00,0x7C,0x00,0x00,0x00,0x00,0xC0,0x07,0x00,0x00,0x7C,0x00,0x00,0x00,0x00,0xC0,0x07,0x00,0x00,0x7C,0x00,0x00,0x00,0x00,0xC0,0x07,0x00,0x00,0x7C,0x00,0x00,0x00,0x00,0xC0,0x07,0x00,0x00,0x7C,0x00,0x00,0x00,0x00,0xC0,0x07,0x00,0x00,0x7C,0x00,0x00,0x00,0x00,0xC0,0x07,0x00,0x00,0x7C,0x00,0x00,0x00,0x00,0xC0,0x07,	// 91
	0x00,0x00,0x00,0x00,0x00,0x00,0x00,0x00,0x00,0x00,0x00,0x00,0x00,0x00,0x00,0x00,0x00,0x00,0x00,0x00,0x00,0x00,0x00,0x00,0x00,0x00,0x00,0x00,0x10,0x00,0x00,0x00,0x00,0x00,0x00,0x00,0x00,0x70,0x00,0x00,0x00,0x00,0x00,0x00,0x00,0x00,0xF0,0x01,0x00,0x00,0x00,0x00,0x00,0x00,0x00,0xF0,0x0F,0x00,0x00,0x00,0x00,0x00,0x00,0x00,0xF0,0x3F,0x00,0x00,0x00,0x00,0x00,0x00,0x00,0xF0,0xFF,0x00,0x00,0x00,0x00,0x00,0x00,0x00,0xE0,0xFF,0x03,0x00,0x00,0x00,0x00,0x00,0x00,0x80,0xFF,0x0F,0x00,0x00,0x00,0x00,0x00,0x00,0x00,0xFE,0x3F,0x00,0x00,0x00,0x00,0x00,0x00,0x00,0xF0,0xFF,0x00,0x00,0x00,0x00,0x00,0x00,0x00,0xC0,0xFF,0x03,0x00,0x00,0x00,0x00,0x00,0x00,0x00,0xFF,0x1F,0x00,0x00,0x00,0x00,0x00,0x00,0x00,0xFC,0x7F,0x00,0x00,0x00,0x00,0x00,0x00,0x00,0xF0,0xFF,0x01,0x00,0x00,0x00,0x00,0x00,0x00,0xC0,0xFF,0x07,0x00,0x00,0x00,0x00,0x00,0x00,0x00,0xFF,0x1F,0x00,0x00,0x00,0x00,0x00,0x00,0x00,0xF8,0x7F,0x00,0x00,0x00,0x00,0x00,0x00,0x00,0xE0,0xFF,0x01,0x00,0x00,0x00,0x00,0x00,0x00,0x80,0xFF,0x0F,0x00,0x00,0x00,0x00,0x00,0x00,0x00,0xFE,0x3F,0x00,0x00,0x00,0x00,0x00,0x00,0x00,0xF8,0xFF,0x00,0x00,0x00,0x00,0x00,0x00,0x00,0xE0,0xFF,0x01,0x00,0x00,0x00,0x00,0x00,0x00,0x80,0xFF,0x01,0x00,0x00,0x00,0x00,0x00,0x00,0x00,0xFE,0x01,0x00,0x00,0x00,0x00,0x00,0x00,0x00,0xF0,0x01,0x00,0x00,0x00,0x00,0x00,0x00,0x00,0xC0,0x01,0x00,0x00,0x00,0x00,0x00,0x00,0x00,0x00,0x01,	// 92
	0x00,0x00,0x00,0x00,0x00,0x00,0x00,0x00,0x00,0x00,0x00,0x00,0x00,0x00,0x00,0x00,0x00,0x00,0x00,0x00,0x00,0x00,0x00,0x00,0x00,0x00,0x00,0x00,0x00,0x00,0x00,0x00,0x00,0x00,0x00,0x00,0x00,0x00,0x00,0x00,0x00,0x00,0x00,0x00,0x00,0x00,0x00,0x00,0x00,0x00,0x00,0x00,0x00,0x00,0x00,0x00,0x00,0x00,0x00,0x00,0x00,0x00,0x00,0x00,0x00,0x00,0x00,0x00,0x00,0x00,0x00,0x00,0x00,0x7C,0x00,0x00,0x00,0x00,0xC0,0x07,0x00,0x00,0x7C,0x00,0x00,0x00,0x00,0xC0,0x07,0x00,0x00,0x7C,0x00,0x00,0x00,0x00,0xC0,0x07,0x00,0x00,0x7C,0x00,0x00,0x00,0x00,0xC0,0x07,0x00,0x00,0x7C,0x00,0x00,0x00,0x00,0xC0,0x07,0x00,0x00,0x7C,0x00,0x00,0x00,0x00,0xC0,0x07,0x00,0x00,0x7C,0x00,0x00,0x00,0x00,0xC0,0x07,0x00,0x00,0xFC,0xFF,0xFF,0xFF,0xFF,0xFF,0x07,0x00,0x00,0xFC,0xFF,0xFF,0xFF,0xFF,0xFF,0x07,0x00,0x00,0xFC,0xFF,0xFF,0xFF,0xFF,0xFF,0x07,0x00,0x00,0xFC,0xFF,0xFF,0xFF,0xFF,0xFF,0x07,0x00,0x00,0xFC,0xFF,0xFF,0xFF,0xFF,0xFF,0x07,0x00,0x00,0xFC,0xFF,0xFF,0xFF,0xFF,0xFF,0x07,0x00,0x00,0xFC,0xFF,0xFF,0xFF,0xFF,0xFF,0x07,	// 93
	0x00,0x00,0x00,0x00,0x00,0x00,0x00,0x00,0x00,0x00,0x00,0x00,0x00,0x00,0x00,0x00,0x00,0x00,0x00,0x00,0x00,0x04,0x00,0x00,0x00,0x00,0x00,0x00,0x00,0x00,0x06,0x00,0x00,0x00,0x00,0x00,0x00,0x00,0x00,0x07,0x00,0x00,0x00,0x00,0x00,0x00,0x00,0x80,0x07,0x00,0x00,0x00,0x00,0x00,0x00,0x00,0xE0,0x07,0x00,0x00,0x00,0x00,0x00,0x00,0x00,0xF0,0x07,0x00,0x00,0x00,0x00,0x00,0x00,0x00,0xF8,0x07,0x00,0x00,0x00,0x00,0x00,0x00,0x00,0xFE,0x03,0x00,0x00,0x00,0x00,0x00,0x00,0x00,0xFF,0x01,0x00,0x00,0x00,0x00,0x00,0x00,0x80,0xFF,0x00,0x00,0x00,0x00,0x00,0x00,0x00,0xC0,0x7F,0x00,0x00,0x00,0x00,0x00,0x00,0x00,0xF0,0x3F,0x00,0x00,0x00,0x00,0x00,0x00,0x00,0xF0,0x1F,0x00,0x00,0x00,0x00,0x00,0x00,0x00,0xF0,0x0F,0x00,0x00,0x00,0x00,0x00,0x00,0x00,0xF0,0x07,0x00,0x00,0x00,0x00,0x00,0x00,0x00,0xF0,0x07,0x00,0x00,0x00,0x00,0x00,0x00,0x00,0xF0,0x0F,0x00,0x00,0x00,0x00,0x00,0x00,0x00,0xF0,0x1F,0x00,0x00,0x00,0x00,0x00,0x00,0x00,0xF0,0x3F,0x00,0x00,0x00,0x00,0x00,0x00,0x00,0xC0,0x7F,0x00,0x00,0x00,0x00,0x00,0x00,0x00,0x80,0xFF,0x00,0x00,0x00,0x00,0x00,0x00,0x00,0x00,0xFF,0x01,0x00,0x00,0x00,0x00,0x00,0x00,0x00,0xFE,0x03,0x00,0x00,0x00,0x00,0x00,0x00,0x00,0xF8,0x07,0x00,0x00,0x00,0x00,0x00,0x00,0x00,0xF0,0x07,0x00,0x00,0x00,0x00,0x00,0x00,0x00,0xE0,0x07,0x00,0x00,0x00,0x00,0x00,0x00,0x00,0x80,0x07,0x00,0x00,0x00,0x00,0x00,0x00,0x00,0x00,0x07,0x00,0x00,0x00,0x00,0x00,0x00,0x00,0x00,0x06,0x00,0x00,0x00,0x00,0x00,0x00,0x00,0x00,0x04,	// 94
	0x00,0x00,0x00,0x00,0x00,0x00,0x00,0xF0,0x01,0x00,0x00,0x00,0x00,0x00,0x00,0x00,0xF0,0x01,0x00,0x00,0x00,0x00,0x00,0x00,0x00,0xF0,0x01,0x00,0x00,0x00,0x00,0x00,0x00,0x00,0xF0,0x01,0x00,0x00,0x00,0x00,0x00,0x00,0x00,0xF0,0x01,0x00,0x00,0x00,0x00,0x00,0x00,0x00,0xF0,0x01,0x00,0x00,0x00,0x00,0x00,0x00,0x00,0xF0,0x01,0x00,0x00,0x00,0x00,0x00,0x00,0x00,0xF0,0x01,0x00,0x00,0x00,0x00,0x00,0x00,0x00,0xF0,0x01,0x00,0x00,0x00,0x00,0x00,0x00,0x00,0xF0,0x01,0x00,0x00,0x00,0x00,0x00,0x00,0x00,0xF0,0x01,0x00,0x00,0x00,0x00,0x00,0x00,0x00,0xF0,0x01,0x00,0x00,0x00,0x00,0x00,0x00,0x00,0xF0,0x01,0x00,0x00,0x00,0x00,0x00,0x00,0x00,0xF0,0x01,0x00,0x00,0x00,0x00,0x00,0x00,0x00,0xF0,0x01,0x00,0x00,0x00,0x00,0x00,0x00,0x00,0xF0,0x01,0x00,0x00,0x00,0x00,0x00,0x00,0x00,0xF0,0x01,0x00,0x00,0x00,0x00,0x00,0x00,0x00,0xF0,0x01,0x00,0x00,0x00,0x00,0x00,0x00,0x00,0xF0,0x01,0x00,0x00,0x00,0x00,0x00,0x00,0x00,0xF0,0x01,0x00,0x00,0x00,0x00,0x00,0x00,0x00,0xF0,0x01,0x00,0x00,0x00,0x00,0x00,0x00,0x00,0xF0,0x01,0x00,0x00,0x00,0x00,0x00,0x00,0x00,0xF0,0x01,0x00,0x00,0x00,0x00,0x00,0x00,0x00,0xF0,0x01,0x00,0x00,0x00,0x00,0x00,0x00,0x00,0xF0,0x01,0x00,0x00,0x00,0x00,0x00,0x00,0x00,0xF0,0x01,0x00,0x00,0x00,0x00,0x00,0x00,0x00,0xF0,0x01,0x00,0x00,0x00,0x00,0x00,0x00,0x00,0xF0,0x01,0x00,0x00,0x00,0x00,0x00,0x00,0x00,0xF0,0x01,0x00,0x00,0x00,0x00,0x00,0x00,0x00,0xF0,0x01,0x00,0x00,0x00,0x00,0x00,0x00,0x00,0xF0,0x01,0x00,0x00,0x00,0x00,0x00,0x00,0x00,0xF0,0x01,0x00,0x00,0x00,0x00,0x00,0x00,0x00,0xF0,0x01,	// 95
	0x00,0x00,0x00,0x00,0x00,0x00,0x00,0x00,0x00,0x00,0x00,0x00,0x00,0x00,0x00,0x00,0x00,0x00,0x00,0x00,0x00,0x00,0x00,0x00,0x00,0x00,0x00,0x00,0x00,0x00,0x00,0x00,0x00,0x00,0x00,0x00,0x00,0x00,0x00,0x00,0x00,0x00,0x00,0x00,0x00,0x00,0x01,0x00,0x00,0x00,0x00,0x00,0x00,0x00,0x00,0x03,0x00,0x00,0x00,0x00,0x00,0x00,0x00,0x00,0x07,0x00,0x00,0x00,0x00,0x00,0x00,0x00,0x00,0x0F,0x00,0x00,0x00,0x00,0x00,0x00,0x00,0x00,0x1F,0x00,0x00,0x00,0x00,0x00,0x00,0x00,0x00,0x3F,0x00,0x00,0x00,0x00,0x00,0x00,0x00,0x00,0x7F,0x00,0x00,0x00,0x00,0x00,0x00,0x00,0x00,0xFF,0x00,0x00,0x00,0x00,0x00,0x00,0x00,0x00,0xFE,0x01,0x00,0x00,0x00,0x00,0x00,0x00,0x00,0xF8,0x03,0x00,0x00,0x00,0x00,0x00,0x00,0x00,0xF0,0x03,0x00,0x00,0x00,0x00,0x00,0x00,0x00,0xE0,0x03,0x00,0x00,0x00,0x00,0x00,0x00,0x00,0x80,0x03,0x00,0x00,0x00,0x00,0x00,0x00,0x00,0x00,0x03,0x00,0x00,0x00,0x00,0x00,0x00,0x00,0x00,0x02,	// 96
	0x00,0x00,0x00,0x00,0x00,0x00,0x00,0x00,0x00,0x00,0x00,0x00,0x00,0x00,0x00,0x00,0x00,0x00,0x00,0x00,0x00,0x00,0x00,0x00,0x00,0x00,0x00,0x00,0x00,0x00,0x00,0x80,0x3F,0x00,0x00,0x00,0x00,0x00,0x00,0x00,0xE0,0xFF,0x01,0x00,0x00,0x00,0x00,0x00,0x00,0xF8,0xFF,0x03,0x00,0x00,0x00,0x00,0x80,0x1F,0xFC,0xFF,0x07,0x00,0x00,0x00,0x00,0xC0,0x0F,0xFC,0xFF,0x0F,0x00,0x00,0x00,0x00,0xC0,0x0F,0xFE,0xFF,0x0F,0x00,0x00,0x00,0x00,0xC0,0x0F,0xFE,0xFF,0x0F,0x00,0x00,0x00,0x00,0xC0,0x0F,0xFE,0xFF,0x1F,0x00,0x00,0x00,0x00,0xE0,0x07,0xFF,0xE0,0x1F,0x00,0x00,0x00,0x00,0xE0,0x07,0x7F,0xC0,0x1F,0x00,0x00,0x00,0x00,0xE0,0x07,0x7F,0x80,0x1F,0x00,0x00,0x00,0x00,0xE0,0x07,0x3F,0x80,0x1F,0x00,0x00,0x00,0x00,0xE0,0x07,0x3F,0x80,0x1F,0x00,0x00,0x00,0x00,0xE0,0x07,0x3F,0x80,0x1F,0x00,0x00,0x00,0x00,0xE0,0x07,0x3F,0x80,0x0F,0x00,0x00,0x00,0x00,0xE0,0x07,0x3F,0xC0,0x0F,0x00,0x00,0x00,0x00,0xE0,0x07,0x3F,0xC0,0x07,0x00,0x00,0x00,0x00,0xE0,0x0F,0x3F,0xF0,0x03,0x00,0x00,0x00,0x00,0xE0,0x1F,0x3F,0xFC,0x01,0x00,0x00,0x00,0x00,0xC0,0xFF,0xFF,0xFF,0x0F,0x00,0x00,0x00,0x00,0xC0,0xFF,0xFF,0xFF,0x0F,0x00,0x00,0x00,0x00,0xC0,0xFF,0xFF,0xFF,0x0F,0x00,0x00,0x00,0x00,0x80,0xFF,0xFF,0xFF,0x0F,0x00,0x00,0x00,0x00,0x00,0xFF,0xFF,0xFF,0x0F,0x00,0x00,0x00,0x00,0x00,0xFE,0xFF,0xFF,0x0F,0x00,0x00,0x00,0x00,0x00,0xFC,0xFF,0xFF,0x0F,0x00,0x00,0x00,0x00,0x00,0xE0,0xFF,0xFF,0x0F,	// 97
	0x00,0x00,0x00,0x00,0x00,0x00,0x00,0x00,0x00,0x00,0x00,0x00,0x00,0x00,0x00,0x00,0x00,0x00,0x00,0x00,0x00,0x00,0x00,0x00,0x00,0x00,0x00,0x00,0x00,0x00,0x00,0x00,0x00,0x00,0x00,0x00,0x00,0xFC,0xFF,0xFF,0xFF,0xFF,0x0F,0x00,0x00,0x00,0xFC,0xFF,0xFF,0xFF,0xFF,0x0F,0x00,0x00,0x00,0xFC,0xFF,0xFF,0xFF,0xFF,0x0F,0x00,0x00,0x00,0xFC,0xFF,0xFF,0xFF,0xFF,0x0F,0x00,0x00,0x00,0xFC,0xFF,0xFF,0xFF,0xFF,0x0F,0x00,0x00,0x00,0xFC,0xFF,0xFF,0xFF,0xFF,0x0F,0x00,0x00,0x00,0xFC,0xFF,0xFF,0xFF,0xFF,0x0F,0x00,0x00,0x00,0xFC,0xFF,0xFF,0xFF,0xFF,0x0F,0x00,0x00,0x00,0x00,0x00,0xFE,0x00,0xFC,0x01,0x00,0x00,0x00,0x00,0x00,0x3F,0x00,0xF0,0x03,0x00,0x00,0x00,0x00,0x80,0x0F,0x00,0xC0,0x07,0x00,0x00,0x00,0x00,0xC0,0x0F,0x00,0xC0,0x0F,0x00,0x00,0x00,0x00,0xC0,0x07,0x00,0x80,0x0F,0x00,0x00,0x00,0x00,0xE0,0x07,0x00,0x80,0x1F,0x00,0x00,0x00,0x00,0xE0,0x07,0x00,0x80,0x1F,0x00,0x00,0x00,0x00,0xE0,0x0F,0x00,0x80,0x1F,0x00,0x00,0x00,0x00,0xE0,0x0F,0x00,0xC0,0x1F,0x00,0x00,0x00,0x00,0xE0,0x3F,0x00,0xF0,0x1F,0x00,0x00,0x00,0x00,0xE0,0xFF,0x00,0xFC,0x1F,0x00,0x00,0x00,0x00,0xC0,0xFF,0xFF,0xFF,0x0F,0x00,0x00,0x00,0x00,0xC0,0xFF,0xFF,0xFF,0x0F,0x00,0x00,0x00,0x00,0x80,0xFF,0xFF,0xFF,0x07,0x00,0x00,0x00,0x00,0x80,0xFF,0xFF,0xFF,0x07,0x00,0x00,0x00,0x00,0x00,0xFF,0xFF,0xFF,0x03,0x00,0x00,0x00,0x00,0x00,0xFC,0xFF,0xFF,0x00,0x00,0x00,0x00,0x00,0x00,0xF0,0xFF,0x3F,0x00,0x00,0x00,0x00,0x00,0x00,0x80,0xFF,0x07,	// 98
	0x00,0x00,0x00,0x00,0x00,0x00,0x00,0x00,0x00,0x00,0x00,0x00,0x00,0x00,0x00,0x00,0x00,0x00,0x00,0x00,0x00,0x00,0x00,0x00,0x00,0x00,0x00,0x00,0x00,0x00,0x00,0x00,0x00,0x00,0x00,0x00,0x00,0x00,0x00,0x00,0xFF,0x03,0x00,0x00,0x00,0x00,0x00,0x00,0xE0,0xFF,0x1F,0x00,0x00,0x00,0x00,0x00,0x00,0xF8,0xFF,0x7F,0x00,0x00,0x00,0x00,0x00,0x00,0xFC,0xFF,0xFF,0x00,0x00,0x00,0x00,0x00,0x00,0xFE,0xFF,0xFF,0x01,0x00,0x00,0x00,0x00,0x00,0xFF,0xFF,0xFF,0x03,0x00,0x00,0x00,0x00,0x80,0xFF,0xFF,0xFF,0x07,0x00,0x00,0x00,0x00,0x80,0xFF,0xFF,0xFF,0x07,0x00,0x00,0x00,0x00,0xC0,0xFF,0x01,0xFE,0x0F,0x00,0x00,0x00,0x00,0xC0,0x3F,0x00,0xF0,0x0F,0x00,0x00,0x00,0x00,0xE0,0x1F,0x00,0xE0,0x1F,0x00,0x00,0x00,0x00,0xE0,0x0F,0x00,0xC0,0x1F,0x00,0x00,0x00,0x00,0xE0,0x0F,0x00,0xC0,0x1F,0x00,0x00,0x00,0x00,0xE0,0x07,0x00,0x80,0x1F,0x00,0x00,0x00,0x00,0xE0,0x07,0x00,0x80,0x1F,0x00,0x00,0x00,0x00,0xE0,0x07,0x00,0x80,0x1F,0x00,0x00,0x00,0x00,0xE0,0x07,0x00,0x80,0x1F,0x00,0x00,0x00,0x00,0xE0,0x07,0x00,0x80,0x1F,0x00,0x00,0x00,0x00,0xE0,0x07,0x00,0x80,0x1F,0x00,0x00,0x00,0x00,0xE0,0x0F,0x00,0xC0,0x1F,0x00,0x00,0x00,0x00,0xC0,0x0F,0x00,0xC0,0x0F,0x00,0x00,0x00,0x00,0xC0,0x0F,0x00,0xC0,0x0F,0x00,0x00,0x00,0x00,0xC0,0x1F,0x00,0xE0,0x0F,0x00,0x00,0x00,0x00,0x80,0x3F,0x00,0xF0,0x07,	// 99
	0x00,0x00,0x00,0x00,0x00,0x00,0x00,0x00,0x00,0x00,0x00,0x00,0x00,0x00,0x00,0x00,0x00,0x00,0x00,0x00,0x00,0x00,0x00,0x00,0x00,0x00,0x00,0x00,0x00,0x00,0x80,0xFF,0x07,0x00,0x00,0x00,0x00,0x00,0x00,0xF0,0xFF,0x3F,0x00,0x00,0x00,0x00,0x00,0x00,0xFC,0xFF,0xFF,0x00,0x00,0x00,0x00,0x00,0x00,0xFF,0xFF,0xFF,0x03,0x00,0x00,0x00,0x00,0x80,0xFF,0xFF,0xFF,0x07,0x00,0x00,0x00,0x00,0x80,0xFF,0xFF,0xFF,0x07,0x00,0x00,0x00,0x00,0xC0,0xFF,0xFF,0xFF,0x0F,0x00,0x00,0x00,0x00,0xC0,0xFF,0xFF,0xFF,0x0F,0x00,0x00,0x00,0x00,0xE0,0xFF,0x00,0xFC,0x1F,0x00,0x00,0x00,0x00,0xE0,0x3F,0x00,0xF0,0x1F,0x00,0x00,0x00,0x00,0xE0,0x0F,0x00,0xC0,0x1F,0x00,0x00,0x00,0x00,0xE0,0x0F,0x00,0x80,0x1F,0x00,0x00,0x00,0x00,0xE0,0x07,0x00,0x80,0x1F,0x00,0x00,0x00,0x00,0xE0,0x07,0x00,0x80,0x1F,0x00,0x00,0x00,0x00,0xC0,0x07,0x00,0x80,0x0F,0x00,0x00,0x00,0x00,0xC0,0x0F,0x00,0xC0,0x0F,0x00,0x00,0x00,0x00,0x80,0x0F,0x00,0xC0,0x07,0x00,0x00,0x00,0x00,0x00,0x3F,0x00,0xF0,0x03,0x00,0x00,0x00,0x00,0x00,0xFE,0x00,0xFC,0x01,0x00,0x00,0x00,0xFC,0xFF,0xFF,0xFF,0xFF,0x0F,0x00,0x00,0x00,0xFC,0xFF,0xFF,0xFF,0xFF,0x0F,0x00,0x00,0x00,0xFC,0xFF,0xFF,0xFF,0xFF,0x0F,0x00,0x00,0x00,0xFC,0xFF,0xFF,0xFF,0xFF,0x0F,0x00,0x00,0x00,0xFC,0xFF,0xFF,0xFF,0xFF,0x0F,0x00,0x00,0x00,0xFC,0xFF,0xFF,0xFF,0xFF,0x0F,0x00,0x00,0x00,0xFC,0xFF,0xFF,0xFF,0xFF,0x0F,0x00,0x00,0x00,0xFC,0xFF,0xFF,0xFF,0xFF,0x0F,	// 100
	0x00,0x00,0x00,0x00,0x00,0x00,0x00,0x00,0x00,0x00,0x00,0x00,0x00,0x00,0x00,0x00,0x00,0x00,0x00,0x00,0x00,0x00,0x00,0x00,0x00,0x00,0x00,0x00,0x00,0x00,0x00,0xFF,0x03,0x00,0x00,0x00,0x00,0x00,0x00,0xE0,0xFF,0x1F,0x00,0x00,0x00,0x00,0x00,0x00,0xF8,0xFF,0x7F,0x00,0x00,0x00,0x00,0x00,0x00,0xFC,0xFF,0xFF,0x00,0x00,0x00,0x00,0x00,0x00,0xFE,0xFF,0xFF,0x01,0x00,0x00,0x00,0x00,0x00,0xFF,0xFF,0xFF,0x03,0x00,0x00,0x00,0x00,0x80,0xFF,0xFF,0xFF,0x07,0x00,0x00,0x00,0x00,0xC0,0xFF,0xFF,0xFF,0x07,0x00,0x00,0x00,0x00,0xC0,0x7F,0x7E,0xFC,0x0F,0x00,0x00,0x00,0x00,0xC0,0x1F,0x7E,0xF0,0x0F,0x00,0x00,0x00,0x00,0xE0,0x0F,0x7E,0xE0,0x0F,0x00,0x00,0x00,0x00,0xE0,0x07,0x7E,0xC0,0x1F,0x00,0x00,0x00,0x00,0xE0,0x07,0x7E,0xC0,0x1F,0x00,0x00,0x00,0x00,0xE0,0x07,0x7E,0x80,0x1F,0x00,0x00,0x00,0x00,0xE0,0x07,0x7E,0x80,0x1F,0x00,0x00,0x00,0x00,0xE0,0x07,0x7E,0x80,0x1F,0x00,0x00,0x00,0x00,0xE0,0x07,0x7E,0x80,0x1F,0x00,0x00,0x00,0x00,0xE0,0x0F,0x7E,0x80,0x1F,0x00,0x00,0x00,0x00,0xC0,0x1F,0x7E,0x80,0x1F,0x00,0x00,0x00,0x00,0xC0,0x3F,0x7E,0x80,0x1F,0x00,0x00,0x00,0x00,0xC0,0xFF,0x7F,0x80,0x1F,0x00,0x00,0x00,0x00,0x80,0xFF,0x7F,0xC0,0x0F,0x00,0x00,0x00,0x00,0x80,0xFF,0x7F,0xC0,0x0F,0x00,0x00,0x00,0x00,0x00,0xFF,0x7F,0xC0,0x0F,0x00,0x00,0x00,0x00,0x00,0xFE,0x7F,0xE0,0x0F,0x00,0x00,0x00,0x00,0x00,0xFC,0x7F,0xE0,0x0F,0x00,0x00,0x00,0x00,0x00,0xF0,0x7F,0xF0,0x07,0x00,0x00,0x00,0x00,0x00,0x80,0x7F,	// 101
	0x00,0x00,0x00,0x00,0x00,0x00,0x00,0x00,0x00,0x00,0x00,0x00,0x00,0x00,0x00,0x00,0x00,0x00,0x00,0x00,0x00,0x00,0x00,0x00,0x00,0x00,0x00,0x00,0x00,0x00,0x00,0x00,0x00,0x00,0x00,0x00,0x00,0x00,0x00,0x00,0x00,0x00,0x00,0x00,0x00,0x00,0x00,0xC0,0x0F,0x00,0x00,0x00,0x00,0x00,0x00,0x00,0xC0,0x0F,0x00,0x00,0x00,0x00,0x00,0x00,0x00,0xC0,0x0F,0x00,0x00,0x00,0x00,0x00,0x00,0x00,0xC0,0x0F,0x00,0x00,0x00,0x00,0x00,0x00,0x00,0xC0,0x0F,0x00,0x00,0x00,0x00,0x00,0x00,0x00,0xC0,0x0F,0x00,0x00,0x00,0x00,0x00,0x00,0x00,0xC0,0x0F,0x00,0x00,0x00,0x00,0x00,0x00,0x80,0xFF,0xFF,0xFF,0xFF,0x0F,0x00,0x00,0x00,0xE0,0xFF,0xFF,0xFF,0xFF,0x0F,0x00,0x00,0x00,0xF0,0xFF,0xFF,0xFF,0xFF,0x0F,0x00,0x00,0x00,0xF8,0xFF,0xFF,0xFF,0xFF,0x0F,0x00,0x00,0x00,0xF8,0xFF,0xFF,0xFF,0xFF,0x0F,0x00,0x00,0x00,0xF8,0xFF,0xFF,0xFF,0xFF,0x0F,0x00,0x00,0x00,0xFC,0xFF,0xFF,0xFF,0xFF,0x0F,0x00,0x00,0x00,0xFC,0xFF,0xFF,0xFF,0xFF,0x0F,0x00,0x00,0x00,0xFC,0xC1,0x0F,0x00,0x00,0x00,0x00,0x00,0x00,0xFC,0xC0,0x0F,0x00,0x00,0x00,0x00,0x00,0x00,0xFC,0xC0,0x0F,0x00,0x00,0x00,0x00,0x00,0x00,0xFC,0xC0,0x0F,0x00,0x00,0x00,0x00,0x00,0x00,0xFC,0xC0,0x0F,0x00,0x00,0x00,0x00,0x00,0x00,0xFC,0xC0,0x0F,0x00,0x00,0x00,0x00,0x00,0x00,0xFC,0xC0,0x0F,0x00,0x00,0x00,0x00,0x00,0x00,0xFC,0xC0,0x0F,0x00,0x00,0x00,0x00,0x00,0x00,0xFC,0xC0,0x0F,	// 102
	0x00,0x00,0x00,0x00,0x00,0x00,0x00,0x00,0x00,0x00,0x00,0x00,0x00,0x00,0x00,0x00,0x00,0x00,0x00,0x00,0x00,0x00,0x00,0x00,0x00,0x00,0x00,0x00,0x00,0x00,0x80,0xFF,0x03,0x00,0x00,0x00,0x00,0x00,0x00,0xF0,0xFF,0x1F,0x00,0x00,0x00,0x00,0x00,0x00,0xFC,0xFF,0x7F,0x00,0x00,0x00,0x00,0x00,0x00,0xFE,0xFF,0xFF,0x80,0x3F,0x00,0x00,0x00,0x00,0xFF,0xFF,0xFF,0x03,0x3F,0x00,0x00,0x00,0x80,0xFF,0xFF,0xFF,0x03,0x3F,0x00,0x00,0x00,0xC0,0xFF,0xFF,0xFF,0x07,0x7F,0x00,0x00,0x00,0xC0,0xFF,0xFF,0xFF,0x07,0x7F,0x00,0x00,0x00,0xE0,0xFF,0x00,0xFE,0x0F,0x7E,0x00,0x00,0x00,0xE0,0x3F,0x00,0xF8,0x0F,0x7E,0x00,0x00,0x00,0xE0,0x0F,0x00,0xE0,0x0F,0x7E,0x00,0x00,0x00,0xE0,0x0F,0x00,0xE0,0x0F,0x7E,0x00,0x00,0x00,0xE0,0x07,0x00,0xC0,0x0F,0x7E,0x00,0x00,0x00,0xE0,0x07,0x00,0xC0,0x0F,0x7E,0x00,0x00,0x00,0xC0,0x07,0x00,0xC0,0x0F,0x7E,0x00,0x00,0x00,0xC0,0x0F,0x00,0xE0,0x07,0x7E,0x00,0x00,0x00,0x80,0x0F,0x00,0xE0,0x07,0x7F,0x00,0x00,0x00,0x80,0x3F,0x00,0xF8,0x83,0x7F,0x00,0x00,0x00,0x00,0xFE,0x00,0xFE,0xC1,0x3F,0x00,0x00,0x00,0xC0,0xFF,0xFF,0xFF,0xFF,0x3F,0x00,0x00,0x00,0xC0,0xFF,0xFF,0xFF,0xFF,0x3F,0x00,0x00,0x00,0xC0,0xFF,0xFF,0xFF,0xFF,0x1F,0x00,0x00,0x00,0xC0,0xFF,0xFF,0xFF,0xFF,0x1F,0x00,0x00,0x00,0xC0,0xFF,0xFF,0xFF,0xFF,0x0F,0x00,0x00,0x00,0xC0,0xFF,0xFF,0xFF,0xFF,0x07,0x00,0x00,0x00,0xC0,0xFF,0xFF,0xFF,0xFF,0x03,0x00,0x00,0x00,0xC0,0xFF,0xFF,0xFF,0x7F,	// 103
	0x00,0x00,0x00,0x00,0x00,0x00,0x00,0x00,0x00,0x00,0x00,0x00,0x00,0x00,0x00,0x00,0x00,0x00,0x00,0x00,0x00,0x00,0x00,0x00,0x00,0x00,0x00,0x00,0x00,0x00,0x00,0x00,0x00,0x00,0x00,0x00,0x00,0xFC,0xFF,0xFF,0xFF,0xFF,0x0F,0x00,0x00,0x00,0xFC,0xFF,0xFF,0xFF,0xFF,0x0F,0x00,0x00,0x00,0xFC,0xFF,0xFF,0xFF,0xFF,0x0F,0x00,0x00,0x00,0xFC,0xFF,0xFF,0xFF,0xFF,0x0F,0x00,0x00,0x00,0xFC,0xFF,0xFF,0xFF,0xFF,0x0F,0x00,0x00,0x00,0xFC,0xFF,0xFF,0xFF,0xFF,0x0F,0x00,0x00,0x00,0xFC,0xFF,0xFF,0xFF,0xFF,0x0F,0x00,0x00,0x00,0xFC,0xFF,0xFF,0xFF,0xFF,0x0F,0x00,0x00,0x00,0x00,0x00,0x7E,0x00,0x00,0x00,0x00,0x00,0x00,0x00,0x80,0x0F,0x00,0x00,0x00,0x00,0x00,0x00,0x00,0xC0,0x0F,0x00,0x00,0x00,0x00,0x00,0x00,0x00,0xC0,0x07,0x00,0x00,0x00,0x00,0x00,0x00,0x00,0xE0,0x07,0x00,0x00,0x00,0x00,0x00,0x00,0x00,0xE0,0x07,0x00,0x00,0x00,0x00,0x00,0x00,0x00,0xE0,0x0F,0x00,0x00,0x00,0x00,0x00,0x00,0x00,0xE0,0x1F,0x00,0x00,0x00,0x00,0x00,0x00,0x00,0xE0,0xFF,0xFF,0xFF,0x0F,0x00,0x00,0x00,0x00,0xE0,0xFF,0xFF,0xFF,0x0F,0x00,0x00,0x00,0x00,0xE0,0xFF,0xFF,0xFF,0x0F,0x00,0x00,0x00,0x00,0xC0,0xFF,0xFF,0xFF,0x0F,0x00,0x00,0x00,0x00,0xC0,0xFF,0xFF,0xFF,0x0F,0x00,0x00,0x00,0x00,0x80,0xFF,0xFF,0xFF,0x0F,0x00,0x00,0x00,0x00,0x00,0xFE,0xFF,0xFF,0x0F,0x00,0x00,0x00,0x00,0x00,0xF8,0xFF,0xFF,0x0F,	// 104
	0x00,0x00,0x00,0x00,0x00,0x00,0x00,0x00,0x00,0x00,0x00,0x00,0x00,0x00,0x00,0x00,0x00,0x00,0x00,0x00,0x00,0x00,0x00,0x00,0x00,0x00,0x00,0x00,0x00,0x00,0x00,0x00,0x00,0x00,0x00,0x00,0x00,0x00,0x00,0x00,0x00,0xC0,0x0F,0x00,0x00,0x00,0x00,0x00,0x00,0x00,0xC0,0x0F,0x00,0x00,0x00,0x00,0xC0,0x0F,0x00,0xC0,0x0F,0x00,0x00,0x00,0x00,0xC0,0x0F,0x00,0xC0,0x0F,0x00,0x00,0x00,0x00,0xC0,0x0F,0x00,0xC0,0x0F,0x00,0x00,0x00,0x00,0xC0,0x0F,0x00,0xC0,0x0F,0x00,0x00,0x00,0x00,0xC0,0x0F,0x00,0xC0,0x0F,0x00,0x00,0x00,0x00,0xC0,0x0F,0x00,0xC0,0x0F,0x00,0x00,0x00,0x00,0xC0,0x0F,0x00,0xC0,0x0F,0x00,0x00,0x00,0x00,0xC0,0x0F,0x00,0xC0,0x0F,0x00,0x00,0x80,0xFF,0xC0,0xFF,0xFF,0xFF,0x0F,0x00,0x00,0x80,0xFF,0xC0,0xFF,0xFF,0xFF,0x0F,0x00,0x00,0x80,0xFF,0xC0,0xFF,0xFF,0xFF,0x0F,0x00,0x00,0x80,0xFF,0xC0,0xFF,0xFF,0xFF,0x0F,0x00,0x00,0x80,0xFF,0xC0,0xFF,0xFF,0xFF,0x0F,0x00,0x00,0x80,0xFF,0xC0,0xFF,0xFF,0xFF,0x0F,0x00,0x00,0x80,0xFF,0xC0,0xFF,0xFF,0xFF,0x0F,0x00,0x00,0x80,0xFF,0xC0,0xFF,0xFF,0xFF,0x0F,0x00,0x00,0x00,0x00,0x00,0x00,0x00,0xC0,0x0F,0x00,0x00,0x00,0x00,0x00,0x00,0x00,0xC0,0x0F,0x00,0x00,0x00,0x00,0x00,0x00,0x00,0xC0,0x0F,0x00,0x00,0x00,0x00,0x00,0x00,0x00,0xC0,0x0F,0x00,0x00,0x00,0x00,0x00,0x00,0x00,0xC0,0x0F,0x00,0x00,0x00,0x00,0x00,0x00,0x00,0xC0,0x0F,0x00,0x00,0x00,0x00,0x00,0x00,0x00,0xC0,0x0F,0x00,0x00,0x00,0x00,0x00,0x00,0x00,0xC0,0x0F,0x00,0x00,0x00,0x00,0x00,0x00,0x00,0xC0,0x0F,0x00,0x00,0x00,0x00,0x00,0x00,0x00,0xC0,0x0F,	// 105
	0x00,0x00,0x00,0x00,0x00,0x00,0x00,0x00,0x00,0x00,0x00,0x00,0x00,0x00,0x00,0x00,0x00,0x00,0x00,0x00,0x00,0x00,0x00,0x00,0x00,0x00,0x00,0x00,0x00,0x00,0x00,0x00,0x00,0x00,0x00,0x00,0x00,0x00,0x00,0x00,0x00,0x00,0x00,0x7E,0x00,0x00,0x00,0x00,0x00,0x00,0x00,0x00,0x7E,0x00,0x00,0x00,0x00,0x00,0x00,0x00,0x00,0x7E,0x00,0x00,0x00,0xC0,0x0F,0x00,0x00,0x00,0x7E,0x00,0x00,0x00,0xC0,0x0F,0x00,0x00,0x00,0x7E,0x00,0x00,0x00,0xC0,0x0F,0x00,0x00,0x00,0x7E,0x00,0x00,0x00,0xC0,0x0F,0x00,0x00,0x00,0x7E,0x00,0x00,0x00,0xC0,0x0F,0x00,0x00,0x00,0x7E,0x00,0x00,0x00,0xC0,0x0F,0x00,0x00,0x00,0x7E,0x00,0x00,0x00,0xC0,0x0F,0x00,0x00,0x00,0x7F,0x00,0x00,0x00,0xC0,0x0F,0x00,0x00,0xC0,0x7F,0x00,0x80,0xFF,0xC0,0xFF,0xFF,0xFF,0xFF,0x7F,0x00,0x80,0xFF,0xC0,0xFF,0xFF,0xFF,0xFF,0x7F,0x00,0x80,0xFF,0xC0,0xFF,0xFF,0xFF,0xFF,0x3F,0x00,0x80,0xFF,0xC0,0xFF,0xFF,0xFF,0xFF,0x3F,0x00,0x80,0xFF,0xC0,0xFF,0xFF,0xFF,0xFF,0x1F,0x00,0x80,0xFF,0xC0,0xFF,0xFF,0xFF,0xFF,0x0F,0x00,0x80,0xFF,0xC0,0xFF,0xFF,0xFF,0xFF,0x07,0x00,0x80,0xFF,0xC0,0xFF,0xFF,0xFF,0xFF,	// 106
	0x00,0x00,0x00,0x00,0x00,0x00,0x00,0x00,0x00,0x00,0x00,0x00,0x00,0x00,0x00,0x00,0x00,0x00,0x00,0x00,0x00,0x00,0x00,0x00,0x00,0x00,0x00,0x00,0x00,0x00,0x00,0x00,0x00,0x00,0x00,0x00,0x00,0xFC,0xFF,0xFF,0xFF,0xFF,0x0F,0x00,0x00,0x00,0xFC,0xFF,0xFF,0xFF,0xFF,0x0F,0x00,0x00,0x00,0xFC,0xFF,0xFF,0xFF,0xFF,0x0F,0x00,0x00,0x00,0xFC,0xFF,0xFF,0xFF,0xFF,0x0F,0x00,0x00,0x00,0xFC,0xFF,0xFF,0xFF,0xFF,0x0F,0x00,0x00,0x00,0xFC,0xFF,0xFF,0xFF,0xFF,0x0F,0x00,0x00,0x00,0xFC,0xFF,0xFF,0xFF,0xFF,0x0F,0x00,0x00,0x00,0xFC,0xFF,0xFF,0xFF,0xFF,0x0F,0x00,0x00,0x00,0x00,0x00,0x00,0xFF,0x00,0x00,0x00,0x00,0x00,0x00,0x00,0x80,0x7F,0x00,0x00,0x00,0x00,0x00,0x00,0x00,0xC0,0x3F,0x00,0x00,0x00,0x00,0x00,0x00,0x00,0xF0,0x7F,0x00,0x00,0x00,0x00,0x00,0x00,0x00,0xF8,0xFF,0x01,0x00,0x00,0x00,0x00,0x00,0x00,0xFC,0xFF,0x07,0x00,0x00,0x00,0x00,0x00,0x00,0xFE,0xFF,0x0F,0x00,0x00,0x00,0x00,0x00,0x00,0xFF,0xFF,0x3F,0x00,0x00,0x00,0x00,0x00,0x80,0xFF,0xFC,0xFF,0x00,0x00,0x00,0x00,0x00,0xC0,0xFF,0xF0,0xFF,0x01,0x00,0x00,0x00,0x00,0xC0,0x7F,0xE0,0xFF,0x07,0x00,0x00,0x00,0x00,0xC0,0x3F,0x80,0xFF,0x0F,0x00,0x00,0x00,0x00,0xC0,0x1F,0x00,0xFE,0x0F,0x00,0x00,0x00,0x00,0xC0,0x0F,0x00,0xFC,0x0F,0x00,0x00,0x00,0x00,0xC0,0x07,0x00,0xF0,0x0F,0x00,0x00,0x00,0x00,0xC0,0x03,0x00,0xE0,0x0F,0x00,0x00,0x00,0x00,0xC0,0x01,0x00,0x80,0x0F,0x00,0x00,0x00,0x00,0xC0,0x00,0x00,0x00,0x0F,0x00,0x00,0x00,0x00,0x40,0x00,0x00,0x00,0x0C,0x00,0x00,0x00,0x00,0x00,0x00,0x00,0x00,0x08,	// 107
	0x00,0x00,0x00,0x00,0x00,0x00,0x00,0x00,0x00,0x00,0x00,0x00,0x00,0x00,0x00,0x00,0x00,0x00,0x00,0xFC,0x00,0x00,0x00,0x00,0x00,0x00,0x00,0x00,0xFC,0x00,0x00,0x00,0x00,0x00,0x00,0x00,0x00,0xFC,0x00,0x00,0x00,0x00,0x00,0x00,0x00,0x00,0xFC,0x00,0x00,0x00,0x00,0x00,0x00,0x00,0x00,0xFC,0x00,0x00,0x00,0x00,0x00,0x00,0x00,0x00,0xFC,0x00,0x00,0x00,0x00,0x00,0x00,0x00,0x00,0xFC,0x00,0x00,0x00,0x00,0x00,0x00,0x00,0x00,0xFC,0x00,0x00,0x00,0x00,0x00,0x00,0x00,0x00,0xFC,0xFF,0xFF,0xFF,0x1F,0x00,0x00,0x00,0x00,0xFC,0xFF,0xFF,0xFF,0xFF,0x00,0x00,0x00,0x00,0xFC,0xFF,0xFF,0xFF,0xFF,0x01,0x00,0x00,0x00,0xFC,0xFF,0xFF,0xFF,0xFF,0x03,0x00,0x00,0x00,0xFC,0xFF,0xFF,0xFF,0xFF,0x07,0x00,0x00,0x00,0xFC,0xFF,0xFF,0xFF,0xFF,0x07,0x00,0x00,0x00,0xFC,0xFF,0xFF,0xFF,0xFF,0x0F,0x00,0x00,0x00,0xFC,0xFF,0xFF,0xFF,0xFF,0x0F,0x00,0x00,0x00,0x00,0x00,0x00,0x00,0xF8,0x0F,0x00,0x00,0x00,0x00,0x00,0x00,0x00,0xE0,0x0F,0x00,0x00,0x00,0x00,0x00,0x00,0x00,0xC0,0x0F,0x00,0x00,0x00,0x00,0x00,0x00,0x00,0xC0,0x0F,0x00,0x00,0x00,0x00,0x00,0x00,0x00,0xC0,0x0F,0x00,0x00,0x00,0x00,0x00,0x00,0x00,0xC0,0x0F,0x00,0x00,0x00,0x00,0x00,0x00,0x00,0xC0,0x0F,0x00,0x00,0x00,0x00,0x00,0x00,0x00,0xC0,0x0F,0x00,0x00,0x00,0x00,0x00,0x00,0x00,0xC0,0x0F,0x00,0x00,0x00,0x00,0x00,0x00,0x00,0xC0,0x0F,0x00,0x00,0x00,0x00,0x00,0x00,0x00,0xC0,0x0F,	// 108
	0x00,0x00,0x00,0x00,0x00,0x00,0x00,0x00,0x00,0x00,0x00,0xC0,0xFF,0xFF,0xFF,0x0F,0x00,0x00,0x00,0x00,0xC0,0xFF,0xFF,0xFF,0x0F,0x00,0x00,0x00,0x00,0xC0,0xFF,0xFF,0xFF,0x0F,0x00,0x00,0x00,0x00,0xC0,0xFF,0xFF,0xFF,0x0F,0x00,0x00,0x00,0x00,0xC0,0xFF,0xFF,0xFF,0x0F,0x00,0x00,0x00,0x00,0xC0,0xFF,0xFF,0xFF,0x0F,0x00,0x00,0x00,0x00,0x00,0x0F,0x00,0x00,0x00,0x00,0x00,0x00,0x00,0x80,0x07,0x00,0x00,0x00,0x00,0x00,0x00,0x00,0xC0,0x07,0x00,0x00,0x00,0x00,0x00,0x00,0x00,0xE0,0x07,0x00,0x00,0x00,0x00,0x00,0x00,0x00,0xE0,0x07,0x00,0x00,0x00,0x00,0x00,0x00,0x00,0xE0,0x1F,0x00,0x00,0x00,0x00,0x00,0x00,0x00,0xE0,0xFF,0xFF,0xFF,0x0F,0x00,0x00,0x00,0x00,0xE0,0xFF,0xFF,0xFF,0x0F,0x00,0x00,0x00,0x00,0xC0,0xFF,0xFF,0xFF,0x0F,0x00,0x00,0x00,0x00,0x80,0xFF,0xFF,0xFF,0x0F,0x00,0x00,0x00,0x00,0x00,0xFF,0xFF,0xFF,0x0F,0x00,0x00,0x00,0x00,0x00,0xFF,0xFF,0xFF,0x0F,0x00,0x00,0x00,0x00,0x80,0x1F,0x00,0x00,0x00,0x00,0x00,0x00,0x00,0xC0,0x07,0x00,0x00,0x00,0x00,0x00,0x00,0x00,0xE0,0x07,0x00,0x00,0x00,0x00,0x00,0x00,0x00,0xE0,0x07,0x00,0x00,0x00,0x00,0x00,0x00,0x00,0xE0,0x07,0x00,0x00,0x00,0x00,0x00,0x00,0x00,0xE0,0x0F,0x00,0x00,0x00,0x00,0x00,0x00,0x00,0xE0,0xFF,0xFF,0xFF,0x0F,0x00,0x00,0x00,0x00,0xE0,0xFF,0xFF,0xFF,0x0F,0x00,0x00,0x00,0x00,0xC0,0xFF,0xFF,0xFF,0x0F,0x00,0x00,0x00,0x00,0x80,0xFF,0xFF,0xFF,0x0F,0x00,0x00,0x00,0x00,0x00,0xFF,0xFF,0xFF,0x0F,0x00,0x00,0x00,0x00,0x00,0xF8,0xFF,0xFF,0x0F,	// 109
	0x00,0x00,0x00,0x00,0x00,0x00,0x00,0x00,0x00,0x00,0x00,0x00,0x00,0x00,0x00,0x00,0x00,0x00,0x00,0x00,0x00,0x00,0x00,0x00,0x00,0x00,0x00,0x00,0x00,0x00,0x00,0x00,0x00,0x00,0x00,0x00,0x00,0x00,0xC0,0xFF,0xFF,0xFF,0x0F,0x00,0x00,0x00,0x00,0xC0,0xFF,0xFF,0xFF,0x0F,0x00,0x00,0x00,0x00,0xC0,0xFF,0xFF,0xFF,0x0F,0x00,0x00,0x00,0x00,0xC0,0xFF,0xFF,0xFF,0x0F,0x00,0x00,0x00,0x00,0xC0,0xFF,0xFF,0xFF,0x0F,0x00,0x00,0x00,0x00,0xC0,0xFF,0xFF,0xFF,0x0F,0x00,0x00,0x00,0x00,0xC0,0xFF,0xFF,0xFF,0x0F,0x00,0x00,0x00,0x00,0xC0,0xFF,0xFF,0xFF,0x0F,0x00,0x00,0x00,0x00,0x00,0x3E,0x00,0x00,0x00,0x00,0x00,0x00,0x00,0x80,0x0F,0x00,0x00,0x00,0x00,0x00,0x00,0x00,0x80,0x0F,0x00,0x00,0x00,0x00,0x00,0x00,0x00,0xC0,0x07,0x00,0x00,0x00,0x00,0x00,0x00,0x00,0xE0,0x07,0x00,0x00,0x00,0x00,0x00,0x00,0x00,0xE0,0x07,0x00,0x00,0x00,0x00,0x00,0x00,0x00,0xE0,0x0F,0x00,0x00,0x00,0x00,0x00,0x00,0x00,0xE0,0x1F,0x00,0x00,0x00,0x00,0x00,0x00,0x00,0xE0,0xFF,0xFF,0xFF,0x0F,0x00,0x00,0x00,0x00,0xE0,0xFF,0xFF,0xFF,0x0F,0x00,0x00,0x00,0x00,0xE0,0xFF,0xFF,0xFF,0x0F,0x00,0x00,0x00,0x00,0xC0,0xFF,0xFF,0xFF,0x0F,0x00,0x00,0x00,0x00,0xC0,0xFF,0xFF,0xFF,0x0F,0x00,0x00,0x00,0x00,0x80,0xFF,0xFF,0xFF,0x0F,0x00,0x00,0x00,0x00,0x00,0xFE,0xFF,0xFF,0x0F,0x00,0x00,0x00,0x00,0x00,0xF8,0xFF,0xFF,0x0F,	// 110
	0x00,0x00,0x00,0x00,0x00,0x00,0x00,0x00,0x00,0x00,0x00,0x00,0x00,0x00,0x00,0x00,0x00,0x00,0x00,0x00,0x00,0x00,0x00,0x00,0x00,0x00,0x00,0x00,0x00,0x00,0x00,0xFF,0x03,0x00,0x00,0x00,0x00,0x00,0x00,0xE0,0xFF,0x1F,0x00,0x00,0x00,0x00,0x00,0x00,0xF8,0xFF,0x7F,0x00,0x00,0x00,0x00,0x00,0x00,0xFC,0xFF,0xFF,0x00,0x00,0x00,0x00,0x00,0x00,0xFE,0xFF,0xFF,0x01,0x00,0x00,0x00,0x00,0x00,0xFF,0xFF,0xFF,0x03,0x00,0x00,0x00,0x00,0x80,0xFF,0xFF,0xFF,0x07,0x00,0x00,0x00,0x00,0xC0,0xFF,0xFF,0xFF,0x0F,0x00,0x00,0x00,0x00,0xC0,0xFF,0x00,0xFC,0x0F,0x00,0x00,0x00,0x00,0xC0,0x3F,0x00,0xF0,0x0F,0x00,0x00,0x00,0x00,0xE0,0x0F,0x00,0xC0,0x1F,0x00,0x00,0x00,0x00,0xE0,0x0F,0x00,0xC0,0x1F,0x00,0x00,0x00,0x00,0xE0,0x07,0x00,0x80,0x1F,0x00,0x00,0x00,0x00,0xE0,0x07,0x00,0x80,0x1F,0x00,0x00,0x00,0x00,0xE0,0x07,0x00,0x80,0x1F,0x00,0x00,0x00,0x00,0xE0,0x07,0x00,0x80,0x1F,0x00,0x00,0x00,0x00,0xE0,0x0F,0x00,0xC0,0x1F,0x00,0x00,0x00,0x00,0xE0,0x0F,0x00,0xC0,0x1F,0x00,0x00,0x00,0x00,0xC0,0x3F,0x00,0xF0,0x0F,0x00,0x00,0x00,0x00,0xC0,0xFF,0x00,0xFE,0x0F,0x00,0x00,0x00,0x00,0xC0,0xFF,0xFF,0xFF,0x0F,0x00,0x00,0x00,0x00,0x80,0xFF,0xFF,0xFF,0x07,0x00,0x00,0x00,0x00,0x00,0xFF,0xFF,0xFF,0x03,0x00,0x00,0x00,0x00,0x00,0xFE,0xFF,0xFF,0x01,0x00,0x00,0x00,0x00,0x00,0xFC,0xFF,0xFF,0x00,0x00,0x00,0x00,0x00,0x00,0xF8,0xFF,0x7F,0x00,0x00,0x00,0x00,0x00,0x00,0xE0,0xFF,0x1F,0x00,0x00,0x00,0x00,0x00,0x00,0x00,0xFF,0x03,	// 111
	0x00,0x00,0x00,0x00,0x00,0x00,0x00,0x00,0x00,0x00,0x00,0x00,0x00,0x00,0x00,0x00,0x00,0x00,0x00,0x00,0x00,0x00,0x00,0x00,0x00,0x00,0x00,0x00,0x00,0x00,0x00,0x00,0x00,0x00,0x00,0x00,0x00,0x00,0xC0,0xFF,0xFF,0xFF,0xFF,0x7F,0x00,0x00,0x00,0xC0,0xFF,0xFF,0xFF,0xFF,0x7F,0x00,0x00,0x00,0xC0,0xFF,0xFF,0xFF,0xFF,0x7F,0x00,0x00,0x00,0xC0,0xFF,0xFF,0xFF,0xFF,0x7F,0x00,0x00,0x00,0xC0,0xFF,0xFF,0xFF,0xFF,0x7F,0x00,0x00,0x00,0xC0,0xFF,0xFF,0xFF,0xFF,0x7F,0x00,0x00,0x00,0xC0,0xFF,0xFF,0xFF,0xFF,0x7F,0x00,0x00,0x00,0xC0,0xFF,0xFF,0xFF,0xFF,0x7F,0x00,0x00,0x00,0x00,0xFE,0x00,0xFC,0x01,0x00,0x00,0x00,0x00,0x00,0x3F,0x00,0xF0,0x03,0x00,0x00,0x00,0x00,0x80,0x0F,0x00,0xC0,0x07,0x00,0x00,0x00,0x00,0xC0,0x0F,0x00,0xC0,0x0F,0x00,0x00,0x00,0x00,0xC0,0x07,0x00,0x80,0x0F,0x00,0x00,0x00,0x00,0xE0,0x07,0x00,0x80,0x1F,0x00,0x00,0x00,0x00,0xE0,0x07,0x00,0x80,0x1F,0x00,0x00,0x00,0x00,0xE0,0x0F,0x00,0x80,0x1F,0x00,0x00,0x00,0x00,0xE0,0x0F,0x00,0xC0,0x1F,0x00,0x00,0x00,0x00,0xE0,0x3F,0x00,0xF0,0x1F,0x00,0x00,0x00,0x00,0xE0,0xFF,0x00,0xFC,0x1F,0x00,0x00,0x00,0x00,0xC0,0xFF,0xFF,0xFF,0x0F,0x00,0x00,0x00,0x00,0xC0,0xFF,0xFF,0xFF,0x0F,0x00,0x00,0x00,0x00,0x80,0xFF,0xFF,0xFF,0x07,0x00,0x00,0x00,0x00,0x80,0xFF,0xFF,0xFF,0x07,0x00,0x00,0x00,0x00,0x00,0xFF,0xFF,0xFF,0x03,0x00,0x00,0x00,0x00,0x00,0xFC,0xFF,0xFF,0x00,0x00,0x00,0x00,0x00,0x00,0xF0,0xFF,0x3F,0x00,0x00,0x00,0x00,0x00,0x00,0x80,0xFF,0x07,	// 112
	0x00,0x00,0x00,0x00,0x00,0x00,0x00,0x00,0x00,0x00,0x00,0x00,0x00,0x00,0x00,0x00,0x00,0x00,0x00,0x00,0x00,0x00,0x00,0x00,0x00,0x00,0x00,0x00,0x00,0x00,0x80,0xFF,0x07,0x00,0x00,0x00,0x00,0x00,0x00,0xF0,0xFF,0x3F,0x00,0x00,0x00,0x00,0x00,0x00,0xFC,0xFF,0xFF,0x00,0x00,0x00,0x00,0x00,0x00,0xFF,0xFF,0xFF,0x03,0x00,0x00,0x00,0x00,0x80,0xFF,0xFF,0xFF,0x07,0x00,0x00,0x00,0x00,0x80,0xFF,0xFF,0xFF,0x07,0x00,0x00,0x00,0x00,0xC0,0xFF,0xFF,0xFF,0x0F,0x00,0x00,0x00,0x00,0xC0,0xFF,0xFF,0xFF,0x0F,0x00,0x00,0x00,0x00,0xE0,0xFF,0x00,0xFC,0x1F,0x00,0x00,0x00,0x00,0xE0,0x3F,0x00,0xF0,0x1F,0x00,0x00,0x00,0x00,0xE0,0x0F,0x00,0xC0,0x1F,0x00,0x00,0x00,0x00,0xE0,0x0F,0x00,0x80,0x1F,0x00,0x00,0x00,0x00,0xE0,0x07,0x00,0x80,0x1F,0x00,0x00,0x00,0x00,0xE0,0x07,0x00,0x80,0x1F,0x00,0x00,0x00,0x00,0xC0,0x07,0x00,0x80,0x0F,0x00,0x00,0x00,0x00,0xC0,0x0F,0x00,0xC0,0x0F,0x00,0x00,0x00,0x00,0x80,0x0F,0x00,0xC0,0x07,0x00,0x00,0x00,0x00,0x00,0x3F,0x00,0xF0,0x03,0x00,0x00,0x00,0x00,0x00,0xFE,0x00,0xFC,0x01,0x00,0x00,0x00,0x00,0xC0,0xFF,0xFF,0xFF,0xFF,0x7F,0x00,0x00,0x00,0xC0,0xFF,0xFF,0xFF,0xFF,0x7F,0x00,0x00,0x00,0xC0,0xFF,0xFF,0xFF,0xFF,0x7F,0x00,0x00,0x00,0xC0,0xFF,0xFF,0xFF,0xFF,0x7F,0x00,0x00,0x00,0xC0,0xFF,0xFF,0xFF,0xFF,0x7F,0x00,0x00,0x00,0xC0,0xFF,0xFF,0xFF,0xFF,0x7F,0x00,0x00,0x00,0xC0,0xFF,0xFF,0xFF,0xFF,0x7F,0x00,0x00,0x00,0xC0,0xFF,0xFF,0xFF,0xFF,0x7F,	// 113
	0x00,0x00,0x00,0x00,0x00,0x00,0x00,0x00,0x00,0x00,0x00,0x00,0x00,0x00,0x00,0x00,0x00,0x00,0x00,0x00,0x00,0x00,0x00,0x00,0x00,0x00,0x00,0x00,0x00,0x00,0x00,0x00,0x00,0x00,0x00,0x00,0x00,0x00,0x00,0x00,0x00,0x00,0x00,0x00,0x00,0x00,0x00,0x00,0x00,0x00,0x00,0x00,0x00,0x00,0x00,0x00,0x00,0x00,0x00,0x00,0x00,0x00,0x00,0x00,0x00,0x00,0x00,0x00,0x00,0x00,0x00,0x00,0x00,0x00,0xC0,0xFF,0xFF,0xFF,0x0F,0x00,0x00,0x00,0x00,0xC0,0xFF,0xFF,0xFF,0x0F,0x00,0x00,0x00,0x00,0xC0,0xFF,0xFF,0xFF,0x0F,0x00,0x00,0x00,0x00,0xC0,0xFF,0xFF,0xFF,0x0F,0x00,0x00,0x00,0x00,0xC0,0xFF,0xFF,0xFF,0x0F,0x00,0x00,0x00,0x00,0xC0,0xFF,0xFF,0xFF,0x0F,0x00,0x00,0x00,0x00,0xC0,0xFF,0xFF,0xFF,0x0F,0x00,0x00,0x00,0x00,0xC0,0xFF,0xFF,0xFF,0x0F,0x00,0x00,0x00,0x00,0x00,0xFE,0x00,0x00,0x00,0x00,0x00,0x00,0x00,0x00,0x3F,0x00,0x00,0x00,0x00,0x00,0x00,0x00,0x80,0x1F,0x00,0x00,0x00,0x00,0x00,0x00,0x00,0xC0,0x0F,0x00,0x00,0x00,0x00,0x00,0x00,0x00,0xC0,0x0F,0x00,0x00,0x00,0x00,0x00,0x00,0x00,0xE0,0x07,0x00,0x00,0x00,0x00,0x00,0x00,0x00,0xE0,0x07,0x00,0x00,0x00,0x00,0x00,0x00,0x00,0xE0,0x07,0x00,0x00,0x00,0x00,0x00,0x00,0x00,0xE0,0x07,0x00,0x00,0x00,0x00,0x00,0x00,0x00,0xE0,0x07,0x00,0x00,0x00,0x00,0x00,0x00,0x00,0xE0,0x07,0x00,0x00,0x00,0x00,0x00,0x00,0x00,0xE0,0x0F,0x00,0x00,0x00,0x00,0x00,0x00,0x00,0xC0,0x0F,0x00,0x00,0x00,0x00,0x00,0x00,0x00,0xC0,0x1F,0x00,0x00,0x00,0x00,0x00,0x00,0x00,0x80,0x3F,	// 114
	0x00,0x00,0x00,0x00,0x00,0x00,0x00,0x00,0x00,0x00,0x00,0x00,0x00,0x00,0x00,0x00,0x00,0x00,0x00,0x00,0x00,0x00,0x00,0x00,0x00,0x00,0x00,0x00,0x00,0x00,0x00,0x00,0x00,0x00,0x00,0x00,0x00,0x00,0x00,0xF8,0x03,0xF0,0x07,0x00,0x00,0x00,0x00,0x00,0xFE,0x07,0xE0,0x07,0x00,0x00,0x00,0x00,0x00,0xFF,0x1F,0xE0,0x0F,0x00,0x00,0x00,0x00,0x80,0xFF,0x1F,0xC0,0x0F,0x00,0x00,0x00,0x00,0x80,0xFF,0x3F,0xC0,0x0F,0x00,0x00,0x00,0x00,0xC0,0xFF,0x3F,0xC0,0x0F,0x00,0x00,0x00,0x00,0xC0,0xFF,0x7F,0x80,0x1F,0x00,0x00,0x00,0x00,0xC0,0xFF,0x7F,0x80,0x1F,0x00,0x00,0x00,0x00,0xE0,0x8F,0x7F,0x80,0x1F,0x00,0x00,0x00,0x00,0xE0,0x0F,0xFF,0x80,0x1F,0x00,0x00,0x00,0x00,0xE0,0x07,0xFE,0x80,0x1F,0x00,0x00,0x00,0x00,0xE0,0x07,0xFE,0x80,0x1F,0x00,0x00,0x00,0x00,0xE0,0x07,0xFE,0x80,0x1F,0x00,0x00,0x00,0x00,0xE0,0x07,0xFC,0x81,0x1F,0x00,0x00,0x00,0x00,0xE0,0x07,0xFC,0xC1,0x1F,0x00,0x00,0x00,0x00,0xE0,0x07,0xFC,0xE3,0x1F,0x00,0x00,0x00,0x00,0xE0,0x07,0xF8,0xFF,0x0F,0x00,0x00,0x00,0x00,0xC0,0x0F,0xF8,0xFF,0x0F,0x00,0x00,0x00,0x00,0xC0,0x0F,0xF8,0xFF,0x0F,0x00,0x00,0x00,0x00,0xC0,0x1F,0xF0,0xFF,0x07,0x00,0x00,0x00,0x00,0xC0,0x1F,0xF0,0xFF,0x07,0x00,0x00,0x00,0x00,0x80,0x3F,0xE0,0xFF,0x03,0x00,0x00,0x00,0x00,0x00,0x00,0xC0,0xFF,0x01,0x00,0x00,0x00,0x00,0x00,0x00,0x00,0x7F,	// 115
	0x00,0x00,0x00,0x00,0x00,0x00,0x00,0x00,0x00,0x00,0x00,0x00,0x00,0x00,0x00,0x00,0x00,0x00,0x00,0x00,0x00,0x00,0x00,0x00,0x00,0x00,0x00,0x00,0x00,0xC0,0x0F,0x00,0x00,0x00,0x00,0x00,0x00,0x00,0xC0,0x0F,0x00,0x00,0x00,0x00,0x00,0x00,0x00,0xC0,0x0F,0x00,0x00,0x00,0x00,0x00,0x00,0x00,0xC0,0x0F,0x00,0x00,0x00,0x00,0x00,0x00,0x00,0xC0,0x0F,0x00,0x00,0x00,0x00,0x00,0x00,0x00,0xC0,0x0F,0x00,0x00,0x00,0x00,0x00,0x00,0x00,0xC0,0x0F,0x00,0x00,0x00,0x00,0x00,0x00,0x00,0xC0,0x0F,0x00,0x00,0x00,0x00,0x00,0x00,0xE0,0xFF,0xFF,0xFF,0x3F,0x00,0x00,0x00,0x00,0xE0,0xFF,0xFF,0xFF,0xFF,0x01,0x00,0x00,0x00,0xE0,0xFF,0xFF,0xFF,0xFF,0x03,0x00,0x00,0x00,0xE0,0xFF,0xFF,0xFF,0xFF,0x07,0x00,0x00,0x00,0xE0,0xFF,0xFF,0xFF,0xFF,0x07,0x00,0x00,0x00,0xE0,0xFF,0xFF,0xFF,0xFF,0x07,0x00,0x00,0x00,0xE0,0xFF,0xFF,0xFF,0xFF,0x0F,0x00,0x00,0x00,0xE0,0xFF,0xFF,0xFF,0xFF,0x0F,0x00,0x00,0x00,0x00,0xC0,0x0F,0x00,0xE0,0x0F,0x00,0x00,0x00,0x00,0xC0,0x0F,0x00,0xE0,0x0F,0x00,0x00,0x00,0x00,0xC0,0x0F,0x00,0xC0,0x0F,0x00,0x00,0x00,0x00,0xC0,0x0F,0x00,0xC0,0x0F,0x00,0x00,0x00,0x00,0xC0,0x0F,0x00,0xC0,0x0F,0x00,0x00,0x00,0x00,0xC0,0x0F,0x00,0xC0,0x0F,0x00,0x00,0x00,0x00,0xC0,0x0F,0x00,0xC0,0x0F,0x00,0x00,0x00,0x00,0xC0,0x0F,0x00,0xC0,0x0F,0x00,0x00,0x00,0x00,0xC0,0x0F,0x00,0xC0,0x0F,0x00,0x00,0x00,0x00,0xC0,0x0F,0x00,0xC0,0x0F,	// 116
	0x00,0x00,0x00,0x00,0x00,0x00,0x00,0x00,0x00,0x00,0x00,0x00,0x00,0x00,0x00,0x00,0x00,0x00,0x00,0x00,0x00,0x00,0x00,0x00,0x00,0x00,0x00,0x00,0x00,0x00,0x00,0x00,0x00,0x00,0x00,0x00,0x00,0x00,0xC0,0xFF,0xFF,0x7F,0x00,0x00,0x00,0x00,0x00,0xC0,0xFF,0xFF,0xFF,0x01,0x00,0x00,0x00,0x00,0xC0,0xFF,0xFF,0xFF,0x07,0x00,0x00,0x00,0x00,0xC0,0xFF,0xFF,0xFF,0x0F,0x00,0x00,0x00,0x00,0xC0,0xFF,0xFF,0xFF,0x0F,0x00,0x00,0x00,0x00,0xC0,0xFF,0xFF,0xFF,0x1F,0x00,0x00,0x00,0x00,0xC0,0xFF,0xFF,0xFF,0x1F,0x00,0x00,0x00,0x00,0xC0,0xFF,0xFF,0xFF,0x1F,0x00,0x00,0x00,0x00,0x00,0x00,0x00,0xE0,0x1F,0x00,0x00,0x00,0x00,0x00,0x00,0x00,0xC0,0x1F,0x00,0x00,0x00,0x00,0x00,0x00,0x00,0x80,0x1F,0x00,0x00,0x00,0x00,0x00,0x00,0x00,0x80,0x1F,0x00,0x00,0x00,0x00,0x00,0x00,0x00,0x80,0x0F,0x00,0x00,0x00,0x00,0x00,0x00,0x00,0x80,0x0F,0x00,0x00,0x00,0x00,0x00,0x00,0x00,0xC0,0x07,0x00,0x00,0x00,0x00,0x00,0x00,0x00,0xF8,0x01,0x00,0x00,0x00,0x00,0xC0,0xFF,0xFF,0xFF,0x0F,0x00,0x00,0x00,0x00,0xC0,0xFF,0xFF,0xFF,0x0F,0x00,0x00,0x00,0x00,0xC0,0xFF,0xFF,0xFF,0x0F,0x00,0x00,0x00,0x00,0xC0,0xFF,0xFF,0xFF,0x0F,0x00,0x00,0x00,0x00,0xC0,0xFF,0xFF,0xFF,0x0F,0x00,0x00,0x00,0x00,0xC0,0xFF,0xFF,0xFF,0x0F,0x00,0x00,0x00,0x00,0xC0,0xFF,0xFF,0xFF,0x0F,0x00,0x00,0x00,0x00,0xC0,0xFF,0xFF,0xFF,0x0F,	// 117
	0x00,0x00,0x00,0x00,0x00,0x00,0x00,0x00,0x00,0x00,0x00,0x00,0x00,0x00,0x00,0x00,0x00,0x00,0x00,0x00,0xC0,0x00,0x00,0x00,0x00,0x00,0x00,0x00,0x00,0xC0,0x07,0x00,0x00,0x00,0x00,0x00,0x00,0x00,0xC0,0x3F,0x00,0x00,0x00,0x00,0x00,0x00,0x00,0xC0,0xFF,0x01,0x00,0x00,0x00,0x00,0x00,0x00,0xC0,0xFF,0x0F,0x00,0x00,0x00,0x00,0x00,0x00,0xC0,0xFF,0x7F,0x00,0x00,0x00,0x00,0x00,0x00,0xC0,0xFF,0xFF,0x03,0x00,0x00,0x00,0x00,0x00,0xC0,0xFF,0xFF,0x1F,0x00,0x00,0x00,0x00,0x00,0x00,0xFF,0xFF,0xFF,0x01,0x00,0x00,0x00,0x00,0x00,0xF8,0xFF,0xFF,0x0F,0x00,0x00,0x00,0x00,0x00,0x80,0xFF,0xFF,0x0F,0x00,0x00,0x00,0x00,0x00,0x00,0xF8,0xFF,0x0F,0x00,0x00,0x00,0x00,0x00,0x00,0xC0,0xFF,0x0F,0x00,0x00,0x00,0x00,0x00,0x00,0x00,0xFC,0x0F,0x00,0x00,0x00,0x00,0x00,0x00,0x00,0xE0,0x0F,0x00,0x00,0x00,0x00,0x00,0x00,0x00,0xFC,0x0F,0x00,0x00,0x00,0x00,0x00,0x00,0xC0,0xFF,0x0F,0x00,0x00,0x00,0x00,0x00,0x00,0xFC,0xFF,0x0F,0x00,0x00,0x00,0x00,0x00,0x80,0xFF,0xFF,0x0F,0x00,0x00,0x00,0x00,0x00,0xF8,0xFF,0xFF,0x0F,0x00,0x00,0x00,0x00,0x00,0xFF,0xFF,0xFF,0x01,0x00,0x00,0x00,0x00,0xC0,0xFF,0xFF,0x1F,0x00,0x00,0x00,0x00,0x00,0xC0,0xFF,0xFF,0x03,0x00,0x00,0x00,0x00,0x00,0xC0,0xFF,0x7F,0x00,0x00,0x00,0x00,0x00,0x00,0xC0,0xFF,0x0F,0x00,0x00,0x00,0x00,0x00,0x00,0xC0,0xFF,0x01,0x00,0x00,0x00,0x00,0x00,0x00,0xC0,0x3F,0x00,0x00,0x00,0x00,0x00,0x00,0x00,0xC0,0x07,0x00,0x00,0x00,0x00,0x00,0x00,0x00,0xC0,	// 118
	0x00,0x00,0xC0,0x01,0x00,0x00,0x00,0x00,0x00,0x00,0x00,0xC0,0x3F,0x00,0x00,0x00,0x00,0x00,0x00,0x00,0xC0,0xFF,0x0F,0x00,0x00,0x00,0x00,0x00,0x00,0xC0,0xFF,0xFF,0x01,0x00,0x00,0x00,0x00,0x00,0xC0,0xFF,0xFF,0x7F,0x00,0x00,0x00,0x00,0x00,0xC0,0xFF,0xFF,0xFF,0x0F,0x00,0x00,0x00,0x00,0xC0,0xFF,0xFF,0xFF,0x0F,0x00,0x00,0x00,0x00,0x00,0xF0,0xFF,0xFF,0x0F,0x00,0x00,0x00,0x00,0x00,0x00,0xF8,0xFF,0x0F,0x00,0x00,0x00,0x00,0x00,0x00,0x00,0xFE,0x0F,0x00,0x00,0x00,0x00,0x00,0x00,0x00,0xF8,0x0F,0x00,0x00,0x00,0x00,0x00,0x00,0xC0,0xFF,0x0F,0x00,0x00,0x00,0x00,0x00,0x00,0xFC,0xFF,0x0F,0x00,0x00,0x00,0x00,0x00,0xC0,0xFF,0xFF,0x01,0x00,0x00,0x00,0x00,0x00,0xC0,0xFF,0x1F,0x00,0x00,0x00,0x00,0x00,0x00,0xC0,0xFF,0x01,0x00,0x00,0x00,0x00,0x00,0x00,0xC0,0x1F,0x00,0x00,0x00,0x00,0x00,0x00,0x00,0xC0,0xFF,0x01,0x00,0x00,0x00,0x00,0x00,0x00,0xC0,0xFF,0x1F,0x00,0x00,0x00,0x00,0x00,0x00,0xC0,0xFF,0xFF,0x01,0x00,0x00,0x00,0x00,0x00,0x00,0xFC,0xFF,0x0F,0x00,0x00,0x00,0x00,0x00,0x00,0x80,0xFF,0x0F,0x00,0x00,0x00,0x00,0x00,0x00,0x00,0xF8,0x0F,0x00,0x00,0x00,0x00,0x00,0x00,0x00,0xFE,0x0F,0x00,0x00,0x00,0x00,0x00,0x00,0xFC,0xFF,0x0F,0x00,0x00,0x00,0x00,0x00,0xF0,0xFF,0xFF,0x0F,0x00,0x00,0x00,0x00,0xC0,0xFF,0xFF,0xFF,0x0F,0x00,0x00,0x00,0x00,0xC0,0xFF,0xFF,0xFF,0x0F,0x00,0x00,0x00,0x00,0xC0,0xFF,0xFF,0x7F,0x00,0x00,0x00,0x00,0x00,0xC0,0xFF,0xFF,0x01,0x00,0x00,0x00,0x00,0x00,0xC0,0xFF,0x0F,0x00,0x00,0x00,0x00,0x00,0x00,0xC0,0x3F,0x00,0x00,0x00,0x00,0x00,0x00,0x00,0xC0,0x01,	// 119
	0x00,0x00,0x00,0x00,0x00,0x00,0x00,0x00,0x00,0x00,0x00,0x00,0x00,0x00,0x00,0x08,0x00,0x00,0x00,0x00,0x40,0x00,0x00,0x00,0x0C,0x00,0x00,0x00,0x00,0xC0,0x00,0x00,0x00,0x0F,0x00,0x00,0x00,0x00,0xC0,0x03,0x00,0x80,0x0F,0x00,0x00,0x00,0x00,0xC0,0x07,0x00,0xC0,0x0F,0x00,0x00,0x00,0x00,0xC0,0x0F,0x00,0xF0,0x0F,0x00,0x00,0x00,0x00,0xC0,0x3F,0x00,0xF8,0x0F,0x00,0x00,0x00,0x00,0xC0,0x7F,0x00,0xFE,0x0F,0x00,0x00,0x00,0x00,0xC0,0xFF,0x01,0xFF,0x0F,0x00,0x00,0x00,0x00,0xC0,0xFF,0x83,0xFF,0x07,0x00,0x00,0x00,0x00,0x80,0xFF,0xEF,0xFF,0x03,0x00,0x00,0x00,0x00,0x00,0xFE,0xFF,0xFF,0x00,0x00,0x00,0x00,0x00,0x00,0xFC,0xFF,0x3F,0x00,0x00,0x00,0x00,0x00,0x00,0xF0,0xFF,0x0F,0x00,0x00,0x00,0x00,0x00,0x00,0xC0,0xFF,0x07,0x00,0x00,0x00,0x00,0x00,0x00,0xC0,0xFF,0x07,0x00,0x00,0x00,0x00,0x00,0x00,0xF0,0xFF,0x1F,0x00,0x00,0x00,0x00,0x00,0x00,0xFC,0xFF,0x3F,0x00,0x00,0x00,0x00,0x00,0x00,0xFE,0xFF,0xFF,0x00,0x00,0x00,0x00,0x00,0x80,0xFF,0xEF,0xFF,0x03,0x00,0x00,0x00,0x00,0xC0,0xFF,0xC3,0xFF,0x07,0x00,0x00,0x00,0x00,0xC0,0xFF,0x01,0xFF,0x0F,0x00,0x00,0x00,0x00,0xC0,0x7F,0x00,0xFE,0x0F,0x00,0x00,0x00,0x00,0xC0,0x3F,0x00,0xF8,0x0F,0x00,0x00,0x00,0x00,0xC0,0x0F,0x00,0xF0,0x0F,0x00,0x00,0x00,0x00,0xC0,0x07,0x00,0xC0,0x0F,0x00,0x00,0x00,0x00,0xC0,0x03,0x00,0x80,0x0F,0x00,0x00,0x00,0x00,0xC0,0x00,0x00,0x00,0x0F,0x00,0x00,0x00,0x00,0x40,0x00,0x00,0x00,0x0C,0x00,0x00,0x00,0x00,0x00,0x00,0x00,0x00,0x08,	// 120
	0x00,0x00,0x00,0x00,0x00,0x00,0x00,0x00,0x00,0x00,0x00,0x00,0x00,0x00,0x00,0x00,0x00,0x00,0x00,0x00,0x40,0x00,0x00,0x00,0x00,0x00,0x00,0x00,0x00,0xC0,0x03,0x00,0x00,0x00,0x00,0x00,0x00,0x00,0xC0,0x0F,0x00,0x00,0x00,0x7E,0x00,0x00,0x00,0xC0,0x7F,0x00,0x00,0x00,0x7E,0x00,0x00,0x00,0xC0,0xFF,0x01,0x00,0x00,0x7E,0x00,0x00,0x00,0xC0,0xFF,0x0F,0x00,0x00,0x7E,0x00,0x00,0x00,0xC0,0xFF,0x3F,0x00,0x00,0x7E,0x00,0x00,0x00,0xC0,0xFF,0xFF,0x01,0x00,0x7E,0x00,0x00,0x00,0xC0,0xFF,0xFF,0x07,0x00,0x7F,0x00,0x00,0x00,0x00,0xFE,0xFF,0x3F,0x80,0x7F,0x00,0x00,0x00,0x00,0xF0,0xFF,0xFF,0xC0,0x7F,0x00,0x00,0x00,0x00,0x80,0xFF,0xFF,0xFF,0x3F,0x00,0x00,0x00,0x00,0x00,0xFC,0xFF,0xFF,0x3F,0x00,0x00,0x00,0x00,0x00,0xE0,0xFF,0xFF,0x1F,0x00,0x00,0x00,0x00,0x00,0x80,0xFF,0xFF,0x0F,0x00,0x00,0x00,0x00,0x00,0x00,0xFE,0xFF,0x07,0x00,0x00,0x00,0x00,0x00,0xC0,0xFF,0xFF,0x01,0x00,0x00,0x00,0x00,0x00,0xF8,0xFF,0x7F,0x00,0x00,0x00,0x00,0x00,0x00,0xFF,0xFF,0x1F,0x00,0x00,0x00,0x00,0x00,0xE0,0xFF,0xFF,0x03,0x00,0x00,0x00,0x00,0x00,0xFC,0xFF,0x7F,0x00,0x00,0x00,0x00,0x00,0x80,0xFF,0xFF,0x1F,0x00,0x00,0x00,0x00,0x00,0xC0,0xFF,0xFF,0x03,0x00,0x00,0x00,0x00,0x00,0xC0,0xFF,0x7F,0x00,0x00,0x00,0x00,0x00,0x00,0xC0,0xFF,0x1F,0x00,0x00,0x00,0x00,0x00,0x00,0xC0,0xFF,0x03,0x00,0x00,0x00,0x00,0x00,0x00,0xC0,0x7F,0x00,0x00,0x00,0x00,0x00,0x00,0x00,0xC0,0x1F,0x00,0x00,0x00,0x00,0x00,0x00,0x00,0xC0,0x03,0x00,0x00,0x00,0x00,0x00,0x00,0x00,0x40,	// 121
	0x00,0x00,0x00,0x00,0x00,0x00,0x00,0x00,0x00,0x00,0x00,0x00,0x00,0x00,0x00,0x00,0x00,0x00,0x00,0x00,0x00,0x00,0x00,0x00,0x00,0x00,0x00,0x00,0x00,0x00,0x00,0x00,0x00,0x00,0x00,0x00,0x00,0x00,0x00,0x00,0x00,0xE0,0x0F,0x00,0x00,0x00,0x00,0xC0,0x0F,0x00,0xF0,0x0F,0x00,0x00,0x00,0x00,0xC0,0x0F,0x00,0xF8,0x0F,0x00,0x00,0x00,0x00,0xC0,0x0F,0x00,0xFC,0x0F,0x00,0x00,0x00,0x00,0xC0,0x0F,0x00,0xFE,0x0F,0x00,0x00,0x00,0x00,0xC0,0x0F,0x00,0xFF,0x0F,0x00,0x00,0x00,0x00,0xC0,0x0F,0x80,0xFF,0x0F,0x00,0x00,0x00,0x00,0xC0,0x0F,0xC0,0xFF,0x0F,0x00,0x00,0x00,0x00,0xC0,0x0F,0xF0,0xFF,0x0F,0x00,0x00,0x00,0x00,0xC0,0x0F,0xF8,0xFF,0x0F,0x00,0x00,0x00,0x00,0xC0,0x0F,0xFC,0xDF,0x0F,0x00,0x00,0x00,0x00,0xC0,0x0F,0xFE,0xC7,0x0F,0x00,0x00,0x00,0x00,0xC0,0x0F,0xFF,0xC3,0x0F,0x00,0x00,0x00,0x00,0xC0,0x8F,0xFF,0xC1,0x0F,0x00,0x00,0x00,0x00,0xC0,0xCF,0xFF,0xC0,0x0F,0x00,0x00,0x00,0x00,0xC0,0xEF,0x7F,0xC0,0x0F,0x00,0x00,0x00,0x00,0xC0,0xFF,0x3F,0xC0,0x0F,0x00,0x00,0x00,0x00,0xC0,0xFF,0x1F,0xC0,0x0F,0x00,0x00,0x00,0x00,0xC0,0xFF,0x07,0xC0,0x0F,0x00,0x00,0x00,0x00,0xC0,0xFF,0x03,0xC0,0x0F,0x00,0x00,0x00,0x00,0xC0,0xFF,0x01,0xC0,0x0F,0x00,0x00,0x00,0x00,0xC0,0xFF,0x00,0xC0,0x0F,0x00,0x00,0x00,0x00,0xC0,0x7F,0x00,0xC0,0x0F,0x00,0x00,0x00,0x00,0xC0,0x3F,0x00,0xC0,0x0F,0x00,0x00,0x00,0x00,0xC0,0x1F,0x00,0xC0,0x0F,	// 122
	0x00,0x00,0x00,0x00,0x00,0x00,0x00,0x00,0x00,0x00,0x00,0x00,0x00,0x00,0x00,0x00,0x00,0x00,0x00,0x00,0x00,0x00,0x00,0x00,0x00,0x00,0x00,0x00,0x00,0x00,0x00,0x00,0x00,0x00,0x00,0x00,0x00,0x00,0x00,0x00,0x00,0x00,0x00,0x00,0x00,0x00,0x00,0x00,0x00,0x3E,0x00,0x00,0x00,0x00,0x00,0x00,0x00,0x00,0x3E,0x00,0x00,0x00,0x00,0x00,0x00,0x00,0x00,0x3E,0x00,0x00,0x00,0x00,0x00,0x00,0x00,0x00,0x3E,0x00,0x00,0x00,0x00,0x00,0x00,0x00,0x00,0x3E,0x00,0x00,0x00,0x00,0x00,0x00,0x00,0x00,0x7F,0x00,0x00,0x00,0x00,0x00,0x00,0x00,0x00,0x7F,0x00,0x00,0x00,0x00,0x00,0x00,0x00,0xC0,0xFF,0x01,0x00,0x00,0x00,0x00,0x80,0xFF,0xFF,0xFF,0xFF,0xFF,0x00,0x00,0x00,0xE0,0xFF,0xFF,0xF7,0xFF,0xFF,0x03,0x00,0x00,0xF0,0xFF,0xFF,0xF7,0xFF,0xFF,0x07,0x00,0x00,0xF8,0xFF,0xFF,0xF7,0xFF,0xFF,0x0F,0x00,0x00,0xF8,0xFF,0xFF,0xE3,0xFF,0xFF,0x0F,0x00,0x00,0xFC,0xFF,0xFF,0xC1,0xFF,0xFF,0x1F,0x00,0x00,0xFC,0xFF,0x7F,0x00,0xFF,0xFF,0x1F,0x00,0x00,0xFC,0x01,0x00,0x00,0x00,0xC0,0x1F,0x00,0x00,0xFC,0x00,0x00,0x00,0x00,0x80,0x1F,0x00,0x00,0x7C,0x00,0x00,0x00,0x00,0x00,0x1F,0x00,0x00,0x7C,0x00,0x00,0x00,0x00,0x00,0x1F,0x00,0x00,0x7C,0x00,0x00,0x00,0x00,0x00,0x1F,0x00,0x00,0x7C,0x00,0x00,0x00,0x00,0x00,0x1F,0x00,0x00,0x7C,0x00,0x00,0x00,0x00,0x00,0x1F,0x00,0x00,0x7C,0x00,0x00,0x00,0x00,0x00,0x1F,	// 123
	0x00,0x00,0x00,0x00,0x00,0x00,0x00,0x00,0x00,0x00,0x00,0x00,0x00,0x00,0x00,0x00,0x00,0x00,0x00,0x00,0x00,0x00,0x00,0x00,0x00,0x00,0x00,0x00,0x00,0x00,0x00,0x00,0x00,0x00,0x00,0x00,0x00,0x00,0x00,0x00,0x00,0x00,0x00,0x00,0x00,0x00,0x00,0x00,0x00,0x00,0x00,0x00,0x00,0x00,0x00,0x00,0x00,0x00,0x00,0x00,0x00,0x00,0x00,0x00,0x00,0x00,0x00,0x00,0x00,0x00,0x00,0x00,0x00,0x00,0x00,0x00,0x00,0x00,0x00,0x00,0x00,0x00,0x00,0x00,0x00,0x00,0x00,0x00,0x00,0x00,0x00,0x00,0x00,0x00,0x00,0x00,0x00,0x00,0x00,0x00,0x00,0x00,0x00,0x00,0x00,0x00,0x00,0x00,0x00,0x00,0x00,0x00,0x00,0x00,0x00,0x00,0x00,0x00,0xFC,0xFF,0xFF,0xFF,0xFF,0xFF,0xFF,0x01,0x00,0xFC,0xFF,0xFF,0xFF,0xFF,0xFF,0xFF,0x01,0x00,0xFC,0xFF,0xFF,0xFF,0xFF,0xFF,0xFF,0x01,0x00,0xFC,0xFF,0xFF,0xFF,0xFF,0xFF,0xFF,0x01,0x00,0xFC,0xFF,0xFF,0xFF,0xFF,0xFF,0xFF,0x01,0x00,0xFC,0xFF,0xFF,0xFF,0xFF,0xFF,0xFF,0x01,	// 124
	0x00,0x00,0x00,0x00,0x00,0x00,0x00,0x00,0x00,0x00,0x00,0x00,0x00,0x00,0x00,0x00,0x00,0x00,0x00,0x00,0x00,0x00,0x00,0x00,0x00,0x00,0x00,0x00,0x00,0x00,0x00,0x00,0x00,0x00,0x00,0x00,0x00,0x00,0x00,0x00,0x00,0x00,0x00,0x00,0x00,0x00,0x7C,0x00,0x00,0x00,0x00,0x00,0x1F,0x00,0x00,0x7C,0x00,0x00,0x00,0x00,0x00,0x1F,0x00,0x00,0x7C,0x00,0x00,0x00,0x00,0x00,0x1F,0x00,0x00,0x7C,0x00,0x00,0x00,0x00,0x00,0x1F,0x00,0x00,0x7C,0x00,0x00,0x00,0x00,0x00,0x1F,0x00,0x00,0x7C,0x00,0x00,0x00,0x00,0x00,0x1F,0x00,0x00,0xFC,0x00,0x00,0x00,0x00,0x80,0x1F,0x00,0x00,0xFC,0x01,0x00,0x00,0x00,0xC0,0x1F,0x00,0x00,0xFC,0xFF,0xFF,0x00,0xFF,0xFF,0x1F,0x00,0x00,0xFC,0xFF,0xFF,0xC1,0xFF,0xFF,0x1F,0x00,0x00,0xF8,0xFF,0xFF,0xE3,0xFF,0xFF,0x0F,0x00,0x00,0xF8,0xFF,0xFF,0xF7,0xFF,0xFF,0x0F,0x00,0x00,0xF0,0xFF,0xFF,0xF7,0xFF,0xFF,0x07,0x00,0x00,0xE0,0xFF,0xFF,0xF7,0xFF,0xFF,0x03,0x00,0x00,0x80,0xFF,0xFF,0xFF,0xFF,0xFF,0x00,0x00,0x00,0x00,0x00,0xC0,0xFF,0x01,0x00,0x00,0x00,0x00,0x00,0x00,0x00,0x7F,0x00,0x00,0x00,0x00,0x00,0x00,0x00,0x00,0x7F,0x00,0x00,0x00,0x00,0x00,0x00,0x00,0x00,0x3E,0x00,0x00,0x00,0x00,0x00,0x00,0x00,0x00,0x3E,0x00,0x00,0x00,0x00,0x00,0x00,0x00,0x00,0x3E,0x00,0x00,0x00,0x00,0x00,0x00,0x00,0x00,0x3E,0x00,0x00,0x00,0x00,0x00,0x00,0x00,0x00,0x3E,	// 125
	0x00,0x00,0x00,0x00,0x00,0x00,0x00,0x00,0x00,0x00,0x00,0x00,0x00,0x00,0x00,0x00,0x00,0x00,0x00,0x00,0x00,0x00,0x7F,0x00,0x00,0x00,0x00,0x00,0x00,0x00,0x00,0x3F,0x00,0x00,0x00,0x00,0x00,0x00,0x00,0x80,0x1F,0x00,0x00,0x00,0x00,0x00,0x00,0x00,0x80,0x1F,0x00,0x00,0x00,0x00,0x00,0x00,0x00,0x80,0x1F,0x00,0x00,0x00,0x00,0x00,0x00,0x00,0xC0,0x0F,0x00,0x00,0x00,0x00,0x00,0x00,0x00,0xC0,0x0F,0x00,0x00,0x00,0x00,0x00,0x00,0x00,0xC0,0x0F,0x00,0x00,0x00,0x00,0x00,0x00,0x00,0xC0,0x0F,0x00,0x00,0x00,0x00,0x00,0x00,0x00,0xC0,0x0F,0x00,0x00,0x00,0x00,0x00,0x00,0x00,0xC0,0x0F,0x00,0x00,0x00,0x00,0x00,0x00,0x00,0xC0,0x1F,0x00,0x00,0x00,0x00,0x00,0x00,0x00,0x80,0x1F,0x00,0x00,0x00,0x00,0x00,0x00,0x00,0x80,0x1F,0x00,0x00,0x00,0x00,0x00,0x00,0x00,0x80,0x3F,0x00,0x00,0x00,0x00,0x00,0x00,0x00,0x00,0x3F,0x00,0x00,0x00,0x00,0x00,0x00,0x00,0x00,0x3F,0x00,0x00,0x00,0x00,0x00,0x00,0x00,0x00,0x7E,0x00,0x00,0x00,0x00,0x00,0x00,0x00,0x00,0x7E,0x00,0x00,0x00,0x00,0x00,0x00,0x00,0x00,0x7E,0x00,0x00,0x00,0x00,0x00,0x00,0x00,0x00,0x7E,0x00,0x00,0x00,0x00,0x00,0x00,0x00,0x00,0x7E,0x00,0x00,0x00,0x00,0x00,0x00,0x00,0x00,0x7E,0x00,0x00,0x00,0x00,0x00,0x00,0x00,0x00,0x7E,0x00,0x00,0x00,0x00,0x00,0x00,0x00,0x00,0x3F,0x00,0x00,0x00,0x00,0x00,0x00,0x00,0x00,0x3F,0x00,0x00,0x00,0x00,0x00,0x00,0x00,0x80,0x1F,0x00,0x00,0x00,0x00,0x00,0x00,0x00,0xC0,0x1F,	// 126
	0x00,0x00,0x00,0x00,0x00,0x00,0x00,0x00,0x00,0x00,0x00,0x00,0x00,0x00,0x00,0x00,0x00,0x00,0x00,0x00,0x00,0x00,0x00,0x00,0x00,0x00,0x00,0x00,0xE0,0xFF,0xFF,0xFF,0xFF,0xFF,0x3F,0x00,0x00,0xE0,0xFF,0xFF,0xFF,0xFF,0xFF,0x3F,0x00,0x00,0xE0,0xFF,0xFF,0xFF,0xFF,0xFF,0x3F,0x00,0x00,0xE0,0x00,0x00,0x00,0x00,0x00,0x38,0x00,0x00,0xE0,0x00,0x00,0x00,0x00,0x00,0x38,0x00,0x00,0xE0,0x00,0x00,0x00,0x00,0x00,0x38,0x00,0x00,0xE0,0x00,0x00,0x00,0x00,0x00,0x38,0x00,0x00,0xE0,0x00,0x00,0x00,0x00,0x00,0x38,0x00,0x00,0xE0,0x00,0x00,0x00,0x00,0x00,0x38,0x00,0x00,0xE0,0x00,0x00,0x00,0x00,0x00,0x38,0x00,0x00,0xE0,0x00,0x00,0x00,0x00,0x00,0x38,0x00,0x00,0xE0,0x00,0x00,0x00,0x00,0x00,0x38,0x00,0x00,0xE0,0x00,0x00,0x00,0x00,0x00,0x38,0x00,0x00,0xE0,0x00,0x00,0x00,0x00,0x00,0x38,0x00,0x00,0xE0,0x00,0x00,0x00,0x00,0x00,0x38,0x00,0x00,0xE0,0x00,0x00,0x00,0x00,0x00,0x38,0x00,0x00,0xE0,0x00,0x00,0x00,0x00,0x00,0x38,0x00,0x00,0xE0,0x00,0x00,0x00,0x00,0x00,0x38,0x00,0x00,0xE0,0x00,0x00,0x00,0x00,0x00,0x38,0x00,0x00,0xE0,0x00,0x00,0x00,0x00,0x00,0x38,0x00,0x00,0xE0,0x00,0x00,0x00,0x00,0x00,0x38,0x00,0x00,0xE0,0x00,0x00,0x00,0x00,0x00,0x38,0x00,0x00,0xE0,0x00,0x00,0x00,0x00,0x00,0x38,0x00,0x00,0xE0,0x00,0x00,0x00,0x00,0x00,0x38,0x00,0x00,0xE0,0x00,0x00,0x00,0x00,0x00,0x38,0x00,0x00,0xE0,0xFF,0xFF,0xFF,0xFF,0xFF,0x3F,0x00,0x00,0xE0,0xFF,0xFF,0xFF,0xFF,0xFF,0x3F,0x00,0x00,0xE0,0xFF,0xFF,0xFF,0xFF,0xFF,0x3F,	// 127
	0x00,0x00,0x00,0x00,0x00,0x00,0x00,0x00,0x00,0x00,0x00,0x00,0x00,0x00,0x00,0x00,0x00,0x00,0x00,0x00,0x00,0x00,0x00,0x00,0x00,0x00,0x00,0x00,0xE0,0xFF,0xFF,0xFF,0xFF,0xFF,0x3F,0x00,0x00,0xE0,0xFF,0xFF,0xFF,0xFF,0xFF,0x3F,0x00,0x00,0xE0,0xFF,0xFF,0xFF,0xFF,0xFF,0x3F,0x00,0x00,0xE0,0x00,0x00,0x00,0x00,0x00,0x38,0x00,0x00,0xE0,0x00,0x00,0x00,0x00,0x00,0x38,0x00,0x00,0xE0,0x00,0x00,0x00,0x00,0x00,0x38,0x00,0x00,0xE0,0x00,0x00,0x00,0x00,0x00,0x38,0x00,0x00,0xE0,0x00,0x00,0x00,0x00,0x00,0x38,0x00,0x00,0xE0,0x00,0x00,0x00,0x00,0x00,0x38,0x00,0x00,0xE0,0x00,0x00,0x00,0x00,0x00,0x38,0x00,0x00,0xE0,0x00,0x00,0x00,0x00,0x00,0x38,0x00,0x00,0xE0,0x00,0x00,0x00,0x00,0x00,0x38,0x00,0x00,0xE0,0x00,0x00,0x00,0x00,0x00,0x38,0x00,0x00,0xE0,0x00,0x00,0x00,0x00,0x00,0x38,0x00,0x00,0xE0,0x00,0x00,0x00,0x00,0x00,0x38,0x00,0x00,0xE0,0x00,0x00,0x00,0x00,0x00,0x38,0x00,0x00,0xE0,0x00,0x00,0x00,0x00,0x00,0x38,0x00,0x00,0xE0,0x00,0x00,0x00,0x00,0x00,0x38,0x00,0x00,0xE0,0x00,0x00,0x00,0x00,0x00,0x38,0x00,0x00,0xE0,0x00,0x00,0x00,0x00,0x00,0x38,0x00,0x00,0xE0,0x00,0x00,0x00,0x00,0x00,0x38,0x00,0x00,0xE0,0x00,0x00,0x00,0x00,0x00,0x38,0x00,0x00,0xE0,0x00,0x00,0x00,0x00,0x00,0x38,0x00,0x00,0xE0,0x00,0x00,0x00,0x00,0x00,0x38,0x00,0x00,0xE0,0x00,0x00,0x00,0x00,0x00,0x38,0x00,0x00,0xE0,0xFF,0xFF,0xFF,0xFF,0xFF,0x3F,0x00,0x00,0xE0,0xFF,0xFF,0xFF,0xFF,0xFF,0x3F,0x00,0x00,0xE0,0xFF,0xFF,0xFF,0xFF,0xFF,0x3F,	// 128
	0x00,0x00,0x00,0x00,0x00,0x00,0x00,0x00,0x00,0x00,0x00,0x00,0x00,0x00,0x00,0x00,0x00,0x00,0x00,0x00,0x00,0x00,0x00,0x00,0x00,0x00,0x00,0x00,0xE0,0xFF,0xFF,0xFF,0xFF,0xFF,0x3F,0x00,0x00,0xE0,0xFF,0xFF,0xFF,0xFF,0xFF,0x3F,0x00,0x00,0xE0,0xFF,0xFF,0xFF,0xFF,0xFF,0x3F,0x00,0x00,0xE0,0x00,0x00,0x00,0x00,0x00,0x38,0x00,0x00,0xE0,0x00,0x00,0x00,0x00,0x00,0x38,0x00,0x00,0xE0,0x00,0x00,0x00,0x00,0x00,0x38,0x00,0x00,0xE0,0x00,0x00,0x00,0x00,0x00,0x38,0x00,0x00,0xE0,0x00,0x00,0x00,0x00,0x00,0x38,0x00,0x00,0xE0,0x00,0x00,0x00,0x00,0x00,0x38,0x00,0x00,0xE0,0x00,0x00,0x00,0x00,0x00,0x38,0x00,0x00,0xE0,0x00,0x00,0x00,0x00,0x00,0x38,0x00,0x00,0xE0,0x00,0x00,0x00,0x00,0x00,0x38,0x00,0x00,0xE0,0x00,0x00,0x00,0x00,0x00,0x38,0x00,0x00,0xE0,0x00,0x00,0x00,0x00,0x00,0x38,0x00,0x00,0xE0,0x00,0x00,0x00,0x00,0x00,0x38,0x00,0x00,0xE0,0x00,0x00,0x00,0x00,0x00,0x38,0x00,0x00,0xE0,0x00,0x00,0x00,0x00,0x00,0x38,0x00,0x00,0xE0,0x00,0x00,0x00,0x00,0x00,0x38,0x00,0x00,0xE0,0x00,0x00,0x00,0x00,0x00,0x38,0x00,0x00,0xE0,0x00,0x00,0x00,0x00,0x00,0x38,0x00,0x00,0xE0,0x00,0x00,0x00,0x00,0x00,0x38,0x00,0x00,0xE0,0x00,0x00,0x00,0x00,0x00,0x38,0x00,0x00,0xE0,0x00,0x00,0x00,0x00,0x00,0x38,0x00,0x00,0xE0,0x00,0x00,0x00,0x00,0x00,0x38,0x00,0x00,0xE0,0x00,0x00,0x00,0x00,0x00,0x38,0x00,0x00,0xE0,0xFF,0xFF,0xFF,0xFF,0xFF,0x3F,0x00,0x00,0xE0,0xFF,0xFF,0xFF,0xFF,0xFF,0x3F,0x00,0x00,0xE0,0xFF,0xFF,0xFF,0xFF,0xFF,0x3F,	// 129
	0x00,0x00,0x00,0x00,0x00,0x00,0x00,0x00,0x00,0x00,0x00,0x00,0x00,0x00,0x00,0x00,0x00,0x00,0x00,0x00,0x00,0x00,0x00,0x00,0x00,0x00,0x00,0x00,0xE0,0xFF,0xFF,0xFF,0xFF,0xFF,0x3F,0x00,0x00,0xE0,0xFF,0xFF,0xFF,0xFF,0xFF,0x3F,0x00,0x00,0xE0,0xFF,0xFF,0xFF,0xFF,0xFF,0x3F,0x00,0x00,0xE0,0x00,0x00,0x00,0x00,0x00,0x38,0x00,0x00,0xE0,0x00,0x00,0x00,0x00,0x00,0x38,0x00,0x00,0xE0,0x00,0x00,0x00,0x00,0x00,0x38,0x00,0x00,0xE0,0x00,0x00,0x00,0x00,0x00,0x38,0x00,0x00,0xE0,0x00,0x00,0x00,0x00,0x00,0x38,0x00,0x00,0xE0,0x00,0x00,0x00,0x00,0x00,0x38,0x00,0x00,0xE0,0x00,0x00,0x00,0x00,0x00,0x38,0x00,0x00,0xE0,0x00,0x00,0x00,0x00,0x00,0x38,0x00,0x00,0xE0,0x00,0x00,0x00,0x00,0x00,0x38,0x00,0x00,0xE0,0x00,0x00,0x00,0x00,0x00,0x38,0x00,0x00,0xE0,0x00,0x00,0x00,0x00,0x00,0x38,0x00,0x00,0xE0,0x00,0x00,0x00,0x00,0x00,0x38,0x00,0x00,0xE0,0x00,0x00,0x00,0x00,0x00,0x38,0x00,0x00,0xE0,0x00,0x00,0x00,0x00,0x00,0x38,0x00,0x00,0xE0,0x00,0x00,0x00,0x00,0x00,0x38,0x00,0x00,0xE0,0x00,0x00,0x00,0x00,0x00,0x38,0x00,0x00,0xE0,0x00,0x00,0x00,0x00,0x00,0x38,0x00,0x00,0xE0,0x00,0x00,0x00,0x00,0x00,0x38,0x00,0x00,0xE0,0x00,0x00,0x00,0x00,0x00,0x38,0x00,0x00,0xE0,0x00,0x00,0x00,0x00,0x00,0x38,0x00,0x00,0xE0,0x00,0x00,0x00,0x00,0x00,0x38,0x00,0x00,0xE0,0x00,0x00,0x00,0x00,0x00,0x38,0x00,0x00,0xE0,0xFF,0xFF,0xFF,0xFF,0xFF,0x3F,0x00,0x00,0xE0,0xFF,0xFF,0xFF,0xFF,0xFF,0x3F,0x00,0x00,0xE0,0xFF,0xFF,0xFF,0xFF,0xFF,0x3F,	// 130
	0x00,0x00,0x00,0x00,0x00,0x00,0x00,0x00,0x00,0x00,0x00,0x00,0x00,0x00,0x00,0x00,0x00,0x00,0x00,0x00,0x00,0x00,0x00,0x00,0x00,0x00,0x00,0x00,0xE0,0xFF,0xFF,0xFF,0xFF,0xFF,0x3F,0x00,0x00,0xE0,0xFF,0xFF,0xFF,0xFF,0xFF,0x3F,0x00,0x00,0xE0,0xFF,0xFF,0xFF,0xFF,0xFF,0x3F,0x00,0x00,0xE0,0x00,0x00,0x00,0x00,0x00,0x38,0x00,0x00,0xE0,0x00,0x00,0x00,0x00,0x00,0x38,0x00,0x00,0xE0,0x00,0x00,0x00,0x00,0x00,0x38,0x00,0x00,0xE0,0x00,0x00,0x00,0x00,0x00,0x38,0x00,0x00,0xE0,0x00,0x00,0x00,0x00,0x00,0x38,0x00,0x00,0xE0,0x00,0x00,0x00,0x00,0x00,0x38,0x00,0x00,0xE0,0x00,0x00,0x00,0x00,0x00,0x38,0x00,0x00,0xE0,0x00,0x00,0x00,0x00,0x00,0x38,0x00,0x00,0xE0,0x00,0x00,0x00,0x00,0x00,0x38,0x00,0x00,0xE0,0x00,0x00,0x00,0x00,0x00,0x38,0x00,0x00,0xE0,0x00,0x00,0x00,0x00,0x00,0x38,0x00,0x00,0xE0,0x00,0x00,0x00,0x00,0x00,0x38,0x00,0x00,0xE0,0x00,0x00,0x00,0x00,0x00,0x38,0x00,0x00,0xE0,0x00,0x00,0x00,0x00,0x00,0x38,0x00,0x00,0xE0,0x00,0x00,0x00,0x00,0x00,0x38,0x00,0x00,0xE0,0x00,0x00,0x00,0x00,0x00,0x38,0x00,0x00,0xE0,0x00,0x00,0x00,0x00,0x00,0x38,0x00,0x00,0xE0,0x00,0x00,0x00,0x00,0x00,0x38,0x00,0x00,0xE0,0x00,0x00,0x00,0x00,0x00,0x38,0x00,0x00,0xE0,0x00,0x00,0x00,0x00,0x00,0x38,0x00,0x00,0xE0,0x00,0x00,0x00,0x00,0x00,0x38,0x00,0x00,0xE0,0x00,0x00,0x00,0x00,0x00,0x38,0x00,0x00,0xE0,0xFF,0xFF,0xFF,0xFF,0xFF,0x3F,0x00,0x00,0xE0,0xFF,0xFF,0xFF,0xFF,0xFF,0x3F,0x00,0x00,0xE0,0xFF,0xFF,0xFF,0xFF,0xFF,0x3F,	// 131
	0x00,0x00,0x00,0x00,0x00,0x00,0x00,0x00,0x00,0x00,0x00,0x00,0x00,0x00,0x00,0x00,0x00,0x00,0x00,0x00,0x00,0x00,0x00,0x00,0x00,0x00,0x00,0x00,0xE0,0xFF,0xFF,0xFF,0xFF,0xFF,0x3F,0x00,0x00,0xE0,0xFF,0xFF,0xFF,0xFF,0xFF,0x3F,0x00,0x00,0xE0,0xFF,0xFF,0xFF,0xFF,0xFF,0x3F,0x00,0x00,0xE0,0x00,0x00,0x00,0x00,0x00,0x38,0x00,0x00,0xE0,0x00,0x00,0x00,0x00,0x00,0x38,0x00,0x00,0xE0,0x00,0x00,0x00,0x00,0x00,0x38,0x00,0x00,0xE0,0x00,0x00,0x00,0x00,0x00,0x38,0x00,0x00,0xE0,0x00,0x00,0x00,0x00,0x00,0x38,0x00,0x00,0xE0,0x00,0x00,0x00,0x00,0x00,0x38,0x00,0x00,0xE0,0x00,0x00,0x00,0x00,0x00,0x38,0x00,0x00,0xE0,0x00,0x00,0x00,0x00,0x00,0x38,0x00,0x00,0xE0,0x00,0x00,0x00,0x00,0x00,0x38,0x00,0x00,0xE0,0x00,0x00,0x00,0x00,0x00,0x38,0x00,0x00,0xE0,0x00,0x00,0x00,0x00,0x00,0x38,0x00,0x00,0xE0,0x00,0x00,0x00,0x00,0x00,0x38,0x00,0x00,0xE0,0x00,0x00,0x00,0x00,0x00,0x38,0x00,0x00,0xE0,0x00,0x00,0x00,0x00,0x00,0x38,0x00,0x00,0xE0,0x00,0x00,0x00,0x00,0x00,0x38,0x00,0x00,0xE0,0x00,0x00,0x00,0x00,0x00,0x38,0x00,0x00,0xE0,0x00,0x00,0x00,0x00,0x00,0x38,0x00,0x00,0xE0,0x00,0x00,0x00,0x00,0x00,0x38,0x00,0x00,0xE0,0x00,0x00,0x00,0x00,0x00,0x38,0x00,0x00,0xE0,0x00,0x00,0x00,0x00,0x00,0x38,0x00,0x00,0xE0,0x00,0x00,0x00,0x00,0x00,0x38,0x00,0x00,0xE0,0x00,0x00,0x00,0x00,0x00,0x38,0x00,0x00,0xE0,0xFF,0xFF,0xFF,0xFF,0xFF,0x3F,0x00,0x00,0xE0,0xFF,0xFF,0xFF,0xFF,0xFF,0x3F,0x00,0x00,0xE0,0xFF,0xFF,0xFF,0xFF,0xFF,0x3F,	// 132
	0x00,0x00,0x00,0x00,0x00,0x00,0x00,0x00,0x00,0x00,0x00,0x00,0x00,0x00,0x00,0x00,0x00,0x00,0x00,0x00,0x00,0x00,0x00,0x00,0x00,0x00,0x00,0x00,0xE0,0xFF,0xFF,0xFF,0xFF,0xFF,0x3F,0x00,0x00,0xE0,0xFF,0xFF,0xFF,0xFF,0xFF,0x3F,0x00,0x00,0xE0,0xFF,0xFF,0xFF,0xFF,0xFF,0x3F,0x00,0x00,0xE0,0x00,0x00,0x00,0x00,0x00,0x38,0x00,0x00,0xE0,0x00,0x00,0x00,0x00,0x00,0x38,0x00,0x00,0xE0,0x00,0x00,0x00,0x00,0x00,0x38,0x00,0x00,0xE0,0x00,0x00,0x00,0x00,0x00,0x38,0x00,0x00,0xE0,0x00,0x00,0x00,0x00,0x00,0x38,0x00,0x00,0xE0,0x00,0x00,0x00,0x00,0x00,0x38,0x00,0x00,0xE0,0x00,0x00,0x00,0x00,0x00,0x38,0x00,0x00,0xE0,0x00,0x00,0x00,0x00,0x00,0x38,0x00,0x00,0xE0,0x00,0x00,0x00,0x00,0x00,0x38,0x00,0x00,0xE0,0x00,0x00,0x00,0x00,0x00,0x38,0x00,0x00,0xE0,0x00,0x00,0x00,0x00,0x00,0x38,0x00,0x00,0xE0,0x00,0x00,0x00,0x00,0x00,0x38,0x00,0x00,0xE0,0x00,0x00,0x00,0x00,0x00,0x38,0x00,0x00,0xE0,0x00,0x00,0x00,0x00,0x00,0x38,0x00,0x00,0xE0,0x00,0x00,0x00,0x00,0x00,0x38,0x00,0x00,0xE0,0x00,0x00,0x00,0x00,0x00,0x38,0x00,0x00,0xE0,0x00,0x00,0x00,0x00,0x00,0x38,0x00,0x00,0xE0,0x00,0x00,0x00,0x00,0x00,0x38,0x00,0x00,0xE0,0x00,0x00,0x00,0x00,0x00,0x38,0x00,0x00,0xE0,0x00,0x00,0x00,0x00,0x00,0x38,0x00,0x00,0xE0,0x00,0x00,0x00,0x00,0x00,0x38,0x00,0x00,0xE0,0x00,0x00,0x00,0x00,0x00,0x38,0x00,0x00,0xE0,0xFF,0xFF,0xFF,0xFF,0xFF,0x3F,0x00,0x00,0xE0,0xFF,0xFF,0xFF,0xFF,0xFF,0x3F,0x00,0x00,0xE0,0xFF,0xFF,0xFF,0xFF,0xFF,0x3F,	// 133
	0x00,0x00,0x00,0x00,0x00,0x00,0x00,0x00,0x00,0x00,0x00,0x00,0x00,0x00,0x00,0x00,0x00,0x00,0x00,0x00,0x00,0x00,0x00,0x00,0x00,0x00,0x00,0x00,0xE0,0xFF,0xFF,0xFF,0xFF,0xFF,0x3F,0x00,0x00,0xE0,0xFF,0xFF,0xFF,0xFF,0xFF,0x3F,0x00,0x00,0xE0,0xFF,0xFF,0xFF,0xFF,0xFF,0x3F,0x00,0x00,0xE0,0x00,0x00,0x00,0x00,0x00,0x38,0x00,0x00,0xE0,0x00,0x00,0x00,0x00,0x00,0x38,0x00,0x00,0xE0,0x00,0x00,0x00,0x00,0x00,0x38,0x00,0x00,0xE0,0x00,0x00,0x00,0x00,0x00,0x38,0x00,0x00,0xE0,0x00,0x00,0x00,0x00,0x00,0x38,0x00,0x00,0xE0,0x00,0x00,0x00,0x00,0x00,0x38,0x00,0x00,0xE0,0x00,0x00,0x00,0x00,0x00,0x38,0x00,0x00,0xE0,0x00,0x00,0x00,0x00,0x00,0x38,0x00,0x00,0xE0,0x00,0x00,0x00,0x00,0x00,0x38,0x00,0x00,0xE0,0x00,0x00,0x00,0x00,0x00,0x38,0x00,0x00,0xE0,0x00,0x00,0x00,0x00,0x00,0x38,0x00,0x00,0xE0,0x00,0x00,0x00,0x00,0x00,0x38,0x00,0x00,0xE0,0x00,0x00,0x00,0x00,0x00,0x38,0x00,0x00,0xE0,0x00,0x00,0x00,0x00,0x00,0x38,0x00,0x00,0xE0,0x00,0x00,0x00,0x00,0x00,0x38,0x00,0x00,0xE0,0x00,0x00,0x00,0x00,0x00,0x38,0x00,0x00,0xE0,0x00,0x00,0x00,0x00,0x00,0x38,0x00,0x00,0xE0,0x00,0x00,0x00,0x00,0x00,0x38,0x00,0x00,0xE0,0x00,0x00,0x00,0x00,0x00,0x38,0x00,0x00,0xE0,0x00,0x00,0x00,0x00,0x00,0x38,0x00,0x00,0xE0,0x00,0x00,0x00,0x00,0x00,0x38,0x00,0x00,0xE0,0x00,0x00,0x00,0x00,0x00,0x38,0x00,0x00,0xE0,0xFF,0xFF,0xFF,0xFF,0xFF,0x3F,0x00,0x00,0xE0,0xFF,0xFF,0xFF,0xFF,0xFF,0x3F,0x00,0x00,0xE0,0xFF,0xFF,0xFF,0xFF,0xFF,0x3F,	// 134
	0x00,0x00,0x00,0x00,0x00,0x00,0x00,0x00,0x00,0x00,0x00,0x00,0x00,0x00,0x00,0x00,0x00,0x00,0x00,0x00,0x00,0x00,0x00,0x00,0x00,0x00,0x00,0x00,0xE0,0xFF,0xFF,0xFF,0xFF,0xFF,0x3F,0x00,0x00,0xE0,0xFF,0xFF,0xFF,0xFF,0xFF,0x3F,0x00,0x00,0xE0,0xFF,0xFF,0xFF,0xFF,0xFF,0x3F,0x00,0x00,0xE0,0x00,0x00,0x00,0x00,0x00,0x38,0x00,0x00,0xE0,0x00,0x00,0x00,0x00,0x00,0x38,0x00,0x00,0xE0,0x00,0x00,0x00,0x00,0x00,0x38,0x00,0x00,0xE0,0x00,0x00,0x00,0x00,0x00,0x38,0x00,0x00,0xE0,0x00,0x00,0x00,0x00,0x00,0x38,0x00,0x00,0xE0,0x00,0x00,0x00,0x00,0x00,0x38,0x00,0x00,0xE0,0x00,0x00,0x00,0x00,0x00,0x38,0x00,0x00,0xE0,0x00,0x00,0x00,0x00,0x00,0x38,0x00,0x00,0xE0,0x00,0x00,0x00,0x00,0x00,0x38,0x00,0x00,0xE0,0x00,0x00,0x00,0x00,0x00,0x38,0x00,0x00,0xE0,0x00,0x00,0x00,0x00,0x00,0x38,0x00,0x00,0xE0,0x00,0x00,0x00,0x00,0x00,0x38,0x00,0x00,0xE0,0x00,0x00,0x00,0x00,0x00,0x38,0x00,0x00,0xE0,0x00,0x00,0x00,0x00,0x00,0x38,0x00,0x00,0xE0,0x00,0x00,0x00,0x00,0x00,0x38,0x00,0x00,0xE0,0x00,0x00,0x00,0x00,0x00,0x38,0x00,0x00,0xE0,0x00,0x00,0x00,0x00,0x00,0x38,0x00,0x00,0xE0,0x00,0x00,0x00,0x00,0x00,0x38,0x00,0x00,0xE0,0x00,0x00,0x00,0x00,0x00,0x38,0x00,0x00,0xE0,0x00,0x00,0x00,0x00,0x00,0x38,0x00,0x00,0xE0,0x00,0x00,0x00,0x00,0x00,0x38,0x00,0x00,0xE0,0x00,0x00,0x00,0x00,0x00,0x38,0x00,0x00,0xE0,0xFF,0xFF,0xFF,0xFF,0xFF,0x3F,0x00,0x00,0xE0,0xFF,0xFF,0xFF,0xFF,0xFF,0x3F,0x00,0x00,0xE0,0xFF,0xFF,0xFF,0xFF,0xFF,0x3F,	// 135
	0x00,0x00,0x00,0x00,0x00,0x00,0x00,0x00,0x00,0x00,0x00,0x00,0x00,0x00,0x00,0x00,0x00,0x00,0x00,0x00,0x00,0x00,0x00,0x00,0x00,0x00,0x00,0x00,0xE0,0xFF,0xFF,0xFF,0xFF,0xFF,0x3F,0x00,0x00,0xE0,0xFF,0xFF,0xFF,0xFF,0xFF,0x3F,0x00,0x00,0xE0,0xFF,0xFF,0xFF,0xFF,0xFF,0x3F,0x00,0x00,0xE0,0x00,0x00,0x00,0x00,0x00,0x38,0x00,0x00,0xE0,0x00,0x00,0x00,0x00,0x00,0x38,0x00,0x00,0xE0,0x00,0x00,0x00,0x00,0x00,0x38,0x00,0x00,0xE0,0x00,0x00,0x00,0x00,0x00,0x38,0x00,0x00,0xE0,0x00,0x00,0x00,0x00,0x00,0x38,0x00,0x00,0xE0,0x00,0x00,0x00,0x00,0x00,0x38,0x00,0x00,0xE0,0x00,0x00,0x00,0x00,0x00,0x38,0x00,0x00,0xE0,0x00,0x00,0x00,0x00,0x00,0x38,0x00,0x00,0xE0,0x00,0x00,0x00,0x00,0x00,0x38,0x00,0x00,0xE0,0x00,0x00,0x00,0x00,0x00,0x38,0x00,0x00,0xE0,0x00,0x00,0x00,0x00,0x00,0x38,0x00,0x00,0xE0,0x00,0x00,0x00,0x00,0x00,0x38,0x00,0x00,0xE0,0x00,0x00,0x00,0x00,0x00,0x38,0x00,0x00,0xE0,0x00,0x00,0x00,0x00,0x00,0x38,0x00,0x00,0xE0,0x00,0x00,0x00,0x00,0x00,0x38,0x00,0x00,0xE0,0x00,0x00,0x00,0x00,0x00,0x38,0x00,0x00,0xE0,0x00,0x00,0x00,0x00,0x00,0x38,0x00,0x00,0xE0,0x00,0x00,0x00,0x00,0x00,0x38,0x00,0x00,0xE0,0x00,0x00,0x00,0x00,0x00,0x38,0x00,0x00,0xE0,0x00,0x00,0x00,0x00,0x00,0x38,0x00,0x00,0xE0,0x00,0x00,0x00,0x00,0x00,0x38,0x00,0x00,0xE0,0x00,0x00,0x00,0x00,0x00,0x38,0x00,0x00,0xE0,0xFF,0xFF,0xFF,0xFF,0xFF,0x3F,0x00,0x00,0xE0,0xFF,0xFF,0xFF,0xFF,0xFF,0x3F,0x00,0x00,0xE0,0xFF,0xFF,0xFF,0xFF,0xFF,0x3F,	// 136
	0x00,0x00,0x00,0x00,0x00,0x00,0x00,0x00,0x00,0x00,0x00,0x00,0x00,0x00,0x00,0x00,0x00,0x00,0x00,0x00,0x00,0x00,0x00,0x00,0x00,0x00,0x00,0x00,0xE0,0xFF,0xFF,0xFF,0xFF,0xFF,0x3F,0x00,0x00,0xE0,0xFF,0xFF,0xFF,0xFF,0xFF,0x3F,0x00,0x00,0xE0,0xFF,0xFF,0xFF,0xFF,0xFF,0x3F,0x00,0x00,0xE0,0x00,0x00,0x00,0x00,0x00,0x38,0x00,0x00,0xE0,0x00,0x00,0x00,0x00,0x00,0x38,0x00,0x00,0xE0,0x00,0x00,0x00,0x00,0x00,0x38,0x00,0x00,0xE0,0x00,0x00,0x00,0x00,0x00,0x38,0x00,0x00,0xE0,0x00,0x00,0x00,0x00,0x00,0x38,0x00,0x00,0xE0,0x00,0x00,0x00,0x00,0x00,0x38,0x00,0x00,0xE0,0x00,0x00,0x00,0x00,0x00,0x38,0x00,0x00,0xE0,0x00,0x00,0x00,0x00,0x00,0x38,0x00,0x00,0xE0,0x00,0x00,0x00,0x00,0x00,0x38,0x00,0x00,0xE0,0x00,0x00,0x00,0x00,0x00,0x38,0x00,0x00,0xE0,0x00,0x00,0x00,0x00,0x00,0x38,0x00,0x00,0xE0,0x00,0x00,0x00,0x00,0x00,0x38,0x00,0x00,0xE0,0x00,0x00,0x00,0x00,0x00,0x38,0x00,0x00,0xE0,0x00,0x00,0x00,0x00,0x00,0x38,0x00,0x00,0xE0,0x00,0x00,0x00,0x00,0x00,0x38,0x00,0x00,0xE0,0x00,0x00,0x00,0x00,0x00,0x38,0x00,0x00,0xE0,0x00,0x00,0x00,0x00,0x00,0x38,0x00,0x00,0xE0,0x00,0x00,0x00,0x00,0x00,0x38,0x00,0x00,0xE0,0x00,0x00,0x00,0x00,0x00,0x38,0x00,0x00,0xE0,0x00,0x00,0x00,0x00,0x00,0x38,0x00,0x00,0xE0,0x00,0x00,0x00,0x00,0x00,0x38,0x00,0x00,0xE0,0x00,0x00,0x00,0x00,0x00,0x38,0x00,0x00,0xE0,0xFF,0xFF,0xFF,0xFF,0xFF,0x3F,0x00,0x00,0xE0,0xFF,0xFF,0xFF,0xFF,0xFF,0x3F,0x00,0x00,0xE0,0xFF,0xFF,0xFF,0xFF,0xFF,0x3F,	// 137
	0x00,0x00,0x00,0x00,0x00,0x00,0x00,0x00,0x00,0x00,0x00,0x00,0x00,0x00,0x00,0x00,0x00,0x00,0x00,0x00,0x00,0x00,0x00,0x00,0x00,0x00,0x00,0x00,0xE0,0xFF,0xFF,0xFF,0xFF,0xFF,0x3F,0x00,0x00,0xE0,0xFF,0xFF,0xFF,0xFF,0xFF,0x3F,0x00,0x00,0xE0,0xFF,0xFF,0xFF,0xFF,0xFF,0x3F,0x00,0x00,0xE0,0x00,0x00,0x00,0x00,0x00,0x38,0x00,0x00,0xE0,0x00,0x00,0x00,0x00,0x00,0x38,0x00,0x00,0xE0,0x00,0x00,0x00,0x00,0x00,0x38,0x00,0x00,0xE0,0x00,0x00,0x00,0x00,0x00,0x38,0x00,0x00,0xE0,0x00,0x00,0x00,0x00,0x00,0x38,0x00,0x00,0xE0,0x00,0x00,0x00,0x00,0x00,0x38,0x00,0x00,0xE0,0x00,0x00,0x00,0x00,0x00,0x38,0x00,0x00,0xE0,0x00,0x00,0x00,0x00,0x00,0x38,0x00,0x00,0xE0,0x00,0x00,0x00,0x00,0x00,0x38,0x00,0x00,0xE0,0x00,0x00,0x00,0x00,0x00,0x38,0x00,0x00,0xE0,0x00,0x00,0x00,0x00,0x00,0x38,0x00,0x00,0xE0,0x00,0x00,0x00,0x00,0x00,0x38,0x00,0x00,0xE0,0x00,0x00,0x00,0x00,0x00,0x38,0x00,0x00,0xE0,0x00,0x00,0x00,0x00,0x00,0x38,0x00,0x00,0xE0,0x00,0x00,0x00,0x00,0x00,0x38,0x00,0x00,0xE0,0x00,0x00,0x00,0x00,0x00,0x38,0x00,0x00,0xE0,0x00,0x00,0x00,0x00,0x00,0x38,0x00,0x00,0xE0,0x00,0x00,0x00,0x00,0x00,0x38,0x00,0x00,0xE0,0x00,0x00,0x00,0x00,0x00,0x38,0x00,0x00,0xE0,0x00,0x00,0x00,0x00,0x00,0x38,0x00,0x00,0xE0,0x00,0x00,0x00,0x00,0x00,0x38,0x00,0x00,0xE0,0x00,0x00,0x00,0x00,0x00,0x38,0x00,0x00,0xE0,0xFF,0xFF,0xFF,0xFF,0xFF,0x3F,0x00,0x00,0xE0,0xFF,0xFF,0xFF,0xFF,0xFF,0x3F,0x00,0x00,0xE0,0xFF,0xFF,0xFF,0xFF,0xFF,0x3F,	// 138
	0x00,0x00,0x00,0x00,0x00,0x00,0x00,0x00,0x00,0x00,0x00,0x00,0x00,0x00,0x00,0x00,0x00,0x00,0x00,0x00,0x00,0x00,0x00,0x00,0x00,0x00,0x00,0x00,0xE0,0xFF,0xFF,0xFF,0xFF,0xFF,0x3F,0x00,0x00,0xE0,0xFF,0xFF,0xFF,0xFF,0xFF,0x3F,0x00,0x00,0xE0,0xFF,0xFF,0xFF,0xFF,0xFF,0x3F,0x00,0x00,0xE0,0x00,0x00,0x00,0x00,0x00,0x38,0x00,0x00,0xE0,0x00,0x00,0x00,0x00,0x00,0x38,0x00,0x00,0xE0,0x00,0x00,0x00,0x00,0x00,0x38,0x00,0x00,0xE0,0x00,0x00,0x00,0x00,0x00,0x38,0x00,0x00,0xE0,0x00,0x00,0x00,0x00,0x00,0x38,0x00,0x00,0xE0,0x00,0x00,0x00,0x00,0x00,0x38,0x00,0x00,0xE0,0x00,0x00,0x00,0x00,0x00,0x38,0x00,0x00,0xE0,0x00,0x00,0x00,0x00,0x00,0x38,0x00,0x00,0xE0,0x00,0x00,0x00,0x00,0x00,0x38,0x00,0x00,0xE0,0x00,0x00,0x00,0x00,0x00,0x38,0x00,0x00,0xE0,0x00,0x00,0x00,0x00,0x00,0x38,0x00,0x00,0xE0,0x00,0x00,0x00,0x00,0x00,0x38,0x00,0x00,0xE0,0x00,0x00,0x00,0x00,0x00,0x38,0x00,0x00,0xE0,0x00,0x00,0x00,0x00,0x00,0x38,0x00,0x00,0xE0,0x00,0x00,0x00,0x00,0x00,0x38,0x00,0x00,0xE0,0x00,0x00,0x00,0x00,0x00,0x38,0x00,0x00,0xE0,0x00,0x00,0x00,0x00,0x00,0x38,0x00,0x00,0xE0,0x00,0x00,0x00,0x00,0x00,0x38,0x00,0x00,0xE0,0x00,0x00,0x00,0x00,0x00,0x38,0x00,0x00,0xE0,0x00,0x00,0x00,0x00,0x00,0x38,0x00,0x00,0xE0,0x00,0x00,0x00,0x00,0x00,0x38,0x00,0x00,0xE0,0x00,0x00,0x00,0x00,0x00,0x38,0x00,0x00,0xE0,0xFF,0xFF,0xFF,0xFF,0xFF,0x3F,0x00,0x00,0xE0,0xFF,0xFF,0xFF,0xFF,0xFF,0x3F,0x00,0x00,0xE0,0xFF,0xFF,0xFF,0xFF,0xFF,0x3F,	// 139
	0x00,0x00,0x00,0x00,0x00,0x00,0x00,0x00,0x00,0x00,0x00,0x00,0x00,0x00,0x00,0x00,0x00,0x00,0x00,0x00,0x00,0x00,0x00,0x00,0x00,0x00,0x00,0x00,0xE0,0xFF,0xFF,0xFF,0xFF,0xFF,0x3F,0x00,0x00,0xE0,0xFF,0xFF,0xFF,0xFF,0xFF,0x3F,0x00,0x00,0xE0,0xFF,0xFF,0xFF,0xFF,0xFF,0x3F,0x00,0x00,0xE0,0x00,0x00,0x00,0x00,0x00,0x38,0x00,0x00,0xE0,0x00,0x00,0x00,0x00,0x00,0x38,0x00,0x00,0xE0,0x00,0x00,0x00,0x00,0x00,0x38,0x00,0x00,0xE0,0x00,0x00,0x00,0x00,0x00,0x38,0x00,0x00,0xE0,0x00,0x00,0x00,0x00,0x00,0x38,0x00,0x00,0xE0,0x00,0x00,0x00,0x00,0x00,0x38,0x00,0x00,0xE0,0x00,0x00,0x00,0x00,0x00,0x38,0x00,0x00,0xE0,0x00,0x00,0x00,0x00,0x00,0x38,0x00,0x00,0xE0,0x00,0x00,0x00,0x00,0x00,0x38,0x00,0x00,0xE0,0x00,0x00,0x00,0x00,0x00,0x38,0x00,0x00,0xE0,0x00,0x00,0x00,0x00,0x00,0x38,0x00,0x00,0xE0,0x00,0x00,0x00,0x00,0x00,0x38,0x00,0x00,0xE0,0x00,0x00,0x00,0x00,0x00,0x38,0x00,0x00,0xE0,0x00,0x00,0x00,0x00,0x00,0x38,0x00,0x00,0xE0,0x00,0x00,0x00,0x00,0x00,0x38,0x00,0x00,0xE0,0x00,0x00,0x00,0x00,0x00,0x38,0x00,0x00,0xE0,0x00,0x00,0x00,0x00,0x00,0x38,0x00,0x00,0xE0,0x00,0x00,0x00,0x00,0x00,0x38,0x00,0x00,0xE0,0x00,0x00,0x00,0x00,0x00,0x38,0x00,0x00,0xE0,0x00,0x00,0x00,0x00,0x00,0x38,0x00,0x00,0xE0,0x00,0x00,0x00,0x00,0x00,0x38,0x00,0x00,0xE0,0x00,0x00,0x00,0x00,0x00,0x38,0x00,0x00,0xE0,0xFF,0xFF,0xFF,0xFF,0xFF,0x3F,0x00,0x00,0xE0,0xFF,0xFF,0xFF,0xFF,0xFF,0x3F,0x00,0x00,0xE0,0xFF,0xFF,0xFF,0xFF,0xFF,0x3F,	// 140
	0x00,0x00,0x00,0x00,0x00,0x00,0x00,0x00,0x00,0x00,0x00,0x00,0x00,0x00,0x00,0x00,0x00,0x00,0x00,0x00,0x00,0x00,0x00,0x00,0x00,0x00,0x00,0x00,0xE0,0xFF,0xFF,0xFF,0xFF,0xFF,0x3F,0x00,0x00,0xE0,0xFF,0xFF,0xFF,0xFF,0xFF,0x3F,0x00,0x00,0xE0,0xFF,0xFF,0xFF,0xFF,0xFF,0x3F,0x00,0x00,0xE0,0x00,0x00,0x00,0x00,0x00,0x38,0x00,0x00,0xE0,0x00,0x00,0x00,0x00,0x00,0x38,0x00,0x00,0xE0,0x00,0x00,0x00,0x00,0x00,0x38,0x00,0x00,0xE0,0x00,0x00,0x00,0x00,0x00,0x38,0x00,0x00,0xE0,0x00,0x00,0x00,0x00,0x00,0x38,0x00,0x00,0xE0,0x00,0x00,0x00,0x00,0x00,0x38,0x00,0x00,0xE0,0x00,0x00,0x00,0x00,0x00,0x38,0x00,0x00,0xE0,0x00,0x00,0x00,0x00,0x00,0x38,0x00,0x00,0xE0,0x00,0x00,0x00,0x00,0x00,0x38,0x00,0x00,0xE0,0x00,0x00,0x00,0x00,0x00,0x38,0x00,0x00,0xE0,0x00,0x00,0x00,0x00,0x00,0x38,0x00,0x00,0xE0,0x00,0x00,0x00,0x00,0x00,0x38,0x00,0x00,0xE0,0x00,0x00,0x00,0x00,0x00,0x38,0x00,0x00,0xE0,0x00,0x00,0x00,0x00,0x00,0x38,0x00,0x00,0xE0,0x00,0x00,0x00,0x00,0x00,0x38,0x00,0x00,0xE0,0x00,0x00,0x00,0x00,0x00,0x38,0x00,0x00,0xE0,0x00,0x00,0x00,0x00,0x00,0x38,0x00,0x00,0xE0,0x00,0x00,0x00,0x00,0x00,0x38,0x00,0x00,0xE0,0x00,0x00,0x00,0x00,0x00,0x38,0x00,0x00,0xE0,0x00,0x00,0x00,0x00,0x00,0x38,0x00,0x00,0xE0,0x00,0x00,0x00,0x00,0x00,0x38,0x00,0x00,0xE0,0x00,0x00,0x00,0x00,0x00,0x38,0x00,0x00,0xE0,0xFF,0xFF,0xFF,0xFF,0xFF,0x3F,0x00,0x00,0xE0,0xFF,0xFF,0xFF,0xFF,0xFF,0x3F,0x00,0x00,0xE0,0xFF,0xFF,0xFF,0xFF,0xFF,0x3F,	// 141
	0x00,0x00,0x00,0x00,0x00,0x00,0x00,0x00,0x00,0x00,0x00,0x00,0x00,0x00,0x00,0x00,0x00,0x00,0x00,0x00,0x00,0x00,0x00,0x00,0x00,0x00,0x00,0x00,0xE0,0xFF,0xFF,0xFF,0xFF,0xFF,0x3F,0x00,0x00,0xE0,0xFF,0xFF,0xFF,0xFF,0xFF,0x3F,0x00,0x00,0xE0,0xFF,0xFF,0xFF,0xFF,0xFF,0x3F,0x00,0x00,0xE0,0x00,0x00,0x00,0x00,0x00,0x38,0x00,0x00,0xE0,0x00,0x00,0x00,0x00,0x00,0x38,0x00,0x00,0xE0,0x00,0x00,0x00,0x00,0x00,0x38,0x00,0x00,0xE0,0x00,0x00,0x00,0x00,0x00,0x38,0x00,0x00,0xE0,0x00,0x00,0x00,0x00,0x00,0x38,0x00,0x00,0xE0,0x00,0x00,0x00,0x00,0x00,0x38,0x00,0x00,0xE0,0x00,0x00,0x00,0x00,0x00,0x38,0x00,0x00,0xE0,0x00,0x00,0x00,0x00,0x00,0x38,0x00,0x00,0xE0,0x00,0x00,0x00,0x00,0x00,0x38,0x00,0x00,0xE0,0x00,0x00,0x00,0x00,0x00,0x38,0x00,0x00,0xE0,0x00,0x00,0x00,0x00,0x00,0x38,0x00,0x00,0xE0,0x00,0x00,0x00,0x00,0x00,0x38,0x00,0x00,0xE0,0x00,0x00,0x00,0x00,0x00,0x38,0x00,0x00,0xE0,0x00,0x00,0x00,0x00,0x00,0x38,0x00,0x00,0xE0,0x00,0x00,0x00,0x00,0x00,0x38,0x00,0x00,0xE0,0x00,0x00,0x00,0x00,0x00,0x38,0x00,0x00,0xE0,0x00,0x00,0x00,0x00,0x00,0x38,0x00,0x00,0xE0,0x00,0x00,0x00,0x00,0x00,0x38,0x00,0x00,0xE0,0x00,0x00,0x00,0x00,0x00,0x38,0x00,0x00,0xE0,0x00,0x00,0x00,0x00,0x00,0x38,0x00,0x00,0xE0,0x00,0x00,0x00,0x00,0x00,0x38,0x00,0x00,0xE0,0x00,0x00,0x00,0x00,0x00,0x38,0x00,0x00,0xE0,0xFF,0xFF,0xFF,0xFF,0xFF,0x3F,0x00,0x00,0xE0,0xFF,0xFF,0xFF,0xFF,0xFF,0x3F,0x00,0x00,0xE0,0xFF,0xFF,0xFF,0xFF,0xFF,0x3F,	// 142
	0x00,0x00,0x00,0x00,0x00,0x00,0x00,0x00,0x00,0x00,0x00,0x00,0x00,0x00,0x00,0x00,0x00,0x00,0x00,0x00,0x00,0x00,0x00,0x00,0x00,0x00,0x00,0x00,0xE0,0xFF,0xFF,0xFF,0xFF,0xFF,0x3F,0x00,0x00,0xE0,0xFF,0xFF,0xFF,0xFF,0xFF,0x3F,0x00,0x00,0xE0,0xFF,0xFF,0xFF,0xFF,0xFF,0x3F,0x00,0x00,0xE0,0x00,0x00,0x00,0x00,0x00,0x38,0x00,0x00,0xE0,0x00,0x00,0x00,0x00,0x00,0x38,0x00,0x00,0xE0,0x00,0x00,0x00,0x00,0x00,0x38,0x00,0x00,0xE0,0x00,0x00,0x00,0x00,0x00,0x38,0x00,0x00,0xE0,0x00,0x00,0x00,0x00,0x00,0x38,0x00,0x00,0xE0,0x00,0x00,0x00,0x00,0x00,0x38,0x00,0x00,0xE0,0x00,0x00,0x00,0x00,0x00,0x38,0x00,0x00,0xE0,0x00,0x00,0x00,0x00,0x00,0x38,0x00,0x00,0xE0,0x00,0x00,0x00,0x00,0x00,0x38,0x00,0x00,0xE0,0x00,0x00,0x00,0x00,0x00,0x38,0x00,0x00,0xE0,0x00,0x00,0x00,0x00,0x00,0x38,0x00,0x00,0xE0,0x00,0x00,0x00,0x00,0x00,0x38,0x00,0x00,0xE0,0x00,0x00,0x00,0x00,0x00,0x38,0x00,0x00,0xE0,0x00,0x00,0x00,0x00,0x00,0x38,0x00,0x00,0xE0,0x00,0x00,0x00,0x00,0x00,0x38,0x00,0x00,0xE0,0x00,0x00,0x00,0x00,0x00,0x38,0x00,0x00,0xE0,0x00,0x00,0x00,0x00,0x00,0x38,0x00,0x00,0xE0,0x00,0x00,0x00,0x00,0x00,0x38,0x00,0x00,0xE0,0x00,0x00,0x00,0x00,0x00,0x38,0x00,0x00,0xE0,0x00,0x00,0x00,0x00,0x00,0x38,0x00,0x00,0xE0,0x00,0x00,0x00,0x00,0x00,0x38,0x00,0x00,0xE0,0x00,0x00,0x00,0x00,0x00,0x38,0x00,0x00,0xE0,0xFF,0xFF,0xFF,0xFF,0xFF,0x3F,0x00,0x00,0xE0,0xFF,0xFF,0xFF,0xFF,0xFF,0x3F,0x00,0x00,0xE0,0xFF,0xFF,0xFF,0xFF,0xFF,0x3F,	// 143
	0x00,0x00,0x00,0x00,0x00,0x00,0x00,0x00,0x00,0x00,0x00,0x00,0x00,0x00,0x00,0x00,0x00,0x00,0x00,0x00,0x00,0x00,0x00,0x00,0x00,0x00,0x00,0x00,0xE0,0xFF,0xFF,0xFF,0xFF,0xFF,0x3F,0x00,0x00,0xE0,0xFF,0xFF,0xFF,0xFF,0xFF,0x3F,0x00,0x00,0xE0,0xFF,0xFF,0xFF,0xFF,0xFF,0x3F,0x00,0x00,0xE0,0x00,0x00,0x00,0x00,0x00,0x38,0x00,0x00,0xE0,0x00,0x00,0x00,0x00,0x00,0x38,0x00,0x00,0xE0,0x00,0x00,0x00,0x00,0x00,0x38,0x00,0x00,0xE0,0x00,0x00,0x00,0x00,0x00,0x38,0x00,0x00,0xE0,0x00,0x00,0x00,0x00,0x00,0x38,0x00,0x00,0xE0,0x00,0x00,0x00,0x00,0x00,0x38,0x00,0x00,0xE0,0x00,0x00,0x00,0x00,0x00,0x38,0x00,0x00,0xE0,0x00,0x00,0x00,0x00,0x00,0x38,0x00,0x00,0xE0,0x00,0x00,0x00,0x00,0x00,0x38,0x00,0x00,0xE0,0x00,0x00,0x00,0x00,0x00,0x38,0x00,0x00,0xE0,0x00,0x00,0x00,0x00,0x00,0x38,0x00,0x00,0xE0,0x00,0x00,0x00,0x00,0x00,0x38,0x00,0x00,0xE0,0x00,0x00,0x00,0x00,0x00,0x38,0x00,0x00,0xE0,0x00,0x00,0x00,0x00,0x00,0x38,0x00,0x00,0xE0,0x00,0x00,0x00,0x00,0x00,0x38,0x00,0x00,0xE0,0x00,0x00,0x00,0x00,0x00,0x38,0x00,0x00,0xE0,0x00,0x00,0x00,0x00,0x00,0x38,0x00,0x00,0xE0,0x00,0x00,0x00,0x00,0x00,0x38,0x00,0x00,0xE0,0x00,0x00,0x00,0x00,0x00,0x38,0x00,0x00,0xE0,0x00,0x00,0x00,0x00,0x00,0x38,0x00,0x00,0xE0,0x00,0x00,0x00,0x00,0x00,0x38,0x00,0x00,0xE0,0x00,0x00,0x00,0x00,0x00,0x38,0x00,0x00,0xE0,0xFF,0xFF,0xFF,0xFF,0xFF,0x3F,0x00,0x00,0xE0,0xFF,0xFF,0xFF,0xFF,0xFF,0x3F,0x00,0x00,0xE0,0xFF,0xFF,0xFF,0xFF,0xFF,0x3F,	// 144
	0x00,0x00,0x00,0x00,0x00,0x00,0x00,0x00,0x00,0x00,0x00,0x00,0x00,0x00,0x00,0x00,0x00,0x00,0x00,0x00,0x00,0x00,0x00,0x00,0x00,0x00,0x00,0x00,0xE0,0xFF,0xFF,0xFF,0xFF,0xFF,0x3F,0x00,0x00,0xE0,0xFF,0xFF,0xFF,0xFF,0xFF,0x3F,0x00,0x00,0xE0,0xFF,0xFF,0xFF,0xFF,0xFF,0x3F,0x00,0x00,0xE0,0x00,0x00,0x00,0x00,0x00,0x38,0x00,0x00,0xE0,0x00,0x00,0x00,0x00,0x00,0x38,0x00,0x00,0xE0,0x00,0x00,0x00,0x00,0x00,0x38,0x00,0x00,0xE0,0x00,0x00,0x00,0x00,0x00,0x38,0x00,0x00,0xE0,0x00,0x00,0x00,0x00,0x00,0x38,0x00,0x00,0xE0,0x00,0x00,0x00,0x00,0x00,0x38,0x00,0x00,0xE0,0x00,0x00,0x00,0x00,0x00,0x38,0x00,0x00,0xE0,0x00,0x00,0x00,0x00,0x00,0x38,0x00,0x00,0xE0,0x00,0x00,0x00,0x00,0x00,0x38,0x00,0x00,0xE0,0x00,0x00,0x00,0x00,0x00,0x38,0x00,0x00,0xE0,0x00,0x00,0x00,0x00,0x00,0x38,0x00,0x00,0xE0,0x00,0x00,0x00,0x00,0x00,0x38,0x00,0x00,0xE0,0x00,0x00,0x00,0x00,0x00,0x38,0x00,0x00,0xE0,0x00,0x00,0x00,0x00,0x00,0x38,0x00,0x00,0xE0,0x00,0x00,0x00,0x00,0x00,0x38,0x00,0x00,0xE0,0x00,0x00,0x00,0x00,0x00,0x38,0x00,0x00,0xE0,0x00,0x00,0x00,0x00,0x00,0x38,0x00,0x00,0xE0,0x00,0x00,0x00,0x00,0x00,0x38,0x00,0x00,0xE0,0x00,0x00,0x00,0x00,0x00,0x38,0x00,0x00,0xE0,0x00,0x00,0x00,0x00,0x00,0x38,0x00,0x00,0xE0,0x00,0x00,0x00,0x00,0x00,0x38,0x00,0x00,0xE0,0x00,0x00,0x00,0x00,0x00,0x38,0x00,0x00,0xE0,0xFF,0xFF,0xFF,0xFF,0xFF,0x3F,0x00,0x00,0xE0,0xFF,0xFF,0xFF,0xFF,0xFF,0x3F,0x00,0x00,0xE0,0xFF,0xFF,0xFF,0xFF,0xFF,0x3F,	// 145
	0x00,0x00,0x00,0x00,0x00,0x00,0x00,0x00,0x00,0x00,0x00,0x00,0x00,0x00,0x00,0x00,0x00,0x00,0x00,0x00,0x00,0x00,0x00,0x00,0x00,0x00,0x00,0x00,0xE0,0xFF,0xFF,0xFF,0xFF,0xFF,0x3F,0x00,0x00,0xE0,0xFF,0xFF,0xFF,0xFF,0xFF,0x3F,0x00,0x00,0xE0,0xFF,0xFF,0xFF,0xFF,0xFF,0x3F,0x00,0x00,0xE0,0x00,0x00,0x00,0x00,0x00,0x38,0x00,0x00,0xE0,0x00,0x00,0x00,0x00,0x00,0x38,0x00,0x00,0xE0,0x00,0x00,0x00,0x00,0x00,0x38,0x00,0x00,0xE0,0x00,0x00,0x00,0x00,0x00,0x38,0x00,0x00,0xE0,0x00,0x00,0x00,0x00,0x00,0x38,0x00,0x00,0xE0,0x00,0x00,0x00,0x00,0x00,0x38,0x00,0x00,0xE0,0x00,0x00,0x00,0x00,0x00,0x38,0x00,0x00,0xE0,0x00,0x00,0x00,0x00,0x00,0x38,0x00,0x00,0xE0,0x00,0x00,0x00,0x00,0x00,0x38,0x00,0x00,0xE0,0x00,0x00,0x00,0x00,0x00,0x38,0x00,0x00,0xE0,0x00,0x00,0x00,0x00,0x00,0x38,0x00,0x00,0xE0,0x00,0x00,0x00,0x00,0x00,0x38,0x00,0x00,0xE0,0x00,0x00,0x00,0x00,0x00,0x38,0x00,0x00,0xE0,0x00,0x00,0x00,0x00,0x00,0x38,0x00,0x00,0xE0,0x00,0x00,0x00,0x00,0x00,0x38,0x00,0x00,0xE0,0x00,0x00,0x00,0x00,0x00,0x38,0x00,0x00,0xE0,0x00,0x00,0x00,0x00,0x00,0x38,0x00,0x00,0xE0,0x00,0x00,0x00,0x00,0x00,0x38,0x00,0x00,0xE0,0x00,0x00,0x00,0x00,0x00,0x38,0x00,0x00,0xE0,0x00,0x00,0x00,0x00,0x00,0x38,0x00,0x00,0xE0,0x00,0x00,0x00,0x00,0x00,0x38,0x00,0x00,0xE0,0x00,0x00,0x00,0x00,0x00,0x38,0x00,0x00,0xE0,0xFF,0xFF,0xFF,0xFF,0xFF,0x3F,0x00,0x00,0xE0,0xFF,0xFF,0xFF,0xFF,0xFF,0x3F,0x00,0x00,0xE0,0xFF,0xFF,0xFF,0xFF,0xFF,0x3F,	// 146
	0x00,0x00,0x00,0x00,0x00,0x00,0x00,0x00,0x00,0x00,0x00,0x00,0x00,0x00,0x00,0x00,0x00,0x00,0x00,0x00,0x00,0x00,0x00,0x00,0x00,0x00,0x00,0x00,0xE0,0xFF,0xFF,0xFF,0xFF,0xFF,0x3F,0x00,0x00,0xE0,0xFF,0xFF,0xFF,0xFF,0xFF,0x3F,0x00,0x00,0xE0,0xFF,0xFF,0xFF,0xFF,0xFF,0x3F,0x00,0x00,0xE0,0x00,0x00,0x00,0x00,0x00,0x38,0x00,0x00,0xE0,0x00,0x00,0x00,0x00,0x00,0x38,0x00,0x00,0xE0,0x00,0x00,0x00,0x00,0x00,0x38,0x00,0x00,0xE0,0x00,0x00,0x00,0x00,0x00,0x38,0x00,0x00,0xE0,0x00,0x00,0x00,0x00,0x00,0x38,0x00,0x00,0xE0,0x00,0x00,0x00,0x00,0x00,0x38,0x00,0x00,0xE0,0x00,0x00,0x00,0x00,0x00,0x38,0x00,0x00,0xE0,0x00,0x00,0x00,0x00,0x00,0x38,0x00,0x00,0xE0,0x00,0x00,0x00,0x00,0x00,0x38,0x00,0x00,0xE0,0x00,0x00,0x00,0x00,0x00,0x38,0x00,0x00,0xE0,0x00,0x00,0x00,0x00,0x00,0x38,0x00,0x00,0xE0,0x00,0x00,0x00,0x00,0x00,0x38,0x00,0x00,0xE0,0x00,0x00,0x00,0x00,0x00,0x38,0x00,0x00,0xE0,0x00,0x00,0x00,0x00,0x00,0x38,0x00,0x00,0xE0,0x00,0x00,0x00,0x00,0x00,0x38,0x00,0x00,0xE0,0x00,0x00,0x00,0x00,0x00,0x38,0x00,0x00,0xE0,0x00,0x00,0x00,0x00,0x00,0x38,0x00,0x00,0xE0,0x00,0x00,0x00,0x00,0x00,0x38,0x00,0x00,0xE0,0x00,0x00,0x00,0x00,0x00,0x38,0x00,0x00,0xE0,0x00,0x00,0x00,0x00,0x00,0x38,0x00,0x00,0xE0,0x00,0x00,0x00,0x00,0x00,0x38,0x00,0x00,0xE0,0x00,0x00,0x00,0x00,0x00,0x38,0x00,0x00,0xE0,0xFF,0xFF,0xFF,0xFF,0xFF,0x3F,0x00,0x00,0xE0,0xFF,0xFF,0xFF,0xFF,0xFF,0x3F,0x00,0x00,0xE0,0xFF,0xFF,0xFF,0xFF,0xFF,0x3F,	// 147
	0x00,0x00,0x00,0x00,0x00,0x00,0x00,0x00,0x00,0x00,0x00,0x00,0x00,0x00,0x00,0x00,0x00,0x00,0x00,0x00,0x00,0x00,0x00,0x00,0x00,0x00,0x00,0x00,0xE0,0xFF,0xFF,0xFF,0xFF,0xFF,0x3F,0x00,0x00,0xE0,0xFF,0xFF,0xFF,0xFF,0xFF,0x3F,0x00,0x00,0xE0,0xFF,0xFF,0xFF,0xFF,0xFF,0x3F,0x00,0x00,0xE0,0x00,0x00,0x00,0x00,0x00,0x38,0x00,0x00,0xE0,0x00,0x00,0x00,0x00,0x00,0x38,0x00,0x00,0xE0,0x00,0x00,0x00,0x00,0x00,0x38,0x00,0x00,0xE0,0x00,0x00,0x00,0x00,0x00,0x38,0x00,0x00,0xE0,0x00,0x00,0x00,0x00,0x00,0x38,0x00,0x00,0xE0,0x00,0x00,0x00,0x00,0x00,0x38,0x00,0x00,0xE0,0x00,0x00,0x00,0x00,0x00,0x38,0x00,0x00,0xE0,0x00,0x00,0x00,0x00,0x00,0x38,0x00,0x00,0xE0,0x00,0x00,0x00,0x00,0x00,0x38,0x00,0x00,0xE0,0x00,0x00,0x00,0x00,0x00,0x38,0x00,0x00,0xE0,0x00,0x00,0x00,0x00,0x00,0x38,0x00,0x00,0xE0,0x00,0x00,0x00,0x00,0x00,0x38,0x00,0x00,0xE0,0x00,0x00,0x00,0x00,0x00,0x38,0x00,0x00,0xE0,0x00,0x00,0x00,0x00,0x00,0x38,0x00,0x00,0xE0,0x00,0x00,0x00,0x00,0x00,0x38,0x00,0x00,0xE0,0x00,0x00,0x00,0x00,0x00,0x38,0x00,0x00,0xE0,0x00,0x00,0x00,0x00,0x00,0x38,0x00,0x00,0xE0,0x00,0x00,0x00,0x00,0x00,0x38,0x00,0x00,0xE0,0x00,0x00,0x00,0x00,0x00,0x38,0x00,0x00,0xE0,0x00,0x00,0x00,0x00,0x00,0x38,0x00,0x00,0xE0,0x00,0x00,0x00,0x00,0x00,0x38,0x00,0x00,0xE0,0x00,0x00,0x00,0x00,0x00,0x38,0x00,0x00,0xE0,0xFF,0xFF,0xFF,0xFF,0xFF,0x3F,0x00,0x00,0xE0,0xFF,0xFF,0xFF,0xFF,0xFF,0x3F,0x00,0x00,0xE0,0xFF,0xFF,0xFF,0xFF,0xFF,0x3F,	// 148
	0x00,0x00,0x00,0x00,0x00,0x00,0x00,0x00,0x00,0x00,0x00,0x00,0x00,0x00,0x00,0x00,0x00,0x00,0x00,0x00,0x00,0x00,0x00,0x00,0x00,0x00,0x00,0x00,0xE0,0xFF,0xFF,0xFF,0xFF,0xFF,0x3F,0x00,0x00,0xE0,0xFF,0xFF,0xFF,0xFF,0xFF,0x3F,0x00,0x00,0xE0,0xFF,0xFF,0xFF,0xFF,0xFF,0x3F,0x00,0x00,0xE0,0x00,0x00,0x00,0x00,0x00,0x38,0x00,0x00,0xE0,0x00,0x00,0x00,0x00,0x00,0x38,0x00,0x00,0xE0,0x00,0x00,0x00,0x00,0x00,0x38,0x00,0x00,0xE0,0x00,0x00,0x00,0x00,0x00,0x38,0x00,0x00,0xE0,0x00,0x00,0x00,0x00,0x00,0x38,0x00,0x00,0xE0,0x00,0x00,0x00,0x00,0x00,0x38,0x00,0x00,0xE0,0x00,0x00,0x00,0x00,0x00,0x38,0x00,0x00,0xE0,0x00,0x00,0x00,0x00,0x00,0x38,0x00,0x00,0xE0,0x00,0x00,0x00,0x00,0x00,0x38,0x00,0x00,0xE0,0x00,0x00,0x00,0x00,0x00,0x38,0x00,0x00,0xE0,0x00,0x00,0x00,0x00,0x00,0x38,0x00,0x00,0xE0,0x00,0x00,0x00,0x00,0x00,0x38,0x00,0x00,0xE0,0x00,0x00,0x00,0x00,0x00,0x38,0x00,0x00,0xE0,0x00,0x00,0x00,0x00,0x00,0x38,0x00,0x00,0xE0,0x00,0x00,0x00,0x00,0x00,0x38,0x00,0x00,0xE0,0x00,0x00,0x00,0x00,0x00,0x38,0x00,0x00,0xE0,0x00,0x00,0x00,0x00,0x00,0x38,0x00,0x00,0xE0,0x00,0x00,0x00,0x00,0x00,0x38,0x00,0x00,0xE0,0x00,0x00,0x00,0x00,0x00,0x38,0x00,0x00,0xE0,0x00,0x00,0x00,0x00,0x00,0x38,0x00,0x00,0xE0,0x00,0x00,0x00,0x00,0x00,0x38,0x00,0x00,0xE0,0x00,0x00,0x00,0x00,0x00,0x38,0x00,0x00,0xE0,0xFF,0xFF,0xFF,0xFF,0xFF,0x3F,0x00,0x00,0xE0,0xFF,0xFF,0xFF,0xFF,0xFF,0x3F,0x00,0x00,0xE0,0xFF,0xFF,0xFF,0xFF,0xFF,0x3F,	// 149
	0x00,0x00,0x00,0x00,0x00,0x00,0x00,0x00,0x00,0x00,0x00,0x00,0x00,0x00,0x00,0x00,0x00,0x00,0x00,0x00,0x00,0x00,0x00,0x00,0x00,0x00,0x00,0x00,0xE0,0xFF,0xFF,0xFF,0xFF,0xFF,0x3F,0x00,0x00,0xE0,0xFF,0xFF,0xFF,0xFF,0xFF,0x3F,0x00,0x00,0xE0,0xFF,0xFF,0xFF,0xFF,0xFF,0x3F,0x00,0x00,0xE0,0x00,0x00,0x00,0x00,0x00,0x38,0x00,0x00,0xE0,0x00,0x00,0x00,0x00,0x00,0x38,0x00,0x00,0xE0,0x00,0x00,0x00,0x00,0x00,0x38,0x00,0x00,0xE0,0x00,0x00,0x00,0x00,0x00,0x38,0x00,0x00,0xE0,0x00,0x00,0x00,0x00,0x00,0x38,0x00,0x00,0xE0,0x00,0x00,0x00,0x00,0x00,0x38,0x00,0x00,0xE0,0x00,0x00,0x00,0x00,0x00,0x38,0x00,0x00,0xE0,0x00,0x00,0x00,0x00,0x00,0x38,0x00,0x00,0xE0,0x00,0x00,0x00,0x00,0x00,0x38,0x00,0x00,0xE0,0x00,0x00,0x00,0x00,0x00,0x38,0x00,0x00,0xE0,0x00,0x00,0x00,0x00,0x00,0x38,0x00,0x00,0xE0,0x00,0x00,0x00,0x00,0x00,0x38,0x00,0x00,0xE0,0x00,0x00,0x00,0x00,0x00,0x38,0x00,0x00,0xE0,0x00,0x00,0x00,0x00,0x00,0x38,0x00,0x00,0xE0,0x00,0x00,0x00,0x00,0x00,0x38,0x00,0x00,0xE0,0x00,0x00,0x00,0x00,0x00,0x38,0x00,0x00,0xE0,0x00,0x00,0x00,0x00,0x00,0x38,0x00,0x00,0xE0,0x00,0x00,0x00,0x00,0x00,0x38,0x00,0x00,0xE0,0x00,0x00,0x00,0x00,0x00,0x38,0x00,0x00,0xE0,0x00,0x00,0x00,0x00,0x00,0x38,0x00,0x00,0xE0,0x00,0x00,0x00,0x00,0x00,0x38,0x00,0x00,0xE0,0x00,0x00,0x00,0x00,0x00,0x38,0x00,0x00,0xE0,0xFF,0xFF,0xFF,0xFF,0xFF,0x3F,0x00,0x00,0xE0,0xFF,0xFF,0xFF,0xFF,0xFF,0x3F,0x00,0x00,0xE0,0xFF,0xFF,0xFF,0xFF,0xFF,0x3F,	// 150
	0x00,0x00,0x00,0x00,0x00,0x00,0x00,0x00,0x00,0x00,0x00,0x00,0x00,0x00,0x00,0x00,0x00,0x00,0x00,0x00,0x00,0x00,0x00,0x00,0x00,0x00,0x00,0x00,0xE0,0xFF,0xFF,0xFF,0xFF,0xFF,0x3F,0x00,0x00,0xE0,0xFF,0xFF,0xFF,0xFF,0xFF,0x3F,0x00,0x00,0xE0,0xFF,0xFF,0xFF,0xFF,0xFF,0x3F,0x00,0x00,0xE0,0x00,0x00,0x00,0x00,0x00,0x38,0x00,0x00,0xE0,0x00,0x00,0x00,0x00,0x00,0x38,0x00,0x00,0xE0,0x00,0x00,0x00,0x00,0x00,0x38,0x00,0x00,0xE0,0x00,0x00,0x00,0x00,0x00,0x38,0x00,0x00,0xE0,0x00,0x00,0x00,0x00,0x00,0x38,0x00,0x00,0xE0,0x00,0x00,0x00,0x00,0x00,0x38,0x00,0x00,0xE0,0x00,0x00,0x00,0x00,0x00,0x38,0x00,0x00,0xE0,0x00,0x00,0x00,0x00,0x00,0x38,0x00,0x00,0xE0,0x00,0x00,0x00,0x00,0x00,0x38,0x00,0x00,0xE0,0x00,0x00,0x00,0x00,0x00,0x38,0x00,0x00,0xE0,0x00,0x00,0x00,0x00,0x00,0x38,0x00,0x00,0xE0,0x00,0x00,0x00,0x00,0x00,0x38,0x00,0x00,0xE0,0x00,0x00,0x00,0x00,0x00,0x38,0x00,0x00,0xE0,0x00,0x00,0x00,0x00,0x00,0x38,0x00,0x00,0xE0,0x00,0x00,0x00,0x00,0x00,0x38,0x00,0x00,0xE0,0x00,0x00,0x00,0x00,0x00,0x38,0x00,0x00,0xE0,0x00,0x00,0x00,0x00,0x00,0x38,0x00,0x00,0xE0,0x00,0x00,0x00,0x00,0x00,0x38,0x00,0x00,0xE0,0x00,0x00,0x00,0x00,0x00,0x38,0x00,0x00,0xE0,0x00,0x00,0x00,0x00,0x00,0x38,0x00,0x00,0xE0,0x00,0x00,0x00,0x00,0x00,0x38,0x00,0x00,0xE0,0x00,0x00,0x00,0x00,0x00,0x38,0x00,0x00,0xE0,0xFF,0xFF,0xFF,0xFF,0xFF,0x3F,0x00,0x00,0xE0,0xFF,0xFF,0xFF,0xFF,0xFF,0x3F,0x00,0x00,0xE0,0xFF,0xFF,0xFF,0xFF,0xFF,0x3F,	// 151
	0x00,0x00,0x00,0x00,0x00,0x00,0x00,0x00,0x00,0x00,0x00,0x00,0x00,0x00,0x00,0x00,0x00,0x00,0x00,0x00,0x00,0x00,0x00,0x00,0x00,0x00,0x00,0x00,0xE0,0xFF,0xFF,0xFF,0xFF,0xFF,0x3F,0x00,0x00,0xE0,0xFF,0xFF,0xFF,0xFF,0xFF,0x3F,0x00,0x00,0xE0,0xFF,0xFF,0xFF,0xFF,0xFF,0x3F,0x00,0x00,0xE0,0x00,0x00,0x00,0x00,0x00,0x38,0x00,0x00,0xE0,0x00,0x00,0x00,0x00,0x00,0x38,0x00,0x00,0xE0,0x00,0x00,0x00,0x00,0x00,0x38,0x00,0x00,0xE0,0x00,0x00,0x00,0x00,0x00,0x38,0x00,0x00,0xE0,0x00,0x00,0x00,0x00,0x00,0x38,0x00,0x00,0xE0,0x00,0x00,0x00,0x00,0x00,0x38,0x00,0x00,0xE0,0x00,0x00,0x00,0x00,0x00,0x38,0x00,0x00,0xE0,0x00,0x00,0x00,0x00,0x00,0x38,0x00,0x00,0xE0,0x00,0x00,0x00,0x00,0x00,0x38,0x00,0x00,0xE0,0x00,0x00,0x00,0x00,0x00,0x38,0x00,0x00,0xE0,0x00,0x00,0x00,0x00,0x00,0x38,0x00,0x00,0xE0,0x00,0x00,0x00,0x00,0x00,0x38,0x00,0x00,0xE0,0x00,0x00,0x00,0x00,0x00,0x38,0x00,0x00,0xE0,0x00,0x00,0x00,0x00,0x00,0x38,0x00,0x00,0xE0,0x00,0x00,0x00,0x00,0x00,0x38,0x00,0x00,0xE0,0x00,0x00,0x00,0x00,0x00,0x38,0x00,0x00,0xE0,0x00,0x00,0x00,0x00,0x00,0x38,0x00,0x00,0xE0,0x00,0x00,0x00,0x00,0x00,0x38,0x00,0x00,0xE0,0x00,0x00,0x00,0x00,0x00,0x38,0x00,0x00,0xE0,0x00,0x00,0x00,0x00,0x00,0x38,0x00,0x00,0xE0,0x00,0x00,0x00,0x00,0x00,0x38,0x00,0x00,0xE0,0x00,0x00,0x00,0x00,0x00,0x38,0x00,0x00,0xE0,0xFF,0xFF,0xFF,0xFF,0xFF,0x3F,0x00,0x00,0xE0,0xFF,0xFF,0xFF,0xFF,0xFF,0x3F,0x00,0x00,0xE0,0xFF,0xFF,0xFF,0xFF,0xFF,0x3F,	// 152
	0x00,0x00,0x00,0x00,0x00,0x00,0x00,0x00,0x00,0x00,0x00,0x00,0x00,0x00,0x00,0x00,0x00,0x00,0x00,0x00,0x00,0x00,0x00,0x00,0x00,0x00,0x00,0x00,0xE0,0xFF,0xFF,0xFF,0xFF,0xFF,0x3F,0x00,0x00,0xE0,0xFF,0xFF,0xFF,0xFF,0xFF,0x3F,0x00,0x00,0xE0,0xFF,0xFF,0xFF,0xFF,0xFF,0x3F,0x00,0x00,0xE0,0x00,0x00,0x00,0x00,0x00,0x38,0x00,0x00,0xE0,0x00,0x00,0x00,0x00,0x00,0x38,0x00,0x00,0xE0,0x00,0x00,0x00,0x00,0x00,0x38,0x00,0x00,0xE0,0x00,0x00,0x00,0x00,0x00,0x38,0x00,0x00,0xE0,0x00,0x00,0x00,0x00,0x00,0x38,0x00,0x00,0xE0,0x00,0x00,0x00,0x00,0x00,0x38,0x00,0x00,0xE0,0x00,0x00,0x00,0x00,0x00,0x38,0x00,0x00,0xE0,0x00,0x00,0x00,0x00,0x00,0x38,0x00,0x00,0xE0,0x00,0x00,0x00,0x00,0x00,0x38,0x00,0x00,0xE0,0x00,0x00,0x00,0x00,0x00,0x38,0x00,0x00,0xE0,0x00,0x00,0x00,0x00,0x00,0x38,0x00,0x00,0xE0,0x00,0x00,0x00,0x00,0x00,0x38,0x00,0x00,0xE0,0x00,0x00,0x00,0x00,0x00,0x38,0x00,0x00,0xE0,0x00,0x00,0x00,0x00,0x00,0x38,0x00,0x00,0xE0,0x00,0x00,0x00,0x00,0x00,0x38,0x00,0x00,0xE0,0x00,0x00,0x00,0x00,0x00,0x38,0x00,0x00,0xE0,0x00,0x00,0x00,0x00,0x00,0x38,0x00,0x00,0xE0,0x00,0x00,0x00,0x00,0x00,0x38,0x00,0x00,0xE0,0x00,0x00,0x00,0x00,0x00,0x38,0x00,0x00,0xE0,0x00,0x00,0x00,0x00,0x00,0x38,0x00,0x00,0xE0,0x00,0x00,0x00,0x00,0x00,0x38,0x00,0x00,0xE0,0x00,0x00,0x00,0x00,0x00,0x38,0x00,0x00,0xE0,0xFF,0xFF,0xFF,0xFF,0xFF,0x3F,0x00,0x00,0xE0,0xFF,0xFF,0xFF,0xFF,0xFF,0x3F,0x00,0x00,0xE0,0xFF,0xFF,0xFF,0xFF,0xFF,0x3F,	// 153
	0x00,0x00,0x00,0x00,0x00,0x00,0x00,0x00,0x00,0x00,0x00,0x00,0x00,0x00,0x00,0x00,0x00,0x00,0x00,0x00,0x00,0x00,0x00,0x00,0x00,0x00,0x00,0x00,0xE0,0xFF,0xFF,0xFF,0xFF,0xFF,0x3F,0x00,0x00,0xE0,0xFF,0xFF,0xFF,0xFF,0xFF,0x3F,0x00,0x00,0xE0,0xFF,0xFF,0xFF,0xFF,0xFF,0x3F,0x00,0x00,0xE0,0x00,0x00,0x00,0x00,0x00,0x38,0x00,0x00,0xE0,0x00,0x00,0x00,0x00,0x00,0x38,0x00,0x00,0xE0,0x00,0x00,0x00,0x00,0x00,0x38,0x00,0x00,0xE0,0x00,0x00,0x00,0x00,0x00,0x38,0x00,0x00,0xE0,0x00,0x00,0x00,0x00,0x00,0x38,0x00,0x00,0xE0,0x00,0x00,0x00,0x00,0x00,0x38,0x00,0x00,0xE0,0x00,0x00,0x00,0x00,0x00,0x38,0x00,0x00,0xE0,0x00,0x00,0x00,0x00,0x00,0x38,0x00,0x00,0xE0,0x00,0x00,0x00,0x00,0x00,0x38,0x00,0x00,0xE0,0x00,0x00,0x00,0x00,0x00,0x38,0x00,0x00,0xE0,0x00,0x00,0x00,0x00,0x00,0x38,0x00,0x00,0xE0,0x00,0x00,0x00,0x00,0x00,0x38,0x00,0x00,0xE0,0x00,0x00,0x00,0x00,0x00,0x38,0x00,0x00,0xE0,0x00,0x00,0x00,0x00,0x00,0x38,0x00,0x00,0xE0,0x00,0x00,0x00,0x00,0x00,0x38,0x00,0x00,0xE0,0x00,0x00,0x00,0x00,0x00,0x38,0x00,0x00,0xE0,0x00,0x00,0x00,0x00,0x00,0x38,0x00,0x00,0xE0,0x00,0x00,0x00,0x00,0x00,0x38,0x00,0x00,0xE0,0x00,0x00,0x00,0x00,0x00,0x38,0x00,0x00,0xE0,0x00,0x00,0x00,0x00,0x00,0x38,0x00,0x00,0xE0,0x00,0x00,0x00,0x00,0x00,0x38,0x00,0x00,0xE0,0x00,0x00,0x00,0x00,0x00,0x38,0x00,0x00,0xE0,0xFF,0xFF,0xFF,0xFF,0xFF,0x3F,0x00,0x00,0xE0,0xFF,0xFF,0xFF,0xFF,0xFF,0x3F,0x00,0x00,0xE0,0xFF,0xFF,0xFF,0xFF,0xFF,0x3F,	// 154
	0x00,0x00,0x00,0x00,0x00,0x00,0x00,0x00,0x00,0x00,0x00,0x00,0x00,0x00,0x00,0x00,0x00,0x00,0x00,0x00,0x00,0x00,0x00,0x00,0x00,0x00,0x00,0x00,0xE0,0xFF,0xFF,0xFF,0xFF,0xFF,0x3F,0x00,0x00,0xE0,0xFF,0xFF,0xFF,0xFF,0xFF,0x3F,0x00,0x00,0xE0,0xFF,0xFF,0xFF,0xFF,0xFF,0x3F,0x00,0x00,0xE0,0x00,0x00,0x00,0x00,0x00,0x38,0x00,0x00,0xE0,0x00,0x00,0x00,0x00,0x00,0x38,0x00,0x00,0xE0,0x00,0x00,0x00,0x00,0x00,0x38,0x00,0x00,0xE0,0x00,0x00,0x00,0x00,0x00,0x38,0x00,0x00,0xE0,0x00,0x00,0x00,0x00,0x00,0x38,0x00,0x00,0xE0,0x00,0x00,0x00,0x00,0x00,0x38,0x00,0x00,0xE0,0x00,0x00,0x00,0x00,0x00,0x38,0x00,0x00,0xE0,0x00,0x00,0x00,0x00,0x00,0x38,0x00,0x00,0xE0,0x00,0x00,0x00,0x00,0x00,0x38,0x00,0x00,0xE0,0x00,0x00,0x00,0x00,0x00,0x38,0x00,0x00,0xE0,0x00,0x00,0x00,0x00,0x00,0x38,0x00,0x00,0xE0,0x00,0x00,0x00,0x00,0x00,0x38,0x00,0x00,0xE0,0x00,0x00,0x00,0x00,0x00,0x38,0x00,0x00,0xE0,0x00,0x00,0x00,0x00,0x00,0x38,0x00,0x00,0xE0,0x00,0x00,0x00,0x00,0x00,0x38,0x00,0x00,0xE0,0x00,0x00,0x00,0x00,0x00,0x38,0x00,0x00,0xE0,0x00,0x00,0x00,0x00,0x00,0x38,0x00,0x00,0xE0,0x00,0x00,0x00,0x00,0x00,0x38,0x00,0x00,0xE0,0x00,0x00,0x00,0x00,0x00,0x38,0x00,0x00,0xE0,0x00,0x00,0x00,0x00,0x00,0x38,0x00,0x00,0xE0,0x00,0x00,0x00,0x00,0x00,0x38,0x00,0x00,0xE0,0x00,0x00,0x00,0x00,0x00,0x38,0x00,0x00,0xE0,0xFF,0xFF,0xFF,0xFF,0xFF,0x3F,0x00,0x00,0xE0,0xFF,0xFF,0xFF,0xFF,0xFF,0x3F,0x00,0x00,0xE0,0xFF,0xFF,0xFF,0xFF,0xFF,0x3F,	// 155
	0x00,0x00,0x00,0x00,0x00,0x00,0x00,0x00,0x00,0x00,0x00,0x00,0x00,0x00,0x00,0x00,0x00,0x00,0x00,0x00,0x00,0x00,0x00,0x00,0x00,0x00,0x00,0x00,0xE0,0xFF,0xFF,0xFF,0xFF,0xFF,0x3F,0x00,0x00,0xE0,0xFF,0xFF,0xFF,0xFF,0xFF,0x3F,0x00,0x00,0xE0,0xFF,0xFF,0xFF,0xFF,0xFF,0x3F,0x00,0x00,0xE0,0x00,0x00,0x00,0x00,0x00,0x38,0x00,0x00,0xE0,0x00,0x00,0x00,0x00,0x00,0x38,0x00,0x00,0xE0,0x00,0x00,0x00,0x00,0x00,0x38,0x00,0x00,0xE0,0x00,0x00,0x00,0x00,0x00,0x38,0x00,0x00,0xE0,0x00,0x00,0x00,0x00,0x00,0x38,0x00,0x00,0xE0,0x00,0x00,0x00,0x00,0x00,0x38,0x00,0x00,0xE0,0x00,0x00,0x00,0x00,0x00,0x38,0x00,0x00,0xE0,0x00,0x00,0x00,0x00,0x00,0x38,0x00,0x00,0xE0,0x00,0x00,0x00,0x00,0x00,0x38,0x00,0x00,0xE0,0x00,0x00,0x00,0x00,0x00,0x38,0x00,0x00,0xE0,0x00,0x00,0x00,0x00,0x00,0x38,0x00,0x00,0xE0,0x00,0x00,0x00,0x00,0x00,0x38,0x00,0x00,0xE0,0x00,0x00,0x00,0x00,0x00,0x38,0x00,0x00,0xE0,0x00,0x00,0x00,0x00,0x00,0x38,0x00,0x00,0xE0,0x00,0x00,0x00,0x00,0x00,0x38,0x00,0x00,0xE0,0x00,0x00,0x00,0x00,0x00,0x38,0x00,0x00,0xE0,0x00,0x00,0x00,0x00,0x00,0x38,0x00,0x00,0xE0,0x00,0x00,0x00,0x00,0x00,0x38,0x00,0x00,0xE0,0x00,0x00,0x00,0x00,0x00,0x38,0x00,0x00,0xE0,0x00,0x00,0x00,0x00,0x00,0x38,0x00,0x00,0xE0,0x00,0x00,0x00,0x00,0x00,0x38,0x00,0x00,0xE0,0x00,0x00,0x00,0x00,0x00,0x38,0x00,0x00,0xE0,0xFF,0xFF,0xFF,0xFF,0xFF,0x3F,0x00,0x00,0xE0,0xFF,0xFF,0xFF,0xFF,0xFF,0x3F,0x00,0x00,0xE0,0xFF,0xFF,0xFF,0xFF,0xFF,0x3F,	// 156
	0x00,0x00,0x00,0x00,0x00,0x00,0x00,0x00,0x00,0x00,0x00,0x00,0x00,0x00,0x00,0x00,0x00,0x00,0x00,0x00,0x00,0x00,0x00,0x00,0x00,0x00,0x00,0x00,0xE0,0xFF,0xFF,0xFF,0xFF,0xFF,0x3F,0x00,0x00,0xE0,0xFF,0xFF,0xFF,0xFF,0xFF,0x3F,0x00,0x00,0xE0,0xFF,0xFF,0xFF,0xFF,0xFF,0x3F,0x00,0x00,0xE0,0x00,0x00,0x00,0x00,0x00,0x38,0x00,0x00,0xE0,0x00,0x00,0x00,0x00,0x00,0x38,0x00,0x00,0xE0,0x00,0x00,0x00,0x00,0x00,0x38,0x00,0x00,0xE0,0x00,0x00,0x00,0x00,0x00,0x38,0x00,0x00,0xE0,0x00,0x00,0x00,0x00,0x00,0x38,0x00,0x00,0xE0,0x00,0x00,0x00,0x00,0x00,0x38,0x00,0x00,0xE0,0x00,0x00,0x00,0x00,0x00,0x38,0x00,0x00,0xE0,0x00,0x00,0x00,0x00,0x00,0x38,0x00,0x00,0xE0,0x00,0x00,0x00,0x00,0x00,0x38,0x00,0x00,0xE0,0x00,0x00,0x00,0x00,0x00,0x38,0x00,0x00,0xE0,0x00,0x00,0x00,0x00,0x00,0x38,0x00,0x00,0xE0,0x00,0x00,0x00,0x00,0x00,0x38,0x00,0x00,0xE0,0x00,0x00,0x00,0x00,0x00,0x38,0x00,0x00,0xE0,0x00,0x00,0x00,0x00,0x00,0x38,0x00,0x00,0xE0,0x00,0x00,0x00,0x00,0x00,0x38,0x00,0x00,0xE0,0x00,0x00,0x00,0x00,0x00,0x38,0x00,0x00,0xE0,0x00,0x00,0x00,0x00,0x00,0x38,0x00,0x00,0xE0,0x00,0x00,0x00,0x00,0x00,0x38,0x00,0x00,0xE0,0x00,0x00,0x00,0x00,0x00,0x38,0x00,0x00,0xE0,0x00,0x00,0x00,0x00,0x00,0x38,0x00,0x00,0xE0,0x00,0x00,0x00,0x00,0x00,0x38,0x00,0x00,0xE0,0x00,0x00,0x00,0x00,0x00,0x38,0x00,0x00,0xE0,0xFF,0xFF,0xFF,0xFF,0xFF,0x3F,0x00,0x00,0xE0,0xFF,0xFF,0xFF,0xFF,0xFF,0x3F,0x00,0x00,0xE0,0xFF,0xFF,0xFF,0xFF,0xFF,0x3F,	// 157
	0x00,0x00,0x00,0x00,0x00,0x00,0x00,0x00,0x00,0x00,0x00,0x00,0x00,0x00,0x00,0x00,0x00,0x00,0x00,0x00,0x00,0x00,0x00,0x00,0x00,0x00,0x00,0x00,0xE0,0xFF,0xFF,0xFF,0xFF,0xFF,0x3F,0x00,0x00,0xE0,0xFF,0xFF,0xFF,0xFF,0xFF,0x3F,0x00,0x00,0xE0,0xFF,0xFF,0xFF,0xFF,0xFF,0x3F,0x00,0x00,0xE0,0x00,0x00,0x00,0x00,0x00,0x38,0x00,0x00,0xE0,0x00,0x00,0x00,0x00,0x00,0x38,0x00,0x00,0xE0,0x00,0x00,0x00,0x00,0x00,0x38,0x00,0x00,0xE0,0x00,0x00,0x00,0x00,0x00,0x38,0x00,0x00,0xE0,0x00,0x00,0x00,0x00,0x00,0x38,0x00,0x00,0xE0,0x00,0x00,0x00,0x00,0x00,0x38,0x00,0x00,0xE0,0x00,0x00,0x00,0x00,0x00,0x38,0x00,0x00,0xE0,0x00,0x00,0x00,0x00,0x00,0x38,0x00,0x00,0xE0,0x00,0x00,0x00,0x00,0x00,0x38,0x00,0x00,0xE0,0x00,0x00,0x00,0x00,0x00,0x38,0x00,0x00,0xE0,0x00,0x00,0x00,0x00,0x00,0x38,0x00,0x00,0xE0,0x00,0x00,0x00,0x00,0x00,0x38,0x00,0x00,0xE0,0x00,0x00,0x00,0x00,0x00,0x38,0x00,0x00,0xE0,0x00,0x00,0x00,0x00,0x00,0x38,0x00,0x00,0xE0,0x00,0x00,0x00,0x00,0x00,0x38,0x00,0x00,0xE0,0x00,0x00,0x00,0x00,0x00,0x38,0x00,0x00,0xE0,0x00,0x00,0x00,0x00,0x00,0x38,0x00,0x00,0xE0,0x00,0x00,0x00,0x00,0x00,0x38,0x00,0x00,0xE0,0x00,0x00,0x00,0x00,0x00,0x38,0x00,0x00,0xE0,0x00,0x00,0x00,0x00,0x00,0x38,0x00,0x00,0xE0,0x00,0x00,0x00,0x00,0x00,0x38,0x00,0x00,0xE0,0x00,0x00,0x00,0x00,0x00,0x38,0x00,0x00,0xE0,0xFF,0xFF,0xFF,0xFF,0xFF,0x3F,0x00,0x00,0xE0,0xFF,0xFF,0xFF,0xFF,0xFF,0x3F,0x00,0x00,0xE0,0xFF,0xFF,0xFF,0xFF,0xFF,0x3F,	// 158
	0x00,0x00,0x00,0x00,0x00,0x00,0x00,0x00,0x00,0x00,0x00,0x00,0x00,0x00,0x00,0x00,0x00,0x00,0x00,0x00,0x00,0x00,0x00,0x00,0x00,0x00,0x00,0x00,0xE0,0xFF,0xFF,0xFF,0xFF,0xFF,0x3F,0x00,0x00,0xE0,0xFF,0xFF,0xFF,0xFF,0xFF,0x3F,0x00,0x00,0xE0,0xFF,0xFF,0xFF,0xFF,0xFF,0x3F,0x00,0x00,0xE0,0x00,0x00,0x00,0x00,0x00,0x38,0x00,0x00,0xE0,0x00,0x00,0x00,0x00,0x00,0x38,0x00,0x00,0xE0,0x00,0x00,0x00,0x00,0x00,0x38,0x00,0x00,0xE0,0x00,0x00,0x00,0x00,0x00,0x38,0x00,0x00,0xE0,0x00,0x00,0x00,0x00,0x00,0x38,0x00,0x00,0xE0,0x00,0x00,0x00,0x00,0x00,0x38,0x00,0x00,0xE0,0x00,0x00,0x00,0x00,0x00,0x38,0x00,0x00,0xE0,0x00,0x00,0x00,0x00,0x00,0x38,0x00,0x00,0xE0,0x00,0x00,0x00,0x00,0x00,0x38,0x00,0x00,0xE0,0x00,0x00,0x00,0x00,0x00,0x38,0x00,0x00,0xE0,0x00,0x00,0x00,0x00,0x00,0x38,0x00,0x00,0xE0,0x00,0x00,0x00,0x00,0x00,0x38,0x00,0x00,0xE0,0x00,0x00,0x00,0x00,0x00,0x38,0x00,0x00,0xE0,0x00,0x00,0x00,0x00,0x00,0x38,0x00,0x00,0xE0,0x00,0x00,0x00,0x00,0x00,0x38,0x00,0x00,0xE0,0x00,0x00,0x00,0x00,0x00,0x38,0x00,0x00,0xE0,0x00,0x00,0x00,0x00,0x00,0x38,0x00,0x00,0xE0,0x00,0x00,0x00,0x00,0x00,0x38,0x00,0x00,0xE0,0x00,0x00,0x00,0x00,0x00,0x38,0x00,0x00,0xE0,0x00,0x00,0x00,0x00,0x00,0x38,0x00,0x00,0xE0,0x00,0x00,0x00,0x00,0x00,0x38,0x00,0x00,0xE0,0x00,0x00,0x00,0x00,0x00,0x38,0x00,0x00,0xE0,0xFF,0xFF,0xFF,0xFF,0xFF,0x3F,0x00,0x00,0xE0,0xFF,0xFF,0xFF,0xFF,0xFF,0x3F,0x00,0x00,0xE0,0xFF,0xFF,0xFF,0xFF,0xFF,0x3F,	// 159
	0x00,0x00,0x00,0x00,0x00,0x00,0x00,0x00,0x00,0x00,0x00,0x00,0x00,0x00,0x00,0x00,0x00,0x00,0x00,0x00,0x00,0x00,0x00,0x00,0x00,0x00,0x00,0x00,0x00,0x00,0x00,0x00,0x00,0x00,0x00,0x00,0x00,0x00,0x00,0x00,0x00,0x00,0x00,0x00,0x00,0x00,0x00,0x00,0x00,0x00,0x00,0x00,0x00,0x00,0x00,0x00,0x00,0x00,0x00,0x00,0x00,0x00,0x00,0x00,0x00,0x00,0x00,0x00,0x00,0x00,0x00,0x00,0x00,0x00,0x00,0x00,0x00,0x00,0x00,0x00,0x00,0x00,0x00,0x00,0x00,0x00,0x00,0x00,0x00,0x00,0x00,0x00,0x00,0x00,0x00,0x00,0x00,0x00,0x00,0x00,0x00,0x00,0x00,0x00,0x00,0x00,0x00,0x00,0x00,0x00,0x00,0x00,0x00,0x00,0x00,0x00,0x00,0x00,0x00,0xC0,0x3F,0x80,0xFF,0xFF,0x3F,0x00,0x00,0x00,0xC0,0x3F,0xF8,0xFF,0xFF,0x3F,0x00,0x00,0x00,0xC0,0x3F,0xF8,0xFF,0xFF,0x3F,0x00,0x00,0x00,0xC0,0x3F,0xF8,0xFF,0xFF,0x3F,0x00,0x00,0x00,0xC0,0x3F,0xF8,0xFF,0xFF,0x3F,0x00,0x00,0x00,0xC0,0x3F,0xF8,0xFF,0xFF,0x3F,0x00,0x00,0x00,0xC0,0x3F,0x80,0xFF,0xFF,0x3F,	// 161
	0x00,0x00,0x00,0x00,0x00,0x00,0x00,0x00,0x00,0x00,0x00,0x00,0x00,0x00,0x00,0x00,0x00,0x00,0x00,0x00,0x00,0x00,0x00,0x00,0x00,0x00,0x00,0x00,0x00,0x00,0x00,0x00,0x00,0x00,0x00,0x00,0x00,0x00,0x00,0x00,0xFF,0x03,0x00,0x00,0x00,0x00,0x00,0x00,0xE0,0xFF,0x1F,0x00,0x00,0x00,0x00,0x00,0x00,0xF8,0xFF,0x3F,0x00,0x00,0x00,0x00,0x00,0x00,0xFC,0xFF,0xFF,0x00,0x00,0x00,0x00,0x00,0x00,0xFE,0xFF,0xFF,0x01,0x00,0x00,0x00,0x00,0x00,0xFF,0xFF,0xFF,0x03,0x00,0x00,0x00,0x00,0x80,0xFF,0xFF,0xFF,0x07,0x00,0x00,0x00,0x00,0x80,0xFF,0xFF,0xFF,0x07,0x00,0x00,0x00,0x00,0xC0,0xFF,0x01,0xFC,0x0F,0x00,0x00,0x00,0x00,0xC0,0x3F,0x00,0xF0,0x0F,0x00,0x00,0x00,0x00,0xC0,0x1F,0x00,0xE0,0x0F,0x00,0x00,0x00,0x00,0xE0,0x0F,0x00,0xC0,0x1F,0x00,0x00,0x00,0x00,0xE0,0x07,0x00,0x80,0x1F,0x00,0x00,0x00,0x00,0xE0,0x07,0x00,0x80,0x1F,0x00,0x00,0x00,0xE0,0xFF,0xFF,0xFF,0xFF,0xFF,0x1F,0x00,0x00,0xE0,0xFF,0xFF,0xFF,0xFF,0xFF,0x1F,0x00,0x00,0xE0,0xFF,0xFF,0xFF,0xFF,0xFF,0x1F,0x00,0x00,0xE0,0xFF,0xFF,0xFF,0xFF,0xFF,0x1F,0x00,0x00,0x00,0xE0,0x07,0x00,0x80,0x1F,0x00,0x00,0x00,0x00,0xE0,0x07,0x00,0x80,0x1F,0x00,0x00,0x00,0x00,0xE0,0x0F,0x00,0xC0,0x1F,0x00,0x00,0x00,0x00,0xC0,0x0F,0x00,0xC0,0x0F,0x00,0x00,0x00,0x00,0xC0,0x1F,0x00,0xE0,0x0F,0x00,0x00,0x00,0x00,0x80,0x3F,0x00,0xF0,0x07,	// 162
	0x00,0x00,0x00,0x00,0x00,0x00,0x00,0x00,0x00,0x00,0x00,0x00,0x00,0x00,0x00,0x00,0x00,0x00,0x00,0x00,0x00,0x00,0x00,0x00,0x00,0x00,0x00,0x00,0x00,0x00,0x00,0x00,0x00,0x00,0x00,0x00,0x00,0x00,0x00,0x00,0x00,0xE0,0x0F,0x00,0x00,0x00,0x00,0x00,0xC0,0x0F,0xE0,0x0F,0x00,0x00,0x00,0x00,0x00,0xC0,0x0F,0xE0,0x0F,0x00,0x00,0x00,0x00,0x00,0xC0,0x0F,0xE0,0x0F,0x00,0x00,0x00,0x00,0x00,0xC0,0x0F,0xE0,0x0F,0x00,0x00,0x00,0x00,0x00,0xC0,0x0F,0xE0,0x0F,0x00,0x00,0x00,0x00,0xF8,0xFF,0xFF,0xFF,0x0F,0x00,0x00,0x00,0x00,0xFE,0xFF,0xFF,0xFF,0x0F,0x00,0x00,0x00,0x80,0xFF,0xFF,0xFF,0xFF,0x0F,0x00,0x00,0x00,0xC0,0xFF,0xFF,0xFF,0xFF,0x0F,0x00,0x00,0x00,0xE0,0xFF,0xFF,0xFF,0xFF,0x0F,0x00,0x00,0x00,0xF0,0xFF,0xFF,0xFF,0xFF,0x0F,0x00,0x00,0x00,0xF0,0xFF,0xFF,0xFF,0xFF,0x0F,0x00,0x00,0x00,0xF0,0xFF,0xFF,0xFF,0xFF,0x0F,0x00,0x00,0x00,0xF8,0x1F,0xC0,0x0F,0xE0,0x0F,0x00,0x00,0x00,0xF8,0x07,0xC0,0x0F,0xE0,0x0F,0x00,0x00,0x00,0xF8,0x03,0xC0,0x0F,0xE0,0x0F,0x00,0x00,0x00,0xF8,0x01,0xC0,0x0F,0xE0,0x0F,0x00,0x00,0x00,0xF8,0x01,0xC0,0x0F,0xE0,0x0F,0x00,0x00,0x00,0xF8,0x01,0xC0,0x0F,0xE0,0x0F,0x00,0x00,0x00,0xF8,0x01,0xC0,0x0F,0xE0,0x0F,0x00,0x00,0x00,0xF8,0x01,0xC0,0x0F,0xE0,0x0F,0x00,0x00,0x00,0xF0,0x03,0xC0,0x0F,0xE0,0x0F,0x00,0x00,0x00,0xF0,0x03,0x00,0x00,0xE0,0x0F,0x00,0x00,0x00,0xF0,0x07,0x00,0x00,0xE0,0x0F,0x00,0x00,0x00,0xE0,0x0F,0x00,0x00,0xE0,0x0F,0x00,0x00,0x00,0x00,0x00,0x00,0x00,0xE0,0x0F,	// 163
	0x00,0x00,0x00,0x00,0x00,0x00,0x00,0x00,0x00,0x00,0x00,0x00,0x00,0x00,0x00,0x00,0x00,0x00,0x00,0x00,0x00,0x00,0x00,0x00,0x00,0x00,0x00,0x00,0x00,0x00,0x00,0x00,0x00,0x00,0x00,0x00,0x00,0x00,0x00,0x00,0x00,0x00,0x00,0x00,0x00,0x00,0x00,0x00,0x04,0x00,0x08,0x00,0x00,0x00,0x00,0x00,0x00,0x0E,0x00,0x1C,0x00,0x00,0x00,0x00,0x00,0x00,0x1F,0x00,0x3C,0x00,0x00,0x00,0x00,0x00,0x80,0x3F,0x3E,0x7E,0x00,0x00,0x00,0x00,0x00,0x00,0xFF,0xFF,0x3F,0x00,0x00,0x00,0x00,0x00,0x00,0xFE,0xFF,0x1F,0x00,0x00,0x00,0x00,0x00,0x00,0xFC,0xFF,0x0F,0x00,0x00,0x00,0x00,0x00,0x00,0xF8,0xFF,0x0F,0x00,0x00,0x00,0x00,0x00,0x00,0xF8,0xC1,0x07,0x00,0x00,0x00,0x00,0x00,0x00,0xF8,0x80,0x07,0x00,0x00,0x00,0x00,0x00,0x00,0x7C,0x00,0x0F,0x00,0x00,0x00,0x00,0x00,0x00,0x7C,0x00,0x0F,0x00,0x00,0x00,0x00,0x00,0x00,0x7C,0x00,0x0F,0x00,0x00,0x00,0x00,0x00,0x00,0x7C,0x00,0x0F,0x00,0x00,0x00,0x00,0x00,0x00,0x7C,0x00,0x0F,0x00,0x00,0x00,0x00,0x00,0x00,0xF8,0x80,0x0F,0x00,0x00,0x00,0x00,0x00,0x00,0xF8,0xC1,0x07,0x00,0x00,0x00,0x00,0x00,0x00,0xF8,0xFF,0x0F,0x00,0x00,0x00,0x00,0x00,0x00,0xFC,0xFF,0x1F,0x00,0x00,0x00,0x00,0x00,0x00,0xFE,0xFF,0x3F,0x00,0x00,0x00,0x00,0x00,0x80,0x3F,0x3E,0x7F,0x00,0x00,0x00,0x00,0x00,0x00,0x1F,0x00,0x3E,0x00,0x00,0x00,0x00,0x00,0x00,0x0E,0x00,0x1C,0x00,0x00,0x00,0x00,0x00,0x00,0x04,0x00,0x08,	// 164
	0x00,0x00,0x00,0x00,0x00,0x00,0x00,0x00,0x00,0x00,0x10,0x00,0x00,0x00,0x00,0x00,0x00,0x00,0x00,0x70,0x00,0x7C,0xF8,0x00,0x00,0x00,0x00,0x00,0xF0,0x01,0x7C,0xF8,0x00,0x00,0x00,0x00,0x00,0xF0,0x07,0x7C,0xF8,0x00,0x00,0x00,0x00,0x00,0xF0,0x1F,0x7C,0xF8,0x00,0x00,0x00,0x00,0x00,0xF0,0x7F,0x7C,0xF8,0x00,0x00,0x00,0x00,0x00,0xF0,0xFF,0x7D,0xF8,0x00,0x00,0x00,0x00,0x00,0xF0,0xFF,0x7F,0xF8,0x00,0x00,0x00,0x00,0x00,0xE0,0xFF,0x7F,0xF8,0x00,0x00,0x00,0x00,0x00,0x80,0xFF,0x7F,0xF8,0x00,0x00,0x00,0x00,0x00,0x00,0xFE,0xFF,0xF9,0x00,0x00,0x00,0x00,0x00,0x00,0xF8,0xFF,0xFB,0x00,0x00,0x00,0x00,0x00,0x00,0xE0,0xFF,0xFF,0xFF,0x0F,0x00,0x00,0x00,0x00,0x80,0xFF,0xFF,0xFF,0x0F,0x00,0x00,0x00,0x00,0x00,0xFE,0xFF,0xFF,0x0F,0x00,0x00,0x00,0x00,0x00,0xF8,0xFF,0xFF,0x0F,0x00,0x00,0x00,0x00,0x00,0xF8,0xFF,0xFF,0x0F,0x00,0x00,0x00,0x00,0x00,0xFE,0xFF,0xFF,0x0F,0x00,0x00,0x00,0x00,0x80,0xFF,0xFF,0xFF,0x0F,0x00,0x00,0x00,0x00,0xE0,0xFF,0xFF,0xFF,0x0F,0x00,0x00,0x00,0x00,0xF8,0xFF,0xFB,0x00,0x00,0x00,0x00,0x00,0x00,0xFE,0xFF,0xF9,0x00,0x00,0x00,0x00,0x00,0x80,0xFF,0x7F,0xF8,0x00,0x00,0x00,0x00,0x00,0xE0,0xFF,0x7F,0xF8,0x00,0x00,0x00,0x00,0x00,0xF0,0xFF,0x7F,0xF8,0x00,0x00,0x00,0x00,0x00,0xF0,0xFF,0x7D,0xF8,0x00,0x00,0x00,0x00,0x00,0xF0,0x7F,0x7C,0xF8,0x00,0x00,0x00,0x00,0x00,0xF0,0x1F,0x7C,0xF8,0x00,0x00,0x00,0x00,0x00,0xF0,0x07,0x7C,0xF8,0x00,0x00,0x00,0x00,0x00,0xF0,0x01,0x7C,0xF8,0x00,0x00,0x00,0x00,0x00,0x70,0x00,0x7C,0xF8,0x00,0x00,0x00,0x00,0x00,0x10,	// 165
	0x00,0x00,0x00,0x00,0x00,0x00,0x00,0x00,0x00,0x00,0x00,0x00,0x00,0x00,0x00,0x00,0x00,0x00,0x00,0x00,0x00,0x00,0x00,0x00,0x00,0x00,0x00,0x00,0x00,0x00,0x00,0x00,0x00,0x00,0x00,0x00,0x00,0x00,0x00,0x00,0x00,0x00,0x00,0x00,0x00,0x00,0x00,0x00,0x00,0x00,0x00,0x00,0x00,0x00,0x00,0x00,0x00,0x00,0x00,0x00,0x00,0x00,0x00,0x00,0x00,0x00,0x00,0x00,0x00,0x00,0x00,0x00,0x00,0x00,0x00,0x00,0x00,0x00,0x00,0x00,0x00,0x00,0x00,0x00,0x00,0x00,0x00,0x00,0x00,0x00,0x00,0x00,0x00,0x00,0x00,0x00,0x00,0x00,0x00,0x00,0x00,0x00,0x00,0x00,0x00,0x00,0x00,0x00,0x00,0x00,0x00,0x00,0x00,0x00,0x00,0x00,0x00,0x00,0xC0,0xFF,0xFF,0x03,0xFE,0xFF,0x1F,0x00,0x00,0xC0,0xFF,0xFF,0x03,0xFE,0xFF,0x1F,0x00,0x00,0xC0,0xFF,0xFF,0x03,0xFE,0xFF,0x1F,0x00,0x00,0xC0,0xFF,0xFF,0x03,0xFE,0xFF,0x1F,0x00,0x00,0xC0,0xFF,0xFF,0x03,0xFE,0xFF,0x1F,0x00,0x00,0xC0,0xFF,0xFF,0x03,0xFE,0xFF,0x1F,	// 166
	0x00,0x00,0x00,0x00,0x00,0x00,0x00,0x00,0x00,0x00,0x00,0x00,0x00,0x00,0x00,0x00,0x00,0x00,0x00,0x00,0x00,0x00,0x00,0x00,0x00,0x00,0x00,0x00,0x00,0x00,0x00,0x00,0x00,0x00,0x00,0x00,0x00,0x00,0x00,0x00,0x00,0x00,0x00,0x00,0x00,0x00,0x00,0x00,0x80,0x0F,0x00,0x00,0x00,0x00,0x00,0x00,0x00,0xE0,0x1F,0x00,0x00,0x00,0x00,0x00,0x00,0x7F,0xF0,0x3F,0x00,0x7E,0x00,0x00,0x00,0x80,0xFF,0xF8,0x7F,0x00,0xFC,0x00,0x00,0x00,0xC0,0xFF,0xF9,0xFF,0x00,0xFC,0x00,0x00,0x00,0xE0,0xFF,0xFF,0xFF,0x01,0xFC,0x00,0x00,0x00,0xF0,0xFF,0xFF,0xFF,0x01,0xFC,0x00,0x00,0x00,0xF0,0xFF,0x7F,0xFC,0x03,0xF8,0x01,0x00,0x00,0xF8,0xFF,0x3F,0xF0,0x03,0xF8,0x01,0x00,0x00,0xF8,0xE3,0x1F,0xF0,0x07,0xF8,0x01,0x00,0x00,0xF8,0x83,0x1F,0xE0,0x07,0xF8,0x01,0x00,0x00,0xF8,0x81,0x3F,0xE0,0x0F,0xF8,0x01,0x00,0x00,0xF8,0x01,0x7F,0xC0,0x1F,0xF8,0x01,0x00,0x00,0xF8,0x01,0x7E,0x80,0x3F,0xFC,0x01,0x00,0x00,0xF8,0x01,0xFE,0x80,0x7F,0xFC,0x01,0x00,0x00,0xF8,0x01,0xFC,0xC1,0xFF,0xFF,0x01,0x00,0x00,0xF0,0x03,0xFC,0xE3,0xFF,0xFF,0x00,0x00,0x00,0xF0,0x03,0xF8,0xFF,0xFF,0xFF,0x00,0x00,0x00,0xF0,0x03,0xF8,0xFF,0xFF,0x7F,0x00,0x00,0x00,0xE0,0x07,0xF0,0xFF,0xF9,0x3F,0x00,0x00,0x00,0x00,0x00,0xE0,0xFF,0xF0,0x1F,0x00,0x00,0x00,0x00,0x00,0xE0,0xFF,0xC0,0x0F,0x00,0x00,0x00,0x00,0x00,0xC0,0x7F,0x00,0x00,0x00,0x00,0x00,0x00,0x00,0x00,0x1F,	// 167
	0x00,0x00,0x00,0x00,0x00,0x00,0x00,0x00,0x00,0x00,0x00,0x00,0x00,0x00,0x00,0x00,0x00,0x00,0x00,0x00,0x00,0x00,0x00,0x00,0x00,0x00,0x00,0x00,0x00,0x00,0x00,0x00,0x00,0x00,0x00,0x00,0x00,0x00,0x00,0x00,0x00,0x00,0x00,0x00,0x00,0x00,0x00,0x00,0x00,0x00,0x00,0x00,0x00,0x00,0x00,0x00,0x00,0x00,0x00,0x00,0x00,0x00,0x00,0x00,0x00,0x00,0x00,0x00,0x00,0x00,0x00,0x00,0x00,0xFE,0x00,0x00,0x00,0x00,0x00,0x00,0x00,0x00,0xFE,0x00,0x00,0x00,0x00,0x00,0x00,0x00,0x00,0xFE,0x00,0x00,0x00,0x00,0x00,0x00,0x00,0x00,0xFE,0x00,0x00,0x00,0x00,0x00,0x00,0x00,0x00,0xFE,0x00,0x00,0x00,0x00,0x00,0x00,0x00,0x00,0xFE,0x00,0x00,0x00,0x00,0x00,0x00,0x00,0x00,0x00,0x00,0x00,0x00,0x00,0x00,0x00,0x00,0x00,0x00,0x00,0x00,0x00,0x00,0x00,0x00,0x00,0x00,0x00,0x00,0x00,0x00,0x00,0x00,0x00,0x00,0x00,0x00,0x00,0x00,0x00,0x00,0x00,0x00,0x00,0x00,0xFE,0x00,0x00,0x00,0x00,0x00,0x00,0x00,0x00,0xFE,0x00,0x00,0x00,0x00,0x00,0x00,0x00,0x00,0xFE,0x00,0x00,0x00,0x00,0x00,0x00,0x00,0x00,0xFE,0x00,0x00,0x00,0x00,0x00,0x00,0x00,0x00,0xFE,0x00,0x00,0x00,0x00,0x00,0x00,0x00,0x00,0xFE,	// 168
	0x00,0x00,0x00,0xF0,0x1F,0x00,0x00,0x00,0x00,0x00,0x00,0x00,0xFC,0x7F,0x00,0x00,0x00,0x00,0x00,0x00,0x00,0xFF,0xFF,0x01,0x00,0x00,0x00,0x00,0x00,0xC0,0xFF,0xFF,0x07,0x00,0x00,0x00,0x00,0x00,0xE0,0x1F,0xF0,0x0F,0x00,0x00,0x00,0x00,0x00,0xF0,0x07,0xC0,0x1F,0x00,0x00,0x00,0x00,0x00,0xF8,0x01,0x00,0x3F,0x00,0x00,0x00,0x00,0x00,0xF8,0x00,0x00,0x3E,0x00,0x00,0x00,0x00,0x00,0x7C,0xE0,0x0F,0x7C,0x00,0x00,0x00,0x00,0x00,0x3C,0xF8,0x3F,0x78,0x00,0x00,0x00,0x00,0x00,0x3E,0xFC,0x7F,0xF8,0x00,0x00,0x00,0x00,0x00,0x1E,0xFC,0x7F,0xF0,0x00,0x00,0x00,0x00,0x00,0x1F,0xFE,0xFF,0xF0,0x01,0x00,0x00,0x00,0x00,0x0F,0x3E,0xF8,0xE0,0x01,0x00,0x00,0x00,0x00,0x0F,0x1F,0xF0,0xE1,0x01,0x00,0x00,0x00,0x00,0x0F,0x0F,0xE0,0xE1,0x01,0x00,0x00,0x00,0x00,0x0F,0x0F,0xE0,0xE1,0x01,0x00,0x00,0x00,0x00,0x0F,0x0F,0xE0,0xE1,0x01,0x00,0x00,0x00,0x00,0x0F,0x0F,0xE0,0xE1,0x01,0x00,0x00,0x00,0x00,0x0F,0x0F,0xE0,0xE1,0x01,0x00,0x00,0x00,0x00,0x1F,0x0F,0xE0,0xF1,0x01,0x00,0x00,0x00,0x00,0x1E,0x1E,0xF0,0xF0,0x00,0x00,0x00,0x00,0x00,0x3E,0x3E,0xF8,0xF8,0x00,0x00,0x00,0x00,0x00,0x3C,0x00,0x00,0x78,0x00,0x00,0x00,0x00,0x00,0x7C,0x00,0x00,0x7C,0x00,0x00,0x00,0x00,0x00,0xF8,0x00,0x00,0x3E,0x00,0x00,0x00,0x00,0x00,0xF8,0x01,0x00,0x3F,0x00,0x00,0x00,0x00,0x00,0xF0,0x07,0xC0,0x1F,0x00,0x00,0x00,0x00,0x00,0xE0,0x1F,0xF0,0x0F,0x00,0x00,0x00,0x00,0x00,0xC0,0xFF,0xFF,0x07,0x00,0x00,0x00,0x00,0x00,0x00,0xFF,0xFF,0x01,0x00,0x00,0x00,0x00,0x00,0x00,0xFC,0x7F,0x00,0x00,0x00,0x00,0x00,0x00,0x00,0xF0,0x1F,	// 169
	0x00,0x00,0x00,0x00,0x00,0x00,0x00,0x00,0x00,0x00,0x00,0x00,0x00,0x00,0x00,0x00,0x00,0x00,0x00,0x00,0x00,0x00,0x00,0x00,0x00,0x00,0x00,0x00,0x00,0x00,0x00,0x00,0x00,0x00,0x00,0x00,0x00,0x00,0x00,0x00,0x00,0x00,0x00,0x00,0x00,0x00,0x00,0x00,0x00,0x00,0x00,0x00,0x00,0x00,0x00,0x00,0x00,0x00,0x00,0x00,0x00,0x00,0x00,0x00,0x00,0x80,0x1F,0x00,0x00,0x00,0x00,0x00,0x00,0x00,0xC0,0x7F,0xF0,0x01,0x00,0x00,0x00,0x00,0xE0,0xE3,0xFF,0xF0,0x01,0x00,0x00,0x00,0x00,0xF0,0xF1,0xFF,0xF0,0x01,0x00,0x00,0x00,0x00,0xF0,0xF1,0xFF,0xF1,0x01,0x00,0x00,0x00,0x00,0xF0,0xF8,0xFF,0xF1,0x01,0x00,0x00,0x00,0x00,0xF8,0xF8,0xF8,0xF1,0x01,0x00,0x00,0x00,0x00,0xF8,0x78,0xF0,0xF1,0x01,0x00,0x00,0x00,0x00,0xF8,0x78,0xF0,0xF1,0x01,0x00,0x00,0x00,0x00,0xF8,0x78,0xF0,0xF1,0x01,0x00,0x00,0x00,0x00,0xF8,0x78,0xF0,0xF0,0x01,0x00,0x00,0x00,0x00,0xF8,0x78,0x78,0xF0,0x01,0x00,0x00,0x00,0x00,0xF8,0x79,0x3C,0xF0,0x01,0x00,0x00,0x00,0x00,0xF0,0xFF,0xFF,0xF0,0x01,0x00,0x00,0x00,0x00,0xF0,0xFF,0xFF,0xF0,0x01,0x00,0x00,0x00,0x00,0xF0,0xFF,0xFF,0xF0,0x01,0x00,0x00,0x00,0x00,0xE0,0xFF,0xFF,0xF0,0x01,0x00,0x00,0x00,0x00,0xC0,0xFF,0xFF,0xF0,0x01,0x00,0x00,0x00,0x00,0x00,0xFE,0xFF,0xF0,0x01,	// 170
	0x00,0x00,0x00,0x00,0x00,0x00,0x00,0x00,0x00,0x00,0x00,0x00,0x00,0x00,0x00,0x00,0x00,0x00,0x00,0x00,0x00,0x00,0x00,0x00,0x00,0x00,0x00,0x00,0x00,0x00,0x00,0x7C,0x00,0x00,0x00,0x00,0x00,0x00,0x00,0x00,0xFE,0x00,0x00,0x00,0x00,0x00,0x00,0x00,0x00,0xFE,0x00,0x00,0x00,0x00,0x00,0x00,0x00,0x00,0xFF,0x01,0x00,0x00,0x00,0x00,0x00,0x00,0x80,0xFF,0x03,0x00,0x00,0x00,0x00,0x00,0x00,0xC0,0xFF,0x07,0x00,0x00,0x00,0x00,0x00,0x00,0xE0,0xEF,0x0F,0x00,0x00,0x00,0x00,0x00,0x00,0xE0,0xC7,0x0F,0x00,0x00,0x00,0x00,0x00,0x00,0xF0,0x83,0x1F,0x00,0x00,0x00,0x00,0x00,0x00,0xF8,0x01,0x3F,0x00,0x00,0x00,0x00,0x00,0x00,0xFC,0x01,0x7F,0x00,0x00,0x00,0x00,0x00,0x00,0xFE,0x00,0xFE,0x00,0x00,0x00,0x00,0x00,0x00,0x7F,0x00,0xFC,0x01,0x00,0x00,0x00,0x00,0x00,0x00,0x7C,0x00,0x00,0x00,0x00,0x00,0x00,0x00,0x00,0xFE,0x00,0x00,0x00,0x00,0x00,0x00,0x00,0x00,0xFE,0x00,0x00,0x00,0x00,0x00,0x00,0x00,0x00,0xFF,0x01,0x00,0x00,0x00,0x00,0x00,0x00,0x80,0xFF,0x03,0x00,0x00,0x00,0x00,0x00,0x00,0xC0,0xEF,0x07,0x00,0x00,0x00,0x00,0x00,0x00,0xE0,0xC7,0x0F,0x00,0x00,0x00,0x00,0x00,0x00,0xE0,0xC7,0x0F,0x00,0x00,0x00,0x00,0x00,0x00,0xF0,0x83,0x1F,0x00,0x00,0x00,0x00,0x00,0x00,0xF8,0x01,0x3F,0x00,0x00,0x00,0x00,0x00,0x00,0xFC,0x00,0x7E,0x00,0x00,0x00,0x00,0x00,0x00,0xFE,0x00,0xFE,0x00,0x00,0x00,0x00,0x00,0x00,0x7F,0x00,0xFC,0x01,	// 171
	0x00,0x00,0x00,0x00,0x00,0x00,0x00,0x00,0x00,0x00,0x00,0x00,0x00,0x00,0x00,0x00,0x00,0x00,0x00,0x00,0x00,0xF0,0x03,0x00,0x00,0x00,0x00,0x00,0x00,0x00,0xF0,0x03,0x00,0x00,0x00,0x00,0x00,0x00,0x00,0xF0,0x03,0x00,0x00,0x00,0x00,0x00,0x00,0x00,0xF0,0x03,0x00,0x00,0x00,0x00,0x00,0x00,0x00,0xF0,0x03,0x00,0x00,0x00,0x00,0x00,0x00,0x00,0xF0,0x03,0x00,0x00,0x00,0x00,0x00,0x00,0x00,0xF0,0x03,0x00,0x00,0x00,0x00,0x00,0x00,0x00,0xF0,0x03,0x00,0x00,0x00,0x00,0x00,0x00,0x00,0xF0,0x03,0x00,0x00,0x00,0x00,0x00,0x00,0x00,0xF0,0x03,0x00,0x00,0x00,0x00,0x00,0x00,0x00,0xF0,0x03,0x00,0x00,0x00,0x00,0x00,0x00,0x00,0xF0,0x03,0x00,0x00,0x00,0x00,0x00,0x00,0x00,0xF0,0x03,0x00,0x00,0x00,0x00,0x00,0x00,0x00,0xF0,0x03,0x00,0x00,0x00,0x00,0x00,0x00,0x00,0xF0,0x03,0x00,0x00,0x00,0x00,0x00,0x00,0x00,0xF0,0x03,0x00,0x00,0x00,0x00,0x00,0x00,0x00,0xF0,0x03,0x00,0x00,0x00,0x00,0x00,0x00,0x00,0xF0,0x03,0x00,0x00,0x00,0x00,0x00,0x00,0x00,0xF0,0x03,0x00,0x00,0x00,0x00,0x00,0x00,0x00,0xF0,0x03,0x00,0x00,0x00,0x00,0x00,0x00,0x00,0xF0,0x03,0x00,0x00,0x00,0x00,0x00,0x00,0x00,0xF0,0x03,0x00,0x00,0x00,0x00,0x00,0x00,0x00,0xF0,0xFF,0x03,0x00,0x00,0x00,0x00,0x00,0x00,0xF0,0xFF,0x03,0x00,0x00,0x00,0x00,0x00,0x00,0xF0,0xFF,0x03,0x00,0x00,0x00,0x00,0x00,0x00,0xF0,0xFF,0x03,0x00,0x00,0x00,0x00,0x00,0x00,0xF0,0xFF,0x03,0x00,0x00,0x00,0x00,0x00,0x00,0xF0,0xFF,0x03,	// 172
	0x00,0x00,0x00,0x00,0x00,0x00,0x00,0x00,0x00,0x00,0x00,0x00,0x00,0x00,0x00,0x00,0x00,0x00,0x00,0x00,0x00,0x00,0x00,0x00,0x00,0x00,0x00,0x00,0x00,0x00,0x00,0x00,0x00,0x00,0x00,0x00,0x00,0x00,0x00,0x00,0x00,0x00,0x00,0x00,0x00,0x00,0x00,0x00,0x00,0x00,0x00,0x00,0x00,0x00,0x00,0x00,0x00,0x00,0x00,0x00,0x00,0x00,0x00,0x00,0x00,0x00,0x00,0x00,0x00,0x00,0x00,0x00,0x00,0x00,0x00,0x00,0xFF,0x00,0x00,0x00,0x00,0x00,0x00,0x00,0x00,0xFF,0x00,0x00,0x00,0x00,0x00,0x00,0x00,0x00,0xFF,0x00,0x00,0x00,0x00,0x00,0x00,0x00,0x00,0xFF,0x00,0x00,0x00,0x00,0x00,0x00,0x00,0x00,0xFF,0x00,0x00,0x00,0x00,0x00,0x00,0x00,0x00,0xFF,0x00,0x00,0x00,0x00,0x00,0x00,0x00,0x00,0xFF,0x00,0x00,0x00,0x00,0x00,0x00,0x00,0x00,0xFF,0x00,0x00,0x00,0x00,0x00,0x00,0x00,0x00,0xFF,0x00,0x00,0x00,0x00,0x00,0x00,0x00,0x00,0xFF,0x00,0x00,0x00,0x00,0x00,0x00,0x00,0x00,0xFF,0x00,0x00,0x00,0x00,0x00,0x00,0x00,0x00,0xFF,0x00,0x00,0x00,0x00,0x00,0x00,0x00,0x00,0xFF,0x00,0x00,0x00,0x00,0x00,0x00,0x00,0x00,0xFF,0x00,0x00,0x00,0x00,0x00,0x00,0x00,0x00,0xFF,0x00,0x00,0x00,0x00,0x00,0x00,0x00,0x00,0xFF,0x00,0x00,0x00,0x00,0x00,0x00,0x00,0x00,0xFF,	// 173
	0x00,0x00,0x00,0xF0,0x1F,0x00,0x00,0x00,0x00,0x00,0x00,0x00,0xFC,0x7F,0x00,0x00,0x00,0x00,0x00,0x00,0x00,0xFF,0xFF,0x01,0x00,0x00,0x00,0x00,0x00,0xC0,0xFF,0xFF,0x07,0x00,0x00,0x00,0x00,0x00,0xE0,0x1F,0xF0,0x0F,0x00,0x00,0x00,0x00,0x00,0xF0,0x07,0xC0,0x1F,0x00,0x00,0x00,0x00,0x00,0xF8,0x01,0x00,0x3F,0x00,0x00,0x00,0x00,0x00,0xF8,0x00,0x00,0x3E,0x00,0x00,0x00,0x00,0x00,0x7C,0x00,0x00,0x7C,0x00,0x00,0x00,0x00,0x00,0x3C,0x00,0x00,0x78,0x00,0x00,0x00,0x00,0x00,0x3E,0xFE,0xFF,0xF8,0x00,0x00,0x00,0x00,0x00,0x1E,0xFE,0xFF,0xF0,0x00,0x00,0x00,0x00,0x00,0x1F,0xFE,0xFF,0xF0,0x01,0x00,0x00,0x00,0x00,0x0F,0xFE,0xFF,0xE0,0x01,0x00,0x00,0x00,0x00,0x0F,0x8E,0x03,0xE0,0x01,0x00,0x00,0x00,0x00,0x0F,0x8E,0x03,0xE0,0x01,0x00,0x00,0x00,0x00,0x0F,0x8E,0x03,0xE0,0x01,0x00,0x00,0x00,0x00,0x0F,0x8E,0x07,0xE0,0x01,0x00,0x00,0x00,0x00,0x0F,0xDE,0x1F,0xE0,0x01,0x00,0x00,0x00,0x00,0x0F,0xFE,0x7F,0xE0,0x01,0x00,0x00,0x00,0x00,0x1F,0xFC,0xFF,0xF0,0x01,0x00,0x00,0x00,0x00,0x1E,0xFC,0xF8,0xF0,0x00,0x00,0x00,0x00,0x00,0x3E,0x78,0xF0,0xF8,0x00,0x00,0x00,0x00,0x00,0x3C,0x00,0x80,0x78,0x00,0x00,0x00,0x00,0x00,0x7C,0x00,0x00,0x7C,0x00,0x00,0x00,0x00,0x00,0xF8,0x00,0x00,0x3E,0x00,0x00,0x00,0x00,0x00,0xF8,0x01,0x00,0x3F,0x00,0x00,0x00,0x00,0x00,0xF0,0x07,0xC0,0x1F,0x00,0x00,0x00,0x00,0x00,0xE0,0x1F,0xF0,0x0F,0x00,0x00,0x00,0x00,0x00,0xC0,0xFF,0xFF,0x07,0x00,0x00,0x00,0x00,0x00,0x00,0xFF,0xFF,0x01,0x00,0x00,0x00,0x00,0x00,0x00,0xFC,0x7F,0x00,0x00,0x00,0x00,0x00,0x00,0x00,0xF0,0x1F,	// 174
	0x00,0x00,0x00,0x00,0x00,0x00,0x00,0x00,0x00,0x00,0x00,0x00,0x00,0x00,0x00,0x00,0x00,0x00,0x00,0x00,0x00,0x00,0x00,0x00,0x00,0x00,0x00,0x00,0x00,0x00,0x00,0x00,0x00,0x00,0x00,0x00,0x00,0x00,0x00,0x00,0x00,0x00,0x00,0x00,0x00,0x00,0x00,0x00,0x00,0x00,0x00,0x00,0x00,0x00,0x00,0x00,0x00,0x00,0x00,0x00,0x00,0x00,0x00,0x00,0x00,0x00,0x00,0x00,0x00,0x00,0x00,0x00,0x00,0x7C,0x00,0x00,0x00,0x00,0x00,0x00,0x00,0x00,0x7C,0x00,0x00,0x00,0x00,0x00,0x00,0x00,0x00,0x7C,0x00,0x00,0x00,0x00,0x00,0x00,0x00,0x00,0x7C,0x00,0x00,0x00,0x00,0x00,0x00,0x00,0x00,0x7C,0x00,0x00,0x00,0x00,0x00,0x00,0x00,0x00,0x7C,0x00,0x00,0x00,0x00,0x00,0x00,0x00,0x00,0x7C,0x00,0x00,0x00,0x00,0x00,0x00,0x00,0x00,0x7C,0x00,0x00,0x00,0x00,0x00,0x00,0x00,0x00,0x7C,0x00,0x00,0x00,0x00,0x00,0x00,0x00,0x00,0x7C,0x00,0x00,0x00,0x00,0x00,0x00,0x00,0x00,0x7C,0x00,0x00,0x00,0x00,0x00,0x00,0x00,0x00,0x7C,0x00,0x00,0x00,0x00,0x00,0x00,0x00,0x00,0x7C,0x00,0x00,0x00,0x00,0x00,0x00,0x00,0x00,0x7C,0x00,0x00,0x00,0x00,0x00,0x00,0x00,0x00,0x7C,0x00,0x00,0x00,0x00,0x00,0x00,0x00,0x00,0x7C,0x00,0x00,0x00,0x00,0x00,0x00,0x00,0x00,0x7C,	// 175
	0x00,0x00,0x00,0x00,0x00,0x00,0x00,0x00,0x00,0x00,0x00,0x00,0x00,0x00,0x00,0x00,0x00,0x00,0x00,0x00,0x00,0x00,0x00,0x00,0x00,0x00,0x00,0x00,0x00,0x00,0x00,0x00,0x00,0x00,0x00,0x00,0x00,0x00,0x00,0x00,0x00,0x00,0x00,0x00,0x00,0x00,0x00,0x00,0x00,0x00,0x00,0x00,0x00,0x00,0x00,0x00,0x00,0x00,0x00,0x00,0x00,0x00,0x00,0x00,0x00,0x00,0x00,0x00,0x00,0x00,0x00,0x00,0x00,0x00,0x7E,0x00,0x00,0x00,0x00,0x00,0x00,0x00,0x80,0xFF,0x01,0x00,0x00,0x00,0x00,0x00,0x00,0xC0,0xFF,0x03,0x00,0x00,0x00,0x00,0x00,0x00,0xE0,0xFF,0x07,0x00,0x00,0x00,0x00,0x00,0x00,0xF0,0xC3,0x0F,0x00,0x00,0x00,0x00,0x00,0x00,0xF0,0x00,0x0F,0x00,0x00,0x00,0x00,0x00,0x00,0xF8,0x00,0x1F,0x00,0x00,0x00,0x00,0x00,0x00,0x78,0x00,0x1E,0x00,0x00,0x00,0x00,0x00,0x00,0x78,0x00,0x1E,0x00,0x00,0x00,0x00,0x00,0x00,0x78,0x00,0x1E,0x00,0x00,0x00,0x00,0x00,0x00,0x78,0x00,0x1E,0x00,0x00,0x00,0x00,0x00,0x00,0xF8,0x00,0x1F,0x00,0x00,0x00,0x00,0x00,0x00,0xF0,0x00,0x0F,0x00,0x00,0x00,0x00,0x00,0x00,0xF0,0xC3,0x0F,0x00,0x00,0x00,0x00,0x00,0x00,0xE0,0xFF,0x07,0x00,0x00,0x00,0x00,0x00,0x00,0xC0,0xFF,0x03,0x00,0x00,0x00,0x00,0x00,0x00,0x80,0xFF,0x01,0x00,0x00,0x00,0x00,0x00,0x00,0x00,0x7E,	// 176
	0x00,0x00,0x00,0x00,0x00,0x00,0x00,0x00,0x00,0x00,0x00,0x00,0x00,0x00,0x00,0x00,0x00,0x00,0x00,0x00,0x00,0xF8,0x01,0xC0,0x0F,0x00,0x00,0x00,0x00,0x00,0xF8,0x01,0xC0,0x0F,0x00,0x00,0x00,0x00,0x00,0xF8,0x01,0xC0,0x0F,0x00,0x00,0x00,0x00,0x00,0xF8,0x01,0xC0,0x0F,0x00,0x00,0x00,0x00,0x00,0xF8,0x01,0xC0,0x0F,0x00,0x00,0x00,0x00,0x00,0xF8,0x01,0xC0,0x0F,0x00,0x00,0x00,0x00,0x00,0xF8,0x01,0xC0,0x0F,0x00,0x00,0x00,0x00,0x00,0xF8,0x01,0xC0,0x0F,0x00,0x00,0x00,0x00,0x00,0xF8,0x01,0xC0,0x0F,0x00,0x00,0x00,0x00,0x00,0xF8,0x01,0xC0,0x0F,0x00,0x00,0x00,0x00,0x00,0xF8,0x01,0xC0,0x0F,0x00,0x00,0x00,0x00,0xFE,0xFF,0xFF,0xC7,0x0F,0x00,0x00,0x00,0x00,0xFE,0xFF,0xFF,0xC7,0x0F,0x00,0x00,0x00,0x00,0xFE,0xFF,0xFF,0xC7,0x0F,0x00,0x00,0x00,0x00,0xFE,0xFF,0xFF,0xC7,0x0F,0x00,0x00,0x00,0x00,0xFE,0xFF,0xFF,0xC7,0x0F,0x00,0x00,0x00,0x00,0xFE,0xFF,0xFF,0xC7,0x0F,0x00,0x00,0x00,0x00,0x00,0xF8,0x01,0xC0,0x0F,0x00,0x00,0x00,0x00,0x00,0xF8,0x01,0xC0,0x0F,0x00,0x00,0x00,0x00,0x00,0xF8,0x01,0xC0,0x0F,0x00,0x00,0x00,0x00,0x00,0xF8,0x01,0xC0,0x0F,0x00,0x00,0x00,0x00,0x00,0xF8,0x01,0xC0,0x0F,0x00,0x00,0x00,0x00,0x00,0xF8,0x01,0xC0,0x0F,0x00,0x00,0x00,0x00,0x00,0xF8,0x01,0xC0,0x0F,0x00,0x00,0x00,0x00,0x00,0xF8,0x01,0xC0,0x0F,0x00,0x00,0x00,0x00,0x00,0xF8,0x01,0xC0,0x0F,0x00,0x00,0x00,0x00,0x00,0xF8,0x01,0xC0,0x0F,0x00,0x00,0x00,0x00,0x00,0xF8,0x01,0xC0,0x0F,	// 177
	0x00,0x00,0x00,0x00,0x00,0x00,0x00,0x00,0x00,0x00,0x00,0x00,0x00,0x00,0x00,0x00,0x00,0x00,0x00,0x00,0x00,0x00,0x00,0x00,0x00,0x00,0x00,0x00,0x00,0x00,0x00,0x00,0x00,0x00,0x00,0x00,0x00,0x00,0x00,0x00,0x00,0x00,0x00,0x00,0x00,0x00,0x00,0x00,0x00,0x00,0x00,0x00,0x00,0x00,0x00,0x00,0x00,0x00,0x00,0x00,0x00,0x00,0x00,0x00,0x00,0x00,0xE0,0x01,0x00,0x00,0x00,0x00,0x00,0xF0,0x00,0xF0,0x01,0x00,0x00,0x00,0x00,0x00,0xF0,0x00,0xF8,0x01,0x00,0x00,0x00,0x00,0x00,0xF8,0x00,0xF8,0x01,0x00,0x00,0x00,0x00,0x00,0x78,0x00,0xFC,0x01,0x00,0x00,0x00,0x00,0x00,0x78,0x00,0xFE,0x01,0x00,0x00,0x00,0x00,0x00,0x78,0x00,0xFF,0x01,0x00,0x00,0x00,0x00,0x00,0x78,0x00,0xEF,0x01,0x00,0x00,0x00,0x00,0x00,0x78,0x80,0xEF,0x01,0x00,0x00,0x00,0x00,0x00,0x78,0xC0,0xE7,0x01,0x00,0x00,0x00,0x00,0x00,0x78,0xE0,0xE3,0x01,0x00,0x00,0x00,0x00,0x00,0xF8,0xF0,0xE1,0x01,0x00,0x00,0x00,0x00,0x00,0xF8,0xF8,0xE0,0x01,0x00,0x00,0x00,0x00,0x00,0xF0,0x7F,0xE0,0x01,0x00,0x00,0x00,0x00,0x00,0xF0,0x3F,0xE0,0x01,0x00,0x00,0x00,0x00,0x00,0xE0,0x1F,0xE0,0x01,0x00,0x00,0x00,0x00,0x00,0xE0,0x0F,0xE0,0x01,0x00,0x00,0x00,0x00,0x00,0x80,0x07,0xE0,0x01,	// 178
	0x00,0x00,0x00,0x00,0x00,0x00,0x00,0x00,0x00,0x00,0x00,0x00,0x00,0x00,0x00,0x00,0x00,0x00,0x00,0x00,0x00,0x00,0x00,0x00,0x00,0x00,0x00,0x00,0x00,0x00,0x00,0x00,0x00,0x00,0x00,0x00,0x00,0x00,0x00,0x00,0x00,0x00,0x00,0x00,0x00,0x00,0x00,0x00,0x00,0x00,0x00,0x00,0x00,0x00,0x00,0x00,0x00,0x00,0x00,0x00,0x00,0x00,0x00,0x00,0x00,0x00,0x00,0x00,0x00,0x00,0x00,0x00,0x00,0x00,0x00,0xF0,0x00,0x00,0x00,0x00,0x00,0x00,0xF0,0x00,0xF0,0x00,0x00,0x00,0x00,0x00,0x00,0xF0,0x00,0xE0,0x01,0x00,0x00,0x00,0x00,0x00,0x78,0x00,0xE0,0x01,0x00,0x00,0x00,0x00,0x00,0x78,0x00,0xE0,0x01,0x00,0x00,0x00,0x00,0x00,0x78,0x78,0xE0,0x01,0x00,0x00,0x00,0x00,0x00,0x78,0x78,0xE0,0x01,0x00,0x00,0x00,0x00,0x00,0x78,0x78,0xE0,0x01,0x00,0x00,0x00,0x00,0x00,0x78,0x78,0xE0,0x01,0x00,0x00,0x00,0x00,0x00,0x78,0x78,0xE0,0x01,0x00,0x00,0x00,0x00,0x00,0x78,0x78,0xE0,0x01,0x00,0x00,0x00,0x00,0x00,0xF8,0xFC,0xF0,0x01,0x00,0x00,0x00,0x00,0x00,0xF0,0xFF,0xF1,0x01,0x00,0x00,0x00,0x00,0x00,0xF0,0xEF,0xFF,0x00,0x00,0x00,0x00,0x00,0x00,0xF0,0xCF,0xFF,0x00,0x00,0x00,0x00,0x00,0x00,0xE0,0xC7,0x7F,0x00,0x00,0x00,0x00,0x00,0x00,0xC0,0x83,0x7F,0x00,0x00,0x00,0x00,0x00,0x00,0x00,0x00,0x1F,	// 179
	0x00,0x00,0x00,0x00,0x00,0x00,0x00,0x00,0x00,0x00,0x00,0x00,0x00,0x00,0x00,0x00,0x00,0x00,0x00,0x00,0x00,0x00,0x00,0x00,0x00,0x00,0x00,0x00,0x00,0x00,0x00,0x00,0x00,0x00,0x00,0x00,0x00,0x00,0x00,0x00,0x00,0x00,0x00,0x00,0x00,0x00,0x00,0x00,0x00,0x00,0x00,0x00,0x00,0x00,0x00,0x00,0x00,0x00,0x00,0x00,0x00,0x00,0x00,0x00,0x00,0x00,0x00,0x00,0x00,0x00,0x00,0x00,0x00,0x00,0x00,0x00,0x00,0x00,0x00,0x00,0x00,0x00,0x00,0x00,0x00,0x00,0x00,0x00,0x00,0x00,0x00,0x00,0x00,0x00,0x00,0x00,0x00,0x00,0x00,0x00,0x00,0x00,0x00,0x00,0x00,0x00,0x00,0x00,0x00,0x00,0x00,0x00,0x00,0x00,0x00,0x00,0x00,0x00,0x00,0x02,0x00,0x00,0x00,0x00,0x00,0x00,0x00,0x00,0x03,0x00,0x00,0x00,0x00,0x00,0x00,0x00,0x80,0x03,0x00,0x00,0x00,0x00,0x00,0x00,0x00,0xE0,0x03,0x00,0x00,0x00,0x00,0x00,0x00,0x00,0xF0,0x03,0x00,0x00,0x00,0x00,0x00,0x00,0x00,0xF8,0x03,0x00,0x00,0x00,0x00,0x00,0x00,0x00,0xFE,0x01,0x00,0x00,0x00,0x00,0x00,0x00,0x00,0xFF,0x00,0x00,0x00,0x00,0x00,0x00,0x00,0x00,0x7F,0x00,0x00,0x00,0x00,0x00,0x00,0x00,0x00,0x3F,0x00,0x00,0x00,0x00,0x00,0x00,0x00,0x00,0x1F,0x00,0x00,0x00,0x00,0x00,0x00,0x00,0x00,0x0F,0x00,0x00,0x00,0x00,0x00,0x00,0x00,0x00,0x07,0x00,0x00,0x00,0x00,0x00,0x00,0x00,0x00,0x03,0x00,0x00,0x00,0x00,0x00,0x00,0x00,0x00,0x01,	// 180
	0x00,0x00,0x00,0x00,0x00,0x00,0x00,0x00,0x00,0x00,0x00,0x00,0x00,0x00,0x00,0x00,0x00,0x00,0x00,0x00,0x00,0x00,0x00,0x00,0x00,0x00,0x00,0x00,0x00,0x00,0x00,0x00,0x00,0x00,0x00,0x00,0x00,0x00,0xC0,0xFF,0xFF,0xFF,0xFF,0x7F,0x00,0x00,0x00,0xC0,0xFF,0xFF,0xFF,0xFF,0x7F,0x00,0x00,0x00,0xC0,0xFF,0xFF,0xFF,0xFF,0x7F,0x00,0x00,0x00,0xC0,0xFF,0xFF,0xFF,0xFF,0x7F,0x00,0x00,0x00,0xC0,0xFF,0xFF,0xFF,0xFF,0x7F,0x00,0x00,0x00,0xC0,0xFF,0xFF,0xFF,0xFF,0x7F,0x00,0x00,0x00,0xC0,0xFF,0xFF,0xFF,0xFF,0x7F,0x00,0x00,0x00,0xC0,0xFF,0xFF,0xFF,0xFF,0x7F,0x00,0x00,0x00,0x00,0x00,0x00,0xF0,0x07,0x00,0x00,0x00,0x00,0x00,0x00,0x00,0xC0,0x0F,0x00,0x00,0x00,0x00,0x00,0x00,0x00,0x80,0x1F,0x00,0x00,0x00,0x00,0x00,0x00,0x00,0x80,0x1F,0x00,0x00,0x00,0x00,0x00,0x00,0x00,0x80,0x1F,0x00,0x00,0x00,0x00,0x00,0x00,0x00,0x80,0x1F,0x00,0x00,0x00,0x00,0x00,0x00,0x00,0xC0,0x1F,0x00,0x00,0x00,0x00,0x00,0x00,0x00,0xF0,0x0F,0x00,0x00,0x00,0x00,0xC0,0xFF,0xFF,0xFF,0x07,0x00,0x00,0x00,0x00,0xC0,0xFF,0xFF,0xFF,0x01,0x00,0x00,0x00,0x00,0xC0,0xFF,0xFF,0xFF,0x07,0x00,0x00,0x00,0x00,0xC0,0xFF,0xFF,0xFF,0x0F,0x00,0x00,0x00,0x00,0xC0,0xFF,0xFF,0xFF,0x1F,0x00,0x00,0x00,0x00,0xC0,0xFF,0xFF,0xFF,0x1F,0x00,0x00,0x00,0x00,0xC0,0xFF,0xFF,0xFF,0x1F,0x00,0x00,0x00,0x00,0xC0,0xFF,0xFF,0xFF,0x1F,0x00,0x00,0x00,0x00,0x00,0x00,0x00,0xC0,0x1F,0x00,0x00,0x00,0x00,0x00,0x00,0x00,0x80,0x1F,0x00,0x00,0x00,0x00,0x00,0x00,0x00,0x80,0x0F,	// 181
	0x00,0x00,0x00,0x00,0x00,0x00,0x00,0x00,0x00,0x00,0x00,0x00,0x00,0x00,0x00,0x00,0x00,0x00,0x00,0x00,0xF0,0x07,0x00,0x00,0x00,0x00,0x00,0x00,0x00,0xFC,0x1F,0x00,0x00,0x00,0x00,0x00,0x00,0x00,0xFF,0x3F,0x00,0x00,0x00,0x00,0x00,0x00,0x80,0xFF,0x7F,0x00,0x00,0x00,0x00,0x00,0x00,0xC0,0xFF,0xFF,0x00,0x00,0x00,0x00,0x00,0x00,0xC0,0xFF,0xFF,0x01,0x00,0x00,0x00,0x00,0x00,0xE0,0xFF,0xFF,0x01,0x00,0x00,0x00,0x00,0x00,0xE0,0xFF,0xFF,0x03,0x00,0x00,0x00,0x00,0x00,0xE0,0xFF,0xFF,0x03,0x00,0x00,0x00,0x00,0x00,0xF0,0xFF,0xFF,0x03,0x00,0x00,0x00,0x00,0x00,0xF0,0xFF,0xFF,0x03,0x00,0x00,0x00,0x00,0x00,0xF0,0xFF,0xFF,0x03,0x00,0x00,0x00,0x00,0x00,0xF0,0xFF,0xFF,0xFF,0xFF,0xFF,0x01,0x00,0x00,0xF0,0xFF,0xFF,0xFF,0xFF,0xFF,0x01,0x00,0x00,0xF0,0xFF,0xFF,0xFF,0xFF,0xFF,0x01,0x00,0x00,0xF0,0xFF,0xFF,0xFF,0xFF,0xFF,0x01,0x00,0x00,0xF0,0xFF,0xFF,0xFF,0xFF,0xFF,0x01,0x00,0x00,0xF0,0x00,0x00,0x00,0x00,0x00,0x00,0x00,0x00,0xF0,0x00,0x00,0x00,0x00,0x00,0x00,0x00,0x00,0xF0,0x00,0x00,0x00,0x00,0x00,0x00,0x00,0x00,0xF0,0x00,0x00,0x00,0x00,0x00,0x00,0x00,0x00,0xF0,0x00,0x00,0x00,0x00,0x00,0x00,0x00,0x00,0xF0,0xFF,0xFF,0xFF,0xFF,0xFF,0x01,0x00,0x00,0xF0,0xFF,0xFF,0xFF,0xFF,0xFF,0x01,0x00,0x00,0xF0,0xFF,0xFF,0xFF,0xFF,0xFF,0x01,0x00,0x00,0xF0,0xFF,0xFF,0xFF,0xFF,0xFF,0x01,0x00,0x00,0xF0,0xFF,0xFF,0xFF,0xFF,0xFF,0x01,	// 182
	0x00,0x00,0x00,0x00,0x00,0x00,0x00,0x00,0x00,0x00,0x00,0x00,0x00,0x00,0x00,0x00,0x00,0x00,0x00,0x00,0x00,0x00,0x00,0x00,0x00,0x00,0x00,0x00,0x00,0x00,0x00,0x00,0x00,0x00,0x00,0x00,0x00,0x00,0x00,0x00,0x00,0x00,0x00,0x00,0x00,0x00,0x00,0x00,0x00,0x00,0x00,0x00,0x00,0x00,0x00,0x00,0x00,0x00,0x00,0x00,0x00,0x00,0x00,0x00,0x00,0x00,0x00,0x00,0x00,0x00,0x00,0x00,0x00,0x00,0x00,0x00,0x00,0x00,0x00,0x00,0x00,0x00,0x00,0x00,0x00,0x00,0x00,0x00,0x00,0x00,0x00,0x00,0x00,0x00,0x00,0x00,0x00,0x00,0x00,0x00,0x00,0x00,0x00,0x00,0x00,0x00,0x00,0x00,0x00,0x00,0x00,0xF0,0x3F,0x00,0x00,0x00,0x00,0x00,0x00,0x00,0xF0,0x3F,0x00,0x00,0x00,0x00,0x00,0x00,0x00,0xF0,0x3F,0x00,0x00,0x00,0x00,0x00,0x00,0x00,0xF0,0x3F,0x00,0x00,0x00,0x00,0x00,0x00,0x00,0xF0,0x3F,0x00,0x00,0x00,0x00,0x00,0x00,0x00,0xF0,0x3F,0x00,0x00,0x00,0x00,0x00,0x00,0x00,0xF0,0x3F,0x00,0x00,0x00,0x00,0x00,0x00,0x00,0xF0,0x3F,0x00,0x00,0x00,0x00,0x00,0x00,0x00,0xF0,0x3F,	// 183
	0x00,0x00,0x00,0x00,0x00,0x00,0x00,0x00,0x00,0x00,0x00,0x00,0x00,0x00,0x00,0x00,0x00,0x00,0x00,0x00,0x00,0x00,0x00,0x00,0x00,0x00,0x00,0x00,0x00,0x00,0x00,0x00,0x00,0x00,0x00,0x00,0x00,0x00,0x00,0x00,0x00,0x00,0x00,0x00,0x00,0x00,0x00,0x00,0x00,0x00,0x00,0x00,0x00,0x00,0x00,0x00,0x00,0x00,0x00,0x00,0x00,0x00,0x00,0x00,0x00,0x00,0x00,0x00,0x00,0x00,0x00,0x00,0x00,0x00,0x00,0x00,0x00,0x00,0x00,0x00,0x00,0x00,0x00,0x00,0x00,0x00,0x00,0x00,0x00,0x00,0x00,0x00,0x00,0x00,0x00,0x00,0x00,0x3C,0x00,0x00,0x00,0x00,0x00,0x00,0x00,0x00,0x7C,0x00,0x00,0x00,0x00,0x00,0x00,0x00,0x00,0x78,0x00,0x00,0x00,0x00,0x00,0x00,0x00,0x00,0x78,0x00,0x00,0x00,0x00,0x00,0x00,0x00,0x00,0x78,0x00,0x00,0x00,0x00,0x00,0x00,0x00,0x10,0x78,0x00,0x00,0x00,0x00,0x00,0x00,0x00,0x30,0x78,0x00,0x00,0x00,0x00,0x00,0x00,0x00,0x70,0x7C,0x00,0x00,0x00,0x00,0x00,0x00,0x00,0xF0,0x7F,0x00,0x00,0x00,0x00,0x00,0x00,0x00,0xE0,0x3F,0x00,0x00,0x00,0x00,0x00,0x00,0x00,0xC0,0x3F,0x00,0x00,0x00,0x00,0x00,0x00,0x00,0x00,0x0F,	// 184
	0x00,0x00,0x00,0x00,0x00,0x00,0x00,0x00,0x00,0x00,0x00,0x00,0x00,0x00,0x00,0x00,0x00,0x00,0x00,0x00,0x00,0x00,0x00,0x00,0x00,0x00,0x00,0x00,0x00,0x00,0x00,0x00,0x00,0x00,0x00,0x00,0x00,0x00,0x00,0x00,0x00,0x00,0x00,0x00,0x00,0x00,0x00,0x00,0x00,0x00,0x00,0x00,0x00,0x00,0x00,0x00,0x00,0x00,0x00,0x00,0x00,0x00,0x00,0x00,0x00,0x00,0x00,0x00,0x00,0x00,0x00,0x00,0x00,0xF0,0x00,0xE0,0x01,0x00,0x00,0x00,0x00,0x00,0xF0,0x00,0xE0,0x01,0x00,0x00,0x00,0x00,0x00,0xF0,0x00,0xE0,0x01,0x00,0x00,0x00,0x00,0x00,0x78,0x00,0xE0,0x01,0x00,0x00,0x00,0x00,0x00,0x78,0x00,0xE0,0x01,0x00,0x00,0x00,0x00,0x00,0x78,0x00,0xE0,0x01,0x00,0x00,0x00,0x00,0x00,0xF8,0xFF,0xFF,0x01,0x00,0x00,0x00,0x00,0x00,0xF8,0xFF,0xFF,0x01,0x00,0x00,0x00,0x00,0x00,0xF8,0xFF,0xFF,0x01,0x00,0x00,0x00,0x00,0x00,0xF8,0xFF,0xFF,0x01,0x00,0x00,0x00,0x00,0x00,0xF8,0xFF,0xFF,0x01,0x00,0x00,0x00,0x00,0x00,0x00,0x00,0xE0,0x01,0x00,0x00,0x00,0x00,0x00,0x00,0x00,0xE0,0x01,0x00,0x00,0x00,0x00,0x00,0x00,0x00,0xE0,0x01,0x00,0x00,0x00,0x00,0x00,0x00,0x00,0xE0,0x01,0x00,0x00,0x00,0x00,0x00,0x00,0x00,0xE0,0x01,0x00,0x00,0x00,0x00,0x00,0x00,0x00,0xE0,0x01,	// 185
	0x00,0x00,0x00,0x00,0x00,0x00,0x00,0x00,0x00,0x00,0x00,0x00,0x00,0x00,0x00,0x00,0x00,0x00,0x00,0x00,0x00,0x00,0x00,0x00,0x00,0x00,0x00,0x00,0x00,0x00,0x00,0x00,0x00,0x00,0x00,0x00,0x00,0x00,0x00,0x00,0x00,0x00,0x00,0x00,0x00,0x00,0x00,0x00,0x00,0x00,0x00,0x00,0x00,0x00,0x00,0x00,0x00,0x00,0x00,0x00,0x00,0x00,0x00,0x00,0x00,0xFC,0x03,0x00,0x00,0x00,0x00,0x00,0x00,0x80,0xFF,0x1F,0xF0,0x01,0x00,0x00,0x00,0x00,0xC0,0xFF,0x3F,0xF0,0x01,0x00,0x00,0x00,0x00,0xE0,0xFF,0x7F,0xF0,0x01,0x00,0x00,0x00,0x00,0xF0,0xFF,0xFF,0xF0,0x01,0x00,0x00,0x00,0x00,0xF0,0xFF,0xFF,0xF0,0x01,0x00,0x00,0x00,0x00,0xF8,0x07,0xFE,0xF1,0x01,0x00,0x00,0x00,0x00,0xF8,0x01,0xF8,0xF1,0x01,0x00,0x00,0x00,0x00,0xF8,0x00,0xF0,0xF1,0x01,0x00,0x00,0x00,0x00,0xF8,0x00,0xF0,0xF1,0x01,0x00,0x00,0x00,0x00,0xF8,0x00,0xF0,0xF1,0x01,0x00,0x00,0x00,0x00,0xF8,0x01,0xF8,0xF1,0x01,0x00,0x00,0x00,0x00,0xF8,0x07,0xFE,0xF1,0x01,0x00,0x00,0x00,0x00,0xF0,0xFF,0xFF,0xF0,0x01,0x00,0x00,0x00,0x00,0xF0,0xFF,0xFF,0xF0,0x01,0x00,0x00,0x00,0x00,0xE0,0xFF,0x7F,0xF0,0x01,0x00,0x00,0x00,0x00,0xC0,0xFF,0x3F,0xF0,0x01,0x00,0x00,0x00,0x00,0x00,0xFF,0x1F,0xF0,0x01,0x00,0x00,0x00,0x00,0x00,0xFC,0x03,	// 186
	0x00,0x00,0x00,0x00,0x00,0x00,0x00,0x00,0x00,0x00,0x00,0x00,0x00,0x00,0x00,0x00,0x00,0x00,0x00,0x00,0x00,0x00,0x00,0x00,0x00,0x00,0x00,0x00,0x00,0x00,0x00,0x00,0x00,0x00,0x00,0x00,0x00,0x00,0x00,0x00,0x00,0x00,0x00,0x00,0x00,0x00,0x00,0x00,0x7F,0x00,0xFC,0x01,0x00,0x00,0x00,0x00,0x00,0xFE,0x00,0xFE,0x00,0x00,0x00,0x00,0x00,0x00,0xFC,0x00,0x7E,0x00,0x00,0x00,0x00,0x00,0x00,0xF8,0x01,0x3F,0x00,0x00,0x00,0x00,0x00,0x00,0xF0,0x83,0x1F,0x00,0x00,0x00,0x00,0x00,0x00,0xE0,0xC7,0x0F,0x00,0x00,0x00,0x00,0x00,0x00,0xE0,0xC7,0x0F,0x00,0x00,0x00,0x00,0x00,0x00,0xC0,0xEF,0x07,0x00,0x00,0x00,0x00,0x00,0x00,0x80,0xFF,0x03,0x00,0x00,0x00,0x00,0x00,0x00,0x00,0xFF,0x01,0x00,0x00,0x00,0x00,0x00,0x00,0x00,0xFE,0x00,0x00,0x00,0x00,0x00,0x00,0x00,0x00,0xFE,0x00,0x00,0x00,0x00,0x00,0x00,0x00,0x00,0x7C,0x00,0x00,0x00,0x00,0x00,0x00,0x00,0x7F,0x00,0xFC,0x01,0x00,0x00,0x00,0x00,0x00,0xFE,0x00,0xFE,0x00,0x00,0x00,0x00,0x00,0x00,0xFC,0x01,0x7F,0x00,0x00,0x00,0x00,0x00,0x00,0xF8,0x01,0x3F,0x00,0x00,0x00,0x00,0x00,0x00,0xF0,0x83,0x1F,0x00,0x00,0x00,0x00,0x00,0x00,0xE0,0xC7,0x0F,0x00,0x00,0x00,0x00,0x00,0x00,0xE0,0xEF,0x0F,0x00,0x00,0x00,0x00,0x00,0x00,0xC0,0xFF,0x07,0x00,0x00,0x00,0x00,0x00,0x00,0x80,0xFF,0x03,0x00,0x00,0x00,0x00,0x00,0x00,0x00,0xFF,0x01,0x00,0x00,0x00,0x00,0x00,0x00,0x00,0xFE,0x00,0x00,0x00,0x00,0x00,0x00,0x00,0x00,0xFE,0x00,0x00,0x00,0x00,0x00,0x00,0x00,0x00,0x7C,	// 187
	0x00,0x00,0x00,0x00,0x00,0x00,0x00,0x00,0x00,0x00,0x0F,0x00,0x1E,0x30,0x00,0x00,0x00,0x00,0x00,0x0F,0x00,0x1E,0x70,0x00,0x00,0x00,0x00,0x00,0x0F,0x00,0x1E,0x78,0x00,0x00,0x00,0x00,0x80,0x07,0x00,0x1E,0x38,0x00,0x00,0x00,0x00,0x80,0x07,0x00,0x1E,0x38,0x00,0x00,0x00,0x00,0x80,0x07,0x00,0x1E,0x38,0x00,0x00,0x00,0x00,0x80,0xFF,0xFF,0x1F,0x3C,0x00,0x00,0x00,0x00,0x80,0xFF,0xFF,0x1F,0x1C,0x00,0x00,0x00,0x00,0x80,0xFF,0xFF,0x1F,0x1C,0x00,0x00,0x00,0x00,0x80,0xFF,0xFF,0x1F,0x1C,0x00,0x00,0x00,0x00,0x80,0xFF,0xFF,0x1F,0x1E,0x00,0x1F,0x00,0x00,0x00,0x00,0x00,0x1E,0x0E,0x80,0x1F,0x00,0x00,0x00,0x00,0x00,0x1E,0x0E,0xC0,0x1F,0x00,0x00,0x00,0x00,0x00,0x1E,0x0E,0xF0,0x1F,0x00,0x00,0x00,0x00,0x00,0x1E,0x0F,0xF8,0x1E,0x00,0x00,0x00,0x00,0x00,0x1E,0x07,0x7C,0x1E,0x00,0x00,0x00,0x00,0x00,0x1E,0x07,0x3E,0x1E,0x00,0x00,0x00,0x00,0x00,0x00,0x07,0x1F,0x1E,0x00,0x00,0x00,0x00,0x00,0x80,0xC7,0x0F,0x1E,0x00,0x00,0x00,0x00,0x00,0x80,0xE3,0x03,0x1E,0x00,0x00,0x00,0x00,0x00,0x80,0xF3,0x01,0x1E,0x00,0x00,0x00,0x00,0x00,0x80,0xF3,0xFF,0xFF,0x03,0x00,0x00,0x00,0x00,0xC0,0xF3,0xFF,0xFF,0x03,0x00,0x00,0x00,0x00,0xC0,0xF1,0xFF,0xFF,0x03,0x00,0x00,0x00,0x00,0xC0,0xF1,0xFF,0xFF,0x03,0x00,0x00,0x00,0x00,0xC0,0xF1,0xFF,0xFF,0x03,0x00,0x00,0x00,0x00,0xE0,0x01,0x00,0x1E,0x00,0x00,0x00,0x00,0x00,0xE0,0x00,0x00,0x1E,0x00,0x00,0x00,0x00,0x00,0xC0,0x00,0x00,0x1E,	// 188
	0x00,0x00,0x00,0x00,0x00,0x00,0x00,0x00,0x00,0x00,0x0F,0x00,0x1E,0x30,0x00,0x00,0x00,0x00,0x00,0x0F,0x00,0x1E,0x70,0x00,0x00,0x00,0x00,0x00,0x0F,0x00,0x1E,0x78,0x00,0x00,0x00,0x00,0x80,0x07,0x00,0x1E,0x38,0x00,0x00,0x00,0x00,0x80,0x07,0x00,0x1E,0x38,0x00,0x00,0x00,0x00,0x80,0x07,0x00,0x1E,0x38,0x00,0x00,0x00,0x00,0x80,0xFF,0xFF,0x1F,0x3C,0x00,0x00,0x00,0x00,0x80,0xFF,0xFF,0x1F,0x1C,0x00,0x00,0x00,0x00,0x80,0xFF,0xFF,0x1F,0x1C,0x00,0x00,0x00,0x00,0x80,0xFF,0xFF,0x1F,0x1C,0x00,0x00,0x00,0x00,0x80,0xFF,0xFF,0x1F,0x1E,0x00,0x00,0x00,0x00,0x00,0x00,0x00,0x1E,0x0E,0x00,0xC0,0x03,0x00,0x00,0x00,0x00,0x1E,0xEE,0x01,0xE0,0x03,0x00,0x00,0x00,0x00,0x1E,0xEE,0x01,0xF0,0x03,0x00,0x00,0x00,0x00,0x1E,0xFF,0x01,0xF0,0x03,0x00,0x00,0x00,0x00,0x1E,0xF7,0x00,0xF8,0x03,0x00,0x00,0x00,0x00,0x1E,0xF7,0x00,0xFC,0x03,0x00,0x00,0x00,0x00,0x00,0xF7,0x00,0xFE,0x03,0x00,0x00,0x00,0x00,0x80,0xF7,0x00,0xDE,0x03,0x00,0x00,0x00,0x00,0x80,0xF3,0x00,0xDF,0x03,0x00,0x00,0x00,0x00,0x80,0xF3,0x80,0xCF,0x03,0x00,0x00,0x00,0x00,0x80,0xF3,0xC0,0xC7,0x03,0x00,0x00,0x00,0x00,0xC0,0xF3,0xE1,0xC3,0x03,0x00,0x00,0x00,0x00,0xC0,0xF1,0xF1,0xC1,0x03,0x00,0x00,0x00,0x00,0xC0,0xE1,0xFF,0xC0,0x03,0x00,0x00,0x00,0x00,0xC0,0xE1,0x7F,0xC0,0x03,0x00,0x00,0x00,0x00,0xE0,0xC1,0x3F,0xC0,0x03,0x00,0x00,0x00,0x00,0xE0,0xC0,0x1F,0xC0,0x03,0x00,0x00,0x00,0x00,0xC0,0x00,0x0F,0xC0,0x03,	// 189
	0x00,0x00,0x00,0x00,0x00,0x00,0x00,0x00,0x00,0x00,0x00,0x00,0x00,0x30,0x00,0x00,0x00,0x00,0x00,0x00,0x00,0x0F,0x70,0x00,0x00,0x00,0x00,0x00,0x0F,0x00,0x0F,0x78,0x00,0x00,0x00,0x00,0x00,0x0F,0x00,0x1E,0x38,0x00,0x00,0x00,0x00,0x80,0x07,0x00,0x1E,0x38,0x00,0x00,0x00,0x00,0x80,0x07,0x00,0x1E,0x38,0x00,0x00,0x00,0x00,0x80,0x87,0x07,0x1E,0x3C,0x00,0x00,0x00,0x00,0x80,0x87,0x07,0x1E,0x1C,0x00,0x00,0x00,0x00,0x80,0x87,0x07,0x1E,0x1C,0x00,0x00,0x00,0x00,0x80,0x87,0x07,0x1E,0x1C,0x00,0x00,0x00,0x00,0x80,0x87,0x07,0x1E,0x1E,0x00,0x1F,0x00,0x00,0x80,0x87,0x07,0x1E,0x0E,0x80,0x1F,0x00,0x00,0x80,0xCF,0x0F,0x1F,0x0E,0xC0,0x1F,0x00,0x00,0x00,0xFF,0x1F,0x1F,0x0E,0xF0,0x1F,0x00,0x00,0x00,0xFF,0xFE,0x0F,0x0F,0xF8,0x1E,0x00,0x00,0x00,0xFF,0xFC,0x0F,0x07,0x7C,0x1E,0x00,0x00,0x00,0x7E,0xFC,0x07,0x07,0x3E,0x1E,0x00,0x00,0x00,0x3C,0xF8,0x07,0x07,0x1F,0x1E,0x00,0x00,0x00,0x00,0xF0,0x81,0xC7,0x0F,0x1E,0x00,0x00,0x00,0x00,0x00,0x80,0xE3,0x03,0x1E,0x00,0x00,0x00,0x00,0x00,0x80,0xF3,0x01,0x1E,0x00,0x00,0x00,0x00,0x00,0x80,0xF3,0xFF,0xFF,0x03,0x00,0x00,0x00,0x00,0xC0,0xF3,0xFF,0xFF,0x03,0x00,0x00,0x00,0x00,0xC0,0xF1,0xFF,0xFF,0x03,0x00,0x00,0x00,0x00,0xC0,0xF1,0xFF,0xFF,0x03,0x00,0x00,0x00,0x00,0xC0,0xF1,0xFF,0xFF,0x03,0x00,0x00,0x00,0x00,0xE0,0x01,0x00,0x1E,0x00,0x00,0x00,0x00,0x00,0xE0,0x00,0x00,0x1E,0x00,0x00,0x00,0x00,0x00,0xC0,0x00,0x00,0x1E,	// 190
	0x00,0x00,0x00,0x00,0x00,0x00,0x00,0x00,0x00,0x00,0x00,0x00,0x00,0x00,0x00,0x00,0x00,0x00,0x00,0x00,0x00,0x00,0x00,0x00,0x00,0x00,0x00,0x00,0x00,0x00,0x00,0x00,0x00,0x00,0x00,0x00,0x00,0x00,0x00,0x00,0x00,0x00,0x00,0x00,0x00,0x00,0x00,0x00,0x00,0x00,0x00,0xF8,0x01,0x00,0x00,0x00,0x00,0x00,0x00,0x00,0xFE,0x07,0x00,0x00,0x00,0x00,0x00,0x00,0x00,0xFF,0x0F,0x00,0x00,0x00,0x00,0x00,0x00,0x80,0xFF,0x1F,0x00,0x00,0x00,0x00,0x00,0x00,0xC0,0xFF,0x3F,0x00,0x00,0x00,0x00,0x00,0x00,0xE0,0xFF,0x3F,0x00,0x00,0x00,0x00,0x00,0x00,0xF0,0xFF,0x3F,0x00,0x00,0x00,0x00,0x00,0x00,0xF8,0xFF,0x7F,0x00,0x00,0x00,0x00,0x00,0x00,0xFE,0x87,0x7F,0x00,0x00,0x00,0xC0,0x3F,0xFE,0xFF,0x01,0x7F,0x00,0x00,0x00,0xC0,0x3F,0xFE,0xFF,0x00,0x7E,0x00,0x00,0x00,0xC0,0x3F,0xFE,0x7F,0x00,0x7E,0x00,0x00,0x00,0xC0,0x3F,0xFE,0x3F,0x00,0x7E,0x00,0x00,0x00,0xC0,0x3F,0xFE,0x0F,0x00,0x7E,0x00,0x00,0x00,0xC0,0x3F,0xFE,0x07,0x00,0x7E,0x00,0x00,0x00,0xC0,0x3F,0xFE,0x01,0x00,0x7E,0x00,0x00,0x00,0x00,0x00,0x00,0x00,0x00,0x3F,0x00,0x00,0x00,0x00,0x00,0x00,0x00,0x00,0x3F,0x00,0x00,0x00,0x00,0x00,0x00,0x00,0x80,0x3F,0x00,0x00,0x00,0x00,0x00,0x00,0x00,0x80,0x1F,0x00,0x00,0x00,0x00,0x00,0x00,0x00,0xC0,0x1F,0x00,0x00,0x00,0x00,0x00,0x00,0x00,0xE0,0x0F,	// 191
	0x00,0x00,0x00,0x00,0x00,0x00,0x00,0x00,0x00,0x00,0x00,0x00,0x00,0x00,0x00,0x0C,0x00,0x00,0x00,0x00,0x00,0x00,0x00,0xC0,0x0F,0x00,0x00,0x00,0x00,0x00,0x00,0x00,0xF8,0x0F,0x00,0x00,0x00,0x00,0x00,0x00,0x80,0xFF,0x0F,0x00,0x00,0x00,0x00,0x00,0x00,0xF8,0xFF,0x0F,0x00,0x00,0x00,0x00,0x00,0x80,0xFF,0xFF,0x0F,0x00,0x00,0x00,0x00,0x00,0xF0,0xFF,0xFF,0x0F,0x00,0x00,0x00,0x00,0x00,0xFF,0xFF,0xFF,0x0F,0x00,0x00,0x02,0x00,0xF0,0xFF,0xFF,0xFF,0x01,0x00,0x00,0x06,0x00,0xFF,0xFF,0xFF,0x1F,0x00,0x00,0x00,0x0E,0xE0,0xFF,0xFF,0xFF,0x03,0x00,0x00,0x00,0x1E,0xF0,0xFF,0xFF,0xFF,0x03,0x00,0x00,0x00,0x3E,0xF0,0xFF,0xFF,0xF1,0x03,0x00,0x00,0x00,0x7E,0xF0,0xFF,0x0F,0xF0,0x03,0x00,0x00,0x00,0xFE,0xF0,0xFF,0x00,0xF0,0x03,0x00,0x00,0x00,0xFC,0xF0,0x07,0x00,0xF0,0x03,0x00,0x00,0x00,0xF8,0xF0,0xFF,0x00,0xF0,0x03,0x00,0x00,0x00,0xE0,0xF0,0xFF,0x0F,0xF0,0x03,0x00,0x00,0x00,0xC0,0xF0,0xFF,0xFF,0xF1,0x03,0x00,0x00,0x00,0x80,0xF0,0xFF,0xFF,0xFF,0x03,0x00,0x00,0x00,0x00,0xE0,0xFF,0xFF,0xFF,0x03,0x00,0x00,0x00,0x00,0x00,0xFF,0xFF,0xFF,0x1F,0x00,0x00,0x00,0x00,0x00,0xF0,0xFF,0xFF,0xFF,0x01,0x00,0x00,0x00,0x00,0x00,0xFF,0xFF,0xFF,0x0F,0x00,0x00,0x00,0x00,0x00,0xF0,0xFF,0xFF,0x0F,0x00,0x00,0x00,0x00,0x00,0x80,0xFF,0xFF,0x0F,0x00,0x00,0x00,0x00,0x00,0x00,0xF8,0xFF,0x0F,0x00,0x00,0x00,0x00,0x00,0x00,0x80,0xFF,0x0F,0x00,0x00,0x00,0x00,0x00,0x00,0x00,0xF8,0x0F,0x00,0x00,0x00,0x00,0x00,0x00,0x00,0xC0,0x0F,0x00,0x00,0x00,0x00,0x00,0x00,0x00,0x00,0x0C,	// 192
	0x00,0x00,0x00,0x00,0x00,0x00,0x00,0x00,0x00,0x00,0x00,0x00,0x00,0x00,0x00,0x0C,0x00,0x00,0x00,0x00,0x00,0x00,0x00,0xC0,0x0F,0x00,0x00,0x00,0x00,0x00,0x00,0x00,0xF8,0x0F,0x00,0x00,0x00,0x00,0x00,0x00,0x80,0xFF,0x0F,0x00,0x00,0x00,0x00,0x00,0x00,0xF8,0xFF,0x0F,0x00,0x00,0x00,0x00,0x00,0x80,0xFF,0xFF,0x0F,0x00,0x00,0x00,0x00,0x00,0xF0,0xFF,0xFF,0x0F,0x00,0x00,0x00,0x00,0x00,0xFF,0xFF,0xFF,0x0F,0x00,0x00,0x00,0x00,0xF0,0xFF,0xFF,0xFF,0x01,0x00,0x00,0x00,0x00,0xFF,0xFF,0xFF,0x1F,0x00,0x00,0x00,0x00,0xE0,0xFF,0xFF,0xFF,0x03,0x00,0x00,0x00,0x00,0xF0,0xFF,0xFF,0xFF,0x03,0x00,0x00,0x00,0x80,0xF0,0xFF,0xFF,0xF1,0x03,0x00,0x00,0x00,0xC0,0xF0,0xFF,0x0F,0xF0,0x03,0x00,0x00,0x00,0xE0,0xF0,0xFF,0x00,0xF0,0x03,0x00,0x00,0x00,0xF8,0xF0,0x07,0x00,0xF0,0x03,0x00,0x00,0x00,0xFC,0xF0,0xFF,0x00,0xF0,0x03,0x00,0x00,0x00,0xFE,0xF0,0xFF,0x0F,0xF0,0x03,0x00,0x00,0x00,0x7E,0xF0,0xFF,0xFF,0xF1,0x03,0x00,0x00,0x00,0x3E,0xF0,0xFF,0xFF,0xFF,0x03,0x00,0x00,0x00,0x1E,0xE0,0xFF,0xFF,0xFF,0x03,0x00,0x00,0x00,0x0E,0x00,0xFF,0xFF,0xFF,0x1F,0x00,0x00,0x00,0x06,0x00,0xF0,0xFF,0xFF,0xFF,0x01,0x00,0x00,0x02,0x00,0x00,0xFF,0xFF,0xFF,0x0F,0x00,0x00,0x00,0x00,0x00,0xF0,0xFF,0xFF,0x0F,0x00,0x00,0x00,0x00,0x00,0x80,0xFF,0xFF,0x0F,0x00,0x00,0x00,0x00,0x00,0x00,0xF8,0xFF,0x0F,0x00,0x00,0x00,0x00,0x00,0x00,0x80,0xFF,0x0F,0x00,0x00,0x00,0x00,0x00,0x00,0x00,0xF8,0x0F,0x00,0x00,0x00,0x00,0x00,0x00,0x00,0xC0,0x0F,0x00,0x00,0x00,0x00,0x00,0x00,0x00,0x00,0x0C,	// 193
	0x00,0x00,0x00,0x00,0x00,0x00,0x00,0x00,0x00,0x00,0x00,0x00,0x00,0x00,0x00,0x0C,0x00,0x00,0x00,0x00,0x00,0x00,0x00,0xC0,0x0F,0x00,0x00,0x00,0x00,0x00,0x00,0x00,0xF8,0x0F,0x00,0x00,0x00,0x00,0x00,0x00,0x80,0xFF,0x0F,0x00,0x00,0x00,0x00,0x00,0x00,0xF8,0xFF,0x0F,0x00,0x00,0x00,0x00,0x00,0x80,0xFF,0xFF,0x0F,0x00,0x00,0x80,0x00,0x00,0xF0,0xFF,0xFF,0x0F,0x00,0x00,0xC0,0x00,0x00,0xFF,0xFF,0xFF,0x0F,0x00,0x00,0xE0,0x00,0xF0,0xFF,0xFF,0xFF,0x01,0x00,0x00,0xF0,0x00,0xFF,0xFF,0xFF,0x1F,0x00,0x00,0x00,0xFC,0xE0,0xFF,0xFF,0xFF,0x03,0x00,0x00,0x00,0x7E,0xF0,0xFF,0xFF,0xFF,0x03,0x00,0x00,0x00,0x3E,0xF0,0xFF,0xFF,0xF1,0x03,0x00,0x00,0x00,0x1E,0xF0,0xFF,0x0F,0xF0,0x03,0x00,0x00,0x00,0x1E,0xF0,0xFF,0x00,0xF0,0x03,0x00,0x00,0x00,0x0E,0xF0,0x07,0x00,0xF0,0x03,0x00,0x00,0x00,0x1E,0xF0,0xFF,0x00,0xF0,0x03,0x00,0x00,0x00,0x1E,0xF0,0xFF,0x0F,0xF0,0x03,0x00,0x00,0x00,0x3E,0xF0,0xFF,0xFF,0xF1,0x03,0x00,0x00,0x00,0x7E,0xF0,0xFF,0xFF,0xFF,0x03,0x00,0x00,0x00,0xFC,0xE0,0xFF,0xFF,0xFF,0x03,0x00,0x00,0x00,0xF0,0x00,0xFF,0xFF,0xFF,0x1F,0x00,0x00,0x00,0xE0,0x00,0xF0,0xFF,0xFF,0xFF,0x01,0x00,0x00,0xC0,0x00,0x00,0xFF,0xFF,0xFF,0x0F,0x00,0x00,0x80,0x00,0x00,0xF0,0xFF,0xFF,0x0F,0x00,0x00,0x00,0x00,0x00,0x80,0xFF,0xFF,0x0F,0x00,0x00,0x00,0x00,0x00,0x00,0xF8,0xFF,0x0F,0x00,0x00,0x00,0x00,0x00,0x00,0x80,0xFF,0x0F,0x00,0x00,0x00,0x00,0x00,0x00,0x00,0xF8,0x0F,0x00,0x00,0x00,0x00,0x00,0x00,0x00,0xC0,0x0F,0x00,0x00,0x00,0x00,0x00,0x00,0x00,0x00,0x0C,	// 194
	0x00,0x00,0x00,0x00,0x00,0x00,0x00,0x00,0x00,0x00,0x00,0x00,0x00,0x00,0x00,0x0C,0x00,0x00,0x00,0x00,0x00,0x00,0x00,0xC0,0x0F,0x00,0x00,0x00,0x00,0x00,0x00,0x00,0xF8,0x0F,0x00,0x00,0x00,0x00,0x00,0x00,0x80,0xFF,0x0F,0x00,0x00,0x00,0x00,0x00,0x00,0xF8,0xFF,0x0F,0x00,0x00,0x00,0x00,0x00,0x80,0xFF,0xFF,0x0F,0x00,0x00,0xF0,0x00,0x00,0xF0,0xFF,0xFF,0x0F,0x00,0x00,0xF8,0x00,0x00,0xFF,0xFF,0xFF,0x0F,0x00,0x00,0xFC,0x00,0xF0,0xFF,0xFF,0xFF,0x01,0x00,0x00,0xFE,0x00,0xFF,0xFF,0xFF,0x1F,0x00,0x00,0x00,0x3E,0xE0,0xFF,0xFF,0xFF,0x03,0x00,0x00,0x00,0x1E,0xF0,0xFF,0xFF,0xFF,0x03,0x00,0x00,0x00,0x1E,0xF0,0xFF,0xFF,0xF1,0x03,0x00,0x00,0x00,0x3E,0xF0,0xFF,0x0F,0xF0,0x03,0x00,0x00,0x00,0x3C,0xF0,0xFF,0x00,0xF0,0x03,0x00,0x00,0x00,0x7C,0xF0,0x07,0x00,0xF0,0x03,0x00,0x00,0x00,0x78,0xF0,0xFF,0x00,0xF0,0x03,0x00,0x00,0x00,0xF0,0xF0,0xFF,0x0F,0xF0,0x03,0x00,0x00,0x00,0xF0,0xF0,0xFF,0xFF,0xF1,0x03,0x00,0x00,0x00,0xF0,0xF0,0xFF,0xFF,0xFF,0x03,0x00,0x00,0x00,0xF8,0xE0,0xFF,0xFF,0xFF,0x03,0x00,0x00,0x00,0xFE,0x00,0xFF,0xFF,0xFF,0x1F,0x00,0x00,0x00,0x7E,0x00,0xF0,0xFF,0xFF,0xFF,0x01,0x00,0x00,0x3E,0x00,0x00,0xFF,0xFF,0xFF,0x0F,0x00,0x00,0x1E,0x00,0x00,0xF0,0xFF,0xFF,0x0F,0x00,0x00,0x00,0x00,0x00,0x80,0xFF,0xFF,0x0F,0x00,0x00,0x00,0x00,0x00,0x00,0xF8,0xFF,0x0F,0x00,0x00,0x00,0x00,0x00,0x00,0x80,0xFF,0x0F,0x00,0x00,0x00,0x00,0x00,0x00,0x00,0xF8,0x0F,0x00,0x00,0x00,0x00,0x00,0x00,0x00,0xC0,0x0F,0x00,0x00,0x00,0x00,0x00,0x00,0x00,0x00,0x0C,	// 195
	0x00,0x00,0x00,0x00,0x00,0x00,0x00,0x00,0x00,0x00,0x00,0x00,0x00,0x00,0x00,0x0C,0x00,0x00,0x00,0x00,0x00,0x00,0x00,0xC0,0x0F,0x00,0x00,0x00,0x00,0x00,0x00,0x00,0xF8,0x0F,0x00,0x00,0x00,0x00,0x00,0x00,0x80,0xFF,0x0F,0x00,0x00,0x00,0x00,0x00,0x00,0xF8,0xFF,0x0F,0x00,0x00,0x00,0x00,0x00,0x80,0xFF,0xFF,0x0F,0x00,0x00,0x00,0x00,0x00,0xF0,0xFF,0xFF,0x0F,0x00,0x00,0x00,0x00,0x00,0xFF,0xFF,0xFF,0x0F,0x00,0x00,0xFE,0x00,0xF0,0xFF,0xFF,0xFF,0x01,0x00,0x00,0xFE,0x00,0xFF,0xFF,0xFF,0x1F,0x00,0x00,0x00,0xFE,0xE0,0xFF,0xFF,0xFF,0x03,0x00,0x00,0x00,0xFE,0xF0,0xFF,0xFF,0xFF,0x03,0x00,0x00,0x00,0xFE,0xF0,0xFF,0xFF,0xF1,0x03,0x00,0x00,0x00,0xFE,0xF0,0xFF,0x0F,0xF0,0x03,0x00,0x00,0x00,0x00,0xF0,0xFF,0x00,0xF0,0x03,0x00,0x00,0x00,0x00,0xF0,0x07,0x00,0xF0,0x03,0x00,0x00,0x00,0x00,0xF0,0xFF,0x00,0xF0,0x03,0x00,0x00,0x00,0xFE,0xF0,0xFF,0x0F,0xF0,0x03,0x00,0x00,0x00,0xFE,0xF0,0xFF,0xFF,0xF1,0x03,0x00,0x00,0x00,0xFE,0xF0,0xFF,0xFF,0xFF,0x03,0x00,0x00,0x00,0xFE,0xE0,0xFF,0xFF,0xFF,0x03,0x00,0x00,0x00,0xFE,0x00,0xFF,0xFF,0xFF,0x1F,0x00,0x00,0x00,0xFE,0x00,0xF0,0xFF,0xFF,0xFF,0x01,0x00,0x00,0x00,0x00,0x00,0xFF,0xFF,0xFF,0x0F,0x00,0x00,0x00,0x00,0x00,0xF0,0xFF,0xFF,0x0F,0x00,0x00,0x00,0x00,0x00,0x80,0xFF,0xFF,0x0F,0x00,0x00,0x00,0x00,0x00,0x00,0xF8,0xFF,0x0F,0x00,0x00,0x00,0x00,0x00,0x00,0x80,0xFF,0x0F,0x00,0x00,0x00,0x00,0x00,0x00,0x00,0xF8,0x0F,0x00,0x00,0x00,0x00,0x00,0x00,0x00,0xC0,0x0F,0x00,0x00,0x00,0x00,0x00,0x00,0x00,0x00,0x0C,	// 196
	0x00,0x00,0x00,0x00,0x00,0x00,0x00,0x00,0x00,0x00,0x00,0x00,0x00,0x00,0x00,0x0C,0x00,0x00,0x00,0x00,0x00,0x00,0x00,0xC0,0x0F,0x00,0x00,0x00,0x00,0x00,0x00,0x00,0xF8,0x0F,0x00,0x00,0x00,0x00,0x00,0x00,0x80,0xFF,0x0F,0x00,0x00,0x00,0x00,0x00,0x00,0xF8,0xFF,0x0F,0x00,0x00,0x00,0x00,0x00,0x80,0xFF,0xFF,0x0F,0x00,0x00,0x00,0x00,0x00,0xF0,0xFF,0xFF,0x0F,0x00,0x00,0x00,0x00,0x00,0xFF,0xFF,0xFF,0x0F,0x00,0x00,0xC0,0x07,0xF0,0xFF,0xFF,0xFF,0x01,0x00,0x00,0xF0,0x1F,0xFE,0xFF,0xFF,0x1F,0x00,0x00,0x00,0xF8,0xFF,0xFF,0xFF,0xFF,0x03,0x00,0x00,0x00,0xFC,0xFF,0xFF,0xFF,0xFF,0x03,0x00,0x00,0x00,0x7C,0xFC,0xFF,0xFF,0xF1,0x03,0x00,0x00,0x00,0x3E,0xF8,0xFF,0x0F,0xF0,0x03,0x00,0x00,0x00,0x1E,0xF0,0xFF,0x00,0xF0,0x03,0x00,0x00,0x00,0x1E,0xF0,0x07,0x00,0xF0,0x03,0x00,0x00,0x00,0x1E,0xF0,0xFF,0x00,0xF0,0x03,0x00,0x00,0x00,0x3E,0xF8,0xFF,0x0F,0xF0,0x03,0x00,0x00,0x00,0x7C,0xFC,0xFF,0xFF,0xF1,0x03,0x00,0x00,0x00,0xFC,0xFF,0xFF,0xFF,0xFF,0x03,0x00,0x00,0x00,0xF8,0xFF,0xFF,0xFF,0xFF,0x03,0x00,0x00,0x00,0xF0,0x1F,0xFE,0xFF,0xFF,0x1F,0x00,0x00,0x00,0xC0,0x07,0xF0,0xFF,0xFF,0xFF,0x01,0x00,0x00,0x00,0x00,0x00,0xFF,0xFF,0xFF,0x0F,0x00,0x00,0x00,0x00,0x00,0xF0,0xFF,0xFF,0x0F,0x00,0x00,0x00,0x00,0x00,0x80,0xFF,0xFF,0x0F,0x00,0x00,0x00,0x00,0x00,0x00,0xF8,0xFF,0x0F,0x00,0x00,0x00,0x00,0x00,0x00,0x80,0xFF,0x0F,0x00,0x00,0x00,0x00,0x00,0x00,0x00,0xF8,0x0F,0x00,0x00,0x00,0x00,0x00,0x00,0x00,0xC0,0x0F,0x00,0x00,0x00,0x00,0x00,0x00,0x00,0x00,0x0C,	// 197
	0x00,0x00,0x00,0x00,0x00,0x00,0x0C,0x00,0x00,0x00,0x00,0x00,0x00,0x00,0xC0,0x0F,0x00,0x00,0x00,0x00,0x00,0x00,0x00,0xFC,0x0F,0x00,0x00,0x00,0x00,0x00,0x00,0xC0,0xFF,0x0F,0x00,0x00,0x00,0x00,0x00,0x00,0xFC,0xFF,0x0F,0x00,0x00,0x00,0x00,0x00,0xC0,0xFF,0xFF,0x0F,0x00,0x00,0x00,0x00,0x00,0xFC,0xFF,0xFF,0x0F,0x00,0x00,0x00,0x00,0xC0,0xFF,0xFF,0xFF,0x01,0x00,0x00,0x00,0x00,0xFC,0xFF,0xFF,0x1F,0x00,0x00,0x00,0x00,0xE0,0xFF,0xFF,0xFF,0x03,0x00,0x00,0x00,0x00,0xF0,0xFF,0xFF,0xFF,0x03,0x00,0x00,0x00,0x00,0xF0,0xFF,0xFF,0xF1,0x03,0x00,0x00,0x00,0x00,0xF0,0xFF,0x1F,0xF0,0x03,0x00,0x00,0x00,0x00,0xF0,0xFF,0x01,0xF0,0x03,0x00,0x00,0x00,0x00,0xF0,0x0F,0x00,0xF0,0x03,0x00,0x00,0x00,0x00,0xF0,0x07,0x00,0xF0,0x03,0x00,0x00,0x00,0x00,0xF0,0x07,0x00,0xF0,0x03,0x00,0x00,0x00,0x00,0xF0,0xFF,0xFF,0xFF,0xFF,0x0F,0x00,0x00,0x00,0xF0,0xFF,0xFF,0xFF,0xFF,0x0F,0x00,0x00,0x00,0xF0,0xFF,0xFF,0xFF,0xFF,0x0F,0x00,0x00,0x00,0xF0,0xFF,0xFF,0xFF,0xFF,0x0F,0x00,0x00,0x00,0xF0,0xFF,0xFF,0xFF,0xFF,0x0F,0x00,0x00,0x00,0xF0,0xFF,0xFF,0xFF,0xFF,0x0F,0x00,0x00,0x00,0xF0,0xFF,0xFF,0xFF,0xFF,0x0F,0x00,0x00,0x00,0xF0,0x07,0xF8,0x03,0xE0,0x0F,0x00,0x00,0x00,0xF0,0x07,0xF8,0x03,0xE0,0x0F,0x00,0x00,0x00,0xF0,0x07,0xF8,0x03,0xE0,0x0F,0x00,0x00,0x00,0xF0,0x07,0xF8,0x03,0xE0,0x0F,0x00,0x00,0x00,0xF0,0x07,0xF8,0x03,0xE0,0x0F,0x00,0x00,0x00,0xF0,0x07,0xF8,0x03,0xE0,0x0F,0x00,0x00,0x00,0xF0,0x07,0xF8,0x03,0xE0,0x0F,0x00,0x00,0x00,0x00,0x00,0x00,0x00,0xE0,0x0F,	// 198
	0x00,0x00,0x00,0x00,0x00,0x00,0x00,0x00,0x00,0x00,0x00,0x00,0x00,0x00,0x00,0x00,0x00,0x00,0x00,0x00,0x00,0x00,0x00,0x00,0x00,0x00,0x00,0x00,0x00,0x00,0x00,0x00,0x00,0x00,0x00,0x00,0x00,0x00,0x00,0xFE,0x7F,0x00,0x00,0x00,0x00,0x00,0x00,0xC0,0xFF,0xFF,0x03,0x00,0x00,0x00,0x00,0x00,0xF8,0xFF,0xFF,0x1F,0x00,0x00,0x00,0x00,0x00,0xFE,0xFF,0xFF,0x7F,0x00,0x00,0x00,0x00,0x00,0xFF,0xFF,0xFF,0xFF,0x00,0x00,0x00,0x00,0x80,0xFF,0xFF,0xFF,0xFF,0x01,0x00,0x00,0x00,0xC0,0xFF,0xFF,0xFF,0xFF,0x03,0x00,0x00,0x00,0xE0,0xFF,0xFF,0xFF,0xFF,0x07,0x00,0x00,0x00,0xE0,0xFF,0x03,0xC0,0xFF,0x07,0x00,0x00,0x00,0xF0,0x7F,0x00,0x00,0xFE,0x0F,0x3C,0x00,0x00,0xF0,0x1F,0x00,0x00,0xF8,0x0F,0x7C,0x00,0x00,0xF0,0x0F,0x00,0x00,0xF0,0x0F,0x78,0x00,0x00,0xF8,0x07,0x00,0x00,0xE0,0x1F,0x78,0x00,0x00,0xF8,0x07,0x00,0x00,0xE0,0x1F,0x78,0x00,0x00,0xF8,0x03,0x00,0x00,0xC0,0x1F,0x78,0x00,0x00,0xF8,0x03,0x00,0x00,0xC0,0x3F,0x78,0x00,0x00,0xF8,0x03,0x00,0x00,0xC0,0x7F,0x7C,0x00,0x00,0xF8,0x03,0x00,0x00,0xC0,0xFF,0x7F,0x00,0x00,0xF8,0x03,0x00,0x00,0xC0,0xFF,0x3F,0x00,0x00,0xF8,0x03,0x00,0x00,0xC0,0xDF,0x3F,0x00,0x00,0xF8,0x07,0x00,0x00,0xE0,0x1F,0x0F,0x00,0x00,0xF0,0x07,0x00,0x00,0xE0,0x0F,0x00,0x00,0x00,0xF0,0x0F,0x00,0x00,0xF0,0x0F,0x00,0x00,0x00,0xF0,0x1F,0x00,0x00,0xF8,0x0F,0x00,0x00,0x00,0xE0,0x3F,0x00,0x00,0xFC,0x07,	// 199
	0x00,0x00,0x00,0x00,0x00,0x00,0x00,0x00,0x00,0x00,0x00,0x00,0x00,0x00,0x00,0x00,0x00,0x00,0x00,0x00,0x00,0x00,0x00,0x00,0x00,0x00,0x00,0x00,0x00,0x00,0x00,0x00,0x00,0x00,0x00,0x00,0x00,0x00,0x00,0x00,0x00,0x00,0x00,0x00,0x00,0x00,0xF0,0xFF,0xFF,0xFF,0xFF,0x0F,0x00,0x00,0x00,0xF0,0xFF,0xFF,0xFF,0xFF,0x0F,0x00,0x00,0x00,0xF0,0xFF,0xFF,0xFF,0xFF,0x0F,0x00,0x00,0x00,0xF0,0xFF,0xFF,0xFF,0xFF,0x0F,0x00,0x00,0x00,0xF0,0xFF,0xFF,0xFF,0xFF,0x0F,0x00,0x00,0x02,0xF0,0xFF,0xFF,0xFF,0xFF,0x0F,0x00,0x00,0x06,0xF0,0xFF,0xFF,0xFF,0xFF,0x0F,0x00,0x00,0x0E,0xF0,0xFF,0xFF,0xFF,0xFF,0x0F,0x00,0x00,0x1E,0xF0,0x07,0xF8,0x03,0xE0,0x0F,0x00,0x00,0x3E,0xF0,0x07,0xF8,0x03,0xE0,0x0F,0x00,0x00,0x7E,0xF0,0x07,0xF8,0x03,0xE0,0x0F,0x00,0x00,0xFE,0xF0,0x07,0xF8,0x03,0xE0,0x0F,0x00,0x00,0xFC,0xF0,0x07,0xF8,0x03,0xE0,0x0F,0x00,0x00,0xF8,0xF0,0x07,0xF8,0x03,0xE0,0x0F,0x00,0x00,0xE0,0xF0,0x07,0xF8,0x03,0xE0,0x0F,0x00,0x00,0xC0,0xF0,0x07,0xF8,0x03,0xE0,0x0F,0x00,0x00,0x80,0xF0,0x07,0xF8,0x03,0xE0,0x0F,0x00,0x00,0x00,0xF0,0x07,0xF8,0x03,0xE0,0x0F,0x00,0x00,0x00,0xF0,0x07,0xF8,0x03,0xE0,0x0F,0x00,0x00,0x00,0xF0,0x07,0xF8,0x03,0xE0,0x0F,0x00,0x00,0x00,0xF0,0x07,0xF8,0x03,0xE0,0x0F,0x00,0x00,0x00,0xF0,0x07,0xF8,0x03,0xE0,0x0F,0x00,0x00,0x00,0xF0,0x07,0xF8,0x03,0xE0,0x0F,0x00,0x00,0x00,0xF0,0x07,0x00,0x00,0xE0,0x0F,0x00,0x00,0x00,0xF0,0x07,0x00,0x00,0xE0,0x0F,	// 200
	0x00,0x00,0x00,0x00,0x00,0x00,0x00,0x00,0x00,0x00,0x00,0x00,0x00,0x00,0x00,0x00,0x00,0x00,0x00,0x00,0x00,0x00,0x00,0x00,0x00,0x00,0x00,0x00,0x00,0x00,0x00,0x00,0x00,0x00,0x00,0x00,0x00,0x00,0x00,0x00,0x00,0x00,0x00,0x00,0x00,0x00,0xF0,0xFF,0xFF,0xFF,0xFF,0x0F,0x00,0x00,0x00,0xF0,0xFF,0xFF,0xFF,0xFF,0x0F,0x00,0x00,0x00,0xF0,0xFF,0xFF,0xFF,0xFF,0x0F,0x00,0x00,0x00,0xF0,0xFF,0xFF,0xFF,0xFF,0x0F,0x00,0x00,0x00,0xF0,0xFF,0xFF,0xFF,0xFF,0x0F,0x00,0x00,0x00,0xF0,0xFF,0xFF,0xFF,0xFF,0x0F,0x00,0x00,0x00,0xF0,0xFF,0xFF,0xFF,0xFF,0x0F,0x00,0x00,0x00,0xF0,0xFF,0xFF,0xFF,0xFF,0x0F,0x00,0x00,0x00,0xF0,0x07,0xF8,0x03,0xE0,0x0F,0x00,0x00,0x80,0xF0,0x07,0xF8,0x03,0xE0,0x0F,0x00,0x00,0xC0,0xF0,0x07,0xF8,0x03,0xE0,0x0F,0x00,0x00,0xE0,0xF0,0x07,0xF8,0x03,0xE0,0x0F,0x00,0x00,0xF8,0xF0,0x07,0xF8,0x03,0xE0,0x0F,0x00,0x00,0xFC,0xF0,0x07,0xF8,0x03,0xE0,0x0F,0x00,0x00,0xFE,0xF0,0x07,0xF8,0x03,0xE0,0x0F,0x00,0x00,0x7E,0xF0,0x07,0xF8,0x03,0xE0,0x0F,0x00,0x00,0x3E,0xF0,0x07,0xF8,0x03,0xE0,0x0F,0x00,0x00,0x1E,0xF0,0x07,0xF8,0x03,0xE0,0x0F,0x00,0x00,0x0E,0xF0,0x07,0xF8,0x03,0xE0,0x0F,0x00,0x00,0x06,0xF0,0x07,0xF8,0x03,0xE0,0x0F,0x00,0x00,0x02,0xF0,0x07,0xF8,0x03,0xE0,0x0F,0x00,0x00,0x00,0xF0,0x07,0xF8,0x03,0xE0,0x0F,0x00,0x00,0x00,0xF0,0x07,0xF8,0x03,0xE0,0x0F,0x00,0x00,0x00,0xF0,0x07,0x00,0x00,0xE0,0x0F,0x00,0x00,0x00,0xF0,0x07,0x00,0x00,0xE0,0x0F,	// 201
	0x00,0x00,0x00,0x00,0x00,0x00,0x00,0x00,0x00,0x00,0x00,0x00,0x00,0x00,0x00,0x00,0x00,0x00,0x00,0x00,0x00,0x00,0x00,0x00,0x00,0x00,0x00,0x00,0x00,0x00,0x00,0x00,0x00,0x00,0x00,0x00,0x00,0x00,0x00,0x00,0x00,0x00,0x00,0x00,0x00,0x00,0xF0,0xFF,0xFF,0xFF,0xFF,0x0F,0x00,0x00,0x00,0xF0,0xFF,0xFF,0xFF,0xFF,0x0F,0x00,0x00,0x80,0xF0,0xFF,0xFF,0xFF,0xFF,0x0F,0x00,0x00,0xC0,0xF0,0xFF,0xFF,0xFF,0xFF,0x0F,0x00,0x00,0xE0,0xF0,0xFF,0xFF,0xFF,0xFF,0x0F,0x00,0x00,0xF0,0xF0,0xFF,0xFF,0xFF,0xFF,0x0F,0x00,0x00,0xF8,0xF0,0xFF,0xFF,0xFF,0xFF,0x0F,0x00,0x00,0x7E,0xF0,0xFF,0xFF,0xFF,0xFF,0x0F,0x00,0x00,0x7E,0xF0,0x07,0xF8,0x03,0xE0,0x0F,0x00,0x00,0x3E,0xF0,0x07,0xF8,0x03,0xE0,0x0F,0x00,0x00,0x1E,0xF0,0x07,0xF8,0x03,0xE0,0x0F,0x00,0x00,0x0E,0xF0,0x07,0xF8,0x03,0xE0,0x0F,0x00,0x00,0x0E,0xF0,0x07,0xF8,0x03,0xE0,0x0F,0x00,0x00,0x1E,0xF0,0x07,0xF8,0x03,0xE0,0x0F,0x00,0x00,0x3E,0xF0,0x07,0xF8,0x03,0xE0,0x0F,0x00,0x00,0x7E,0xF0,0x07,0xF8,0x03,0xE0,0x0F,0x00,0x00,0x7E,0xF0,0x07,0xF8,0x03,0xE0,0x0F,0x00,0x00,0xF8,0xF0,0x07,0xF8,0x03,0xE0,0x0F,0x00,0x00,0xF0,0xF0,0x07,0xF8,0x03,0xE0,0x0F,0x00,0x00,0xE0,0xF0,0x07,0xF8,0x03,0xE0,0x0F,0x00,0x00,0xC0,0xF0,0x07,0xF8,0x03,0xE0,0x0F,0x00,0x00,0x80,0xF0,0x07,0xF8,0x03,0xE0,0x0F,0x00,0x00,0x00,0xF0,0x07,0xF8,0x03,0xE0,0x0F,0x00,0x00,0x00,0xF0,0x07,0x00,0x00,0xE0,0x0F,0x00,0x00,0x00,0xF0,0x07,0x00,0x00,0xE0,0x0F,	// 202
	0x00,0x00,0x00,0x00,0x00,0x00,0x00,0x00,0x00,0x00,0x00,0x00,0x00,0x00,0x00,0x00,0x00,0x00,0x00,0x00,0x00,0x00,0x00,0x00,0x00,0x00,0x00,0x00,0x00,0x00,0x00,0x00,0x00,0x00,0x00,0x00,0x00,0x00,0x00,0x00,0x00,0x00,0x00,0x00,0x00,0x00,0xF0,0xFF,0xFF,0xFF,0xFF,0x0F,0x00,0x00,0x00,0xF0,0xFF,0xFF,0xFF,0xFF,0x0F,0x00,0x00,0x00,0xF0,0xFF,0xFF,0xFF,0xFF,0x0F,0x00,0x00,0x00,0xF0,0xFF,0xFF,0xFF,0xFF,0x0F,0x00,0x00,0xFE,0xF0,0xFF,0xFF,0xFF,0xFF,0x0F,0x00,0x00,0xFE,0xF0,0xFF,0xFF,0xFF,0xFF,0x0F,0x00,0x00,0xFE,0xF0,0xFF,0xFF,0xFF,0xFF,0x0F,0x00,0x00,0xFE,0xF0,0xFF,0xFF,0xFF,0xFF,0x0F,0x00,0x00,0xFE,0xF0,0x07,0xF8,0x03,0xE0,0x0F,0x00,0x00,0xFE,0xF0,0x07,0xF8,0x03,0xE0,0x0F,0x00,0x00,0x00,0xF0,0x07,0xF8,0x03,0xE0,0x0F,0x00,0x00,0x00,0xF0,0x07,0xF8,0x03,0xE0,0x0F,0x00,0x00,0x00,0xF0,0x07,0xF8,0x03,0xE0,0x0F,0x00,0x00,0x00,0xF0,0x07,0xF8,0x03,0xE0,0x0F,0x00,0x00,0xFE,0xF0,0x07,0xF8,0x03,0xE0,0x0F,0x00,0x00,0xFE,0xF0,0x07,0xF8,0x03,0xE0,0x0F,0x00,0x00,0xFE,0xF0,0x07,0xF8,0x03,0xE0,0x0F,0x00,0x00,0xFE,0xF0,0x07,0xF8,0x03,0xE0,0x0F,0x00,0x00,0xFE,0xF0,0x07,0xF8,0x03,0xE0,0x0F,0x00,0x00,0xFE,0xF0,0x07,0xF8,0x03,0xE0,0x0F,0x00,0x00,0x00,0xF0,0x07,0xF8,0x03,0xE0,0x0F,0x00,0x00,0x00,0xF0,0x07,0xF8,0x03,0xE0,0x0F,0x00,0x00,0x00,0xF0,0x07,0xF8,0x03,0xE0,0x0F,0x00,0x00,0x00,0xF0,0x07,0x00,0x00,0xE0,0x0F,0x00,0x00,0x00,0xF0,0x07,0x00,0x00,0xE0,0x0F,	// 203
	0x00,0x00,0x00,0x00,0x00,0x00,0x00,0x00,0x00,0x00,0x00,0x00,0x00,0x00,0x00,0x00,0x00,0x00,0x00,0x00,0x00,0x00,0x00,0x00,0x00,0x00,0x00,0x00,0x00,0x00,0x00,0x00,0x00,0x00,0x00,0x00,0x00,0x00,0x00,0x00,0x00,0x00,0x00,0x00,0x00,0x00,0xF0,0x07,0x00,0x00,0xE0,0x0F,0x00,0x00,0x00,0xF0,0x07,0x00,0x00,0xE0,0x0F,0x00,0x00,0x00,0xF0,0x07,0x00,0x00,0xE0,0x0F,0x00,0x00,0x00,0xF0,0x07,0x00,0x00,0xE0,0x0F,0x00,0x00,0x02,0xF0,0x07,0x00,0x00,0xE0,0x0F,0x00,0x00,0x06,0xF0,0x07,0x00,0x00,0xE0,0x0F,0x00,0x00,0x0E,0xF0,0x07,0x00,0x00,0xE0,0x0F,0x00,0x00,0x1E,0xF0,0x07,0x00,0x00,0xE0,0x0F,0x00,0x00,0x3E,0xF0,0xFF,0xFF,0xFF,0xFF,0x0F,0x00,0x00,0x7E,0xF0,0xFF,0xFF,0xFF,0xFF,0x0F,0x00,0x00,0xFE,0xF0,0xFF,0xFF,0xFF,0xFF,0x0F,0x00,0x00,0xFC,0xF0,0xFF,0xFF,0xFF,0xFF,0x0F,0x00,0x00,0xF8,0xF0,0xFF,0xFF,0xFF,0xFF,0x0F,0x00,0x00,0xE0,0xF0,0xFF,0xFF,0xFF,0xFF,0x0F,0x00,0x00,0xC0,0xF0,0xFF,0xFF,0xFF,0xFF,0x0F,0x00,0x00,0x80,0xF0,0xFF,0xFF,0xFF,0xFF,0x0F,0x00,0x00,0x00,0xF0,0x07,0x00,0x00,0xE0,0x0F,0x00,0x00,0x00,0xF0,0x07,0x00,0x00,0xE0,0x0F,0x00,0x00,0x00,0xF0,0x07,0x00,0x00,0xE0,0x0F,0x00,0x00,0x00,0xF0,0x07,0x00,0x00,0xE0,0x0F,0x00,0x00,0x00,0xF0,0x07,0x00,0x00,0xE0,0x0F,0x00,0x00,0x00,0xF0,0x07,0x00,0x00,0xE0,0x0F,0x00,0x00,0x00,0xF0,0x07,0x00,0x00,0xE0,0x0F,0x00,0x00,0x00,0xF0,0x07,0x00,0x00,0xE0,0x0F,	// 204
	0x00,0x00,0x00,0x00,0x00,0x00,0x00,0x00,0x00,0x00,0x00,0x00,0x00,0x00,0x00,0x00,0x00,0x00,0x00,0x00,0x00,0x00,0x00,0x00,0x00,0x00,0x00,0x00,0x00,0x00,0x00,0x00,0x00,0x00,0x00,0x00,0x00,0x00,0x00,0x00,0x00,0x00,0x00,0x00,0x00,0x00,0xF0,0x07,0x00,0x00,0xE0,0x0F,0x00,0x00,0x00,0xF0,0x07,0x00,0x00,0xE0,0x0F,0x00,0x00,0x00,0xF0,0x07,0x00,0x00,0xE0,0x0F,0x00,0x00,0x00,0xF0,0x07,0x00,0x00,0xE0,0x0F,0x00,0x00,0x00,0xF0,0x07,0x00,0x00,0xE0,0x0F,0x00,0x00,0x00,0xF0,0x07,0x00,0x00,0xE0,0x0F,0x00,0x00,0x00,0xF0,0x07,0x00,0x00,0xE0,0x0F,0x00,0x00,0x00,0xF0,0x07,0x00,0x00,0xE0,0x0F,0x00,0x00,0x80,0xF0,0xFF,0xFF,0xFF,0xFF,0x0F,0x00,0x00,0xC0,0xF0,0xFF,0xFF,0xFF,0xFF,0x0F,0x00,0x00,0xE0,0xF0,0xFF,0xFF,0xFF,0xFF,0x0F,0x00,0x00,0xF8,0xF0,0xFF,0xFF,0xFF,0xFF,0x0F,0x00,0x00,0xFC,0xF0,0xFF,0xFF,0xFF,0xFF,0x0F,0x00,0x00,0xFE,0xF0,0xFF,0xFF,0xFF,0xFF,0x0F,0x00,0x00,0x7E,0xF0,0xFF,0xFF,0xFF,0xFF,0x0F,0x00,0x00,0x3E,0xF0,0xFF,0xFF,0xFF,0xFF,0x0F,0x00,0x00,0x1E,0xF0,0x07,0x00,0x00,0xE0,0x0F,0x00,0x00,0x0E,0xF0,0x07,0x00,0x00,0xE0,0x0F,0x00,0x00,0x06,0xF0,0x07,0x00,0x00,0xE0,0x0F,0x00,0x00,0x02,0xF0,0x07,0x00,0x00,0xE0,0x0F,0x00,0x00,0x00,0xF0,0x07,0x00,0x00,0xE0,0x0F,0x00,0x00,0x00,0xF0,0x07,0x00,0x00,0xE0,0x0F,0x00,0x00,0x00,0xF0,0x07,0x00,0x00,0xE0,0x0F,0x00,0x00,0x00,0xF0,0x07,0x00,0x00,0xE0,0x0F,	// 205
	0x00,0x00,0x00,0x00,0x00,0x00,0x00,0x00,0x00,0x00,0x00,0x00,0x00,0x00,0x00,0x00,0x00,0x00,0x00,0x00,0x00,0x00,0x00,0x00,0x00,0x00,0x00,0x00,0x00,0x00,0x00,0x00,0x00,0x00,0x00,0x00,0x00,0x00,0x00,0x00,0x00,0x00,0x00,0x00,0x00,0x00,0xF0,0x07,0x00,0x00,0xE0,0x0F,0x00,0x00,0x00,0xF0,0x07,0x00,0x00,0xE0,0x0F,0x00,0x00,0x80,0xF0,0x07,0x00,0x00,0xE0,0x0F,0x00,0x00,0xC0,0xF0,0x07,0x00,0x00,0xE0,0x0F,0x00,0x00,0xE0,0xF0,0x07,0x00,0x00,0xE0,0x0F,0x00,0x00,0xF0,0xF0,0x07,0x00,0x00,0xE0,0x0F,0x00,0x00,0xF8,0xF0,0x07,0x00,0x00,0xE0,0x0F,0x00,0x00,0x7E,0xF0,0x07,0x00,0x00,0xE0,0x0F,0x00,0x00,0x7E,0xF0,0xFF,0xFF,0xFF,0xFF,0x0F,0x00,0x00,0x3E,0xF0,0xFF,0xFF,0xFF,0xFF,0x0F,0x00,0x00,0x1E,0xF0,0xFF,0xFF,0xFF,0xFF,0x0F,0x00,0x00,0x0E,0xF0,0xFF,0xFF,0xFF,0xFF,0x0F,0x00,0x00,0x0E,0xF0,0xFF,0xFF,0xFF,0xFF,0x0F,0x00,0x00,0x1E,0xF0,0xFF,0xFF,0xFF,0xFF,0x0F,0x00,0x00,0x3E,0xF0,0xFF,0xFF,0xFF,0xFF,0x0F,0x00,0x00,0x7E,0xF0,0xFF,0xFF,0xFF,0xFF,0x0F,0x00,0x00,0x7E,0xF0,0x07,0x00,0x00,0xE0,0x0F,0x00,0x00,0xF8,0xF0,0x07,0x00,0x00,0xE0,0x0F,0x00,0x00,0xF0,0xF0,0x07,0x00,0x00,0xE0,0x0F,0x00,0x00,0xE0,0xF0,0x07,0x00,0x00,0xE0,0x0F,0x00,0x00,0xC0,0xF0,0x07,0x00,0x00,0xE0,0x0F,0x00,0x00,0x80,0xF0,0x07,0x00,0x00,0xE0,0x0F,0x00,0x00,0x00,0xF0,0x07,0x00,0x00,0xE0,0x0F,0x00,0x00,0x00,0xF0,0x07,0x00,0x00,0xE0,0x0F,	// 206
	0x00,0x00,0x00,0x00,0x00,0x00,0x00,0x00,0x00,0x00,0x00,0x00,0x00,0x00,0x00,0x00,0x00,0x00,0x00,0x00,0x00,0x00,0x00,0x00,0x00,0x00,0x00,0x00,0x00,0x00,0x00,0x00,0x00,0x00,0x00,0x00,0x00,0x00,0x00,0x00,0x00,0x00,0x00,0x00,0x00,0x00,0xF0,0x07,0x00,0x00,0xE0,0x0F,0x00,0x00,0x00,0xF0,0x07,0x00,0x00,0xE0,0x0F,0x00,0x00,0x00,0xF0,0x07,0x00,0x00,0xE0,0x0F,0x00,0x00,0x00,0xF0,0x07,0x00,0x00,0xE0,0x0F,0x00,0x00,0xFE,0xF0,0x07,0x00,0x00,0xE0,0x0F,0x00,0x00,0xFE,0xF0,0x07,0x00,0x00,0xE0,0x0F,0x00,0x00,0xFE,0xF0,0x07,0x00,0x00,0xE0,0x0F,0x00,0x00,0xFE,0xF0,0x07,0x00,0x00,0xE0,0x0F,0x00,0x00,0xFE,0xF0,0xFF,0xFF,0xFF,0xFF,0x0F,0x00,0x00,0xFE,0xF0,0xFF,0xFF,0xFF,0xFF,0x0F,0x00,0x00,0x00,0xF0,0xFF,0xFF,0xFF,0xFF,0x0F,0x00,0x00,0x00,0xF0,0xFF,0xFF,0xFF,0xFF,0x0F,0x00,0x00,0x00,0xF0,0xFF,0xFF,0xFF,0xFF,0x0F,0x00,0x00,0x00,0xF0,0xFF,0xFF,0xFF,0xFF,0x0F,0x00,0x00,0xFE,0xF0,0xFF,0xFF,0xFF,0xFF,0x0F,0x00,0x00,0xFE,0xF0,0xFF,0xFF,0xFF,0xFF,0x0F,0x00,0x00,0xFE,0xF0,0x07,0x00,0x00,0xE0,0x0F,0x00,0x00,0xFE,0xF0,0x07,0x00,0x00,0xE0,0x0F,0x00,0x00,0xFE,0xF0,0x07,0x00,0x00,0xE0,0x0F,0x00,0x00,0xFE,0xF0,0x07,0x00,0x00,0xE0,0x0F,0x00,0x00,0x00,0xF0,0x07,0x00,0x00,0xE0,0x0F,0x00,0x00,0x00,0xF0,0x07,0x00,0x00,0xE0,0x0F,0x00,0x00,0x00,0xF0,0x07,0x00,0x00,0xE0,0x0F,0x00,0x00,0x00,0xF0,0x07,0x00,0x00,0xE0,0x0F,	// 207
	0x00,0x00,0x00,0xF0,0x03,0x00,0x00,0x00,0x00,0x00,0x00,0x00,0xF0,0x03,0x00,0x00,0x00,0x00,0x00,0x00,0x00,0xF0,0x03,0x00,0x00,0x00,0x00,0x00,0x00,0x00,0xF0,0x03,0x00,0x00,0x00,0x00,0x00,0xF0,0xFF,0xFF,0xFF,0xFF,0x0F,0x00,0x00,0x00,0xF0,0xFF,0xFF,0xFF,0xFF,0x0F,0x00,0x00,0x00,0xF0,0xFF,0xFF,0xFF,0xFF,0x0F,0x00,0x00,0x00,0xF0,0xFF,0xFF,0xFF,0xFF,0x0F,0x00,0x00,0x00,0xF0,0xFF,0xFF,0xFF,0xFF,0x0F,0x00,0x00,0x00,0xF0,0xFF,0xFF,0xFF,0xFF,0x0F,0x00,0x00,0x00,0xF0,0xFF,0xFF,0xFF,0xFF,0x0F,0x00,0x00,0x00,0xF0,0xFF,0xFF,0xFF,0xFF,0x0F,0x00,0x00,0x00,0xF0,0x07,0xF0,0x03,0xE0,0x0F,0x00,0x00,0x00,0xF0,0x07,0xF0,0x03,0xE0,0x0F,0x00,0x00,0x00,0xF0,0x07,0xF0,0x03,0xE0,0x0F,0x00,0x00,0x00,0xF0,0x07,0xF0,0x03,0xE0,0x0F,0x00,0x00,0x00,0xF0,0x07,0xF0,0x03,0xE0,0x0F,0x00,0x00,0x00,0xF0,0x07,0xF0,0x03,0xE0,0x0F,0x00,0x00,0x00,0xF0,0x0F,0x00,0x00,0xF0,0x0F,0x00,0x00,0x00,0xE0,0x0F,0x00,0x00,0xF0,0x07,0x00,0x00,0x00,0xE0,0x1F,0x00,0x00,0xF8,0x07,0x00,0x00,0x00,0xE0,0x3F,0x00,0x00,0xFC,0x07,0x00,0x00,0x00,0xC0,0x7F,0x00,0x00,0xFE,0x07,0x00,0x00,0x00,0xC0,0xFF,0x03,0xC0,0xFF,0x03,0x00,0x00,0x00,0xC0,0xFF,0xFF,0xFF,0xFF,0x03,0x00,0x00,0x00,0x80,0xFF,0xFF,0xFF,0xFF,0x01,0x00,0x00,0x00,0x00,0xFF,0xFF,0xFF,0xFF,0x00,0x00,0x00,0x00,0x00,0xFE,0xFF,0xFF,0x7F,0x00,0x00,0x00,0x00,0x00,0xFC,0xFF,0xFF,0x3F,0x00,0x00,0x00,0x00,0x00,0xF8,0xFF,0xFF,0x0F,0x00,0x00,0x00,0x00,0x00,0xC0,0xFF,0xFF,0x03,0x00,0x00,0x00,0x00,0x00,0x00,0xFC,0x3F,	// 208
	0x00,0x00,0x00,0x00,0x00,0x00,0x00,0x00,0x00,0x00,0x00,0x00,0x00,0x00,0x00,0x00,0x00,0x00,0x00,0x00,0x00,0x00,0x00,0x00,0x00,0x00,0x00,0x00,0xF0,0xFF,0xFF,0xFF,0xFF,0x0F,0x00,0x00,0x00,0xF0,0xFF,0xFF,0xFF,0xFF,0x0F,0x00,0x00,0x00,0xF0,0xFF,0xFF,0xFF,0xFF,0x0F,0x00,0x00,0x00,0xF0,0xFF,0xFF,0xFF,0xFF,0x0F,0x00,0x00,0xF0,0xF0,0xFF,0xFF,0xFF,0xFF,0x0F,0x00,0x00,0xF8,0xF0,0xFF,0xFF,0xFF,0xFF,0x0F,0x00,0x00,0xFC,0xF0,0xFF,0xFF,0xFF,0xFF,0x0F,0x00,0x00,0xFE,0xF0,0xFF,0x00,0x00,0x00,0x00,0x00,0x00,0x3E,0xF0,0xFF,0x07,0x00,0x00,0x00,0x00,0x00,0x1E,0xC0,0xFF,0x1F,0x00,0x00,0x00,0x00,0x00,0x1E,0x00,0xFE,0xFF,0x00,0x00,0x00,0x00,0x00,0x3E,0x00,0xF8,0xFF,0x03,0x00,0x00,0x00,0x00,0x3C,0x00,0xC0,0xFF,0x1F,0x00,0x00,0x00,0x00,0x7C,0x00,0x00,0xFE,0x7F,0x00,0x00,0x00,0x00,0x78,0x00,0x00,0xF8,0xFF,0x03,0x00,0x00,0x00,0xF0,0x00,0x00,0xC0,0xFF,0x0F,0x00,0x00,0x00,0xF0,0x00,0x00,0x00,0xFF,0x7F,0x00,0x00,0x00,0xF0,0x00,0x00,0x00,0xF8,0xFF,0x03,0x00,0x00,0xF8,0x00,0x00,0x00,0xE0,0xFF,0x0F,0x00,0x00,0xFE,0x00,0x00,0x00,0x00,0xFF,0x0F,0x00,0x00,0x7E,0xF0,0xFF,0xFF,0xFF,0xFF,0x0F,0x00,0x00,0x3E,0xF0,0xFF,0xFF,0xFF,0xFF,0x0F,0x00,0x00,0x1E,0xF0,0xFF,0xFF,0xFF,0xFF,0x0F,0x00,0x00,0x00,0xF0,0xFF,0xFF,0xFF,0xFF,0x0F,0x00,0x00,0x00,0xF0,0xFF,0xFF,0xFF,0xFF,0x0F,0x00,0x00,0x00,0xF0,0xFF,0xFF,0xFF,0xFF,0x0F,0x00,0x00,0x00,0xF0,0xFF,0xFF,0xFF,0xFF,0x0F,	// 209
	0x00,0x00,0x00,0x00,0x00,0x00,0x00,0x00,0x00,0x00,0x00,0x00,0x00,0x00,0x00,0x00,0x00,0x00,0x00,0x00,0x00,0xFE,0x7F,0x00,0x00,0x00,0x00,0x00,0x00,0xE0,0xFF,0xFF,0x07,0x00,0x00,0x00,0x00,0x00,0xFC,0xFF,0xFF,0x3F,0x00,0x00,0x00,0x00,0x00,0xFF,0xFF,0xFF,0xFF,0x00,0x00,0x00,0x00,0x80,0xFF,0xFF,0xFF,0xFF,0x01,0x00,0x00,0x00,0xC0,0xFF,0xFF,0xFF,0xFF,0x03,0x00,0x00,0x00,0xE0,0xFF,0xFF,0xFF,0xFF,0x07,0x00,0x00,0x02,0xE0,0xFF,0xFF,0xFF,0xFF,0x07,0x00,0x00,0x06,0xF0,0xFF,0x01,0x80,0xFF,0x0F,0x00,0x00,0x0E,0xF0,0x1F,0x00,0x00,0xF8,0x0F,0x00,0x00,0x1E,0xF8,0x0F,0x00,0x00,0xF0,0x1F,0x00,0x00,0x3E,0xF8,0x07,0x00,0x00,0xE0,0x1F,0x00,0x00,0x7E,0xF8,0x03,0x00,0x00,0xC0,0x1F,0x00,0x00,0xFE,0xF8,0x03,0x00,0x00,0xC0,0x1F,0x00,0x00,0xFC,0xF8,0x03,0x00,0x00,0xC0,0x1F,0x00,0x00,0xF8,0xF8,0x03,0x00,0x00,0xC0,0x1F,0x00,0x00,0xE0,0xF8,0x07,0x00,0x00,0xE0,0x1F,0x00,0x00,0xC0,0xF8,0x0F,0x00,0x00,0xF0,0x1F,0x00,0x00,0x80,0xF0,0x1F,0x00,0x00,0xF8,0x0F,0x00,0x00,0x00,0xF0,0xFF,0x01,0x80,0xFF,0x0F,0x00,0x00,0x00,0xE0,0xFF,0xFF,0xFF,0xFF,0x07,0x00,0x00,0x00,0xE0,0xFF,0xFF,0xFF,0xFF,0x07,0x00,0x00,0x00,0xC0,0xFF,0xFF,0xFF,0xFF,0x03,0x00,0x00,0x00,0x80,0xFF,0xFF,0xFF,0xFF,0x01,0x00,0x00,0x00,0x00,0xFF,0xFF,0xFF,0xFF,0x00,0x00,0x00,0x00,0x00,0xFC,0xFF,0xFF,0x3F,0x00,0x00,0x00,0x00,0x00,0xE0,0xFF,0xFF,0x07,0x00,0x00,0x00,0x00,0x00,0x00,0xFE,0x7F,	// 210
	0x00,0x00,0x00,0x00,0x00,0x00,0x00,0x00,0x00,0x00,0x00,0x00,0x00,0x00,0x00,0x00,0x00,0x00,0x00,0x00,0x00,0xFE,0x7F,0x00,0x00,0x00,0x00,0x00,0x00,0xE0,0xFF,0xFF,0x07,0x00,0x00,0x00,0x00,0x00,0xFC,0xFF,0xFF,0x3F,0x00,0x00,0x00,0x00,0x00,0xFF,0xFF,0xFF,0xFF,0x00,0x00,0x00,0x00,0x80,0xFF,0xFF,0xFF,0xFF,0x01,0x00,0x00,0x00,0xC0,0xFF,0xFF,0xFF,0xFF,0x03,0x00,0x00,0x00,0xE0,0xFF,0xFF,0xFF,0xFF,0x07,0x00,0x00,0x00,0xE0,0xFF,0xFF,0xFF,0xFF,0x07,0x00,0x00,0x00,0xF0,0xFF,0x01,0x80,0xFF,0x0F,0x00,0x00,0x00,0xF0,0x1F,0x00,0x00,0xF8,0x0F,0x00,0x00,0x00,0xF8,0x0F,0x00,0x00,0xF0,0x1F,0x00,0x00,0x80,0xF8,0x07,0x00,0x00,0xE0,0x1F,0x00,0x00,0xC0,0xF8,0x03,0x00,0x00,0xC0,0x1F,0x00,0x00,0xE0,0xF8,0x03,0x00,0x00,0xC0,0x1F,0x00,0x00,0xF8,0xF8,0x03,0x00,0x00,0xC0,0x1F,0x00,0x00,0xFC,0xF8,0x03,0x00,0x00,0xC0,0x1F,0x00,0x00,0xFE,0xF8,0x07,0x00,0x00,0xE0,0x1F,0x00,0x00,0x7E,0xF8,0x0F,0x00,0x00,0xF0,0x1F,0x00,0x00,0x3E,0xF0,0x1F,0x00,0x00,0xF8,0x0F,0x00,0x00,0x1E,0xF0,0xFF,0x01,0x80,0xFF,0x0F,0x00,0x00,0x0E,0xE0,0xFF,0xFF,0xFF,0xFF,0x07,0x00,0x00,0x06,0xE0,0xFF,0xFF,0xFF,0xFF,0x07,0x00,0x00,0x02,0xC0,0xFF,0xFF,0xFF,0xFF,0x03,0x00,0x00,0x00,0x80,0xFF,0xFF,0xFF,0xFF,0x01,0x00,0x00,0x00,0x00,0xFF,0xFF,0xFF,0xFF,0x00,0x00,0x00,0x00,0x00,0xFC,0xFF,0xFF,0x3F,0x00,0x00,0x00,0x00,0x00,0xE0,0xFF,0xFF,0x07,0x00,0x00,0x00,0x00,0x00,0x00,0xFE,0x7F,	// 211
	0x00,0x00,0x00,0x00,0x00,0x00,0x00,0x00,0x00,0x00,0x00,0x00,0x00,0x00,0x00,0x00,0x00,0x00,0x00,0x00,0x00,0xFE,0x7F,0x00,0x00,0x00,0x00,0x00,0x00,0xE0,0xFF,0xFF,0x07,0x00,0x00,0x00,0x00,0x00,0xFC,0xFF,0xFF,0x3F,0x00,0x00,0x00,0x00,0x00,0xFF,0xFF,0xFF,0xFF,0x00,0x00,0x00,0x80,0x80,0xFF,0xFF,0xFF,0xFF,0x01,0x00,0x00,0xC0,0xC0,0xFF,0xFF,0xFF,0xFF,0x03,0x00,0x00,0xE0,0xE0,0xFF,0xFF,0xFF,0xFF,0x07,0x00,0x00,0xF0,0xE0,0xFF,0xFF,0xFF,0xFF,0x07,0x00,0x00,0xF8,0xF0,0xFF,0x01,0x80,0xFF,0x0F,0x00,0x00,0x7E,0xF0,0x1F,0x00,0x00,0xF8,0x0F,0x00,0x00,0x7E,0xF8,0x0F,0x00,0x00,0xF0,0x1F,0x00,0x00,0x3E,0xF8,0x07,0x00,0x00,0xE0,0x1F,0x00,0x00,0x1E,0xF8,0x03,0x00,0x00,0xC0,0x1F,0x00,0x00,0x0E,0xF8,0x03,0x00,0x00,0xC0,0x1F,0x00,0x00,0x0E,0xF8,0x03,0x00,0x00,0xC0,0x1F,0x00,0x00,0x1E,0xF8,0x03,0x00,0x00,0xC0,0x1F,0x00,0x00,0x3E,0xF8,0x07,0x00,0x00,0xE0,0x1F,0x00,0x00,0x7E,0xF8,0x0F,0x00,0x00,0xF0,0x1F,0x00,0x00,0x7E,0xF0,0x1F,0x00,0x00,0xF8,0x0F,0x00,0x00,0xF8,0xF0,0xFF,0x01,0x80,0xFF,0x0F,0x00,0x00,0xF0,0xE0,0xFF,0xFF,0xFF,0xFF,0x07,0x00,0x00,0xE0,0xE0,0xFF,0xFF,0xFF,0xFF,0x07,0x00,0x00,0xC0,0xC0,0xFF,0xFF,0xFF,0xFF,0x03,0x00,0x00,0x80,0x80,0xFF,0xFF,0xFF,0xFF,0x01,0x00,0x00,0x00,0x00,0xFF,0xFF,0xFF,0xFF,0x00,0x00,0x00,0x00,0x00,0xFC,0xFF,0xFF,0x3F,0x00,0x00,0x00,0x00,0x00,0xE0,0xFF,0xFF,0x07,0x00,0x00,0x00,0x00,0x00,0x00,0xFE,0x7F,	// 212
	0x00,0x00,0x00,0x00,0x00,0x00,0x00,0x00,0x00,0x00,0x00,0x00,0x00,0x00,0x00,0x00,0x00,0x00,0x00,0x00,0x00,0xFE,0x7F,0x00,0x00,0x00,0x00,0x00,0x00,0xE0,0xFF,0xFF,0x07,0x00,0x00,0x00,0x00,0x00,0xFC,0xFF,0xFF,0x3F,0x00,0x00,0x00,0x00,0x00,0xFF,0xFF,0xFF,0xFF,0x00,0x00,0x00,0x00,0x80,0xFF,0xFF,0xFF,0xFF,0x01,0x00,0x00,0xF0,0xC0,0xFF,0xFF,0xFF,0xFF,0x03,0x00,0x00,0xF8,0xE0,0xFF,0xFF,0xFF,0xFF,0x07,0x00,0x00,0xFC,0xE0,0xFF,0xFF,0xFF,0xFF,0x07,0x00,0x00,0xFE,0xF0,0xFF,0x01,0x80,0xFF,0x0F,0x00,0x00,0x3E,0xF0,0x1F,0x00,0x00,0xF8,0x0F,0x00,0x00,0x1E,0xF8,0x0F,0x00,0x00,0xF0,0x1F,0x00,0x00,0x1E,0xF8,0x07,0x00,0x00,0xE0,0x1F,0x00,0x00,0x3C,0xF8,0x03,0x00,0x00,0xC0,0x1F,0x00,0x00,0x3C,0xF8,0x03,0x00,0x00,0xC0,0x1F,0x00,0x00,0x78,0xF8,0x03,0x00,0x00,0xC0,0x1F,0x00,0x00,0xF8,0xF8,0x03,0x00,0x00,0xC0,0x1F,0x00,0x00,0xF0,0xF8,0x07,0x00,0x00,0xE0,0x1F,0x00,0x00,0xF0,0xF8,0x0F,0x00,0x00,0xF0,0x1F,0x00,0x00,0xF8,0xF0,0x1F,0x00,0x00,0xF8,0x0F,0x00,0x00,0xFE,0xF0,0xFF,0x01,0x80,0xFF,0x0F,0x00,0x00,0x7E,0xE0,0xFF,0xFF,0xFF,0xFF,0x07,0x00,0x00,0x3E,0xE0,0xFF,0xFF,0xFF,0xFF,0x07,0x00,0x00,0x1E,0xC0,0xFF,0xFF,0xFF,0xFF,0x03,0x00,0x00,0x00,0x80,0xFF,0xFF,0xFF,0xFF,0x01,0x00,0x00,0x00,0x00,0xFF,0xFF,0xFF,0xFF,0x00,0x00,0x00,0x00,0x00,0xFC,0xFF,0xFF,0x3F,0x00,0x00,0x00,0x00,0x00,0xE0,0xFF,0xFF,0x07,0x00,0x00,0x00,0x00,0x00,0x00,0xFE,0x7F,	// 213
	0x00,0x00,0x00,0x00,0x00,0x00,0x00,0x00,0x00,0x00,0x00,0x00,0x00,0x00,0x00,0x00,0x00,0x00,0x00,0x00,0x00,0xFE,0x7F,0x00,0x00,0x00,0x00,0x00,0x00,0xE0,0xFF,0xFF,0x07,0x00,0x00,0x00,0x00,0x00,0xFC,0xFF,0xFF,0x3F,0x00,0x00,0x00,0x00,0x00,0xFF,0xFF,0xFF,0xFF,0x00,0x00,0x00,0x00,0x80,0xFF,0xFF,0xFF,0xFF,0x01,0x00,0x00,0x00,0xC0,0xFF,0xFF,0xFF,0xFF,0x03,0x00,0x00,0xFE,0xE0,0xFF,0xFF,0xFF,0xFF,0x07,0x00,0x00,0xFE,0xE0,0xFF,0xFF,0xFF,0xFF,0x07,0x00,0x00,0xFE,0xF0,0xFF,0x01,0x80,0xFF,0x0F,0x00,0x00,0xFE,0xF0,0x1F,0x00,0x00,0xF8,0x0F,0x00,0x00,0xFE,0xF8,0x0F,0x00,0x00,0xF0,0x1F,0x00,0x00,0xFE,0xF8,0x07,0x00,0x00,0xE0,0x1F,0x00,0x00,0x00,0xF8,0x03,0x00,0x00,0xC0,0x1F,0x00,0x00,0x00,0xF8,0x03,0x00,0x00,0xC0,0x1F,0x00,0x00,0x00,0xF8,0x03,0x00,0x00,0xC0,0x1F,0x00,0x00,0x00,0xF8,0x03,0x00,0x00,0xC0,0x1F,0x00,0x00,0xFE,0xF8,0x07,0x00,0x00,0xE0,0x1F,0x00,0x00,0xFE,0xF8,0x0F,0x00,0x00,0xF0,0x1F,0x00,0x00,0xFE,0xF0,0x1F,0x00,0x00,0xF8,0x0F,0x00,0x00,0xFE,0xF0,0xFF,0x01,0x80,0xFF,0x0F,0x00,0x00,0xFE,0xE0,0xFF,0xFF,0xFF,0xFF,0x07,0x00,0x00,0xFE,0xE0,0xFF,0xFF,0xFF,0xFF,0x07,0x00,0x00,0x00,0xC0,0xFF,0xFF,0xFF,0xFF,0x03,0x00,0x00,0x00,0x80,0xFF,0xFF,0xFF,0xFF,0x01,0x00,0x00,0x00,0x00,0xFF,0xFF,0xFF,0xFF,0x00,0x00,0x00,0x00,0x00,0xFC,0xFF,0xFF,0x3F,0x00,0x00,0x00,0x00,0x00,0xE0,0xFF,0xFF,0x07,0x00,0x00,0x00,0x00,0x00,0x00,0xFE,0x7F,	// 214
	0x00,0x00,0x00,0x00,0x00,0x00,0x00,0x00,0x00,0x00,0x00,0x00,0x00,0x00,0x00,0x00,0x00,0x00,0x00,0x00,0x00,0x02,0x00,0x08,0x00,0x00,0x00,0x00,0x00,0x00,0x07,0x00,0x1C,0x00,0x00,0x00,0x00,0x00,0x80,0x0F,0x00,0x3E,0x00,0x00,0x00,0x00,0x00,0xC0,0x1F,0x00,0x7F,0x00,0x00,0x00,0x00,0x00,0xE0,0x3F,0x80,0xFF,0x00,0x00,0x00,0x00,0x00,0xC0,0x7F,0xC0,0x7F,0x00,0x00,0x00,0x00,0x00,0x80,0xFF,0xE0,0x3F,0x00,0x00,0x00,0x00,0x00,0x00,0xFF,0xF1,0x1F,0x00,0x00,0x00,0x00,0x00,0x00,0xFE,0xFB,0x0F,0x00,0x00,0x00,0x00,0x00,0x00,0xFC,0xFF,0x07,0x00,0x00,0x00,0x00,0x00,0x00,0xF8,0xFF,0x03,0x00,0x00,0x00,0x00,0x00,0x00,0xF0,0xFF,0x01,0x00,0x00,0x00,0x00,0x00,0x00,0xE0,0xFF,0x00,0x00,0x00,0x00,0x00,0x00,0x00,0xC0,0x7F,0x00,0x00,0x00,0x00,0x00,0x00,0x00,0xE0,0xFF,0x00,0x00,0x00,0x00,0x00,0x00,0x00,0xF0,0xFF,0x01,0x00,0x00,0x00,0x00,0x00,0x00,0xF8,0xFF,0x03,0x00,0x00,0x00,0x00,0x00,0x00,0xFC,0xFF,0x07,0x00,0x00,0x00,0x00,0x00,0x00,0xFE,0xFB,0x0F,0x00,0x00,0x00,0x00,0x00,0x00,0xFF,0xF1,0x1F,0x00,0x00,0x00,0x00,0x00,0x80,0xFF,0xE0,0x3F,0x00,0x00,0x00,0x00,0x00,0xC0,0x7F,0xC0,0x7F,0x00,0x00,0x00,0x00,0x00,0xE0,0x3F,0x80,0xFF,0x00,0x00,0x00,0x00,0x00,0xC0,0x1F,0x00,0x7F,0x00,0x00,0x00,0x00,0x00,0x80,0x0F,0x00,0x3E,0x00,0x00,0x00,0x00,0x00,0x00,0x07,0x00,0x1C,0x00,0x00,0x00,0x00,0x00,0x00,0x02,0x00,0x08,	// 215
	0x00,0x00,0x00,0x00,0x00,0x00,0x04,0x00,0x00,0x00,0x00,0x00,0x00,0x00,0x00,0x0F,0x00,0x00,0x00,0x00,0x00,0xFE,0x7F,0x80,0x1F,0x00,0x00,0x00,0x00,0xE0,0xFF,0xFF,0xEF,0x3F,0x00,0x00,0x00,0x00,0xFC,0xFF,0xFF,0xFF,0x1F,0x00,0x00,0x00,0x00,0xFF,0xFF,0xFF,0xFF,0x07,0x00,0x00,0x00,0x80,0xFF,0xFF,0xFF,0xFF,0x03,0x00,0x00,0x00,0xC0,0xFF,0xFF,0xFF,0xFF,0x03,0x00,0x00,0x00,0xE0,0xFF,0xFF,0xFF,0xFF,0x07,0x00,0x00,0x00,0xE0,0xFF,0xFF,0xFF,0xFF,0x0F,0x00,0x00,0x00,0xF0,0xFF,0x01,0xFC,0xFF,0x0F,0x00,0x00,0x00,0xF0,0x1F,0x00,0xFE,0xFF,0x0F,0x00,0x00,0x00,0xF8,0x0F,0x00,0xFF,0xF1,0x1F,0x00,0x00,0x00,0xF8,0x07,0xC0,0xFF,0xE0,0x1F,0x00,0x00,0x00,0xF8,0x03,0xE0,0x3F,0xC0,0x1F,0x00,0x00,0x00,0xF8,0x03,0xF8,0x1F,0xC0,0x1F,0x00,0x00,0x00,0xF8,0x03,0xFC,0x0F,0xC0,0x1F,0x00,0x00,0x00,0xF8,0x03,0xFE,0x03,0xC0,0x1F,0x00,0x00,0x00,0xF8,0x87,0xFF,0x01,0xE0,0x1F,0x00,0x00,0x00,0xF8,0xCF,0x7F,0x00,0xF0,0x1F,0x00,0x00,0x00,0xF0,0xFF,0x3F,0x00,0xF8,0x0F,0x00,0x00,0x00,0xF0,0xFF,0x1F,0x80,0xFF,0x0F,0x00,0x00,0x00,0xF0,0xFF,0xFF,0xFF,0xFF,0x07,0x00,0x00,0x00,0xE0,0xFF,0xFF,0xFF,0xFF,0x07,0x00,0x00,0x00,0xC0,0xFF,0xFF,0xFF,0xFF,0x03,0x00,0x00,0x00,0xE0,0xFF,0xFF,0xFF,0xFF,0x01,0x00,0x00,0x00,0xF0,0xFF,0xFF,0xFF,0xFF,0x00,0x00,0x00,0x00,0xFC,0xFF,0xFF,0xFF,0x3F,0x00,0x00,0x00,0x00,0xFC,0xF3,0xFF,0xFF,0x07,0x00,0x00,0x00,0x00,0xF8,0x01,0xFE,0x7F,0x00,0x00,0x00,0x00,0x00,0x70,0x00,0x00,0x00,0x00,0x00,0x00,0x00,0x00,0x20,	// 216
	0x00,0x00,0x00,0x00,0x00,0x00,0x00,0x00,0x00,0x00,0x00,0x00,0x00,0x00,0x00,0x00,0x00,0x00,0x00,0x00,0x00,0x00,0x00,0x00,0x00,0x00,0x00,0x00,0xF0,0xFF,0xFF,0xFF,0x07,0x00,0x00,0x00,0x00,0xF0,0xFF,0xFF,0xFF,0x7F,0x00,0x00,0x00,0x00,0xF0,0xFF,0xFF,0xFF,0xFF,0x00,0x00,0x00,0x00,0xF0,0xFF,0xFF,0xFF,0xFF,0x03,0x00,0x00,0x00,0xF0,0xFF,0xFF,0xFF,0xFF,0x07,0x00,0x00,0x00,0xF0,0xFF,0xFF,0xFF,0xFF,0x07,0x00,0x00,0x02,0xF0,0xFF,0xFF,0xFF,0xFF,0x0F,0x00,0x00,0x06,0xF0,0xFF,0xFF,0xFF,0xFF,0x0F,0x00,0x00,0x0E,0x00,0x00,0x00,0x00,0xF8,0x0F,0x00,0x00,0x1E,0x00,0x00,0x00,0x00,0xF0,0x1F,0x00,0x00,0x3E,0x00,0x00,0x00,0x00,0xE0,0x1F,0x00,0x00,0x7E,0x00,0x00,0x00,0x00,0xC0,0x1F,0x00,0x00,0xFE,0x00,0x00,0x00,0x00,0xC0,0x1F,0x00,0x00,0xFC,0x00,0x00,0x00,0x00,0xC0,0x1F,0x00,0x00,0xF8,0x00,0x00,0x00,0x00,0xC0,0x1F,0x00,0x00,0xE0,0x00,0x00,0x00,0x00,0xC0,0x1F,0x00,0x00,0xC0,0x00,0x00,0x00,0x00,0xE0,0x1F,0x00,0x00,0x80,0x00,0x00,0x00,0x00,0xF0,0x1F,0x00,0x00,0x00,0x00,0x00,0x00,0x00,0xF8,0x0F,0x00,0x00,0x00,0xF0,0xFF,0xFF,0xFF,0xFF,0x0F,0x00,0x00,0x00,0xF0,0xFF,0xFF,0xFF,0xFF,0x0F,0x00,0x00,0x00,0xF0,0xFF,0xFF,0xFF,0xFF,0x07,0x00,0x00,0x00,0xF0,0xFF,0xFF,0xFF,0xFF,0x07,0x00,0x00,0x00,0xF0,0xFF,0xFF,0xFF,0xFF,0x03,0x00,0x00,0x00,0xF0,0xFF,0xFF,0xFF,0xFF,0x00,0x00,0x00,0x00,0xF0,0xFF,0xFF,0xFF,0x7F,0x00,0x00,0x00,0x00,0xF0,0xFF,0xFF,0xFF,0x07,	// 217
	0x00,0x00,0x00,0x00,0x00,0x00,0x00,0x00,0x00,0x00,0x00,0x00,0x00,0x00,0x00,0x00,0x00,0x00,0x00,0x00,0x00,0x00,0x00,0x00,0x00,0x00,0x00,0x00,0xF0,0xFF,0xFF,0xFF,0x07,0x00,0x00,0x00,0x00,0xF0,0xFF,0xFF,0xFF,0x7F,0x00,0x00,0x00,0x00,0xF0,0xFF,0xFF,0xFF,0xFF,0x00,0x00,0x00,0x00,0xF0,0xFF,0xFF,0xFF,0xFF,0x03,0x00,0x00,0x00,0xF0,0xFF,0xFF,0xFF,0xFF,0x07,0x00,0x00,0x00,0xF0,0xFF,0xFF,0xFF,0xFF,0x07,0x00,0x00,0x00,0xF0,0xFF,0xFF,0xFF,0xFF,0x0F,0x00,0x00,0x00,0xF0,0xFF,0xFF,0xFF,0xFF,0x0F,0x00,0x00,0x00,0x00,0x00,0x00,0x00,0xF8,0x0F,0x00,0x00,0x00,0x00,0x00,0x00,0x00,0xF0,0x1F,0x00,0x00,0x80,0x00,0x00,0x00,0x00,0xE0,0x1F,0x00,0x00,0xC0,0x00,0x00,0x00,0x00,0xC0,0x1F,0x00,0x00,0xE0,0x00,0x00,0x00,0x00,0xC0,0x1F,0x00,0x00,0xF8,0x00,0x00,0x00,0x00,0xC0,0x1F,0x00,0x00,0xFC,0x00,0x00,0x00,0x00,0xC0,0x1F,0x00,0x00,0xFE,0x00,0x00,0x00,0x00,0xC0,0x1F,0x00,0x00,0x7E,0x00,0x00,0x00,0x00,0xE0,0x1F,0x00,0x00,0x3E,0x00,0x00,0x00,0x00,0xF0,0x1F,0x00,0x00,0x1E,0x00,0x00,0x00,0x00,0xF8,0x0F,0x00,0x00,0x0E,0xF0,0xFF,0xFF,0xFF,0xFF,0x0F,0x00,0x00,0x06,0xF0,0xFF,0xFF,0xFF,0xFF,0x0F,0x00,0x00,0x02,0xF0,0xFF,0xFF,0xFF,0xFF,0x07,0x00,0x00,0x00,0xF0,0xFF,0xFF,0xFF,0xFF,0x07,0x00,0x00,0x00,0xF0,0xFF,0xFF,0xFF,0xFF,0x03,0x00,0x00,0x00,0xF0,0xFF,0xFF,0xFF,0xFF,0x00,0x00,0x00,0x00,0xF0,0xFF,0xFF,0xFF,0x7F,0x00,0x00,0x00,0x00,0xF0,0xFF,0xFF,0xFF,0x07,	// 218
	0x00,0x00,0x00,0x00,0x00,0x00,0x00,0x00,0x00,0x00,0x00,0x00,0x00,0x00,0x00,0x00,0x00,0x00,0x00,0x00,0x00,0x00,0x00,0x00,0x00,0x00,0x00,0x00,0xF0,0xFF,0xFF,0xFF,0x07,0x00,0x00,0x00,0x00,0xF0,0xFF,0xFF,0xFF,0x7F,0x00,0x00,0x00,0x00,0xF0,0xFF,0xFF,0xFF,0xFF,0x00,0x00,0x00,0x00,0xF0,0xFF,0xFF,0xFF,0xFF,0x03,0x00,0x00,0x80,0xF0,0xFF,0xFF,0xFF,0xFF,0x07,0x00,0x00,0xC0,0xF0,0xFF,0xFF,0xFF,0xFF,0x07,0x00,0x00,0xE0,0xF0,0xFF,0xFF,0xFF,0xFF,0x0F,0x00,0x00,0xF0,0xF0,0xFF,0xFF,0xFF,0xFF,0x0F,0x00,0x00,0xFC,0x00,0x00,0x00,0x00,0xF8,0x0F,0x00,0x00,0x7E,0x00,0x00,0x00,0x00,0xF0,0x1F,0x00,0x00,0x3E,0x00,0x00,0x00,0x00,0xE0,0x1F,0x00,0x00,0x1E,0x00,0x00,0x00,0x00,0xC0,0x1F,0x00,0x00,0x1E,0x00,0x00,0x00,0x00,0xC0,0x1F,0x00,0x00,0x0E,0x00,0x00,0x00,0x00,0xC0,0x1F,0x00,0x00,0x1E,0x00,0x00,0x00,0x00,0xC0,0x1F,0x00,0x00,0x1E,0x00,0x00,0x00,0x00,0xC0,0x1F,0x00,0x00,0x3E,0x00,0x00,0x00,0x00,0xE0,0x1F,0x00,0x00,0x7E,0x00,0x00,0x00,0x00,0xF0,0x1F,0x00,0x00,0xFC,0x00,0x00,0x00,0x00,0xF8,0x0F,0x00,0x00,0xF0,0xF0,0xFF,0xFF,0xFF,0xFF,0x0F,0x00,0x00,0xE0,0xF0,0xFF,0xFF,0xFF,0xFF,0x0F,0x00,0x00,0xC0,0xF0,0xFF,0xFF,0xFF,0xFF,0x07,0x00,0x00,0x80,0xF0,0xFF,0xFF,0xFF,0xFF,0x07,0x00,0x00,0x00,0xF0,0xFF,0xFF,0xFF,0xFF,0x03,0x00,0x00,0x00,0xF0,0xFF,0xFF,0xFF,0xFF,0x00,0x00,0x00,0x00,0xF0,0xFF,0xFF,0xFF,0x7F,0x00,0x00,0x00,0x00,0xF0,0xFF,0xFF,0xFF,0x07,	// 219
	0x00,0x00,0x00,0x00,0x00,0x00,0x00,0x00,0x00,0x00,0x00,0x00,0x00,0x00,0x00,0x00,0x00,0x00,0x00,0x00,0x00,0x00,0x00,0x00,0x00,0x00,0x00,0x00,0xF0,0xFF,0xFF,0xFF,0x07,0x00,0x00,0x00,0x00,0xF0,0xFF,0xFF,0xFF,0x7F,0x00,0x00,0x00,0x00,0xF0,0xFF,0xFF,0xFF,0xFF,0x00,0x00,0x00,0x00,0xF0,0xFF,0xFF,0xFF,0xFF,0x03,0x00,0x00,0x00,0xF0,0xFF,0xFF,0xFF,0xFF,0x07,0x00,0x00,0xFE,0xF0,0xFF,0xFF,0xFF,0xFF,0x07,0x00,0x00,0xFE,0xF0,0xFF,0xFF,0xFF,0xFF,0x0F,0x00,0x00,0xFE,0xF0,0xFF,0xFF,0xFF,0xFF,0x0F,0x00,0x00,0xFE,0x00,0x00,0x00,0x00,0xF8,0x0F,0x00,0x00,0xFE,0x00,0x00,0x00,0x00,0xF0,0x1F,0x00,0x00,0xFE,0x00,0x00,0x00,0x00,0xE0,0x1F,0x00,0x00,0x00,0x00,0x00,0x00,0x00,0xC0,0x1F,0x00,0x00,0x00,0x00,0x00,0x00,0x00,0xC0,0x1F,0x00,0x00,0x00,0x00,0x00,0x00,0x00,0xC0,0x1F,0x00,0x00,0x00,0x00,0x00,0x00,0x00,0xC0,0x1F,0x00,0x00,0x00,0x00,0x00,0x00,0x00,0xC0,0x1F,0x00,0x00,0xFE,0x00,0x00,0x00,0x00,0xE0,0x1F,0x00,0x00,0xFE,0x00,0x00,0x00,0x00,0xF0,0x1F,0x00,0x00,0xFE,0x00,0x00,0x00,0x00,0xF8,0x0F,0x00,0x00,0xFE,0xF0,0xFF,0xFF,0xFF,0xFF,0x0F,0x00,0x00,0xFE,0xF0,0xFF,0xFF,0xFF,0xFF,0x0F,0x00,0x00,0xFE,0xF0,0xFF,0xFF,0xFF,0xFF,0x07,0x00,0x00,0x00,0xF0,0xFF,0xFF,0xFF,0xFF,0x07,0x00,0x00,0x00,0xF0,0xFF,0xFF,0xFF,0xFF,0x03,0x00,0x00,0x00,0xF0,0xFF,0xFF,0xFF,0xFF,0x00,0x00,0x00,0x00,0xF0,0xFF,0xFF,0xFF,0x7F,0x00,0x00,0x00,0x00,0xF0,0xFF,0xFF,0xFF,0x07,	// 220
	0x00,0x00,0x00,0x00,0x00,0x00,0x00,0x00,0x00,0x00,0x10,0x00,0x00,0x00,0x00,0x00,0x00,0x00,0x00,0x70,0x00,0x00,0x00,0x00,0x00,0x00,0x00,0x00,0xF0,0x01,0x00,0x00,0x00,0x00,0x00,0x00,0x00,0xF0,0x07,0x00,0x00,0x00,0x00,0x00,0x00,0x00,0xF0,0x1F,0x00,0x00,0x00,0x00,0x00,0x00,0x00,0xF0,0x7F,0x00,0x00,0x00,0x00,0x00,0x00,0x00,0xF0,0xFF,0x01,0x00,0x00,0x00,0x00,0x00,0x00,0xF0,0xFF,0x07,0x00,0x00,0x00,0x00,0x00,0x00,0xF0,0xFF,0x1F,0x00,0x00,0x00,0x00,0x00,0x00,0x80,0xFF,0x7F,0x00,0x00,0x00,0x00,0x00,0x00,0x00,0xFE,0xFF,0x01,0x00,0x00,0x00,0x00,0x00,0x00,0xF8,0xFF,0x07,0x00,0x00,0x00,0x00,0x80,0x00,0xE0,0xFF,0xFF,0xFF,0x0F,0x00,0x00,0xC0,0x00,0x80,0xFF,0xFF,0xFF,0x0F,0x00,0x00,0xE0,0x00,0x00,0xFE,0xFF,0xFF,0x0F,0x00,0x00,0xF8,0x00,0x00,0xF8,0xFF,0xFF,0x0F,0x00,0x00,0xFC,0x00,0x00,0xF8,0xFF,0xFF,0x0F,0x00,0x00,0xFE,0x00,0x00,0xFE,0xFF,0xFF,0x0F,0x00,0x00,0x7E,0x00,0x80,0xFF,0xFF,0xFF,0x0F,0x00,0x00,0x3E,0x00,0xE0,0xFF,0xFF,0xFF,0x0F,0x00,0x00,0x1E,0x00,0xF8,0xFF,0x07,0x00,0x00,0x00,0x00,0x0E,0x00,0xFE,0xFF,0x01,0x00,0x00,0x00,0x00,0x06,0x80,0xFF,0x7F,0x00,0x00,0x00,0x00,0x00,0x02,0xF0,0xFF,0x1F,0x00,0x00,0x00,0x00,0x00,0x00,0xF0,0xFF,0x07,0x00,0x00,0x00,0x00,0x00,0x00,0xF0,0xFF,0x01,0x00,0x00,0x00,0x00,0x00,0x00,0xF0,0x7F,0x00,0x00,0x00,0x00,0x00,0x00,0x00,0xF0,0x1F,0x00,0x00,0x00,0x00,0x00,0x00,0x00,0xF0,0x07,0x00,0x00,0x00,0x00,0x00,0x00,0x00,0xF0,0x01,0x00,0x00,0x00,0x00,0x00,0x00,0x00,0x70,0x00,0x00,0x00,0x00,0x00,0x00,0x00,0x00,0x10,	// 221
	0x00,0x00,0x00,0x00,0x00,0x00,0x00,0x00,0x00,0x00,0x00,0x00,0x00,0x00,0x00,0x00,0x00,0x00,0x00,0x00,0x00,0x00,0x00,0x00,0x00,0x00,0x00,0x00,0x00,0x00,0x00,0x00,0x00,0x00,0x00,0x00,0x00,0xF0,0xFF,0xFF,0xFF,0xFF,0x0F,0x00,0x00,0x00,0xF0,0xFF,0xFF,0xFF,0xFF,0x0F,0x00,0x00,0x00,0xF0,0xFF,0xFF,0xFF,0xFF,0x0F,0x00,0x00,0x00,0xF0,0xFF,0xFF,0xFF,0xFF,0x0F,0x00,0x00,0x00,0xF0,0xFF,0xFF,0xFF,0xFF,0x0F,0x00,0x00,0x00,0xF0,0xFF,0xFF,0xFF,0xFF,0x0F,0x00,0x00,0x00,0xF0,0xFF,0xFF,0xFF,0xFF,0x0F,0x00,0x00,0x00,0xF0,0xFF,0xFF,0xFF,0xFF,0x0F,0x00,0x00,0x00,0x00,0xFC,0x00,0xE0,0x07,0x00,0x00,0x00,0x00,0x00,0xFC,0x00,0xE0,0x07,0x00,0x00,0x00,0x00,0x00,0xFC,0x00,0xE0,0x07,0x00,0x00,0x00,0x00,0x00,0xFC,0x00,0xE0,0x07,0x00,0x00,0x00,0x00,0x00,0xFC,0x00,0xE0,0x07,0x00,0x00,0x00,0x00,0x00,0xFC,0x00,0xE0,0x07,0x00,0x00,0x00,0x00,0x00,0xFC,0x00,0xE0,0x07,0x00,0x00,0x00,0x00,0x00,0xFC,0x01,0xF0,0x07,0x00,0x00,0x00,0x00,0x00,0xFC,0x03,0xF0,0x07,0x00,0x00,0x00,0x00,0x00,0xF8,0x07,0xFC,0x03,0x00,0x00,0x00,0x00,0x00,0xF8,0xFF,0xFF,0x03,0x00,0x00,0x00,0x00,0x00,0xF8,0xFF,0xFF,0x03,0x00,0x00,0x00,0x00,0x00,0xF0,0xFF,0xFF,0x01,0x00,0x00,0x00,0x00,0x00,0xF0,0xFF,0xFF,0x01,0x00,0x00,0x00,0x00,0x00,0xE0,0xFF,0xFF,0x00,0x00,0x00,0x00,0x00,0x00,0xC0,0xFF,0x7F,0x00,0x00,0x00,0x00,0x00,0x00,0x00,0xFF,0x1F,0x00,0x00,0x00,0x00,0x00,0x00,0x00,0xFC,0x07,	// 222
	0x00,0x00,0x00,0x00,0x00,0x00,0x00,0x00,0x00,0x00,0x00,0x00,0x00,0x00,0x00,0x00,0x00,0x00,0x00,0x00,0x00,0x00,0x00,0x00,0x00,0x00,0x00,0x00,0x00,0xFE,0xFF,0xFF,0xFF,0x0F,0x00,0x00,0x00,0x80,0xFF,0xFF,0xFF,0xFF,0x0F,0x00,0x00,0x00,0xC0,0xFF,0xFF,0xFF,0xFF,0x0F,0x00,0x00,0x00,0xE0,0xFF,0xFF,0xFF,0xFF,0x0F,0x00,0x00,0x00,0xF0,0xFF,0xFF,0xFF,0xFF,0x0F,0x00,0x00,0x00,0xF8,0xFF,0xFF,0xFF,0xFF,0x0F,0x00,0x00,0x00,0xF8,0xFF,0xFF,0xFF,0xFF,0x0F,0x00,0x00,0x00,0xF8,0xFF,0xFF,0xFF,0xFF,0x0F,0x00,0x00,0x00,0xFC,0x07,0x00,0x00,0x00,0x00,0x00,0x00,0x00,0xFC,0x01,0x00,0x00,0x00,0x00,0x00,0x00,0x00,0xFC,0x00,0x00,0x00,0xE0,0x0F,0x00,0x00,0x00,0xFC,0x00,0xFC,0x00,0xC0,0x0F,0x00,0x00,0x00,0xFC,0x00,0xFF,0x03,0xC0,0x1F,0x00,0x00,0x00,0xFC,0xC0,0xFF,0x07,0x80,0x1F,0x00,0x00,0x00,0xFC,0xC0,0xFF,0x0F,0x80,0x1F,0x00,0x00,0x00,0xFC,0xE0,0xFF,0x1F,0x80,0x1F,0x00,0x00,0x00,0xFC,0xE1,0xFF,0x3F,0x80,0x1F,0x00,0x00,0x00,0xF8,0xF3,0xFF,0x7F,0x80,0x1F,0x00,0x00,0x00,0xF8,0xFF,0xC3,0xFF,0xC0,0x1F,0x00,0x00,0x00,0xF0,0xFF,0x81,0xFF,0xE3,0x1F,0x00,0x00,0x00,0xF0,0xFF,0x00,0xFE,0xFF,0x1F,0x00,0x00,0x00,0xC0,0xFF,0x00,0xFE,0xFF,0x0F,0x00,0x00,0x00,0x80,0x7F,0x00,0xFC,0xFF,0x0F,0x00,0x00,0x00,0x00,0x7C,0x00,0xF8,0xFF,0x07,0x00,0x00,0x00,0x00,0x00,0x00,0xF0,0xFF,0x07,0x00,0x00,0x00,0x00,0x00,0x00,0xE0,0xFF,0x03,0x00,0x00,0x00,0x00,0x00,0x00,0xC0,0xFF,0x01,0x00,0x00,0x00,0x00,0x00,0x00,0x00,0x7F,	// 223
	0x00,0x00,0x00,0x00,0x00,0x00,0x00,0x00,0x00,0x00,0x00,0x00,0x00,0x00,0x00,0x00,0x00,0x00,0x00,0x00,0x00,0x00,0x00,0x00,0x00,0x00,0x00,0x00,0x00,0x00,0x00,0x80,0x3F,0x00,0x00,0x00,0x00,0x00,0x00,0x00,0xE0,0xFF,0x01,0x00,0x00,0x00,0x01,0x00,0x00,0xF8,0xFF,0x03,0x00,0x00,0x00,0x03,0x80,0x1F,0xFC,0xFF,0x07,0x00,0x00,0x00,0x07,0xC0,0x0F,0xFC,0xFF,0x0F,0x00,0x00,0x00,0x0F,0xC0,0x0F,0xFE,0xFF,0x0F,0x00,0x00,0x00,0x1F,0xC0,0x0F,0xFE,0xFF,0x0F,0x00,0x00,0x00,0x3F,0xC0,0x0F,0xFE,0xFF,0x1F,0x00,0x00,0x00,0x7F,0xE0,0x07,0xFF,0xE0,0x1F,0x00,0x00,0x00,0xFF,0xE0,0x07,0x7F,0xC0,0x1F,0x00,0x00,0x00,0xFE,0xE1,0x07,0x7F,0x80,0x1F,0x00,0x00,0x00,0xF8,0xE3,0x07,0x3F,0x80,0x1F,0x00,0x00,0x00,0xF0,0xE3,0x07,0x3F,0x80,0x1F,0x00,0x00,0x00,0xE0,0xE3,0x07,0x3F,0x80,0x1F,0x00,0x00,0x00,0x80,0xE3,0x07,0x3F,0x80,0x0F,0x00,0x00,0x00,0x00,0xE3,0x07,0x3F,0xC0,0x0F,0x00,0x00,0x00,0x00,0xE2,0x07,0x3F,0xC0,0x07,0x00,0x00,0x00,0x00,0xE0,0x0F,0x3F,0xF0,0x03,0x00,0x00,0x00,0x00,0xE0,0x1F,0x3F,0xFC,0x01,0x00,0x00,0x00,0x00,0xC0,0xFF,0xFF,0xFF,0x0F,0x00,0x00,0x00,0x00,0xC0,0xFF,0xFF,0xFF,0x0F,0x00,0x00,0x00,0x00,0xC0,0xFF,0xFF,0xFF,0x0F,0x00,0x00,0x00,0x00,0x80,0xFF,0xFF,0xFF,0x0F,0x00,0x00,0x00,0x00,0x00,0xFF,0xFF,0xFF,0x0F,0x00,0x00,0x00,0x00,0x00,0xFE,0xFF,0xFF,0x0F,0x00,0x00,0x00,0x00,0x00,0xFC,0xFF,0xFF,0x0F,0x00,0x00,0x00,0x00,0x00,0xE0,0xFF,0xFF,0x0F,	// 224
	0x00,0x00,0x00,0x00,0x00,0x00,0x00,0x00,0x00,0x00,0x00,0x00,0x00,0x00,0x00,0x00,0x00,0x00,0x00,0x00,0x00,0x00,0x00,0x00,0x00,0x00,0x00,0x00,0x00,0x00,0x00,0x80,0x3F,0x00,0x00,0x00,0x00,0x00,0x00,0x00,0xE0,0xFF,0x01,0x00,0x00,0x00,0x00,0x00,0x00,0xF8,0xFF,0x03,0x00,0x00,0x00,0x00,0x80,0x1F,0xFC,0xFF,0x07,0x00,0x00,0x00,0x00,0xC0,0x0F,0xFC,0xFF,0x0F,0x00,0x00,0x00,0x00,0xC0,0x0F,0xFE,0xFF,0x0F,0x00,0x00,0x00,0x00,0xC0,0x0F,0xFE,0xFF,0x0F,0x00,0x00,0x00,0x00,0xC0,0x0F,0xFE,0xFF,0x1F,0x00,0x00,0x00,0x00,0xE0,0x07,0xFF,0xE0,0x1F,0x00,0x00,0x00,0x00,0xE0,0x07,0x7F,0xC0,0x1F,0x00,0x00,0x00,0x00,0xE2,0x07,0x7F,0x80,0x1F,0x00,0x00,0x00,0x00,0xE3,0x07,0x3F,0x80,0x1F,0x00,0x00,0x00,0x80,0xE3,0x07,0x3F,0x80,0x1F,0x00,0x00,0x00,0xE0,0xE3,0x07,0x3F,0x80,0x1F,0x00,0x00,0x00,0xF0,0xE3,0x07,0x3F,0x80,0x0F,0x00,0x00,0x00,0xF8,0xE3,0x07,0x3F,0xC0,0x0F,0x00,0x00,0x00,0xFE,0xE1,0x07,0x3F,0xC0,0x07,0x00,0x00,0x00,0xFF,0xE0,0x0F,0x3F,0xF0,0x03,0x00,0x00,0x00,0x7F,0xE0,0x1F,0x3F,0xFC,0x01,0x00,0x00,0x00,0x3F,0xC0,0xFF,0xFF,0xFF,0x0F,0x00,0x00,0x00,0x1F,0xC0,0xFF,0xFF,0xFF,0x0F,0x00,0x00,0x00,0x0F,0xC0,0xFF,0xFF,0xFF,0x0F,0x00,0x00,0x00,0x07,0x80,0xFF,0xFF,0xFF,0x0F,0x00,0x00,0x00,0x03,0x00,0xFF,0xFF,0xFF,0x0F,0x00,0x00,0x00,0x01,0x00,0xFE,0xFF,0xFF,0x0F,0x00,0x00,0x00,0x00,0x00,0xFC,0xFF,0xFF,0x0F,0x00,0x00,0x00,0x00,0x00,0xE0,0xFF,0xFF,0x0F,	// 225
	0x00,0x00,0x00,0x00,0x00,0x00,0x00,0x00,0x00,0x00,0x00,0x00,0x00,0x00,0x00,0x00,0x00,0x00,0x00,0x00,0x00,0x00,0x00,0x00,0x00,0x00,0x00,0x00,0x00,0x00,0x00,0x80,0x3F,0x00,0x00,0x00,0x00,0x00,0x00,0x00,0xE0,0xFF,0x01,0x00,0x00,0x00,0x00,0x00,0x00,0xF8,0xFF,0x03,0x00,0x00,0x00,0x00,0x82,0x1F,0xFC,0xFF,0x07,0x00,0x00,0x00,0x00,0xC3,0x0F,0xFC,0xFF,0x0F,0x00,0x00,0x00,0xC0,0xC3,0x0F,0xFE,0xFF,0x0F,0x00,0x00,0x00,0xE0,0xC3,0x0F,0xFE,0xFF,0x0F,0x00,0x00,0x00,0xF8,0xC3,0x0F,0xFE,0xFF,0x1F,0x00,0x00,0x00,0xFC,0xE1,0x07,0xFF,0xE0,0x1F,0x00,0x00,0x00,0xFF,0xE0,0x07,0x7F,0xC0,0x1F,0x00,0x00,0x00,0x7F,0xE0,0x07,0x7F,0x80,0x1F,0x00,0x00,0x00,0x3F,0xE0,0x07,0x3F,0x80,0x1F,0x00,0x00,0x00,0x1F,0xE0,0x07,0x3F,0x80,0x1F,0x00,0x00,0x00,0x1F,0xE0,0x07,0x3F,0x80,0x1F,0x00,0x00,0x00,0x3F,0xE0,0x07,0x3F,0x80,0x0F,0x00,0x00,0x00,0x7F,0xE0,0x07,0x3F,0xC0,0x0F,0x00,0x00,0x00,0xFF,0xE0,0x07,0x3F,0xC0,0x07,0x00,0x00,0x00,0xFC,0xE1,0x0F,0x3F,0xF0,0x03,0x00,0x00,0x00,0xF8,0xE3,0x1F,0x3F,0xFC,0x01,0x00,0x00,0x00,0xE0,0xC3,0xFF,0xFF,0xFF,0x0F,0x00,0x00,0x00,0xC0,0xC3,0xFF,0xFF,0xFF,0x0F,0x00,0x00,0x00,0x00,0xC3,0xFF,0xFF,0xFF,0x0F,0x00,0x00,0x00,0x00,0x82,0xFF,0xFF,0xFF,0x0F,0x00,0x00,0x00,0x00,0x00,0xFF,0xFF,0xFF,0x0F,0x00,0x00,0x00,0x00,0x00,0xFE,0xFF,0xFF,0x0F,0x00,0x00,0x00,0x00,0x00,0xFC,0xFF,0xFF,0x0F,0x00,0x00,0x00,0x00,0x00,0xE0,0xFF,0xFF,0x0F,	// 226
	0x00,0x00,0x00,0x00,0x00,0x00,0x00,0x00,0x00,0x00,0x00,0x00,0x00,0x00,0x00,0x00,0x00,0x00,0x00,0x00,0x00,0x00,0x00,0x00,0x00,0x00,0x00,0x00,0x00,0x00,0x00,0x80,0x3F,0x00,0x00,0x00,0x00,0x00,0x00,0x00,0xE0,0xFF,0x01,0x00,0x00,0x00,0x00,0x00,0x00,0xF8,0xFF,0x03,0x00,0x00,0x00,0x00,0x80,0x1F,0xFC,0xFF,0x07,0x00,0x00,0x00,0xE0,0xC1,0x0F,0xFC,0xFF,0x0F,0x00,0x00,0x00,0xF8,0xC1,0x0F,0xFE,0xFF,0x0F,0x00,0x00,0x00,0xFC,0xC1,0x0F,0xFE,0xFF,0x0F,0x00,0x00,0x00,0xFE,0xC1,0x0F,0xFE,0xFF,0x1F,0x00,0x00,0x00,0x3E,0xE0,0x07,0xFF,0xE0,0x1F,0x00,0x00,0x00,0x1E,0xE0,0x07,0x7F,0xC0,0x1F,0x00,0x00,0x00,0x1E,0xE0,0x07,0x7F,0x80,0x1F,0x00,0x00,0x00,0x3E,0xE0,0x07,0x3F,0x80,0x1F,0x00,0x00,0x00,0x3C,0xE0,0x07,0x3F,0x80,0x1F,0x00,0x00,0x00,0x78,0xE0,0x07,0x3F,0x80,0x1F,0x00,0x00,0x00,0xF0,0xE0,0x07,0x3F,0x80,0x0F,0x00,0x00,0x00,0xF0,0xE1,0x07,0x3F,0xC0,0x0F,0x00,0x00,0x00,0xE0,0xE1,0x07,0x3F,0xC0,0x07,0x00,0x00,0x00,0xE0,0xE1,0x0F,0x3F,0xF0,0x03,0x00,0x00,0x00,0xF0,0xE1,0x1F,0x3F,0xFC,0x01,0x00,0x00,0x00,0xFE,0xC1,0xFF,0xFF,0xFF,0x0F,0x00,0x00,0x00,0xFE,0xC0,0xFF,0xFF,0xFF,0x0F,0x00,0x00,0x00,0x7E,0xC0,0xFF,0xFF,0xFF,0x0F,0x00,0x00,0x00,0x1E,0x80,0xFF,0xFF,0xFF,0x0F,0x00,0x00,0x00,0x00,0x00,0xFF,0xFF,0xFF,0x0F,0x00,0x00,0x00,0x00,0x00,0xFE,0xFF,0xFF,0x0F,0x00,0x00,0x00,0x00,0x00,0xFC,0xFF,0xFF,0x0F,0x00,0x00,0x00,0x00,0x00,0xE0,0xFF,0xFF,0x0F,	// 227
	0x00,0x00,0x00,0x00,0x00,0x00,0x00,0x00,0x00,0x00,0x00,0x00,0x00,0x00,0x00,0x00,0x00,0x00,0x00,0x00,0x00,0x00,0x00,0x00,0x00,0x00,0x00,0x00,0x00,0x00,0x00,0x80,0x3F,0x00,0x00,0x00,0x00,0x00,0x00,0x00,0xE0,0xFF,0x01,0x00,0x00,0x00,0x00,0x00,0x00,0xF8,0xFF,0x03,0x00,0x00,0x00,0x00,0x80,0x1F,0xFC,0xFF,0x07,0x00,0x00,0x00,0x00,0xC0,0x0F,0xFC,0xFF,0x0F,0x00,0x00,0x00,0xFE,0xC0,0x0F,0xFE,0xFF,0x0F,0x00,0x00,0x00,0xFE,0xC0,0x0F,0xFE,0xFF,0x0F,0x00,0x00,0x00,0xFE,0xC0,0x0F,0xFE,0xFF,0x1F,0x00,0x00,0x00,0xFE,0xE0,0x07,0xFF,0xE0,0x1F,0x00,0x00,0x00,0xFE,0xE0,0x07,0x7F,0xC0,0x1F,0x00,0x00,0x00,0xFE,0xE0,0x07,0x7F,0x80,0x1F,0x00,0x00,0x00,0x00,0xE0,0x07,0x3F,0x80,0x1F,0x00,0x00,0x00,0x00,0xE0,0x07,0x3F,0x80,0x1F,0x00,0x00,0x00,0x00,0xE0,0x07,0x3F,0x80,0x1F,0x00,0x00,0x00,0x00,0xE0,0x07,0x3F,0x80,0x0F,0x00,0x00,0x00,0xFE,0xE0,0x07,0x3F,0xC0,0x0F,0x00,0x00,0x00,0xFE,0xE0,0x07,0x3F,0xC0,0x07,0x00,0x00,0x00,0xFE,0xE0,0x0F,0x3F,0xF0,0x03,0x00,0x00,0x00,0xFE,0xE0,0x1F,0x3F,0xFC,0x01,0x00,0x00,0x00,0xFE,0xC0,0xFF,0xFF,0xFF,0x0F,0x00,0x00,0x00,0xFE,0xC0,0xFF,0xFF,0xFF,0x0F,0x00,0x00,0x00,0x00,0xC0,0xFF,0xFF,0xFF,0x0F,0x00,0x00,0x00,0x00,0x80,0xFF,0xFF,0xFF,0x0F,0x00,0x00,0x00,0x00,0x00,0xFF,0xFF,0xFF,0x0F,0x00,0x00,0x00,0x00,0x00,0xFE,0xFF,0xFF,0x0F,0x00,0x00,0x00,0x00,0x00,0xFC,0xFF,0xFF,0x0F,0x00,0x00,0x00,0x00,0x00,0xE0,0xFF,0xFF,0x0F,	// 228
	0x00,0x00,0x00,0x00,0x00,0x00,0x00,0x00,0x00,0x00,0x00,0x00,0x00,0x00,0x00,0x00,0x00,0x00,0x00,0x00,0x00,0x00,0x00,0x00,0x00,0x00,0x00,0x00,0x00,0x00,0x00,0x80,0x3F,0x00,0x00,0x00,0x00,0x00,0x00,0x00,0xE0,0xFF,0x01,0x00,0x00,0x00,0x00,0x00,0x00,0xF8,0xFF,0x03,0x00,0x00,0x00,0x00,0x80,0x1F,0xFC,0xFF,0x07,0x00,0x00,0x00,0x00,0xC0,0x0F,0xFC,0xFF,0x0F,0x00,0x00,0x00,0x00,0xC0,0x0F,0xFE,0xFF,0x0F,0x00,0x00,0x00,0x1F,0xC0,0x0F,0xFE,0xFF,0x0F,0x00,0x00,0xC0,0x7F,0xC0,0x0F,0xFE,0xFF,0x1F,0x00,0x00,0xE0,0xFF,0xE0,0x07,0xFF,0xE0,0x1F,0x00,0x00,0xF0,0xFF,0xE1,0x07,0x7F,0xC0,0x1F,0x00,0x00,0xF0,0xF1,0xE1,0x07,0x7F,0x80,0x1F,0x00,0x00,0xF8,0xE0,0xE3,0x07,0x3F,0x80,0x1F,0x00,0x00,0x78,0xC0,0xE3,0x07,0x3F,0x80,0x1F,0x00,0x00,0x78,0xC0,0xE3,0x07,0x3F,0x80,0x1F,0x00,0x00,0x78,0xC0,0xE3,0x07,0x3F,0x80,0x0F,0x00,0x00,0xF8,0xE0,0xE3,0x07,0x3F,0xC0,0x0F,0x00,0x00,0xF0,0xF1,0xE1,0x07,0x3F,0xC0,0x07,0x00,0x00,0xF0,0xFF,0xE1,0x0F,0x3F,0xF0,0x03,0x00,0x00,0xE0,0xFF,0xE0,0x1F,0x3F,0xFC,0x01,0x00,0x00,0xC0,0x7F,0xC0,0xFF,0xFF,0xFF,0x0F,0x00,0x00,0x00,0x1F,0xC0,0xFF,0xFF,0xFF,0x0F,0x00,0x00,0x00,0x00,0xC0,0xFF,0xFF,0xFF,0x0F,0x00,0x00,0x00,0x00,0x80,0xFF,0xFF,0xFF,0x0F,0x00,0x00,0x00,0x00,0x00,0xFF,0xFF,0xFF,0x0F,0x00,0x00,0x00,0x00,0x00,0xFE,0xFF,0xFF,0x0F,0x00,0x00,0x00,0x00,0x00,0xFC,0xFF,0xFF,0x0F,0x00,0x00,0x00,0x00,0x00,0xE0,0xFF,0xFF,0x0F,	// 229
	0x00,0x00,0x00,0x00,0x00,0x00,0x00,0x00,0x00,0x00,0x00,0x00,0x00,0x80,0x7F,0x00,0x00,0x00,0x00,0x00,0x00,0x00,0xE0,0xFF,0x01,0x00,0x00,0x00,0x00,0x80,0x3F,0xF0,0xFF,0x07,0x00,0x00,0x00,0x00,0xC0,0x1F,0xF8,0xFF,0x0F,0x00,0x00,0x00,0x00,0xC0,0x0F,0xFC,0xFF,0x0F,0x00,0x00,0x00,0x00,0xC0,0x0F,0xFC,0xFF,0x0F,0x00,0x00,0x00,0x00,0xE0,0x07,0xFC,0xE1,0x1F,0x00,0x00,0x00,0x00,0xE0,0x07,0xFE,0xC0,0x1F,0x00,0x00,0x00,0x00,0xE0,0x07,0x7E,0x80,0x1F,0x00,0x00,0x00,0x00,0xE0,0x07,0x7E,0x80,0x1F,0x00,0x00,0x00,0x00,0xE0,0x07,0x7E,0x80,0x1F,0x00,0x00,0x00,0x00,0xE0,0x0F,0x7E,0xC0,0x1F,0x00,0x00,0x00,0x00,0xE0,0x1F,0x7E,0xE0,0x0F,0x00,0x00,0x00,0x00,0xC0,0xFF,0xFF,0xFF,0x0F,0x00,0x00,0x00,0x00,0x80,0xFF,0xFF,0xFF,0x07,0x00,0x00,0x00,0x00,0x00,0xFF,0xFF,0xFF,0x03,0x00,0x00,0x00,0x00,0x80,0xFF,0xFF,0xFF,0x01,0x00,0x00,0x00,0x00,0x80,0xFF,0xFF,0xFF,0x03,0x00,0x00,0x00,0x00,0xC0,0xFF,0xFF,0xFF,0x07,0x00,0x00,0x00,0x00,0xC0,0x1F,0x7E,0xF8,0x0F,0x00,0x00,0x00,0x00,0xE0,0x0F,0x7E,0xE0,0x0F,0x00,0x00,0x00,0x00,0xE0,0x07,0x7E,0xC0,0x1F,0x00,0x00,0x00,0x00,0xE0,0x07,0x7E,0x80,0x1F,0x00,0x00,0x00,0x00,0xE0,0x07,0x7E,0x80,0x1F,0x00,0x00,0x00,0x00,0xE0,0x0F,0x7E,0x80,0x1F,0x00,0x00,0x00,0x00,0xE0,0x1F,0x7E,0x80,0x1F,0x00,0x00,0x00,0x00,0xC0,0xFF,0x7F,0x80,0x1F,0x00,0x00,0x00,0x00,0xC0,0xFF,0x7F,0x80,0x1F,0x00,0x00,0x00,0x00,0x80,0xFF,0x7F,0xC0,0x1F,0x00,0x00,0x00,0x00,0x00,0xFF,0x7F,0xC0,0x0F,0x00,0x00,0x00,0x00,0x00,0xFE,0x7F,0xE0,0x0F,0x00,0x00,0x00,0x00,0x00,0xE0,0x7F,0xF0,0x07,	// 230
	0x00,0x00,0x00,0x00,0x00,0x00,0x00,0x00,0x00,0x00,0x00,0x00,0x00,0x00,0x00,0x00,0x00,0x00,0x00,0x00,0x00,0x00,0x00,0x00,0x00,0x00,0x00,0x00,0x00,0x00,0x00,0x00,0x00,0x00,0x00,0x00,0x00,0x00,0x00,0x00,0xFF,0x03,0x00,0x00,0x00,0x00,0x00,0x00,0xE0,0xFF,0x1F,0x00,0x00,0x00,0x00,0x00,0x00,0xF8,0xFF,0x7F,0x00,0x00,0x00,0x00,0x00,0x00,0xFC,0xFF,0xFF,0x00,0x00,0x00,0x00,0x00,0x00,0xFE,0xFF,0xFF,0x01,0x00,0x00,0x00,0x00,0x00,0xFF,0xFF,0xFF,0x03,0x00,0x00,0x00,0x00,0x80,0xFF,0xFF,0xFF,0x07,0x00,0x00,0x00,0x00,0x80,0xFF,0xFF,0xFF,0x07,0x00,0x00,0x00,0x00,0xC0,0xFF,0x01,0xFE,0x0F,0x3C,0x00,0x00,0x00,0xC0,0x3F,0x00,0xF0,0x0F,0x7C,0x00,0x00,0x00,0xE0,0x1F,0x00,0xE0,0x1F,0x78,0x00,0x00,0x00,0xE0,0x0F,0x00,0xC0,0x1F,0x78,0x00,0x00,0x00,0xE0,0x0F,0x00,0xC0,0x1F,0x78,0x00,0x00,0x00,0xE0,0x07,0x00,0x80,0x1F,0x78,0x00,0x00,0x00,0xE0,0x07,0x00,0x80,0x3F,0x78,0x00,0x00,0x00,0xE0,0x07,0x00,0x80,0x7F,0x7C,0x00,0x00,0x00,0xE0,0x07,0x00,0x80,0xFF,0x7F,0x00,0x00,0x00,0xE0,0x07,0x00,0x80,0xFF,0x3F,0x00,0x00,0x00,0xE0,0x07,0x00,0x80,0xDF,0x3F,0x00,0x00,0x00,0xE0,0x0F,0x00,0xC0,0x1F,0x0F,0x00,0x00,0x00,0xC0,0x0F,0x00,0xC0,0x0F,0x00,0x00,0x00,0x00,0xC0,0x0F,0x00,0xC0,0x0F,0x00,0x00,0x00,0x00,0xC0,0x1F,0x00,0xE0,0x0F,0x00,0x00,0x00,0x00,0x80,0x3F,0x00,0xF0,0x07,	// 231
	0x00,0x00,0x00,0x00,0x00,0x00,0x00,0x00,0x00,0x00,0x00,0x00,0x00,0x00,0x00,0x00,0x00,0x00,0x00,0x00,0x00,0x00,0x00,0x00,0x00,0x00,0x00,0x00,0x00,0x00,0x00,0xFF,0x03,0x00,0x00,0x00,0x00,0x00,0x00,0xE0,0xFF,0x1F,0x00,0x00,0x00,0x00,0x00,0x00,0xF8,0xFF,0x7F,0x00,0x00,0x00,0x00,0x01,0x00,0xFC,0xFF,0xFF,0x00,0x00,0x00,0x00,0x03,0x00,0xFE,0xFF,0xFF,0x01,0x00,0x00,0x00,0x07,0x00,0xFF,0xFF,0xFF,0x03,0x00,0x00,0x00,0x0F,0x80,0xFF,0xFF,0xFF,0x07,0x00,0x00,0x00,0x1F,0xC0,0xFF,0xFF,0xFF,0x07,0x00,0x00,0x00,0x3F,0xC0,0x7F,0x7E,0xFC,0x0F,0x00,0x00,0x00,0x7F,0xC0,0x1F,0x7E,0xF0,0x0F,0x00,0x00,0x00,0xFF,0xE0,0x0F,0x7E,0xE0,0x0F,0x00,0x00,0x00,0xFE,0xE1,0x07,0x7E,0xC0,0x1F,0x00,0x00,0x00,0xF8,0xE3,0x07,0x7E,0xC0,0x1F,0x00,0x00,0x00,0xF0,0xE3,0x07,0x7E,0x80,0x1F,0x00,0x00,0x00,0xE0,0xE3,0x07,0x7E,0x80,0x1F,0x00,0x00,0x00,0x80,0xE3,0x07,0x7E,0x80,0x1F,0x00,0x00,0x00,0x00,0xE3,0x07,0x7E,0x80,0x1F,0x00,0x00,0x00,0x00,0xE2,0x0F,0x7E,0x80,0x1F,0x00,0x00,0x00,0x00,0xC0,0x1F,0x7E,0x80,0x1F,0x00,0x00,0x00,0x00,0xC0,0x3F,0x7E,0x80,0x1F,0x00,0x00,0x00,0x00,0xC0,0xFF,0x7F,0x80,0x1F,0x00,0x00,0x00,0x00,0x80,0xFF,0x7F,0xC0,0x0F,0x00,0x00,0x00,0x00,0x80,0xFF,0x7F,0xC0,0x0F,0x00,0x00,0x00,0x00,0x00,0xFF,0x7F,0xC0,0x0F,0x00,0x00,0x00,0x00,0x00,0xFE,0x7F,0xE0,0x0F,0x00,0x00,0x00,0x00,0x00,0xFC,0x7F,0xE0,0x0F,0x00,0x00,0x00,0x00,0x00,0xF0,0x7F,0xF0,0x07,0x00,0x00,0x00,0x00,0x00,0x80,0x7F,	// 232
	0x00,0x00,0x00,0x00,0x00,0x00,0x00,0x00,0x00,0x00,0x00,0x00,0x00,0x00,0x00,0x00,0x00,0x00,0x00,0x00,0x00,0x00,0x00,0x00,0x00,0x00,0x00,0x00,0x00,0x00,0x00,0xFF,0x03,0x00,0x00,0x00,0x00,0x00,0x00,0xE0,0xFF,0x1F,0x00,0x00,0x00,0x00,0x00,0x00,0xF8,0xFF,0x7F,0x00,0x00,0x00,0x00,0x00,0x00,0xFC,0xFF,0xFF,0x00,0x00,0x00,0x00,0x00,0x00,0xFE,0xFF,0xFF,0x01,0x00,0x00,0x00,0x00,0x00,0xFF,0xFF,0xFF,0x03,0x00,0x00,0x00,0x00,0x80,0xFF,0xFF,0xFF,0x07,0x00,0x00,0x00,0x00,0xC0,0xFF,0xFF,0xFF,0x07,0x00,0x00,0x00,0x00,0xC0,0x7F,0x7E,0xFC,0x0F,0x00,0x00,0x00,0x00,0xC0,0x1F,0x7E,0xF0,0x0F,0x00,0x00,0x00,0x00,0xE0,0x0F,0x7E,0xE0,0x0F,0x00,0x00,0x00,0x00,0xE2,0x07,0x7E,0xC0,0x1F,0x00,0x00,0x00,0x00,0xE3,0x07,0x7E,0xC0,0x1F,0x00,0x00,0x00,0x80,0xE3,0x07,0x7E,0x80,0x1F,0x00,0x00,0x00,0xE0,0xE3,0x07,0x7E,0x80,0x1F,0x00,0x00,0x00,0xF0,0xE3,0x07,0x7E,0x80,0x1F,0x00,0x00,0x00,0xF8,0xE3,0x07,0x7E,0x80,0x1F,0x00,0x00,0x00,0xFE,0xE1,0x0F,0x7E,0x80,0x1F,0x00,0x00,0x00,0xFF,0xC0,0x1F,0x7E,0x80,0x1F,0x00,0x00,0x00,0x7F,0xC0,0x3F,0x7E,0x80,0x1F,0x00,0x00,0x00,0x3F,0xC0,0xFF,0x7F,0x80,0x1F,0x00,0x00,0x00,0x1F,0x80,0xFF,0x7F,0xC0,0x0F,0x00,0x00,0x00,0x0F,0x80,0xFF,0x7F,0xC0,0x0F,0x00,0x00,0x00,0x07,0x00,0xFF,0x7F,0xC0,0x0F,0x00,0x00,0x00,0x03,0x00,0xFE,0x7F,0xE0,0x0F,0x00,0x00,0x00,0x01,0x00,0xFC,0x7F,0xE0,0x0F,0x00,0x00,0x00,0x00,0x00,0xF0,0x7F,0xF0,0x07,0x00,0x00,0x00,0x00,0x00,0x80,0x7F,	// 233
	0x00,0x00,0x00,0x00,0x00,0x00,0x00,0x00,0x00,0x00,0x00,0x00,0x00,0x00,0x00,0x00,0x00,0x00,0x00,0x00,0x00,0x00,0x00,0x00,0x00,0x00,0x00,0x00,0x00,0x00,0x00,0xFF,0x03,0x00,0x00,0x00,0x00,0x00,0x00,0xE0,0xFF,0x1F,0x00,0x00,0x00,0x00,0x00,0x00,0xF8,0xFF,0x7F,0x00,0x00,0x00,0x00,0x00,0x00,0xFC,0xFF,0xFF,0x00,0x00,0x00,0x00,0x00,0x02,0xFE,0xFF,0xFF,0x01,0x00,0x00,0x00,0x00,0x03,0xFF,0xFF,0xFF,0x03,0x00,0x00,0x00,0xC0,0x83,0xFF,0xFF,0xFF,0x07,0x00,0x00,0x00,0xE0,0xC3,0xFF,0xFF,0xFF,0x07,0x00,0x00,0x00,0xF8,0xC3,0x7F,0x7E,0xFC,0x0F,0x00,0x00,0x00,0xFC,0xC1,0x1F,0x7E,0xF0,0x0F,0x00,0x00,0x00,0xFF,0xE0,0x0F,0x7E,0xE0,0x0F,0x00,0x00,0x00,0x7F,0xE0,0x07,0x7E,0xC0,0x1F,0x00,0x00,0x00,0x3F,0xE0,0x07,0x7E,0xC0,0x1F,0x00,0x00,0x00,0x1F,0xE0,0x07,0x7E,0x80,0x1F,0x00,0x00,0x00,0x1F,0xE0,0x07,0x7E,0x80,0x1F,0x00,0x00,0x00,0x3F,0xE0,0x07,0x7E,0x80,0x1F,0x00,0x00,0x00,0x7F,0xE0,0x07,0x7E,0x80,0x1F,0x00,0x00,0x00,0xFF,0xE0,0x0F,0x7E,0x80,0x1F,0x00,0x00,0x00,0xFC,0xC1,0x1F,0x7E,0x80,0x1F,0x00,0x00,0x00,0xF8,0xC3,0x3F,0x7E,0x80,0x1F,0x00,0x00,0x00,0xE0,0xC3,0xFF,0x7F,0x80,0x1F,0x00,0x00,0x00,0xC0,0x83,0xFF,0x7F,0xC0,0x0F,0x00,0x00,0x00,0x00,0x83,0xFF,0x7F,0xC0,0x0F,0x00,0x00,0x00,0x00,0x02,0xFF,0x7F,0xC0,0x0F,0x00,0x00,0x00,0x00,0x00,0xFE,0x7F,0xE0,0x0F,0x00,0x00,0x00,0x00,0x00,0xFC,0x7F,0xE0,0x0F,0x00,0x00,0x00,0x00,0x00,0xF0,0x7F,0xF0,0x07,0x00,0x00,0x00,0x00,0x00,0x80,0x7F,	// 234
	0x00,0x00,0x00,0x00,0x00,0x00,0x00,0x00,0x00,0x00,0x00,0x00,0x00,0x00,0x00,0x00,0x00,0x00,0x00,0x00,0x00,0x00,0x00,0x00,0x00,0x00,0x00,0x00,0x00,0x00,0x00,0xFF,0x03,0x00,0x00,0x00,0x00,0x00,0x00,0xE0,0xFF,0x1F,0x00,0x00,0x00,0x00,0x00,0x00,0xF8,0xFF,0x7F,0x00,0x00,0x00,0x00,0x00,0x00,0xFC,0xFF,0xFF,0x00,0x00,0x00,0x00,0x00,0x00,0xFE,0xFF,0xFF,0x01,0x00,0x00,0x00,0x00,0x00,0xFF,0xFF,0xFF,0x03,0x00,0x00,0x00,0xFE,0x80,0xFF,0xFF,0xFF,0x07,0x00,0x00,0x00,0xFE,0xC0,0xFF,0xFF,0xFF,0x07,0x00,0x00,0x00,0xFE,0xC0,0x7F,0x7E,0xFC,0x0F,0x00,0x00,0x00,0xFE,0xC0,0x1F,0x7E,0xF0,0x0F,0x00,0x00,0x00,0xFE,0xE0,0x0F,0x7E,0xE0,0x0F,0x00,0x00,0x00,0xFE,0xE0,0x07,0x7E,0xC0,0x1F,0x00,0x00,0x00,0x00,0xE0,0x07,0x7E,0xC0,0x1F,0x00,0x00,0x00,0x00,0xE0,0x07,0x7E,0x80,0x1F,0x00,0x00,0x00,0x00,0xE0,0x07,0x7E,0x80,0x1F,0x00,0x00,0x00,0x00,0xE0,0x07,0x7E,0x80,0x1F,0x00,0x00,0x00,0xFE,0xE0,0x07,0x7E,0x80,0x1F,0x00,0x00,0x00,0xFE,0xE0,0x0F,0x7E,0x80,0x1F,0x00,0x00,0x00,0xFE,0xC0,0x1F,0x7E,0x80,0x1F,0x00,0x00,0x00,0xFE,0xC0,0x3F,0x7E,0x80,0x1F,0x00,0x00,0x00,0xFE,0xC0,0xFF,0x7F,0x80,0x1F,0x00,0x00,0x00,0xFE,0x80,0xFF,0x7F,0xC0,0x0F,0x00,0x00,0x00,0x00,0x80,0xFF,0x7F,0xC0,0x0F,0x00,0x00,0x00,0x00,0x00,0xFF,0x7F,0xC0,0x0F,0x00,0x00,0x00,0x00,0x00,0xFE,0x7F,0xE0,0x0F,0x00,0x00,0x00,0x00,0x00,0xFC,0x7F,0xE0,0x0F,0x00,0x00,0x00,0x00,0x00,0xF0,0x7F,0xF0,0x07,0x00,0x00,0x00,0x00,0x00,0x80,0x7F,	// 235
	0x00,0x00,0x00,0x00,0x00,0x00,0x00,0x00,0x00,0x00,0x00,0x00,0x00,0x00,0x00,0x00,0x00,0x00,0x00,0x00,0x00,0x00,0x00,0x00,0x00,0x00,0x00,0x00,0x00,0x00,0x00,0x00,0x00,0x00,0x00,0x00,0x00,0x00,0x00,0x00,0x00,0xC0,0x0F,0x00,0x00,0x00,0x01,0x00,0x00,0x00,0xC0,0x0F,0x00,0x00,0x00,0x03,0xC0,0x0F,0x00,0xC0,0x0F,0x00,0x00,0x00,0x07,0xC0,0x0F,0x00,0xC0,0x0F,0x00,0x00,0x00,0x0F,0xC0,0x0F,0x00,0xC0,0x0F,0x00,0x00,0x00,0x1F,0xC0,0x0F,0x00,0xC0,0x0F,0x00,0x00,0x00,0x3F,0xC0,0x0F,0x00,0xC0,0x0F,0x00,0x00,0x00,0x7F,0xC0,0x0F,0x00,0xC0,0x0F,0x00,0x00,0x00,0xFF,0xC0,0x0F,0x00,0xC0,0x0F,0x00,0x00,0x00,0xFE,0xC1,0x0F,0x00,0xC0,0x0F,0x00,0x00,0x00,0xF8,0xC3,0xFF,0xFF,0xFF,0x0F,0x00,0x00,0x00,0xF0,0xC3,0xFF,0xFF,0xFF,0x0F,0x00,0x00,0x00,0xE0,0xC3,0xFF,0xFF,0xFF,0x0F,0x00,0x00,0x00,0x80,0xC3,0xFF,0xFF,0xFF,0x0F,0x00,0x00,0x00,0x00,0xC3,0xFF,0xFF,0xFF,0x0F,0x00,0x00,0x00,0x00,0xC2,0xFF,0xFF,0xFF,0x0F,0x00,0x00,0x00,0x00,0xC0,0xFF,0xFF,0xFF,0x0F,0x00,0x00,0x00,0x00,0xC0,0xFF,0xFF,0xFF,0x0F,0x00,0x00,0x00,0x00,0x00,0x00,0x00,0xC0,0x0F,0x00,0x00,0x00,0x00,0x00,0x00,0x00,0xC0,0x0F,0x00,0x00,0x00,0x00,0x00,0x00,0x00,0xC0,0x0F,0x00,0x00,0x00,0x00,0x00,0x00,0x00,0xC0,0x0F,0x00,0x00,0x00,0x00,0x00,0x00,0x00,0xC0,0x0F,0x00,0x00,0x00,0x00,0x00,0x00,0x00,0xC0,0x0F,0x00,0x00,0x00,0x00,0x00,0x00,0x00,0xC0,0x0F,0x00,0x00,0x00,0x00,0x00,0x00,0x00,0xC0,0x0F,0x00,0x00,0x00,0x00,0x00,0x00,0x00,0xC0,0x0F,0x00,0x00,0x00,0x00,0x00,0x00,0x00,0xC0,0x0F,	// 236
	0x00,0x00,0x00,0x00,0x00,0x00,0x00,0x00,0x00,0x00,0x00,0x00,0x00,0x00,0x00,0x00,0x00,0x00,0x00,0x00,0x00,0x00,0x00,0x00,0x00,0x00,0x00,0x00,0x00,0x00,0x00,0x00,0x00,0x00,0x00,0x00,0x00,0x00,0x00,0x00,0x00,0xC0,0x0F,0x00,0x00,0x00,0x00,0x00,0x00,0x00,0xC0,0x0F,0x00,0x00,0x00,0x00,0xC0,0x0F,0x00,0xC0,0x0F,0x00,0x00,0x00,0x00,0xC0,0x0F,0x00,0xC0,0x0F,0x00,0x00,0x00,0x00,0xC0,0x0F,0x00,0xC0,0x0F,0x00,0x00,0x00,0x00,0xC0,0x0F,0x00,0xC0,0x0F,0x00,0x00,0x00,0x00,0xC0,0x0F,0x00,0xC0,0x0F,0x00,0x00,0x00,0x00,0xC0,0x0F,0x00,0xC0,0x0F,0x00,0x00,0x00,0x00,0xC0,0x0F,0x00,0xC0,0x0F,0x00,0x00,0x00,0x00,0xC2,0x0F,0x00,0xC0,0x0F,0x00,0x00,0x00,0x00,0xC3,0xFF,0xFF,0xFF,0x0F,0x00,0x00,0x00,0x80,0xC3,0xFF,0xFF,0xFF,0x0F,0x00,0x00,0x00,0xE0,0xC3,0xFF,0xFF,0xFF,0x0F,0x00,0x00,0x00,0xF0,0xC3,0xFF,0xFF,0xFF,0x0F,0x00,0x00,0x00,0xF8,0xC3,0xFF,0xFF,0xFF,0x0F,0x00,0x00,0x00,0xFE,0xC1,0xFF,0xFF,0xFF,0x0F,0x00,0x00,0x00,0xFF,0xC0,0xFF,0xFF,0xFF,0x0F,0x00,0x00,0x00,0x7F,0xC0,0xFF,0xFF,0xFF,0x0F,0x00,0x00,0x00,0x3F,0x00,0x00,0x00,0xC0,0x0F,0x00,0x00,0x00,0x1F,0x00,0x00,0x00,0xC0,0x0F,0x00,0x00,0x00,0x0F,0x00,0x00,0x00,0xC0,0x0F,0x00,0x00,0x00,0x07,0x00,0x00,0x00,0xC0,0x0F,0x00,0x00,0x00,0x03,0x00,0x00,0x00,0xC0,0x0F,0x00,0x00,0x00,0x01,0x00,0x00,0x00,0xC0,0x0F,0x00,0x00,0x00,0x00,0x00,0x00,0x00,0xC0,0x0F,0x00,0x00,0x00,0x00,0x00,0x00,0x00,0xC0,0x0F,0x00,0x00,0x00,0x00,0x00,0x00,0x00,0xC0,0x0F,0x00,0x00,0x00,0x00,0x00,0x00,0x00,0xC0,0x0F,	// 237
	0x00,0x00,0x00,0x00,0x00,0x00,0x00,0x00,0x00,0x00,0x00,0x00,0x00,0x00,0x00,0x00,0x00,0x00,0x00,0x00,0x00,0x00,0x00,0x00,0x00,0x00,0x00,0x00,0x00,0x00,0x00,0x00,0x00,0x00,0x00,0x00,0x00,0x00,0x00,0x00,0x00,0xC0,0x0F,0x00,0x00,0x00,0x00,0x00,0x00,0x00,0xC0,0x0F,0x00,0x00,0x00,0x00,0xC2,0x0F,0x00,0xC0,0x0F,0x00,0x00,0x00,0x00,0xC3,0x0F,0x00,0xC0,0x0F,0x00,0x00,0x00,0xC0,0xC3,0x0F,0x00,0xC0,0x0F,0x00,0x00,0x00,0xE0,0xC3,0x0F,0x00,0xC0,0x0F,0x00,0x00,0x00,0xF8,0xC3,0x0F,0x00,0xC0,0x0F,0x00,0x00,0x00,0xFC,0xC1,0x0F,0x00,0xC0,0x0F,0x00,0x00,0x00,0xFF,0xC0,0x0F,0x00,0xC0,0x0F,0x00,0x00,0x00,0x7F,0xC0,0x0F,0x00,0xC0,0x0F,0x00,0x00,0x00,0x3F,0xC0,0xFF,0xFF,0xFF,0x0F,0x00,0x00,0x00,0x1F,0xC0,0xFF,0xFF,0xFF,0x0F,0x00,0x00,0x00,0x1F,0xC0,0xFF,0xFF,0xFF,0x0F,0x00,0x00,0x00,0x3F,0xC0,0xFF,0xFF,0xFF,0x0F,0x00,0x00,0x00,0x7F,0xC0,0xFF,0xFF,0xFF,0x0F,0x00,0x00,0x00,0xFF,0xC0,0xFF,0xFF,0xFF,0x0F,0x00,0x00,0x00,0xFC,0xC1,0xFF,0xFF,0xFF,0x0F,0x00,0x00,0x00,0xF8,0xC3,0xFF,0xFF,0xFF,0x0F,0x00,0x00,0x00,0xE0,0x03,0x00,0x00,0xC0,0x0F,0x00,0x00,0x00,0xC0,0x03,0x00,0x00,0xC0,0x0F,0x00,0x00,0x00,0x00,0x03,0x00,0x00,0xC0,0x0F,0x00,0x00,0x00,0x00,0x02,0x00,0x00,0xC0,0x0F,0x00,0x00,0x00,0x00,0x00,0x00,0x00,0xC0,0x0F,0x00,0x00,0x00,0x00,0x00,0x00,0x00,0xC0,0x0F,0x00,0x00,0x00,0x00,0x00,0x00,0x00,0xC0,0x0F,0x00,0x00,0x00,0x00,0x00,0x00,0x00,0xC0,0x0F,0x00,0x00,0x00,0x00,0x00,0x00,0x00,0xC0,0x0F,0x00,0x00,0x00,0x00,0x00,0x00,0x00,0xC0,0x0F,	// 238
	0x00,0x00,0x00,0x00,0x00,0x00,0x00,0x00,0x00,0x00,0x00,0x00,0x00,0x00,0x00,0x00,0x00,0x00,0x00,0x00,0x00,0x00,0x00,0x00,0x00,0x00,0x00,0x00,0x00,0x00,0x00,0x00,0x00,0x00,0x00,0x00,0x00,0x00,0x00,0x00,0x00,0xC0,0x0F,0x00,0x00,0x00,0x00,0x00,0x00,0x00,0xC0,0x0F,0x00,0x00,0x00,0x00,0xC0,0x0F,0x00,0xC0,0x0F,0x00,0x00,0x00,0x00,0xC0,0x0F,0x00,0xC0,0x0F,0x00,0x00,0x00,0xFE,0xC0,0x0F,0x00,0xC0,0x0F,0x00,0x00,0x00,0xFE,0xC0,0x0F,0x00,0xC0,0x0F,0x00,0x00,0x00,0xFE,0xC0,0x0F,0x00,0xC0,0x0F,0x00,0x00,0x00,0xFE,0xC0,0x0F,0x00,0xC0,0x0F,0x00,0x00,0x00,0xFE,0xC0,0x0F,0x00,0xC0,0x0F,0x00,0x00,0x00,0xFE,0xC0,0x0F,0x00,0xC0,0x0F,0x00,0x00,0x00,0x00,0xC0,0xFF,0xFF,0xFF,0x0F,0x00,0x00,0x00,0x00,0xC0,0xFF,0xFF,0xFF,0x0F,0x00,0x00,0x00,0x00,0xC0,0xFF,0xFF,0xFF,0x0F,0x00,0x00,0x00,0x00,0xC0,0xFF,0xFF,0xFF,0x0F,0x00,0x00,0x00,0xFE,0xC0,0xFF,0xFF,0xFF,0x0F,0x00,0x00,0x00,0xFE,0xC0,0xFF,0xFF,0xFF,0x0F,0x00,0x00,0x00,0xFE,0xC0,0xFF,0xFF,0xFF,0x0F,0x00,0x00,0x00,0xFE,0xC0,0xFF,0xFF,0xFF,0x0F,0x00,0x00,0x00,0xFE,0x00,0x00,0x00,0xC0,0x0F,0x00,0x00,0x00,0xFE,0x00,0x00,0x00,0xC0,0x0F,0x00,0x00,0x00,0x00,0x00,0x00,0x00,0xC0,0x0F,0x00,0x00,0x00,0x00,0x00,0x00,0x00,0xC0,0x0F,0x00,0x00,0x00,0x00,0x00,0x00,0x00,0xC0,0x0F,0x00,0x00,0x00,0x00,0x00,0x00,0x00,0xC0,0x0F,0x00,0x00,0x00,0x00,0x00,0x00,0x00,0xC0,0x0F,0x00,0x00,0x00,0x00,0x00,0x00,0x00,0xC0,0x0F,0x00,0x00,0x00,0x00,0x00,0x00,0x00,0xC0,0x0F,0x00,0x00,0x00,0x00,0x00,0x00,0x00,0xC0,0x0F,	// 239
	0x00,0x00,0x00,0x00,0x00,0x00,0x00,0x00,0x00,0x00,0x00,0x00,0x00,0x00,0x00,0x00,0x00,0x00,0x00,0x00,0x00,0x00,0x00,0x00,0x00,0x00,0x00,0x00,0x00,0x00,0x00,0xFE,0x07,0x00,0x00,0x00,0x00,0x00,0x00,0x80,0xFF,0x3F,0x00,0x00,0x00,0x00,0x00,0x00,0xE0,0xFF,0x7F,0x00,0x00,0x00,0x00,0x00,0x1C,0xF0,0xFF,0xFF,0x01,0x00,0x00,0x00,0x00,0x3C,0xF8,0xFF,0xFF,0x03,0x00,0x00,0x00,0x00,0x1E,0xFC,0xFF,0xFF,0x03,0x00,0x00,0x00,0x04,0x1E,0xFE,0xFF,0xFF,0x07,0x00,0x00,0x00,0x0C,0x0E,0xFE,0xFF,0xFF,0x0F,0x00,0x00,0x00,0x3C,0x0F,0xFE,0x03,0xFC,0x0F,0x00,0x00,0x00,0x7C,0x0F,0xFF,0x00,0xF0,0x0F,0x00,0x00,0x00,0xFC,0x07,0x7F,0x00,0xC0,0x1F,0x00,0x00,0x00,0xFC,0x07,0x7F,0x00,0xC0,0x1F,0x00,0x00,0x00,0xFC,0x07,0x3F,0x00,0x80,0x1F,0x00,0x00,0x00,0xFC,0x0F,0x3F,0x00,0x80,0x1F,0x00,0x00,0x00,0xF8,0x3F,0x3F,0x00,0x80,0x1F,0x00,0x00,0x00,0xE0,0x7F,0x3F,0x00,0x80,0x1F,0x00,0x00,0x00,0xE0,0xFF,0x3F,0x00,0xC0,0x1F,0x00,0x00,0x00,0xE0,0xFF,0x7F,0x00,0xC0,0x1F,0x00,0x00,0x00,0xF0,0xFE,0x7F,0x00,0xF0,0x0F,0x00,0x00,0x00,0xF0,0xFC,0xFF,0x00,0xFC,0x0F,0x00,0x00,0x00,0x78,0xF8,0xFF,0xFF,0xFF,0x0F,0x00,0x00,0x00,0x78,0xE0,0xFF,0xFF,0xFF,0x07,0x00,0x00,0x00,0x7C,0xC0,0xFF,0xFF,0xFF,0x07,0x00,0x00,0x00,0x3C,0x00,0xFF,0xFF,0xFF,0x03,0x00,0x00,0x00,0x3C,0x00,0xFE,0xFF,0xFF,0x01,0x00,0x00,0x00,0x10,0x00,0xF8,0xFF,0x7F,0x00,0x00,0x00,0x00,0x00,0x00,0xE0,0xFF,0x1F,0x00,0x00,0x00,0x00,0x00,0x00,0x00,0xFF,0x03,	// 240
	0x00,0x00,0x00,0x00,0x00,0x00,0x00,0x00,0x00,0x00,0x00,0x00,0x00,0x00,0x00,0x00,0x00,0x00,0x00,0x00,0x00,0x00,0x00,0x00,0x00,0x00,0x00,0x00,0x00,0x00,0x00,0x00,0x00,0x00,0x00,0x00,0x00,0x00,0xC0,0xFF,0xFF,0xFF,0x0F,0x00,0x00,0x00,0x00,0xC0,0xFF,0xFF,0xFF,0x0F,0x00,0x00,0x00,0x00,0xC0,0xFF,0xFF,0xFF,0x0F,0x00,0x00,0x00,0xE0,0xC1,0xFF,0xFF,0xFF,0x0F,0x00,0x00,0x00,0xF8,0xC1,0xFF,0xFF,0xFF,0x0F,0x00,0x00,0x00,0xFC,0xC1,0xFF,0xFF,0xFF,0x0F,0x00,0x00,0x00,0xFE,0xC1,0xFF,0xFF,0xFF,0x0F,0x00,0x00,0x00,0x3E,0xC0,0xFF,0xFF,0xFF,0x0F,0x00,0x00,0x00,0x1E,0x00,0x3E,0x00,0x00,0x00,0x00,0x00,0x00,0x1E,0x80,0x0F,0x00,0x00,0x00,0x00,0x00,0x00,0x3E,0x80,0x0F,0x00,0x00,0x00,0x00,0x00,0x00,0x3C,0xC0,0x07,0x00,0x00,0x00,0x00,0x00,0x00,0x78,0xE0,0x07,0x00,0x00,0x00,0x00,0x00,0x00,0xF0,0xE0,0x07,0x00,0x00,0x00,0x00,0x00,0x00,0xF0,0xE1,0x0F,0x00,0x00,0x00,0x00,0x00,0x00,0xE0,0xE1,0x1F,0x00,0x00,0x00,0x00,0x00,0x00,0xE0,0xE1,0xFF,0xFF,0xFF,0x0F,0x00,0x00,0x00,0xF0,0xE1,0xFF,0xFF,0xFF,0x0F,0x00,0x00,0x00,0xFE,0xE1,0xFF,0xFF,0xFF,0x0F,0x00,0x00,0x00,0xFE,0xC0,0xFF,0xFF,0xFF,0x0F,0x00,0x00,0x00,0x7E,0xC0,0xFF,0xFF,0xFF,0x0F,0x00,0x00,0x00,0x1E,0x80,0xFF,0xFF,0xFF,0x0F,0x00,0x00,0x00,0x00,0x00,0xFE,0xFF,0xFF,0x0F,0x00,0x00,0x00,0x00,0x00,0xF8,0xFF,0xFF,0x0F,	// 241
	0x00,0x00,0x00,0x00,0x00,0x00,0x00,0x00,0x00,0x00,0x00,0x00,0x00,0x00,0x00,0x00,0x00,0x00,0x00,0x00,0x00,0x00,0x00,0x00,0x00,0x00,0x00,0x00,0x00,0x00,0x00,0xFF,0x03,0x00,0x00,0x00,0x00,0x00,0x00,0xE0,0xFF,0x1F,0x00,0x00,0x00,0x00,0x01,0x00,0xF8,0xFF,0x7F,0x00,0x00,0x00,0x00,0x03,0x00,0xFC,0xFF,0xFF,0x00,0x00,0x00,0x00,0x07,0x00,0xFE,0xFF,0xFF,0x01,0x00,0x00,0x00,0x0F,0x00,0xFF,0xFF,0xFF,0x03,0x00,0x00,0x00,0x1F,0x80,0xFF,0xFF,0xFF,0x07,0x00,0x00,0x00,0x3F,0xC0,0xFF,0xFF,0xFF,0x0F,0x00,0x00,0x00,0x7F,0xC0,0xFF,0x00,0xFC,0x0F,0x00,0x00,0x00,0xFF,0xC0,0x3F,0x00,0xF0,0x0F,0x00,0x00,0x00,0xFE,0xE1,0x0F,0x00,0xC0,0x1F,0x00,0x00,0x00,0xF8,0xE3,0x0F,0x00,0xC0,0x1F,0x00,0x00,0x00,0xF0,0xE3,0x07,0x00,0x80,0x1F,0x00,0x00,0x00,0xE0,0xE3,0x07,0x00,0x80,0x1F,0x00,0x00,0x00,0x80,0xE3,0x07,0x00,0x80,0x1F,0x00,0x00,0x00,0x00,0xE3,0x07,0x00,0x80,0x1F,0x00,0x00,0x00,0x00,0xE2,0x0F,0x00,0xC0,0x1F,0x00,0x00,0x00,0x00,0xE0,0x0F,0x00,0xC0,0x1F,0x00,0x00,0x00,0x00,0xC0,0x3F,0x00,0xF0,0x0F,0x00,0x00,0x00,0x00,0xC0,0xFF,0x00,0xFE,0x0F,0x00,0x00,0x00,0x00,0xC0,0xFF,0xFF,0xFF,0x0F,0x00,0x00,0x00,0x00,0x80,0xFF,0xFF,0xFF,0x07,0x00,0x00,0x00,0x00,0x00,0xFF,0xFF,0xFF,0x03,0x00,0x00,0x00,0x00,0x00,0xFE,0xFF,0xFF,0x01,0x00,0x00,0x00,0x00,0x00,0xFC,0xFF,0xFF,0x00,0x00,0x00,0x00,0x00,0x00,0xF8,0xFF,0x7F,0x00,0x00,0x00,0x00,0x00,0x00,0xE0,0xFF,0x1F,0x00,0x00,0x00,0x00,0x00,0x00,0x00,0xFF,0x03,	// 242
	0x00,0x00,0x00,0x00,0x00,0x00,0x00,0x00,0x00,0x00,0x00,0x00,0x00,0x00,0x00,0x00,0x00,0x00,0x00,0x00,0x00,0x00,0x00,0x00,0x00,0x00,0x00,0x00,0x00,0x00,0x00,0xFF,0x03,0x00,0x00,0x00,0x00,0x00,0x00,0xE0,0xFF,0x1F,0x00,0x00,0x00,0x00,0x00,0x00,0xF8,0xFF,0x7F,0x00,0x00,0x00,0x00,0x00,0x00,0xFC,0xFF,0xFF,0x00,0x00,0x00,0x00,0x00,0x00,0xFE,0xFF,0xFF,0x01,0x00,0x00,0x00,0x00,0x00,0xFF,0xFF,0xFF,0x03,0x00,0x00,0x00,0x00,0x80,0xFF,0xFF,0xFF,0x07,0x00,0x00,0x00,0x00,0xC0,0xFF,0xFF,0xFF,0x0F,0x00,0x00,0x00,0x00,0xC0,0xFF,0x00,0xFC,0x0F,0x00,0x00,0x00,0x00,0xC0,0x3F,0x00,0xF0,0x0F,0x00,0x00,0x00,0x00,0xE2,0x0F,0x00,0xC0,0x1F,0x00,0x00,0x00,0x00,0xE3,0x0F,0x00,0xC0,0x1F,0x00,0x00,0x00,0x80,0xE3,0x07,0x00,0x80,0x1F,0x00,0x00,0x00,0xE0,0xE3,0x07,0x00,0x80,0x1F,0x00,0x00,0x00,0xF0,0xE3,0x07,0x00,0x80,0x1F,0x00,0x00,0x00,0xF8,0xE3,0x07,0x00,0x80,0x1F,0x00,0x00,0x00,0xFE,0xE1,0x0F,0x00,0xC0,0x1F,0x00,0x00,0x00,0xFF,0xE0,0x0F,0x00,0xC0,0x1F,0x00,0x00,0x00,0x7F,0xC0,0x3F,0x00,0xF0,0x0F,0x00,0x00,0x00,0x3F,0xC0,0xFF,0x00,0xFE,0x0F,0x00,0x00,0x00,0x1F,0xC0,0xFF,0xFF,0xFF,0x0F,0x00,0x00,0x00,0x0F,0x80,0xFF,0xFF,0xFF,0x07,0x00,0x00,0x00,0x07,0x00,0xFF,0xFF,0xFF,0x03,0x00,0x00,0x00,0x03,0x00,0xFE,0xFF,0xFF,0x01,0x00,0x00,0x00,0x01,0x00,0xFC,0xFF,0xFF,0x00,0x00,0x00,0x00,0x00,0x00,0xF8,0xFF,0x7F,0x00,0x00,0x00,0x00,0x00,0x00,0xE0,0xFF,0x1F,0x00,0x00,0x00,0x00,0x00,0x00,0x00,0xFF,0x03,	// 243
	0x00,0x00,0x00,0x00,0x00,0x00,0x00,0x00,0x00,0x00,0x00,0x00,0x00,0x00,0x00,0x00,0x00,0x00,0x00,0x00,0x00,0x00,0x00,0x00,0x00,0x00,0x00,0x00,0x00,0x00,0x00,0xFF,0x03,0x00,0x00,0x00,0x00,0x00,0x00,0xE0,0xFF,0x1F,0x00,0x00,0x00,0x00,0x00,0x00,0xF8,0xFF,0x7F,0x00,0x00,0x00,0x00,0x00,0x00,0xFC,0xFF,0xFF,0x00,0x00,0x00,0x00,0x00,0x02,0xFE,0xFF,0xFF,0x01,0x00,0x00,0x00,0x00,0x03,0xFF,0xFF,0xFF,0x03,0x00,0x00,0x00,0xC0,0x83,0xFF,0xFF,0xFF,0x07,0x00,0x00,0x00,0xE0,0xC3,0xFF,0xFF,0xFF,0x0F,0x00,0x00,0x00,0xF8,0xC3,0xFF,0x00,0xFC,0x0F,0x00,0x00,0x00,0xFC,0xC1,0x3F,0x00,0xF0,0x0F,0x00,0x00,0x00,0xFF,0xE0,0x0F,0x00,0xC0,0x1F,0x00,0x00,0x00,0x7F,0xE0,0x0F,0x00,0xC0,0x1F,0x00,0x00,0x00,0x3F,0xE0,0x07,0x00,0x80,0x1F,0x00,0x00,0x00,0x1F,0xE0,0x07,0x00,0x80,0x1F,0x00,0x00,0x00,0x1F,0xE0,0x07,0x00,0x80,0x1F,0x00,0x00,0x00,0x3F,0xE0,0x07,0x00,0x80,0x1F,0x00,0x00,0x00,0x7F,0xE0,0x0F,0x00,0xC0,0x1F,0x00,0x00,0x00,0xFF,0xE0,0x0F,0x00,0xC0,0x1F,0x00,0x00,0x00,0xFC,0xC1,0x3F,0x00,0xF0,0x0F,0x00,0x00,0x00,0xF8,0xC3,0xFF,0x00,0xFE,0x0F,0x00,0x00,0x00,0xE0,0xC3,0xFF,0xFF,0xFF,0x0F,0x00,0x00,0x00,0xC0,0x83,0xFF,0xFF,0xFF,0x07,0x00,0x00,0x00,0x00,0x03,0xFF,0xFF,0xFF,0x03,0x00,0x00,0x00,0x00,0x02,0xFE,0xFF,0xFF,0x01,0x00,0x00,0x00,0x00,0x00,0xFC,0xFF,0xFF,0x00,0x00,0x00,0x00,0x00,0x00,0xF8,0xFF,0x7F,0x00,0x00,0x00,0x00,0x00,0x00,0xE0,0xFF,0x1F,0x00,0x00,0x00,0x00,0x00,0x00,0x00,0xFF,0x03,	// 244
	0x00,0x00,0x00,0x00,0x00,0x00,0x00,0x00,0x00,0x00,0x00,0x00,0x00,0x00,0x00,0x00,0x00,0x00,0x00,0x00,0x00,0x00,0x00,0x00,0x00,0x00,0x00,0x00,0x00,0x00,0x00,0xFF,0x03,0x00,0x00,0x00,0x00,0x00,0x00,0xE0,0xFF,0x1F,0x00,0x00,0x00,0x00,0x00,0x00,0xF8,0xFF,0x7F,0x00,0x00,0x00,0x00,0x00,0x00,0xFC,0xFF,0xFF,0x00,0x00,0x00,0x00,0x00,0x00,0xFE,0xFF,0xFF,0x01,0x00,0x00,0x00,0xC0,0x03,0xFF,0xFF,0xFF,0x03,0x00,0x00,0x00,0xF0,0x83,0xFF,0xFF,0xFF,0x07,0x00,0x00,0x00,0xF8,0xC3,0xFF,0xFF,0xFF,0x0F,0x00,0x00,0x00,0xFC,0xC3,0xFF,0x00,0xFC,0x0F,0x00,0x00,0x00,0x7C,0xC0,0x3F,0x00,0xF0,0x0F,0x00,0x00,0x00,0x3C,0xE0,0x0F,0x00,0xC0,0x1F,0x00,0x00,0x00,0x3C,0xE0,0x0F,0x00,0xC0,0x1F,0x00,0x00,0x00,0x78,0xE0,0x07,0x00,0x80,0x1F,0x00,0x00,0x00,0xF8,0xE0,0x07,0x00,0x80,0x1F,0x00,0x00,0x00,0xF0,0xE1,0x07,0x00,0x80,0x1F,0x00,0x00,0x00,0xE0,0xE1,0x07,0x00,0x80,0x1F,0x00,0x00,0x00,0xC0,0xE3,0x0F,0x00,0xC0,0x1F,0x00,0x00,0x00,0xC0,0xE3,0x0F,0x00,0xC0,0x1F,0x00,0x00,0x00,0xE0,0xC3,0x3F,0x00,0xF0,0x0F,0x00,0x00,0x00,0xFC,0xC3,0xFF,0x00,0xFE,0x0F,0x00,0x00,0x00,0xFC,0xC1,0xFF,0xFF,0xFF,0x0F,0x00,0x00,0x00,0xFC,0x80,0xFF,0xFF,0xFF,0x07,0x00,0x00,0x00,0x3C,0x00,0xFF,0xFF,0xFF,0x03,0x00,0x00,0x00,0x00,0x00,0xFE,0xFF,0xFF,0x01,0x00,0x00,0x00,0x00,0x00,0xFC,0xFF,0xFF,0x00,0x00,0x00,0x00,0x00,0x00,0xF8,0xFF,0x7F,0x00,0x00,0x00,0x00,0x00,0x00,0xE0,0xFF,0x1F,0x00,0x00,0x00,0x00,0x00,0x00,0x00,0xFF,0x03,	// 245
	0x00,0x00,0x00,0x00,0x00,0x00,0x00,0x00,0x00,0x00,0x00,0x00,0x00,0x00,0x00,0x00,0x00,0x00,0x00,0x00,0x00,0x00,0x00,0x00,0x00,0x00,0x00,0x00,0x00,0x00,0x00,0xFF,0x03,0x00,0x00,0x00,0x00,0x00,0x00,0xE0,0xFF,0x1F,0x00,0x00,0x00,0x00,0x00,0x00,0xF8,0xFF,0x7F,0x00,0x00,0x00,0x00,0x00,0x00,0xFC,0xFF,0xFF,0x00,0x00,0x00,0x00,0x00,0x00,0xFE,0xFF,0xFF,0x01,0x00,0x00,0x00,0x00,0x00,0xFF,0xFF,0xFF,0x03,0x00,0x00,0x00,0xFC,0x81,0xFF,0xFF,0xFF,0x07,0x00,0x00,0x00,0xFC,0xC1,0xFF,0xFF,0xFF,0x0F,0x00,0x00,0x00,0xFC,0xC1,0xFF,0x00,0xFC,0x0F,0x00,0x00,0x00,0xFC,0xC1,0x3F,0x00,0xF0,0x0F,0x00,0x00,0x00,0xFC,0xE1,0x0F,0x00,0xC0,0x1F,0x00,0x00,0x00,0xFC,0xE1,0x0F,0x00,0xC0,0x1F,0x00,0x00,0x00,0x00,0xE0,0x07,0x00,0x80,0x1F,0x00,0x00,0x00,0x00,0xE0,0x07,0x00,0x80,0x1F,0x00,0x00,0x00,0x00,0xE0,0x07,0x00,0x80,0x1F,0x00,0x00,0x00,0x00,0xE0,0x07,0x00,0x80,0x1F,0x00,0x00,0x00,0xFC,0xE1,0x0F,0x00,0xC0,0x1F,0x00,0x00,0x00,0xFC,0xE1,0x0F,0x00,0xC0,0x1F,0x00,0x00,0x00,0xFC,0xC1,0x3F,0x00,0xF0,0x0F,0x00,0x00,0x00,0xFC,0xC1,0xFF,0x00,0xFE,0x0F,0x00,0x00,0x00,0xFC,0xC1,0xFF,0xFF,0xFF,0x0F,0x00,0x00,0x00,0xFC,0x81,0xFF,0xFF,0xFF,0x07,0x00,0x00,0x00,0x00,0x00,0xFF,0xFF,0xFF,0x03,0x00,0x00,0x00,0x00,0x00,0xFE,0xFF,0xFF,0x01,0x00,0x00,0x00,0x00,0x00,0xFC,0xFF,0xFF,0x00,0x00,0x00,0x00,0x00,0x00,0xF8,0xFF,0x7F,0x00,0x00,0x00,0x00,0x00,0x00,0xE0,0xFF,0x1F,0x00,0x00,0x00,0x00,0x00,0x00,0x00,0xFF,0x03,	// 246
	0x00,0x00,0x00,0x00,0x00,0x00,0x00,0x00,0x00,0x00,0x00,0x00,0x00,0x3F,0x00,0x00,0x00,0x00,0x00,0x00,0x00,0x00,0x3F,0x00,0x00,0x00,0x00,0x00,0x00,0x00,0x00,0x3F,0x00,0x00,0x00,0x00,0x00,0x00,0x00,0x00,0x3F,0x00,0x00,0x00,0x00,0x00,0x00,0x00,0x00,0x3F,0x00,0x00,0x00,0x00,0x00,0x00,0x00,0x00,0x3F,0x00,0x00,0x00,0x00,0x00,0x00,0x00,0x00,0x3F,0x00,0x00,0x00,0x00,0x00,0x00,0x00,0x00,0x3F,0x00,0x00,0x00,0x00,0x00,0x00,0x00,0x00,0x3F,0x00,0x00,0x00,0x00,0x00,0x00,0x00,0x00,0x3F,0x00,0x00,0x00,0x00,0x00,0x00,0x00,0x00,0x3F,0x00,0x00,0x00,0x00,0x00,0x00,0xE0,0x1F,0x3F,0xFE,0x01,0x00,0x00,0x00,0x00,0xE0,0x1F,0x3F,0xFE,0x01,0x00,0x00,0x00,0x00,0xE0,0x1F,0x3F,0xFE,0x01,0x00,0x00,0x00,0x00,0xE0,0x1F,0x3F,0xFE,0x01,0x00,0x00,0x00,0x00,0xE0,0x1F,0x3F,0xFE,0x01,0x00,0x00,0x00,0x00,0xE0,0x1F,0x3F,0xFE,0x01,0x00,0x00,0x00,0x00,0xE0,0x1F,0x3F,0xFE,0x01,0x00,0x00,0x00,0x00,0xE0,0x1F,0x3F,0xFE,0x01,0x00,0x00,0x00,0x00,0x00,0x00,0x3F,0x00,0x00,0x00,0x00,0x00,0x00,0x00,0x00,0x3F,0x00,0x00,0x00,0x00,0x00,0x00,0x00,0x00,0x3F,0x00,0x00,0x00,0x00,0x00,0x00,0x00,0x00,0x3F,0x00,0x00,0x00,0x00,0x00,0x00,0x00,0x00,0x3F,0x00,0x00,0x00,0x00,0x00,0x00,0x00,0x00,0x3F,0x00,0x00,0x00,0x00,0x00,0x00,0x00,0x00,0x3F,0x00,0x00,0x00,0x00,0x00,0x00,0x00,0x00,0x3F,0x00,0x00,0x00,0x00,0x00,0x00,0x00,0x00,0x3F,0x00,0x00,0x00,0x00,0x00,0x00,0x00,0x00,0x3F,0x00,0x00,0x00,0x00,0x00,0x00,0x00,0x00,0x3F,	// 247
	0x00,0x00,0x00,0x00,0x00,0x00,0x00,0x00,0x00,0x00,0x00,0x00,0x00,0x00,0x00,0x18,0x00,0x00,0x00,0x00,0x00,0x00,0x00,0x00,0x1C,0x00,0x00,0x00,0x00,0x00,0x00,0xFF,0x03,0x3E,0x00,0x00,0x00,0x00,0x00,0xE0,0xFF,0x1F,0x7F,0x00,0x00,0x00,0x00,0x00,0xF8,0xFF,0xFF,0x7F,0x00,0x00,0x00,0x00,0x00,0xFC,0xFF,0xFF,0x1F,0x00,0x00,0x00,0x00,0x00,0xFE,0xFF,0xFF,0x0F,0x00,0x00,0x00,0x00,0x00,0xFF,0xFF,0xFF,0x07,0x00,0x00,0x00,0x00,0x80,0xFF,0xFF,0xFF,0x07,0x00,0x00,0x00,0x00,0xC0,0xFF,0xFF,0xFF,0x0F,0x00,0x00,0x00,0x00,0xC0,0xFF,0x00,0xFF,0x0F,0x00,0x00,0x00,0x00,0xC0,0x3F,0xC0,0xFF,0x0F,0x00,0x00,0x00,0x00,0xE0,0x1F,0xE0,0xDF,0x1F,0x00,0x00,0x00,0x00,0xE0,0x0F,0xF0,0xCF,0x1F,0x00,0x00,0x00,0x00,0xE0,0x07,0xF8,0x87,0x1F,0x00,0x00,0x00,0x00,0xE0,0x07,0xFE,0x83,0x1F,0x00,0x00,0x00,0x00,0xE0,0x07,0xFF,0x80,0x1F,0x00,0x00,0x00,0x00,0xE0,0x87,0x7F,0x80,0x1F,0x00,0x00,0x00,0x00,0xE0,0xCF,0x3F,0xC0,0x1F,0x00,0x00,0x00,0x00,0xE0,0xFF,0x1F,0xC0,0x1F,0x00,0x00,0x00,0x00,0xC0,0xFF,0x07,0xF0,0x0F,0x00,0x00,0x00,0x00,0xC0,0xFF,0x03,0xFE,0x0F,0x00,0x00,0x00,0x00,0xC0,0xFF,0xFF,0xFF,0x0F,0x00,0x00,0x00,0x00,0x80,0xFF,0xFF,0xFF,0x07,0x00,0x00,0x00,0x00,0x80,0xFF,0xFF,0xFF,0x03,0x00,0x00,0x00,0x00,0xC0,0xFF,0xFF,0xFF,0x01,0x00,0x00,0x00,0x00,0xF0,0xFF,0xFF,0xFF,0x00,0x00,0x00,0x00,0x00,0xF8,0xFF,0xFF,0x7F,0x00,0x00,0x00,0x00,0x00,0xF8,0xE1,0xFF,0x1F,0x00,0x00,0x00,0x00,0x00,0xF0,0x00,0xFF,0x03,0x00,0x00,0x00,0x00,0x00,0x60,	// 248
	0x00,0x00,0x00,0x00,0x00,0x00,0x00,0x00,0x00,0x00,0x00,0x00,0x00,0x00,0x00,0x00,0x00,0x00,0x00,0x00,0x00,0x00,0x00,0x00,0x00,0x00,0x00,0x00,0x00,0x00,0x00,0x00,0x00,0x00,0x00,0x00,0x00,0x00,0xC0,0xFF,0xFF,0x7F,0x00,0x00,0x00,0x00,0x01,0xC0,0xFF,0xFF,0xFF,0x01,0x00,0x00,0x00,0x03,0xC0,0xFF,0xFF,0xFF,0x07,0x00,0x00,0x00,0x07,0xC0,0xFF,0xFF,0xFF,0x0F,0x00,0x00,0x00,0x0F,0xC0,0xFF,0xFF,0xFF,0x0F,0x00,0x00,0x00,0x1F,0xC0,0xFF,0xFF,0xFF,0x1F,0x00,0x00,0x00,0x3F,0xC0,0xFF,0xFF,0xFF,0x1F,0x00,0x00,0x00,0x7F,0xC0,0xFF,0xFF,0xFF,0x1F,0x00,0x00,0x00,0xFF,0x00,0x00,0x00,0xE0,0x1F,0x00,0x00,0x00,0xFE,0x01,0x00,0x00,0xC0,0x1F,0x00,0x00,0x00,0xF8,0x03,0x00,0x00,0x80,0x1F,0x00,0x00,0x00,0xF0,0x03,0x00,0x00,0x80,0x1F,0x00,0x00,0x00,0xE0,0x03,0x00,0x00,0x80,0x0F,0x00,0x00,0x00,0x80,0x03,0x00,0x00,0x80,0x0F,0x00,0x00,0x00,0x00,0x03,0x00,0x00,0xC0,0x07,0x00,0x00,0x00,0x00,0x02,0x00,0x00,0xF8,0x01,0x00,0x00,0x00,0x00,0xC0,0xFF,0xFF,0xFF,0x0F,0x00,0x00,0x00,0x00,0xC0,0xFF,0xFF,0xFF,0x0F,0x00,0x00,0x00,0x00,0xC0,0xFF,0xFF,0xFF,0x0F,0x00,0x00,0x00,0x00,0xC0,0xFF,0xFF,0xFF,0x0F,0x00,0x00,0x00,0x00,0xC0,0xFF,0xFF,0xFF,0x0F,0x00,0x00,0x00,0x00,0xC0,0xFF,0xFF,0xFF,0x0F,0x00,0x00,0x00,0x00,0xC0,0xFF,0xFF,0xFF,0x0F,0x00,0x00,0x00,0x00,0xC0,0xFF,0xFF,0xFF,0x0F,	// 249
	0x00,0x00,0x00,0x00,0x00,0x00,0x00,0x00,0x00,0x00,0x00,0x00,0x00,0x00,0x00,0x00,0x00,0x00,0x00,0x00,0x00,0x00,0x00,0x00,0x00,0x00,0x00,0x00,0x00,0x00,0x00,0x00,0x00,0x00,0x00,0x00,0x00,0x00,0xC0,0xFF,0xFF,0x7F,0x00,0x00,0x00,0x00,0x00,0xC0,0xFF,0xFF,0xFF,0x01,0x00,0x00,0x00,0x00,0xC0,0xFF,0xFF,0xFF,0x07,0x00,0x00,0x00,0x00,0xC0,0xFF,0xFF,0xFF,0x0F,0x00,0x00,0x00,0x00,0xC0,0xFF,0xFF,0xFF,0x0F,0x00,0x00,0x00,0x00,0xC0,0xFF,0xFF,0xFF,0x1F,0x00,0x00,0x00,0x00,0xC0,0xFF,0xFF,0xFF,0x1F,0x00,0x00,0x00,0x00,0xC0,0xFF,0xFF,0xFF,0x1F,0x00,0x00,0x00,0x00,0x00,0x00,0x00,0xE0,0x1F,0x00,0x00,0x00,0x00,0x02,0x00,0x00,0xC0,0x1F,0x00,0x00,0x00,0x00,0x03,0x00,0x00,0x80,0x1F,0x00,0x00,0x00,0x80,0x03,0x00,0x00,0x80,0x1F,0x00,0x00,0x00,0xE0,0x03,0x00,0x00,0x80,0x0F,0x00,0x00,0x00,0xF0,0x03,0x00,0x00,0x80,0x0F,0x00,0x00,0x00,0xF8,0x03,0x00,0x00,0xC0,0x07,0x00,0x00,0x00,0xFE,0x01,0x00,0x00,0xF8,0x01,0x00,0x00,0x00,0xFF,0xC0,0xFF,0xFF,0xFF,0x0F,0x00,0x00,0x00,0x7F,0xC0,0xFF,0xFF,0xFF,0x0F,0x00,0x00,0x00,0x3F,0xC0,0xFF,0xFF,0xFF,0x0F,0x00,0x00,0x00,0x1F,0xC0,0xFF,0xFF,0xFF,0x0F,0x00,0x00,0x00,0x0F,0xC0,0xFF,0xFF,0xFF,0x0F,0x00,0x00,0x00,0x07,0xC0,0xFF,0xFF,0xFF,0x0F,0x00,0x00,0x00,0x03,0xC0,0xFF,0xFF,0xFF,0x0F,0x00,0x00,0x00,0x01,0xC0,0xFF,0xFF,0xFF,0x0F,	// 250
	0x00,0x00,0x00,0x00,0x00,0x00,0x00,0x00,0x00,0x00,0x00,0x00,0x00,0x00,0x00,0x00,0x00,0x00,0x00,0x00,0x00,0x00,0x00,0x00,0x00,0x00,0x00,0x00,0x00,0x00,0x00,0x00,0x00,0x00,0x00,0x00,0x00,0x00,0xC0,0xFF,0xFF,0x7F,0x00,0x00,0x00,0x00,0x00,0xC0,0xFF,0xFF,0xFF,0x01,0x00,0x00,0x00,0x00,0xC2,0xFF,0xFF,0xFF,0x07,0x00,0x00,0x00,0x00,0xC3,0xFF,0xFF,0xFF,0x0F,0x00,0x00,0x00,0xC0,0xC3,0xFF,0xFF,0xFF,0x0F,0x00,0x00,0x00,0xE0,0xC3,0xFF,0xFF,0xFF,0x1F,0x00,0x00,0x00,0xF8,0xC3,0xFF,0xFF,0xFF,0x1F,0x00,0x00,0x00,0xFC,0xC1,0xFF,0xFF,0xFF,0x1F,0x00,0x00,0x00,0xFF,0x00,0x00,0x00,0xE0,0x1F,0x00,0x00,0x00,0x7F,0x00,0x00,0x00,0xC0,0x1F,0x00,0x00,0x00,0x3F,0x00,0x00,0x00,0x80,0x1F,0x00,0x00,0x00,0x1F,0x00,0x00,0x00,0x80,0x1F,0x00,0x00,0x00,0x1F,0x00,0x00,0x00,0x80,0x0F,0x00,0x00,0x00,0x3F,0x00,0x00,0x00,0x80,0x0F,0x00,0x00,0x00,0x7F,0x00,0x00,0x00,0xC0,0x07,0x00,0x00,0x00,0xFF,0x00,0x00,0x00,0xF8,0x01,0x00,0x00,0x00,0xFC,0xC1,0xFF,0xFF,0xFF,0x0F,0x00,0x00,0x00,0xF8,0xC3,0xFF,0xFF,0xFF,0x0F,0x00,0x00,0x00,0xE0,0xC3,0xFF,0xFF,0xFF,0x0F,0x00,0x00,0x00,0xC0,0xC3,0xFF,0xFF,0xFF,0x0F,0x00,0x00,0x00,0x00,0xC3,0xFF,0xFF,0xFF,0x0F,0x00,0x00,0x00,0x00,0xC2,0xFF,0xFF,0xFF,0x0F,0x00,0x00,0x00,0x00,0xC0,0xFF,0xFF,0xFF,0x0F,0x00,0x00,0x00,0x00,0xC0,0xFF,0xFF,0xFF,0x0F,	// 251
	0x00,0x00,0x00,0x00,0x00,0x00,0x00,0x00,0x00,0x00,0x00,0x00,0x00,0x00,0x00,0x00,0x00,0x00,0x00,0x00,0x00,0x00,0x00,0x00,0x00,0x00,0x00,0x00,0x00,0x00,0x00,0x00,0x00,0x00,0x00,0x00,0x00,0x00,0xC0,0xFF,0xFF,0x7F,0x00,0x00,0x00,0x00,0x00,0xC0,0xFF,0xFF,0xFF,0x01,0x00,0x00,0x00,0x00,0xC0,0xFF,0xFF,0xFF,0x07,0x00,0x00,0x00,0x00,0xC0,0xFF,0xFF,0xFF,0x0F,0x00,0x00,0x00,0xFE,0xC0,0xFF,0xFF,0xFF,0x0F,0x00,0x00,0x00,0xFE,0xC0,0xFF,0xFF,0xFF,0x1F,0x00,0x00,0x00,0xFE,0xC0,0xFF,0xFF,0xFF,0x1F,0x00,0x00,0x00,0xFE,0xC0,0xFF,0xFF,0xFF,0x1F,0x00,0x00,0x00,0xFE,0x00,0x00,0x00,0xE0,0x1F,0x00,0x00,0x00,0xFE,0x00,0x00,0x00,0xC0,0x1F,0x00,0x00,0x00,0x00,0x00,0x00,0x00,0x80,0x1F,0x00,0x00,0x00,0x00,0x00,0x00,0x00,0x80,0x1F,0x00,0x00,0x00,0x00,0x00,0x00,0x00,0x80,0x0F,0x00,0x00,0x00,0x00,0x00,0x00,0x00,0x80,0x0F,0x00,0x00,0x00,0xFE,0x00,0x00,0x00,0xC0,0x07,0x00,0x00,0x00,0xFE,0x00,0x00,0x00,0xF8,0x01,0x00,0x00,0x00,0xFE,0xC0,0xFF,0xFF,0xFF,0x0F,0x00,0x00,0x00,0xFE,0xC0,0xFF,0xFF,0xFF,0x0F,0x00,0x00,0x00,0xFE,0xC0,0xFF,0xFF,0xFF,0x0F,0x00,0x00,0x00,0xFE,0xC0,0xFF,0xFF,0xFF,0x0F,0x00,0x00,0x00,0x00,0xC0,0xFF,0xFF,0xFF,0x0F,0x00,0x00,0x00,0x00,0xC0,0xFF,0xFF,0xFF,0x0F,0x00,0x00,0x00,0x00,0xC0,0xFF,0xFF,0xFF,0x0F,0x00,0x00,0x00,0x00,0xC0,0xFF,0xFF,0xFF,0x0F,	// 252
	0x00,0x00,0x00,0x00,0x00,0x00,0x00,0x00,0x00,0x00,0x00,0x00,0x00,0x00,0x00,0x00,0x00,0x00,0x00,0x00,0x40,0x00,0x00,0x00,0x00,0x00,0x00,0x00,0x00,0xC0,0x03,0x00,0x00,0x00,0x00,0x00,0x00,0x00,0xC0,0x0F,0x00,0x00,0x00,0x7E,0x00,0x00,0x00,0xC0,0x7F,0x00,0x00,0x00,0x7E,0x00,0x00,0x00,0xC0,0xFF,0x01,0x00,0x00,0x7E,0x00,0x00,0x00,0xC0,0xFF,0x0F,0x00,0x00,0x7E,0x00,0x00,0x00,0xC0,0xFF,0x3F,0x00,0x00,0x7E,0x00,0x00,0x00,0xC0,0xFF,0xFF,0x01,0x00,0x7E,0x00,0x00,0x00,0xC0,0xFF,0xFF,0x07,0x00,0x7F,0x00,0x00,0x00,0x00,0xFE,0xFF,0x3F,0x80,0x7F,0x00,0x00,0x00,0x00,0xF0,0xFF,0xFF,0xC0,0x7F,0x00,0x00,0x00,0x02,0x80,0xFF,0xFF,0xFF,0x3F,0x00,0x00,0x00,0x03,0x00,0xFC,0xFF,0xFF,0x3F,0x00,0x00,0x80,0x03,0x00,0xE0,0xFF,0xFF,0x1F,0x00,0x00,0xE0,0x03,0x00,0x80,0xFF,0xFF,0x0F,0x00,0x00,0xF0,0x03,0x00,0x00,0xFE,0xFF,0x07,0x00,0x00,0xF8,0x03,0x00,0xC0,0xFF,0xFF,0x01,0x00,0x00,0xFE,0x01,0x00,0xF8,0xFF,0x7F,0x00,0x00,0x00,0xFF,0x00,0x00,0xFF,0xFF,0x1F,0x00,0x00,0x00,0x7F,0x00,0xE0,0xFF,0xFF,0x03,0x00,0x00,0x00,0x3F,0x00,0xFC,0xFF,0x7F,0x00,0x00,0x00,0x00,0x1F,0x80,0xFF,0xFF,0x1F,0x00,0x00,0x00,0x00,0x0F,0xC0,0xFF,0xFF,0x03,0x00,0x00,0x00,0x00,0x07,0xC0,0xFF,0x7F,0x00,0x00,0x00,0x00,0x00,0x03,0xC0,0xFF,0x1F,0x00,0x00,0x00,0x00,0x00,0x01,0xC0,0xFF,0x03,0x00,0x00,0x00,0x00,0x00,0x00,0xC0,0x7F,0x00,0x00,0x00,0x00,0x00,0x00,0x00,0xC0,0x1F,0x00,0x00,0x00,0x00,0x00,0x00,0x00,0xC0,0x03,0x00,0x00,0x00,0x00,0x00,0x00,0x00,0x40,	// 253
	0x00,0x00,0x00,0x00,0x00,0x00,0x00,0x00,0x00,0x00,0x00,0x00,0x00,0x00,0x00,0x00,0x00,0x00,0x00,0x00,0x00,0x00,0x00,0x00,0x00,0x00,0x00,0x00,0x00,0x00,0x00,0x00,0x00,0x00,0x00,0x00,0x00,0xFC,0xFF,0xFF,0xFF,0xFF,0xFF,0x7F,0x00,0x00,0xFC,0xFF,0xFF,0xFF,0xFF,0xFF,0x7F,0x00,0x00,0xFC,0xFF,0xFF,0xFF,0xFF,0xFF,0x7F,0x00,0x00,0xFC,0xFF,0xFF,0xFF,0xFF,0xFF,0x7F,0x00,0x00,0xFC,0xFF,0xFF,0xFF,0xFF,0xFF,0x7F,0x00,0x00,0xFC,0xFF,0xFF,0xFF,0xFF,0xFF,0x7F,0x00,0x00,0xFC,0xFF,0xFF,0xFF,0xFF,0xFF,0x7F,0x00,0x00,0xFC,0xFF,0xFF,0xFF,0xFF,0xFF,0x7F,0x00,0x00,0x00,0x00,0xFE,0x00,0xFC,0x01,0x00,0x00,0x00,0x00,0x00,0x3F,0x00,0xF0,0x03,0x00,0x00,0x00,0x00,0x80,0x0F,0x00,0xC0,0x07,0x00,0x00,0x00,0x00,0xC0,0x0F,0x00,0xC0,0x0F,0x00,0x00,0x00,0x00,0xC0,0x07,0x00,0x80,0x0F,0x00,0x00,0x00,0x00,0xE0,0x07,0x00,0x80,0x1F,0x00,0x00,0x00,0x00,0xE0,0x07,0x00,0x80,0x1F,0x00,0x00,0x00,0x00,0xE0,0x0F,0x00,0x80,0x1F,0x00,0x00,0x00,0x00,0xE0,0x0F,0x00,0xC0,0x1F,0x00,0x00,0x00,0x00,0xE0,0x3F,0x00,0xF0,0x1F,0x00,0x00,0x00,0x00,0xE0,0xFF,0x00,0xFC,0x1F,0x00,0x00,0x00,0x00,0xC0,0xFF,0xFF,0xFF,0x0F,0x00,0x00,0x00,0x00,0xC0,0xFF,0xFF,0xFF,0x0F,0x00,0x00,0x00,0x00,0x80,0xFF,0xFF,0xFF,0x07,0x00,0x00,0x00,0x00,0x80,0xFF,0xFF,0xFF,0x07,0x00,0x00,0x00,0x00,0x00,0xFF,0xFF,0xFF,0x03,0x00,0x00,0x00,0x00,0x00,0xFC,0xFF,0xFF,0x00,0x00,0x00,0x00,0x00,0x00,0xF0,0xFF,0x3F,0x00,0x00,0x00,0x00,0x00,0x00,0x80,0xFF,0x07,	// 254
	0x00,0x00,0x00,0x00,0x00,0x00,0x00,0x00,0x00,0x00,0x00,0x00,0x00,0x00,0x00,0x00,0x00,0x00,0x00,0x00,0x40,0x00,0x00,0x00,0x00,0x00,0x00,0x00,0x00,0xC0,0x03,0x00,0x00,0x00,0x00,0x00,0x00,0x00,0xC0,0x0F,0x00,0x00,0x00,0x7E,0x00,0x00,0x00,0xC0,0x7F,0x00,0x00,0x00,0x7E,0x00,0x00,0x00,0xC0,0xFF,0x01,0x00,0x00,0x7E,0x00,0x00,0x00,0xC0,0xFF,0x0F,0x00,0x00,0x7E,0x00,0x00,0x00,0xC0,0xFF,0x3F,0x00,0x00,0x7E,0x00,0x00,0xFE,0xC0,0xFF,0xFF,0x01,0x00,0x7E,0x00,0x00,0xFE,0xC0,0xFF,0xFF,0x07,0x00,0x7F,0x00,0x00,0xFE,0x00,0xFE,0xFF,0x3F,0x80,0x7F,0x00,0x00,0xFE,0x00,0xF0,0xFF,0xFF,0xC0,0x7F,0x00,0x00,0xFE,0x00,0x80,0xFF,0xFF,0xFF,0x3F,0x00,0x00,0xFE,0x00,0x00,0xFC,0xFF,0xFF,0x3F,0x00,0x00,0x00,0x00,0x00,0xE0,0xFF,0xFF,0x1F,0x00,0x00,0x00,0x00,0x00,0x80,0xFF,0xFF,0x0F,0x00,0x00,0x00,0x00,0x00,0x00,0xFE,0xFF,0x07,0x00,0x00,0x00,0x00,0x00,0xC0,0xFF,0xFF,0x01,0x00,0x00,0xFE,0x00,0x00,0xF8,0xFF,0x7F,0x00,0x00,0x00,0xFE,0x00,0x00,0xFF,0xFF,0x1F,0x00,0x00,0x00,0xFE,0x00,0xE0,0xFF,0xFF,0x03,0x00,0x00,0x00,0xFE,0x00,0xFC,0xFF,0x7F,0x00,0x00,0x00,0x00,0xFE,0x80,0xFF,0xFF,0x1F,0x00,0x00,0x00,0x00,0xFE,0xC0,0xFF,0xFF,0x03,0x00,0x00,0x00,0x00,0x00,0xC0,0xFF,0x7F,0x00,0x00,0x00,0x00,0x00,0x00,0xC0,0xFF,0x1F,0x00,0x00,0x00,0x00,0x00,0x00,0xC0,0xFF,0x03,0x00,0x00,0x00,0x00,0x00,0x00,0xC0,0x7F,0x00,0x00,0x00,0x00,0x00,0x00,0x00,0xC0,0x1F,0x00,0x00,0x00,0x00,0x00,0x00,0x00,0xC0,0x03,0x00,0x00,0x00,0x00,0x00,0x00,0x00,0x40	// 255
};
