#ifdef ARDUINO
#include <Arduino.h>
#elif __MBED__
#define PROGMEM
#endif

// uint8_t not char
// Created by https://oleddisplay.squix.ch/ Consider a donation
// In case of problems make sure that you are using the font file with the correct version!
const uint8_t Monospaced_bold_50[] PROGMEM = {
  0x1E,  // Width: 30
  0x3B,  // Height: 59
  0x20,  // First Char: 32
  0xE0,  // Numbers of Chars: 224

  // Jump Table:
  0xFF, 0xFF, 0x00, 0x1E,  // 32:65535
  0x00, 0x00, 0x96, 0x1E,  // 33:0
  0x00, 0x96, 0xBC, 0x1E,  // 34:150
  0x01, 0x52, 0xEC, 0x1E,  // 35:338
  0x02, 0x3E, 0xD6, 0x1E,  // 36:574
  0x03, 0x14, 0xEE, 0x1E,  // 37:788
  0x04, 0x02, 0xEE, 0x1E,  // 38:1026
  0x04, 0xF0, 0x8C, 0x1E,  // 39:1264
  0x05, 0x7C, 0xAF, 0x1E,  // 40:1404
  0x06, 0x2B, 0xA5, 0x1E,  // 41:1579
  0x06, 0xD0, 0xD4, 0x1E,  // 42:1744
  0x07, 0xA4, 0xE5, 0x1E,  // 43:1956
  0x08, 0x89, 0x96, 0x1E,  // 44:2185
  0x09, 0x1F, 0xAD, 0x1E,  // 45:2335
  0x09, 0xCC, 0x96, 0x1E,  // 46:2508
  0x0A, 0x62, 0xD2, 0x1E,  // 47:2658
  0x0B, 0x34, 0xD5, 0x1E,  // 48:2868
  0x0C, 0x09, 0xDE, 0x1E,  // 49:3081
  0x0C, 0xE7, 0xCE, 0x1E,  // 50:3303
  0x0D, 0xB5, 0xD6, 0x1E,  // 51:3509
  0x0E, 0x8B, 0xD5, 0x1E,  // 52:3723
  0x0F, 0x60, 0xCD, 0x1E,  // 53:3936
  0x10, 0x2D, 0xD5, 0x1E,  // 54:4141
  0x11, 0x02, 0xCB, 0x1E,  // 55:4354
  0x11, 0xCD, 0xD6, 0x1E,  // 56:4557
  0x12, 0xA3, 0xD5, 0x1E,  // 57:4771
  0x13, 0x78, 0x96, 0x1E,  // 58:4984
  0x14, 0x0E, 0x96, 0x1E,  // 59:5134
  0x14, 0xA4, 0xD6, 0x1E,  // 60:5284
  0x15, 0x7A, 0xD5, 0x1E,  // 61:5498
  0x16, 0x4F, 0xD5, 0x1E,  // 62:5711
  0x17, 0x24, 0xCB, 0x1E,  // 63:5924
  0x17, 0xEF, 0xDE, 0x1E,  // 64:6127
  0x18, 0xCD, 0xE6, 0x1E,  // 65:6349
  0x19, 0xB3, 0xE5, 0x1E,  // 66:6579
  0x1A, 0x98, 0xD6, 0x1E,  // 67:6808
  0x1B, 0x6E, 0xE5, 0x1E,  // 68:7022
  0x1C, 0x53, 0xD6, 0x1E,  // 69:7251
  0x1D, 0x29, 0xD3, 0x1E,  // 70:7465
  0x1D, 0xFC, 0xE6, 0x1E,  // 71:7676
  0x1E, 0xE2, 0xCE, 0x1E,  // 72:7906
  0x1F, 0xB0, 0xC6, 0x1E,  // 73:8112
  0x20, 0x76, 0xC5, 0x1E,  // 74:8310
  0x21, 0x3B, 0xEE, 0x1E,  // 75:8507
  0x22, 0x29, 0xE6, 0x1E,  // 76:8745
  0x23, 0x0F, 0xDE, 0x1E,  // 77:8975
  0x23, 0xED, 0xD6, 0x1E,  // 78:9197
  0x24, 0xC3, 0xDD, 0x1E,  // 79:9411
  0x25, 0xA0, 0xDC, 0x1E,  // 80:9632
  0x26, 0x7C, 0xDD, 0x1E,  // 81:9852
  0x27, 0x59, 0xEE, 0x1E,  // 82:10073
  0x28, 0x47, 0xD6, 0x1E,  // 83:10311
  0x29, 0x1D, 0xD3, 0x1E,  // 84:10525
  0x29, 0xF0, 0xDD, 0x1E,  // 85:10736
  0x2A, 0xCD, 0xDA, 0x1E,  // 86:10957
  0x2B, 0xA7, 0xEA, 0x1E,  // 87:11175
  0x2C, 0x91, 0xEE, 0x1E,  // 88:11409
  0x2D, 0x7F, 0xE2, 0x1E,  // 89:11647
  0x2E, 0x61, 0xE6, 0x1E,  // 90:11873
  0x2F, 0x47, 0xB7, 0x1E,  // 91:12103
  0x2F, 0xFE, 0xDF, 0x1E,  // 92:12286
  0x30, 0xDD, 0x97, 0x1E,  // 93:12509
  0x31, 0x74, 0xDC, 0x1E,  // 94:12660
  0x32, 0x50, 0xF0, 0x1E,  // 95:12880
  0x33, 0x40, 0x92, 0x1E,  // 96:13120
  0x33, 0xD2, 0xD6, 0x1E,  // 97:13266
  0x34, 0xA8, 0xDD, 0x1E,  // 98:13480
  0x35, 0x85, 0xCE, 0x1E,  // 99:13701
  0x36, 0x53, 0xCE, 0x1E,  // 100:13907
  0x37, 0x21, 0xDD, 0x1E,  // 101:14113
  0x37, 0xFE, 0xCC, 0x1E,  // 102:14334
  0x38, 0xCA, 0xCF, 0x1E,  // 103:14538
  0x39, 0x99, 0xCE, 0x1E,  // 104:14745
  0x3A, 0x67, 0xDE, 0x1E,  // 105:14951
  0x3B, 0x45, 0xA7, 0x1E,  // 106:15173
  0x3B, 0xEC, 0xE6, 0x1E,  // 107:15340
  0x3C, 0xD2, 0xCE, 0x1E,  // 108:15570
  0x3D, 0xA0, 0xDE, 0x1E,  // 109:15776
  0x3E, 0x7E, 0xCE, 0x1E,  // 110:15998
  0x3F, 0x4C, 0xD5, 0x1E,  // 111:16204
  0x40, 0x21, 0xDD, 0x1E,  // 112:16417
  0x40, 0xFE, 0xD0, 0x1E,  // 113:16638
  0x41, 0xCE, 0xDC, 0x1E,  // 114:16846
  0x42, 0xAA, 0xCE, 0x1E,  // 115:17066
  0x43, 0x78, 0xCE, 0x1E,  // 116:17272
  0x44, 0x46, 0xCE, 0x1E,  // 117:17478
  0x45, 0x14, 0xDB, 0x1E,  // 118:17684
  0x45, 0xEF, 0xEB, 0x1E,  // 119:17903
  0x46, 0xDA, 0xDE, 0x1E,  // 120:18138
  0x47, 0xB8, 0xDB, 0x1E,  // 121:18360
  0x48, 0x93, 0xCE, 0x1E,  // 122:18579
  0x49, 0x61, 0xCF, 0x1E,  // 123:18785
  0x4A, 0x30, 0x90, 0x1E,  // 124:18992
  0x4A, 0xC0, 0xD5, 0x1E,  // 125:19136
  0x4B, 0x95, 0xD5, 0x1E,  // 126:19349
  0x4C, 0x6A, 0xDF, 0x1E,  // 127:19562
  0x4D, 0x49, 0xDF, 0x1E,  // 128:19785
  0x4E, 0x28, 0xDF, 0x1E,  // 129:20008
  0x4F, 0x07, 0xDF, 0x1E,  // 130:20231
  0x4F, 0xE6, 0xDF, 0x1E,  // 131:20454
  0x50, 0xC5, 0xDF, 0x1E,  // 132:20677
  0x51, 0xA4, 0xDF, 0x1E,  // 133:20900
  0x52, 0x83, 0xDF, 0x1E,  // 134:21123
  0x53, 0x62, 0xDF, 0x1E,  // 135:21346
  0x54, 0x41, 0xDF, 0x1E,  // 136:21569
  0x55, 0x20, 0xDF, 0x1E,  // 137:21792
  0x55, 0xFF, 0xDF, 0x1E,  // 138:22015
  0x56, 0xDE, 0xDF, 0x1E,  // 139:22238
  0x57, 0xBD, 0xDF, 0x1E,  // 140:22461
  0x58, 0x9C, 0xDF, 0x1E,  // 141:22684
  0x59, 0x7B, 0xDF, 0x1E,  // 142:22907
  0x5A, 0x5A, 0xDF, 0x1E,  // 143:23130
  0x5B, 0x39, 0xDF, 0x1E,  // 144:23353
  0x5C, 0x18, 0xDF, 0x1E,  // 145:23576
  0x5C, 0xF7, 0xDF, 0x1E,  // 146:23799
  0x5D, 0xD6, 0xDF, 0x1E,  // 147:24022
  0x5E, 0xB5, 0xDF, 0x1E,  // 148:24245
  0x5F, 0x94, 0xDF, 0x1E,  // 149:24468
  0x60, 0x73, 0xDF, 0x1E,  // 150:24691
  0x61, 0x52, 0xDF, 0x1E,  // 151:24914
  0x62, 0x31, 0xDF, 0x1E,  // 152:25137
  0x63, 0x10, 0xDF, 0x1E,  // 153:25360
  0x63, 0xEF, 0xDF, 0x1E,  // 154:25583
  0x64, 0xCE, 0xDF, 0x1E,  // 155:25806
  0x65, 0xAD, 0xDF, 0x1E,  // 156:26029
  0x66, 0x8C, 0xDF, 0x1E,  // 157:26252
  0x67, 0x6B, 0xDF, 0x1E,  // 158:26475
  0x68, 0x4A, 0xDF, 0x1E,  // 159:26698
  0xFF, 0xFF, 0x00, 0x1E,  // 160:65535
  0x69, 0x29, 0x97, 0x1E,  // 161:26921
  0x69, 0xC0, 0xCE, 0x1E,  // 162:27072
  0x6A, 0x8E, 0xDE, 0x1E,  // 163:27278
  0x6B, 0x6C, 0xDD, 0x1E,  // 164:27500
  0x6C, 0x49, 0xE2, 0x1E,  // 165:27721
  0x6D, 0x2B, 0x90, 0x1E,  // 166:27947
  0x6D, 0xBB, 0xCD, 0x1E,  // 167:28091
  0x6E, 0x88, 0xB2, 0x1E,  // 168:28296
  0x6F, 0x3A, 0xED, 0x1E,  // 169:28474
  0x70, 0x27, 0xBD, 0x1E,  // 170:28711
  0x70, 0xE4, 0xC6, 0x1E,  // 171:28900
  0x71, 0xAA, 0xD5, 0x1E,  // 172:29098
  0x72, 0x7F, 0xAD, 0x1E,  // 173:29311
  0x73, 0x2C, 0xED, 0x1E,  // 174:29484
  0x74, 0x19, 0xAA, 0x1E,  // 175:29721
  0x74, 0xC3, 0xB3, 0x1E,  // 176:29891
  0x75, 0x76, 0xDE, 0x1E,  // 177:30070
  0x76, 0x54, 0xB4, 0x1E,  // 178:30292
  0x77, 0x08, 0xBC, 0x1E,  // 179:30472
  0x77, 0xC4, 0xC1, 0x1E,  // 180:30660
  0x78, 0x85, 0xE6, 0x1E,  // 181:30853
  0x79, 0x6B, 0xCF, 0x1E,  // 182:31083
  0x7A, 0x3A, 0x95, 0x1E,  // 183:31290
  0x7A, 0xCF, 0x9F, 0x1E,  // 184:31439
  0x7B, 0x6E, 0xBC, 0x1E,  // 185:31598
  0x7C, 0x2A, 0xC5, 0x1E,  // 186:31786
  0x7C, 0xEF, 0xD5, 0x1E,  // 187:31983
  0x7D, 0xC4, 0xE7, 0x1E,  // 188:32196
  0x7E, 0xAB, 0xDF, 0x1E,  // 189:32427
  0x7F, 0x8A, 0xE7, 0x1E,  // 190:32650
  0x80, 0x71, 0xC7, 0x1E,  // 191:32881
  0x81, 0x38, 0xE6, 0x1E,  // 192:33080
  0x82, 0x1E, 0xE6, 0x1E,  // 193:33310
  0x83, 0x04, 0xE6, 0x1E,  // 194:33540
  0x83, 0xEA, 0xE6, 0x1E,  // 195:33770
  0x84, 0xD0, 0xE6, 0x1E,  // 196:34000
  0x85, 0xB6, 0xE6, 0x1E,  // 197:34230
  0x86, 0x9C, 0xE6, 0x1E,  // 198:34460
  0x87, 0x82, 0xD6, 0x1E,  // 199:34690
  0x88, 0x58, 0xD6, 0x1E,  // 200:34904
  0x89, 0x2E, 0xD6, 0x1E,  // 201:35118
  0x8A, 0x04, 0xD6, 0x1E,  // 202:35332
  0x8A, 0xDA, 0xD6, 0x1E,  // 203:35546
  0x8B, 0xB0, 0xC6, 0x1E,  // 204:35760
  0x8C, 0x76, 0xC6, 0x1E,  // 205:35958
  0x8D, 0x3C, 0xC6, 0x1E,  // 206:36156
  0x8E, 0x02, 0xC6, 0x1E,  // 207:36354
  0x8E, 0xC8, 0xE5, 0x1E,  // 208:36552
  0x8F, 0xAD, 0xD6, 0x1E,  // 209:36781
  0x90, 0x83, 0xDD, 0x1E,  // 210:36995
  0x91, 0x60, 0xDD, 0x1E,  // 211:37216
  0x92, 0x3D, 0xDD, 0x1E,  // 212:37437
  0x93, 0x1A, 0xDD, 0x1E,  // 213:37658
  0x93, 0xF7, 0xDD, 0x1E,  // 214:37879
  0x94, 0xD4, 0xCD, 0x1E,  // 215:38100
  0x95, 0xA1, 0xEA, 0x1E,  // 216:38305
  0x96, 0x8B, 0xDD, 0x1E,  // 217:38539
  0x97, 0x68, 0xDD, 0x1E,  // 218:38760
  0x98, 0x45, 0xDD, 0x1E,  // 219:38981
  0x99, 0x22, 0xDD, 0x1E,  // 220:39202
  0x99, 0xFF, 0xE2, 0x1E,  // 221:39423
  0x9A, 0xE1, 0xDD, 0x1E,  // 222:39649
  0x9B, 0xBE, 0xE6, 0x1E,  // 223:39870
  0x9C, 0xA4, 0xD6, 0x1E,  // 224:40100
  0x9D, 0x7A, 0xD6, 0x1E,  // 225:40314
  0x9E, 0x50, 0xD6, 0x1E,  // 226:40528
  0x9F, 0x26, 0xD6, 0x1E,  // 227:40742
  0x9F, 0xFC, 0xD6, 0x1E,  // 228:40956
  0xA0, 0xD2, 0xD6, 0x1E,  // 229:41170
  0xA1, 0xA8, 0xE6, 0x1E,  // 230:41384
  0xA2, 0x8E, 0xCE, 0x1E,  // 231:41614
  0xA3, 0x5C, 0xDD, 0x1E,  // 232:41820
  0xA4, 0x39, 0xDD, 0x1E,  // 233:42041
  0xA5, 0x16, 0xDD, 0x1E,  // 234:42262
  0xA5, 0xF3, 0xDD, 0x1E,  // 235:42483
  0xA6, 0xD0, 0xDE, 0x1E,  // 236:42704
  0xA7, 0xAE, 0xDE, 0x1E,  // 237:42926
  0xA8, 0x8C, 0xDE, 0x1E,  // 238:43148
  0xA9, 0x6A, 0xDE, 0x1E,  // 239:43370
  0xAA, 0x48, 0xD5, 0x1E,  // 240:43592
  0xAB, 0x1D, 0xCE, 0x1E,  // 241:43805
  0xAB, 0xEB, 0xD5, 0x1E,  // 242:44011
  0xAC, 0xC0, 0xD5, 0x1E,  // 243:44224
  0xAD, 0x95, 0xD5, 0x1E,  // 244:44437
  0xAE, 0x6A, 0xD5, 0x1E,  // 245:44650
  0xAF, 0x3F, 0xD5, 0x1E,  // 246:44863
  0xB0, 0x14, 0xE5, 0x1E,  // 247:45076
  0xB0, 0xF9, 0xDB, 0x1E,  // 248:45305
  0xB1, 0xD4, 0xCE, 0x1E,  // 249:45524
  0xB2, 0xA2, 0xCE, 0x1E,  // 250:45730
  0xB3, 0x70, 0xCE, 0x1E,  // 251:45936
  0xB4, 0x3E, 0xCE, 0x1E,  // 252:46142
  0xB5, 0x0C, 0xDB, 0x1E,  // 253:46348
  0xB5, 0xE7, 0xDD, 0x1E,  // 254:46567
  0xB6, 0xC4, 0xDB, 0x1E,  // 255:46788

  // Font Data:
  0x00,0x00,0x00,0x00,0x00,0x00,0x00,0x00,0x00,0x00,0x00,0x00,0x00,0x00,0x00,0x00,0x00,0x00,0x00,0x00,0x00,0x00,0x00,0x00,0x00,0x00,0x00,0x00,0x00,0x00,0x00,0x00,0x00,0x00,0x00,0x00,0x00,0x00,0x00,0x00,0x00,0x00,0x00,0x00,0x00,0x00,0x00,0x00,0x00,0x00,0x00,0x00,0x00,0x00,0x00,0x00,0x00,0x00,0x00,0x00,0x00,0x00,0x00,0x00,0x00,0x00,0x00,0x00,0x00,0x00,0x00,0x00,0x00,0x00,0x00,0x00,0x00,0x00,0x00,0x00,0x00,0x00,0x00,0x00,0x00,0x00,0x00,0x00,0x00,0x00,0x00,0x00,0x00,0x00,0x00,0x00,0x00,0xF8,0xFF,0x7F,0x00,0x7F,0x00,0x00,0x00,0xF8,0xFF,0xFF,0x07,0x7F,0x00,0x00,0x00,0xF8,0xFF,0xFF,0x07,0x7F,0x00,0x00,0x00,0xF8,0xFF,0xFF,0x07,0x7F,0x00,0x00,0x00,0xF8,0xFF,0xFF,0x07,0x7F,0x00,0x00,0x00,0xF8,0xFF,0xFF,0x07,0x7F,0x00,0x00,0x00,0xF8,0xFF,0xFF,0x00,0x7F,  // 33
  0x00,0x00,0x00,0x00,0x00,0x00,0x00,0x00,0x00,0x00,0x00,0x00,0x00,0x00,0x00,0x00,0x00,0x00,0x00,0x00,0x00,0x00,0x00,0x00,0x00,0x00,0x00,0x00,0x00,0x00,0x00,0x00,0x00,0x00,0x00,0x00,0x00,0x00,0x00,0x00,0x00,0x00,0x00,0x00,0x00,0x00,0x00,0x00,0x00,0xF8,0xFF,0x01,0x00,0x00,0x00,0x00,0x00,0xF8,0xFF,0x01,0x00,0x00,0x00,0x00,0x00,0xF8,0xFF,0x01,0x00,0x00,0x00,0x00,0x00,0xF8,0xFF,0x01,0x00,0x00,0x00,0x00,0x00,0xF8,0xFF,0x01,0x00,0x00,0x00,0x00,0x00,0xF8,0xFF,0x01,0x00,0x00,0x00,0x00,0x00,0x00,0x00,0x00,0x00,0x00,0x00,0x00,0x00,0x00,0x00,0x00,0x00,0x00,0x00,0x00,0x00,0x00,0x00,0x00,0x00,0x00,0x00,0x00,0x00,0x00,0x00,0x00,0x00,0x00,0x00,0x00,0x00,0x00,0x00,0x00,0x00,0x00,0x00,0x00,0x00,0x00,0x00,0x00,0x00,0x00,0x00,0x00,0x00,0xF8,0xFF,0x01,0x00,0x00,0x00,0x00,0x00,0xF8,0xFF,0x01,0x00,0x00,0x00,0x00,0x00,0xF8,0xFF,0x01,0x00,0x00,0x00,0x00,0x00,0xF8,0xFF,0x01,0x00,0x00,0x00,0x00,0x00,0xF8,0xFF,0x01,0x00,0x00,0x00,0x00,0x00,0xF8,0xFF,0x01,  // 34
  0x00,0x00,0x00,0x00,0x3E,0x00,0x00,0x00,0x00,0x00,0x00,0x00,0x3E,0x00,0x00,0x00,0x00,0x00,0x00,0x00,0x3E,0x00,0x00,0x00,0x00,0x00,0xE0,0x03,0x3E,0x70,0x00,0x00,0x00,0x00,0xE0,0x03,0x3E,0x7F,0x00,0x00,0x00,0x00,0xE0,0x03,0xFE,0x7F,0x00,0x00,0x00,0x00,0xE0,0x03,0xFF,0x7F,0x00,0x00,0x00,0x00,0xE0,0xE3,0xFF,0x7F,0x00,0x00,0x00,0x00,0xE0,0xFF,0xFF,0x3F,0x00,0x00,0x00,0x00,0xE0,0xFF,0xFF,0x03,0x00,0x00,0x00,0x00,0xFE,0xFF,0x3F,0x00,0x00,0x00,0x00,0xE0,0xFF,0xFF,0x3F,0x00,0x00,0x00,0x00,0xF0,0xFF,0x3F,0x3E,0x00,0x00,0x00,0x00,0xF0,0xFF,0x03,0x3E,0x40,0x00,0x00,0x00,0xF0,0xFF,0x03,0x3E,0x7C,0x00,0x00,0x00,0xF0,0xE7,0x03,0xFE,0x7F,0x00,0x00,0x00,0x70,0xE0,0x03,0xFE,0x7F,0x00,0x00,0x00,0x00,0xE0,0xC3,0xFF,0x7F,0x00,0x00,0x00,0x00,0xE0,0xFF,0xFF,0x7F,0x00,0x00,0x00,0x00,0xE0,0xFF,0xFF,0x07,0x00,0x00,0x00,0x00,0xFC,0xFF,0xFF,0x00,0x00,0x00,0x00,0x80,0xFF,0xFF,0x3F,0x00,0x00,0x00,0x00,0xF0,0xFF,0xFF,0x3E,0x00,0x00,0x00,0x00,0xF0,0xFF,0x0F,0x3E,0x00,0x00,0x00,0x00,0xF0,0xFF,0x03,0x3E,0x00,0x00,0x00,0x00,0xF0,0xEF,0x03,0x3E,0x00,0x00,0x00,0x00,0xF0,0xE0,0x03,0x3E,0x00,0x00,0x00,0x00,0x10,0xE0,0x03,0x00,0x00,0x00,0x00,0x00,0x00,0xE0,0x03,0x00,0x00,0x00,0x00,0x00,0x00,0xE0,0x03,  // 35
  0x00,0x00,0x00,0x00,0x00,0x00,0x00,0x00,0x00,0x00,0x00,0x00,0x00,0x00,0x00,0x00,0x00,0x00,0x00,0x00,0x00,0x00,0x00,0x00,0x00,0x00,0x00,0x00,0x00,0x00,0x00,0x00,0x00,0x00,0xE0,0x07,0x80,0x1F,0x00,0x00,0x00,0x00,0xF8,0x1F,0x80,0x3F,0x00,0x00,0x00,0x00,0xFC,0x7F,0x00,0x3F,0x00,0x00,0x00,0x00,0xFE,0x7F,0x00,0x3F,0x00,0x00,0x00,0x00,0xFF,0xFF,0x00,0x3F,0x00,0x00,0x00,0x00,0xFF,0xFF,0x00,0x7E,0x00,0x00,0x00,0x00,0x3F,0xFE,0x01,0x7E,0x00,0x00,0x00,0x80,0x3F,0xFC,0x01,0x7E,0x00,0x00,0x00,0x80,0x1F,0xF8,0x01,0x7E,0x00,0x00,0x00,0x80,0x1F,0xF8,0x03,0x7E,0x00,0x00,0x00,0xFE,0xFF,0xFF,0xFF,0xFF,0x3F,0x00,0x00,0xFE,0xFF,0xFF,0xFF,0xFF,0x3F,0x00,0x00,0xFE,0xFF,0xFF,0xFF,0xFF,0x3F,0x00,0x00,0x80,0x1F,0xF0,0x07,0x7E,0x00,0x00,0x00,0x80,0x1F,0xF0,0x07,0x7E,0x00,0x00,0x00,0x80,0x1F,0xF0,0x07,0x7F,0x00,0x00,0x00,0x80,0x1F,0xF0,0x8F,0x3F,0x00,0x00,0x00,0x80,0x1F,0xE0,0xFF,0x3F,0x00,0x00,0x00,0x00,0x3F,0xE0,0xFF,0x1F,0x00,0x00,0x00,0x00,0x3F,0xC0,0xFF,0x1F,0x00,0x00,0x00,0x00,0x3F,0x80,0xFF,0x0F,0x00,0x00,0x00,0x00,0x00,0x00,0xFF,0x07,0x00,0x00,0x00,0x00,0x00,0x00,0xFC,0x01,  // 36
  0x00,0x00,0x00,0x00,0x00,0x00,0x00,0x00,0x00,0x00,0x7E,0x00,0x00,0x00,0x00,0x00,0x00,0x80,0xFF,0x01,0x02,0x00,0x00,0x00,0x00,0xC0,0xFF,0x03,0x07,0x00,0x00,0x00,0x00,0xE0,0xFF,0x07,0x03,0x00,0x00,0x00,0x00,0xE0,0xC3,0x07,0x03,0x00,0x00,0x00,0x00,0xF0,0x81,0x8F,0x03,0x00,0x00,0x00,0x00,0xF0,0x00,0x8F,0x01,0x00,0x00,0x00,0x00,0xF0,0x00,0x8F,0x01,0x00,0x00,0x00,0x00,0xF0,0x00,0xCF,0x01,0x00,0x00,0x00,0x00,0xF0,0x00,0xCF,0x00,0x00,0x00,0x00,0x00,0xF0,0x81,0xCF,0x00,0x00,0x00,0x00,0x00,0xE0,0xC3,0xE7,0x00,0x00,0x00,0x00,0x00,0xE0,0xFF,0x67,0x00,0x00,0x00,0x00,0x00,0xC0,0xFF,0x63,0xF0,0x03,0x00,0x00,0x00,0x80,0xFF,0x71,0xFC,0x0F,0x00,0x00,0x00,0x00,0x7E,0x30,0xFE,0x1F,0x00,0x00,0x00,0x00,0x00,0x38,0xFF,0x3F,0x00,0x00,0x00,0x00,0x00,0x38,0x1F,0x3E,0x00,0x00,0x00,0x00,0x00,0x98,0x0F,0x7C,0x00,0x00,0x00,0x00,0x00,0x9C,0x07,0x78,0x00,0x00,0x00,0x00,0x00,0x9C,0x07,0x78,0x00,0x00,0x00,0x00,0x00,0x8C,0x07,0x78,0x00,0x00,0x00,0x00,0x00,0x8E,0x07,0x78,0x00,0x00,0x00,0x00,0x00,0x8E,0x0F,0x7C,0x00,0x00,0x00,0x00,0x00,0x06,0x1F,0x3E,0x00,0x00,0x00,0x00,0x00,0x07,0xFF,0x3F,0x00,0x00,0x00,0x00,0x00,0x03,0xFE,0x1F,0x00,0x00,0x00,0x00,0x00,0x02,0xFC,0x0F,0x00,0x00,0x00,0x00,0x00,0x00,0xF0,0x03,  // 37
  0x00,0x00,0x00,0x00,0x00,0x00,0x00,0x00,0x00,0x00,0x00,0x00,0xFE,0x00,0x00,0x00,0x00,0x00,0x00,0xC0,0xFF,0x03,0x00,0x00,0x00,0x00,0x00,0xE0,0xFF,0x0F,0x00,0x00,0x00,0x00,0x00,0xF0,0xFF,0x1F,0x00,0x00,0x00,0x80,0x1F,0xF8,0xFF,0x3F,0x00,0x00,0x00,0xE0,0x7F,0xFC,0xFF,0x3F,0x00,0x00,0x00,0xF0,0xFF,0xFE,0xFF,0x7F,0x00,0x00,0x00,0xF0,0xFF,0xFF,0xC0,0x7F,0x00,0x00,0x00,0xF8,0xFF,0x7F,0x00,0xFF,0x00,0x00,0x00,0xF8,0xFF,0x3F,0x00,0xFE,0x00,0x00,0x00,0xFC,0xFF,0x3F,0x00,0xFE,0x00,0x00,0x00,0xFC,0xF1,0xFF,0x00,0xFC,0x00,0x00,0x00,0xFC,0xC0,0xFF,0x01,0xFC,0x00,0x00,0x00,0xFC,0x80,0xFF,0x07,0xFC,0x00,0x00,0x00,0xFC,0x00,0xFE,0x0F,0xFC,0x00,0x00,0x00,0xFC,0x00,0xFC,0x3F,0xFC,0x00,0x00,0x00,0xFC,0x00,0xF0,0x7F,0x7E,0x00,0x00,0x00,0xFC,0x00,0xE0,0xFF,0x7F,0x00,0x00,0x00,0xFC,0x00,0x80,0xFF,0x7F,0x00,0x00,0x00,0xFC,0x00,0x00,0xFF,0x3F,0x00,0x00,0x00,0xF8,0x01,0x00,0xFC,0x1F,0x00,0x00,0x00,0xF8,0x01,0x00,0xF8,0x7F,0x00,0x00,0x00,0x00,0x00,0x00,0xF0,0x7F,0x00,0x00,0x00,0x00,0x00,0xE0,0xFF,0x7F,0x00,0x00,0x00,0x00,0x00,0xE0,0xFF,0x7F,0x00,0x00,0x00,0x00,0x00,0xE0,0xFF,0x7F,0x00,0x00,0x00,0x00,0x00,0xE0,0xFF,0x78,0x00,0x00,0x00,0x00,0x00,0xE0,0x3F,0x70,0x00,0x00,0x00,0x00,0x00,0xE0,0x07,0x60,  // 38
  0x00,0x00,0x00,0x00,0x00,0x00,0x00,0x00,0x00,0x00,0x00,0x00,0x00,0x00,0x00,0x00,0x00,0x00,0x00,0x00,0x00,0x00,0x00,0x00,0x00,0x00,0x00,0x00,0x00,0x00,0x00,0x00,0x00,0x00,0x00,0x00,0x00,0x00,0x00,0x00,0x00,0x00,0x00,0x00,0x00,0x00,0x00,0x00,0x00,0x00,0x00,0x00,0x00,0x00,0x00,0x00,0x00,0x00,0x00,0x00,0x00,0x00,0x00,0x00,0x00,0x00,0x00,0x00,0x00,0x00,0x00,0x00,0x00,0x00,0x00,0x00,0x00,0x00,0x00,0x00,0x00,0x00,0x00,0x00,0x00,0x00,0x00,0x00,0x00,0x00,0x00,0x00,0x00,0x00,0x00,0x00,0x00,0xF8,0xFF,0x01,0x00,0x00,0x00,0x00,0x00,0xF8,0xFF,0x01,0x00,0x00,0x00,0x00,0x00,0xF8,0xFF,0x01,0x00,0x00,0x00,0x00,0x00,0xF8,0xFF,0x01,0x00,0x00,0x00,0x00,0x00,0xF8,0xFF,0x01,0x00,0x00,0x00,0x00,0x00,0xF8,0xFF,0x01,  // 39
  0x00,0x00,0x00,0x00,0x00,0x00,0x00,0x00,0x00,0x00,0x00,0x00,0x00,0x00,0x00,0x00,0x00,0x00,0x00,0x00,0x00,0x00,0x00,0x00,0x00,0x00,0x00,0x00,0x00,0x00,0x00,0x00,0x00,0x00,0x00,0x00,0x00,0x00,0x00,0x00,0x00,0x00,0x00,0x00,0x00,0x00,0x00,0x00,0x00,0x00,0x00,0x00,0x00,0x00,0x00,0x00,0x00,0x00,0x00,0x00,0x00,0x00,0x00,0x00,0x00,0x00,0x00,0x00,0x00,0x00,0x00,0x00,0x00,0x00,0x00,0xFE,0x1F,0x00,0x00,0x00,0x00,0x00,0xE0,0xFF,0xFF,0x03,0x00,0x00,0x00,0x00,0xFC,0xFF,0xFF,0x0F,0x00,0x00,0x00,0x00,0xFF,0xFF,0xFF,0x7F,0x00,0x00,0x00,0xC0,0xFF,0xFF,0xFF,0xFF,0x01,0x00,0x00,0xF0,0xFF,0xFF,0xFF,0xFF,0x07,0x00,0x00,0xF8,0xFF,0xFF,0xFF,0xFF,0x0F,0x00,0x00,0xFE,0xFF,0x01,0xC0,0xFF,0x3F,0x00,0x00,0xFE,0x0F,0x00,0x00,0xF8,0x3F,0x00,0x00,0xFE,0x01,0x00,0x00,0xC0,0x3F,0x00,0x00,0x3E,0x00,0x00,0x00,0x00,0x3E,0x00,0x00,0x0E,0x00,0x00,0x00,0x00,0x38,0x00,0x00,0x02,0x00,0x00,0x00,0x00,0x20,  // 40
  0x00,0x00,0x00,0x00,0x00,0x00,0x00,0x00,0x00,0x00,0x00,0x00,0x00,0x00,0x00,0x00,0x00,0x00,0x00,0x00,0x00,0x00,0x00,0x00,0x00,0x00,0x00,0x00,0x00,0x00,0x00,0x00,0x00,0x00,0x00,0x00,0x00,0x00,0x00,0x00,0x00,0x00,0x00,0x00,0x00,0x00,0x00,0x00,0x00,0x00,0x00,0x00,0x00,0x00,0x00,0x00,0x00,0x00,0x00,0x00,0x00,0x00,0x00,0x00,0x00,0x02,0x00,0x00,0x00,0x00,0x20,0x00,0x00,0x0E,0x00,0x00,0x00,0x00,0x38,0x00,0x00,0x7E,0x00,0x00,0x00,0x00,0x3F,0x00,0x00,0xFE,0x01,0x00,0x00,0xC0,0x3F,0x00,0x00,0xFE,0x0F,0x00,0x00,0xF8,0x3F,0x00,0x00,0xFE,0xFF,0x01,0xC0,0xFF,0x3F,0x00,0x00,0xF8,0xFF,0xFF,0xFF,0xFF,0x0F,0x00,0x00,0xF0,0xFF,0xFF,0xFF,0xFF,0x03,0x00,0x00,0xC0,0xFF,0xFF,0xFF,0xFF,0x01,0x00,0x00,0x00,0xFF,0xFF,0xFF,0x7F,0x00,0x00,0x00,0x00,0xF8,0xFF,0xFF,0x0F,0x00,0x00,0x00,0x00,0xC0,0xFF,0xFF,0x03,0x00,0x00,0x00,0x00,0x00,0xFC,0x1F,  // 41
  0x00,0x00,0x00,0x00,0x00,0x00,0x00,0x00,0x00,0x00,0x00,0x00,0x00,0x00,0x00,0x00,0x00,0x00,0x00,0x00,0x00,0x00,0x00,0x00,0x00,0x00,0x02,0x04,0x00,0x00,0x00,0x00,0x00,0x80,0x03,0x1C,0x00,0x00,0x00,0x00,0x00,0xC0,0x07,0x3E,0x00,0x00,0x00,0x00,0x00,0x80,0x07,0x1E,0x00,0x00,0x00,0x00,0x00,0x80,0x0F,0x1F,0x00,0x00,0x00,0x00,0x00,0x00,0x9F,0x0F,0x00,0x00,0x00,0x00,0x00,0x00,0x9E,0x07,0x00,0x00,0x00,0x00,0x00,0x00,0xFE,0x07,0x00,0x00,0x00,0x00,0x00,0x00,0xFC,0x03,0x00,0x00,0x00,0x00,0x00,0x00,0xFC,0x03,0x00,0x00,0x00,0x00,0x00,0xFC,0xFF,0xFF,0x03,0x00,0x00,0x00,0x00,0xFC,0xFF,0xFF,0x03,0x00,0x00,0x00,0x00,0xFC,0xFF,0xFF,0x03,0x00,0x00,0x00,0x00,0xFC,0xFF,0xFF,0x03,0x00,0x00,0x00,0x00,0x00,0xFC,0x03,0x00,0x00,0x00,0x00,0x00,0x00,0xFC,0x03,0x00,0x00,0x00,0x00,0x00,0x00,0xFE,0x07,0x00,0x00,0x00,0x00,0x00,0x00,0x9E,0x07,0x00,0x00,0x00,0x00,0x00,0x00,0x9F,0x0F,0x00,0x00,0x00,0x00,0x00,0x80,0x0F,0x0F,0x00,0x00,0x00,0x00,0x00,0x80,0x0F,0x1F,0x00,0x00,0x00,0x00,0x00,0xC0,0x07,0x3E,0x00,0x00,0x00,0x00,0x00,0x80,0x03,0x1C,0x00,0x00,0x00,0x00,0x00,0x00,0x02,0x04,  // 42
  0x00,0x00,0x00,0x00,0x00,0x00,0x00,0x00,0x00,0x00,0x00,0xF0,0x03,0x00,0x00,0x00,0x00,0x00,0x00,0xF0,0x03,0x00,0x00,0x00,0x00,0x00,0x00,0xF0,0x03,0x00,0x00,0x00,0x00,0x00,0x00,0xF0,0x03,0x00,0x00,0x00,0x00,0x00,0x00,0xF0,0x03,0x00,0x00,0x00,0x00,0x00,0x00,0xF0,0x03,0x00,0x00,0x00,0x00,0x00,0x00,0xF0,0x03,0x00,0x00,0x00,0x00,0x00,0x00,0xF0,0x03,0x00,0x00,0x00,0x00,0x00,0x00,0xF0,0x03,0x00,0x00,0x00,0x00,0x00,0x00,0xF0,0x03,0x00,0x00,0x00,0x00,0x00,0x00,0xF0,0x03,0x00,0x00,0x00,0x00,0x00,0xFE,0xFF,0xFF,0x1F,0x00,0x00,0x00,0x00,0xFE,0xFF,0xFF,0x1F,0x00,0x00,0x00,0x00,0xFE,0xFF,0xFF,0x1F,0x00,0x00,0x00,0x00,0xFE,0xFF,0xFF,0x1F,0x00,0x00,0x00,0x00,0xFE,0xFF,0xFF,0x1F,0x00,0x00,0x00,0x00,0xFE,0xFF,0xFF,0x1F,0x00,0x00,0x00,0x00,0x00,0xF0,0x03,0x00,0x00,0x00,0x00,0x00,0x00,0xF0,0x03,0x00,0x00,0x00,0x00,0x00,0x00,0xF0,0x03,0x00,0x00,0x00,0x00,0x00,0x00,0xF0,0x03,0x00,0x00,0x00,0x00,0x00,0x00,0xF0,0x03,0x00,0x00,0x00,0x00,0x00,0x00,0xF0,0x03,0x00,0x00,0x00,0x00,0x00,0x00,0xF0,0x03,0x00,0x00,0x00,0x00,0x00,0x00,0xF0,0x03,0x00,0x00,0x00,0x00,0x00,0x00,0xF0,0x03,0x00,0x00,0x00,0x00,0x00,0x00,0xF0,0x03,0x00,0x00,0x00,0x00,0x00,0x00,0xF0,0x03,  // 43
  0x00,0x00,0x00,0x00,0x00,0x00,0x00,0x00,0x00,0x00,0x00,0x00,0x00,0x00,0x00,0x00,0x00,0x00,0x00,0x00,0x00,0x00,0x00,0x00,0x00,0x00,0x00,0x00,0x00,0x00,0x00,0x00,0x00,0x00,0x00,0x00,0x00,0x00,0x00,0x00,0x00,0x00,0x00,0x00,0x00,0x00,0x00,0x00,0x00,0x00,0x00,0x00,0x00,0x00,0x00,0x00,0x00,0x00,0x00,0x00,0x00,0x00,0x00,0x00,0x00,0x00,0x00,0x00,0x00,0x00,0x00,0x00,0x00,0x00,0x00,0x00,0x00,0x00,0x30,0x00,0x00,0x00,0x00,0x00,0x00,0x80,0x3F,0x00,0x00,0x00,0x00,0x00,0xC0,0xFF,0x3F,0x00,0x00,0x00,0x00,0x00,0xC0,0xFF,0x3F,0x00,0x00,0x00,0x00,0x00,0xC0,0xFF,0x3F,0x00,0x00,0x00,0x00,0x00,0xC0,0xFF,0x1F,0x00,0x00,0x00,0x00,0x00,0xC0,0xFF,0x07,0x00,0x00,0x00,0x00,0x00,0xC0,0xFF,0x01,0x00,0x00,0x00,0x00,0x00,0xC0,0x7F,0x00,0x00,0x00,0x00,0x00,0x00,0xC0,0x3F,  // 44
  0x00,0x00,0x00,0x00,0x00,0x00,0x00,0x00,0x00,0x00,0x00,0x00,0x00,0x00,0x00,0x00,0x00,0x00,0x00,0x00,0x00,0x00,0x00,0x00,0x00,0x00,0x00,0x00,0x00,0x00,0x00,0x00,0x00,0x00,0x00,0x00,0x00,0x00,0x00,0x00,0x00,0x00,0x00,0x00,0x00,0x00,0x00,0x00,0x00,0x00,0x00,0x00,0x00,0x00,0x00,0x00,0x00,0x00,0x00,0xE0,0x0F,0x00,0x00,0x00,0x00,0x00,0x00,0xE0,0x0F,0x00,0x00,0x00,0x00,0x00,0x00,0xE0,0x0F,0x00,0x00,0x00,0x00,0x00,0x00,0xE0,0x0F,0x00,0x00,0x00,0x00,0x00,0x00,0xE0,0x0F,0x00,0x00,0x00,0x00,0x00,0x00,0xE0,0x0F,0x00,0x00,0x00,0x00,0x00,0x00,0xE0,0x0F,0x00,0x00,0x00,0x00,0x00,0x00,0xE0,0x0F,0x00,0x00,0x00,0x00,0x00,0x00,0xE0,0x0F,0x00,0x00,0x00,0x00,0x00,0x00,0xE0,0x0F,0x00,0x00,0x00,0x00,0x00,0x00,0xE0,0x0F,0x00,0x00,0x00,0x00,0x00,0x00,0xE0,0x0F,0x00,0x00,0x00,0x00,0x00,0x00,0xE0,0x0F,0x00,0x00,0x00,0x00,0x00,0x00,0xE0,0x0F,0x00,0x00,0x00,0x00,0x00,0x00,0xE0,0x0F,  // 45
  0x00,0x00,0x00,0x00,0x00,0x00,0x00,0x00,0x00,0x00,0x00,0x00,0x00,0x00,0x00,0x00,0x00,0x00,0x00,0x00,0x00,0x00,0x00,0x00,0x00,0x00,0x00,0x00,0x00,0x00,0x00,0x00,0x00,0x00,0x00,0x00,0x00,0x00,0x00,0x00,0x00,0x00,0x00,0x00,0x00,0x00,0x00,0x00,0x00,0x00,0x00,0x00,0x00,0x00,0x00,0x00,0x00,0x00,0x00,0x00,0x00,0x00,0x00,0x00,0x00,0x00,0x00,0x00,0x00,0x00,0x00,0x00,0x00,0x00,0x00,0x00,0x00,0x00,0x00,0x00,0x00,0x00,0x00,0x00,0x00,0x00,0x00,0x00,0x00,0x00,0x00,0x00,0xC0,0x7F,0x00,0x00,0x00,0x00,0x00,0x00,0xC0,0x7F,0x00,0x00,0x00,0x00,0x00,0x00,0xC0,0x7F,0x00,0x00,0x00,0x00,0x00,0x00,0xC0,0x7F,0x00,0x00,0x00,0x00,0x00,0x00,0xC0,0x7F,0x00,0x00,0x00,0x00,0x00,0x00,0xC0,0x7F,0x00,0x00,0x00,0x00,0x00,0x00,0xC0,0x7F,0x00,0x00,0x00,0x00,0x00,0x00,0xC0,0x7F,  // 46
  0x00,0x00,0x00,0x00,0x00,0x00,0x00,0x00,0x00,0x00,0x00,0x00,0x00,0x00,0x00,0x00,0x00,0x00,0x00,0x00,0x00,0x00,0x00,0x00,0x00,0x00,0x00,0x00,0x00,0x00,0x08,0x00,0x00,0x00,0x00,0x00,0x00,0x00,0x0E,0x00,0x00,0x00,0x00,0x00,0x00,0x80,0x0F,0x00,0x00,0x00,0x00,0x00,0x00,0xF0,0x0F,0x00,0x00,0x00,0x00,0x00,0x00,0xFC,0x0F,0x00,0x00,0x00,0x00,0x00,0x00,0xFF,0x07,0x00,0x00,0x00,0x00,0x00,0xC0,0xFF,0x01,0x00,0x00,0x00,0x00,0x00,0xF0,0x7F,0x00,0x00,0x00,0x00,0x00,0x00,0xFC,0x0F,0x00,0x00,0x00,0x00,0x00,0x80,0xFF,0x03,0x00,0x00,0x00,0x00,0x00,0xE0,0xFF,0x00,0x00,0x00,0x00,0x00,0x00,0xF8,0x3F,0x00,0x00,0x00,0x00,0x00,0x00,0xFE,0x0F,0x00,0x00,0x00,0x00,0x00,0x80,0xFF,0x03,0x00,0x00,0x00,0x00,0x00,0xE0,0xFF,0x00,0x00,0x00,0x00,0x00,0x00,0xF8,0x1F,0x00,0x00,0x00,0x00,0x00,0x00,0xFF,0x07,0x00,0x00,0x00,0x00,0x00,0xC0,0xFF,0x01,0x00,0x00,0x00,0x00,0x00,0xF0,0x7F,0x00,0x00,0x00,0x00,0x00,0x00,0xF8,0x1F,0x00,0x00,0x00,0x00,0x00,0x00,0xF8,0x07,0x00,0x00,0x00,0x00,0x00,0x00,0xF8,0x00,0x00,0x00,0x00,0x00,0x00,0x00,0x38,0x00,0x00,0x00,0x00,0x00,0x00,0x00,0x08,  // 47
  0x00,0x00,0x00,0x00,0x00,0x00,0x00,0x00,0x00,0x00,0x00,0x00,0x00,0x00,0x00,0x00,0x00,0x00,0x00,0x00,0x00,0x00,0x00,0x00,0x00,0x00,0xC0,0xFF,0x0F,0x00,0x00,0x00,0x00,0x00,0xFC,0xFF,0xFF,0x00,0x00,0x00,0x00,0x00,0xFF,0xFF,0xFF,0x03,0x00,0x00,0x00,0xC0,0xFF,0xFF,0xFF,0x0F,0x00,0x00,0x00,0xE0,0xFF,0xFF,0xFF,0x1F,0x00,0x00,0x00,0xF0,0xFF,0xFF,0xFF,0x3F,0x00,0x00,0x00,0xF8,0xFF,0xFF,0xFF,0x7F,0x00,0x00,0x00,0xF8,0x3F,0x00,0xF0,0x7F,0x00,0x00,0x00,0xFC,0x03,0x00,0x00,0xFF,0x00,0x00,0x00,0xFC,0x01,0x78,0x00,0xFE,0x00,0x00,0x00,0xFC,0x00,0xFC,0x00,0xFC,0x00,0x00,0x00,0xFC,0x00,0xFC,0x00,0xFC,0x00,0x00,0x00,0xFC,0x00,0xFC,0x00,0xFC,0x00,0x00,0x00,0xFC,0x00,0xFC,0x00,0xFC,0x00,0x00,0x00,0xFC,0x01,0x78,0x00,0xFE,0x00,0x00,0x00,0xFC,0x03,0x00,0x00,0x7F,0x00,0x00,0x00,0xF8,0x3F,0x00,0xF0,0x7F,0x00,0x00,0x00,0xF8,0xFF,0xFF,0xFF,0x7F,0x00,0x00,0x00,0xF0,0xFF,0xFF,0xFF,0x3F,0x00,0x00,0x00,0xE0,0xFF,0xFF,0xFF,0x1F,0x00,0x00,0x00,0xC0,0xFF,0xFF,0xFF,0x0F,0x00,0x00,0x00,0x00,0xFF,0xFF,0xFF,0x03,0x00,0x00,0x00,0x00,0xFC,0xFF,0xFF,0x00,0x00,0x00,0x00,0x00,0xC0,0xFF,0x0F,  // 48
  0x00,0x00,0x00,0x00,0x00,0x00,0x00,0x00,0x00,0x00,0x00,0x00,0x00,0x00,0x00,0x00,0x00,0x00,0x00,0x00,0x00,0x00,0x00,0x00,0x00,0x00,0x00,0x00,0x00,0x00,0x00,0x00,0x00,0x00,0x00,0x00,0x00,0x00,0x00,0x00,0x00,0xE0,0x07,0x00,0x00,0x7E,0x00,0x00,0x00,0xE0,0x07,0x00,0x00,0x7E,0x00,0x00,0x00,0xF0,0x03,0x00,0x00,0x7E,0x00,0x00,0x00,0xF0,0x03,0x00,0x00,0x7E,0x00,0x00,0x00,0xF0,0x03,0x00,0x00,0x7E,0x00,0x00,0x00,0xF0,0x03,0x00,0x00,0x7E,0x00,0x00,0x00,0xF8,0x01,0x00,0x00,0x7E,0x00,0x00,0x00,0xF8,0x01,0x00,0x00,0x7E,0x00,0x00,0x00,0xF8,0xFF,0xFF,0xFF,0x7F,0x00,0x00,0x00,0xF8,0xFF,0xFF,0xFF,0x7F,0x00,0x00,0x00,0xF8,0xFF,0xFF,0xFF,0x7F,0x00,0x00,0x00,0xF8,0xFF,0xFF,0xFF,0x7F,0x00,0x00,0x00,0xF8,0xFF,0xFF,0xFF,0x7F,0x00,0x00,0x00,0xF8,0xFF,0xFF,0xFF,0x7F,0x00,0x00,0x00,0xF8,0xFF,0xFF,0xFF,0x7F,0x00,0x00,0x00,0x00,0x00,0x00,0x00,0x7E,0x00,0x00,0x00,0x00,0x00,0x00,0x00,0x7E,0x00,0x00,0x00,0x00,0x00,0x00,0x00,0x7E,0x00,0x00,0x00,0x00,0x00,0x00,0x00,0x7E,0x00,0x00,0x00,0x00,0x00,0x00,0x00,0x7E,0x00,0x00,0x00,0x00,0x00,0x00,0x00,0x7E,0x00,0x00,0x00,0x00,0x00,0x00,0x00,0x7E,0x00,0x00,0x00,0x00,0x00,0x00,0x00,0x7E,  // 49
  0x00,0x00,0x00,0x00,0x00,0x00,0x00,0x00,0x00,0x00,0x00,0x00,0x00,0x00,0x00,0x00,0x00,0x00,0x00,0x00,0x00,0x00,0x00,0x00,0x00,0x00,0x00,0x00,0x00,0x7E,0x00,0x00,0x00,0xF0,0x07,0x00,0x00,0x7F,0x00,0x00,0x00,0xF8,0x03,0x00,0x80,0x7F,0x00,0x00,0x00,0xF8,0x03,0x00,0xC0,0x7F,0x00,0x00,0x00,0xF8,0x01,0x00,0xF0,0x7F,0x00,0x00,0x00,0xF8,0x01,0x00,0xF8,0x7F,0x00,0x00,0x00,0xFC,0x01,0x00,0xFC,0x7F,0x00,0x00,0x00,0xFC,0x00,0x00,0xFE,0x7F,0x00,0x00,0x00,0xFC,0x00,0x00,0xFF,0x7F,0x00,0x00,0x00,0xFC,0x00,0x80,0x7F,0x7E,0x00,0x00,0x00,0xFC,0x00,0xC0,0x3F,0x7E,0x00,0x00,0x00,0xFC,0x00,0xE0,0x1F,0x7E,0x00,0x00,0x00,0xFC,0x00,0xF0,0x0F,0x7E,0x00,0x00,0x00,0xFC,0x01,0xF8,0x07,0x7E,0x00,0x00,0x00,0xFC,0x01,0xFE,0x03,0x7E,0x00,0x00,0x00,0xF8,0x07,0xFF,0x01,0x7E,0x00,0x00,0x00,0xF8,0xFF,0xFF,0x00,0x7E,0x00,0x00,0x00,0xF8,0xFF,0x7F,0x00,0x7E,0x00,0x00,0x00,0xF0,0xFF,0x3F,0x00,0x7E,0x00,0x00,0x00,0xE0,0xFF,0x1F,0x00,0x7E,0x00,0x00,0x00,0xE0,0xFF,0x0F,0x00,0x7E,0x00,0x00,0x00,0x80,0xFF,0x03,0x00,0x7E,0x00,0x00,0x00,0x00,0xFE,0x00,0x00,0x7E,  // 50
  0x00,0x00,0x00,0x00,0x00,0x00,0x00,0x00,0x00,0x00,0x00,0x00,0x00,0x00,0x00,0x00,0x00,0x00,0x00,0x00,0x00,0x00,0x00,0x00,0x00,0x00,0x00,0x00,0x80,0x3F,0x00,0x00,0x00,0xF0,0x07,0x00,0x00,0x7F,0x00,0x00,0x00,0xF8,0x03,0x00,0x00,0x7F,0x00,0x00,0x00,0xF8,0x03,0x00,0x00,0x7E,0x00,0x00,0x00,0xF8,0x01,0x00,0x00,0x7E,0x00,0x00,0x00,0xF8,0x01,0x00,0x00,0xFE,0x00,0x00,0x00,0xFC,0x01,0x00,0x00,0xFC,0x00,0x00,0x00,0xFC,0x00,0x3F,0x00,0xFC,0x00,0x00,0x00,0xFC,0x00,0x3F,0x00,0xFC,0x00,0x00,0x00,0xFC,0x00,0x3F,0x00,0xFC,0x00,0x00,0x00,0xFC,0x00,0x3F,0x00,0xFC,0x00,0x00,0x00,0xFC,0x00,0x3F,0x00,0xFC,0x00,0x00,0x00,0xFC,0x00,0x3F,0x00,0xFC,0x00,0x00,0x00,0xFC,0x01,0x7F,0x00,0xFC,0x00,0x00,0x00,0xFC,0x81,0x7F,0x00,0xFE,0x00,0x00,0x00,0xF8,0xC3,0xFF,0x00,0x7F,0x00,0x00,0x00,0xF8,0xFF,0xFF,0x83,0x7F,0x00,0x00,0x00,0xF8,0xFF,0xFB,0xFF,0x7F,0x00,0x00,0x00,0xF0,0xFF,0xF3,0xFF,0x3F,0x00,0x00,0x00,0xF0,0xFF,0xF3,0xFF,0x3F,0x00,0x00,0x00,0xE0,0xFF,0xE1,0xFF,0x1F,0x00,0x00,0x00,0xC0,0xFF,0xC0,0xFF,0x0F,0x00,0x00,0x00,0x00,0x3F,0x80,0xFF,0x07,0x00,0x00,0x00,0x00,0x00,0x00,0xFE,0x01,  // 51
  0x00,0x00,0x00,0x00,0x00,0x00,0x00,0x00,0x00,0x00,0x00,0x00,0x00,0x00,0x00,0x00,0x00,0x00,0x00,0x80,0x7F,0x00,0x00,0x00,0x00,0x00,0x00,0xC0,0x7F,0x00,0x00,0x00,0x00,0x00,0x00,0xF0,0x7F,0x00,0x00,0x00,0x00,0x00,0x00,0xF8,0x7F,0x00,0x00,0x00,0x00,0x00,0x00,0xFE,0x7F,0x00,0x00,0x00,0x00,0x00,0x00,0xFF,0x7E,0x00,0x00,0x00,0x00,0x00,0xC0,0x7F,0x7E,0x00,0x00,0x00,0x00,0x00,0xF0,0x1F,0x7E,0x00,0x00,0x00,0x00,0x00,0xF8,0x0F,0x7E,0x00,0x00,0x00,0x00,0x00,0xFE,0x03,0x7E,0x00,0x00,0x00,0x00,0x00,0xFF,0x00,0x7E,0x00,0x00,0x00,0x00,0xC0,0x7F,0x00,0x7E,0x00,0x00,0x00,0x00,0xE0,0x1F,0x00,0x7E,0x00,0x00,0x00,0x00,0xF8,0x0F,0x00,0x7E,0x00,0x00,0x00,0x00,0xF8,0xFF,0xFF,0xFF,0x7F,0x00,0x00,0x00,0xF8,0xFF,0xFF,0xFF,0x7F,0x00,0x00,0x00,0xF8,0xFF,0xFF,0xFF,0x7F,0x00,0x00,0x00,0xF8,0xFF,0xFF,0xFF,0x7F,0x00,0x00,0x00,0xF8,0xFF,0xFF,0xFF,0x7F,0x00,0x00,0x00,0xF8,0xFF,0xFF,0xFF,0x7F,0x00,0x00,0x00,0xF8,0xFF,0xFF,0xFF,0x7F,0x00,0x00,0x00,0x00,0x00,0x00,0x7E,0x00,0x00,0x00,0x00,0x00,0x00,0x00,0x7E,0x00,0x00,0x00,0x00,0x00,0x00,0x00,0x7E,0x00,0x00,0x00,0x00,0x00,0x00,0x00,0x7E,  // 52
  0x00,0x00,0x00,0x00,0x00,0x00,0x00,0x00,0x00,0x00,0x00,0x00,0x00,0x00,0x00,0x00,0x00,0x00,0x00,0x00,0x00,0x00,0x00,0x00,0x00,0x00,0x00,0x00,0x80,0x3F,0x00,0x00,0x00,0xF8,0xFF,0x7F,0x00,0x7F,0x00,0x00,0x00,0xF8,0xFF,0x3F,0x00,0x7E,0x00,0x00,0x00,0xF8,0xFF,0x3F,0x00,0x7E,0x00,0x00,0x00,0xF8,0xFF,0x3F,0x00,0x7E,0x00,0x00,0x00,0xF8,0xFF,0x1F,0x00,0xFC,0x00,0x00,0x00,0xF8,0xFF,0x1F,0x00,0xFC,0x00,0x00,0x00,0xF8,0x81,0x1F,0x00,0xFC,0x00,0x00,0x00,0xF8,0x81,0x1F,0x00,0xFC,0x00,0x00,0x00,0xF8,0x81,0x1F,0x00,0xFC,0x00,0x00,0x00,0xF8,0x81,0x1F,0x00,0xFC,0x00,0x00,0x00,0xF8,0x81,0x1F,0x00,0xFC,0x00,0x00,0x00,0xF8,0x81,0x3F,0x00,0xFE,0x00,0x00,0x00,0xF8,0x81,0x3F,0x00,0xFE,0x00,0x00,0x00,0xF8,0x81,0x7F,0x00,0x7F,0x00,0x00,0x00,0xF8,0x01,0xFF,0xC1,0x7F,0x00,0x00,0x00,0xF8,0x01,0xFF,0xFF,0x7F,0x00,0x00,0x00,0xF8,0x01,0xFE,0xFF,0x3F,0x00,0x00,0x00,0xF8,0x01,0xFE,0xFF,0x1F,0x00,0x00,0x00,0xF8,0x01,0xFC,0xFF,0x1F,0x00,0x00,0x00,0xF8,0x01,0xF8,0xFF,0x07,0x00,0x00,0x00,0x00,0x00,0xE0,0xFF,0x03,0x00,0x00,0x00,0x00,0x00,0x00,0x7F,  // 53
  0x00,0x00,0x00,0x00,0x00,0x00,0x00,0x00,0x00,0x00,0x00,0x00,0x00,0x00,0x00,0x00,0x00,0x00,0x00,0x00,0x00,0x00,0x00,0x00,0x00,0x00,0xC0,0xFF,0x0F,0x00,0x00,0x00,0x00,0x00,0xF8,0xFF,0xFF,0x00,0x00,0x00,0x00,0x00,0xFE,0xFF,0xFF,0x07,0x00,0x00,0x00,0x80,0xFF,0xFF,0xFF,0x0F,0x00,0x00,0x00,0xC0,0xFF,0xFF,0xFF,0x1F,0x00,0x00,0x00,0xE0,0xFF,0xFF,0xFF,0x3F,0x00,0x00,0x00,0xF0,0xFF,0xFF,0xFF,0x7F,0x00,0x00,0x00,0xF0,0x3F,0xFC,0x80,0x7F,0x00,0x00,0x00,0xF8,0x0F,0x3E,0x00,0xFE,0x00,0x00,0x00,0xF8,0x03,0x3F,0x00,0xFE,0x00,0x00,0x00,0xFC,0x01,0x1F,0x00,0xFC,0x00,0x00,0x00,0xFC,0x81,0x1F,0x00,0xFC,0x00,0x00,0x00,0xFC,0x80,0x1F,0x00,0xFC,0x00,0x00,0x00,0xFC,0x80,0x1F,0x00,0xFC,0x00,0x00,0x00,0xFC,0x80,0x3F,0x00,0xFE,0x00,0x00,0x00,0xFC,0x80,0x3F,0x00,0xFE,0x00,0x00,0x00,0xFC,0x80,0xFF,0x80,0x7F,0x00,0x00,0x00,0xFC,0x00,0xFF,0xFF,0x7F,0x00,0x00,0x00,0xFC,0x01,0xFF,0xFF,0x7F,0x00,0x00,0x00,0xFC,0x01,0xFF,0xFF,0x3F,0x00,0x00,0x00,0xF8,0x01,0xFE,0xFF,0x1F,0x00,0x00,0x00,0xF8,0x03,0xFC,0xFF,0x0F,0x00,0x00,0x00,0x00,0x00,0xF0,0xFF,0x03,0x00,0x00,0x00,0x00,0x00,0x80,0xFF,  // 54
  0x00,0x00,0x00,0x00,0x00,0x00,0x00,0x00,0x00,0x00,0x00,0x00,0x00,0x00,0x00,0x00,0x00,0x00,0x00,0x00,0x00,0x00,0x00,0x00,0x00,0xF8,0x01,0x00,0x00,0x00,0x00,0x00,0x00,0xF8,0x01,0x00,0x00,0x00,0x00,0x00,0x00,0xF8,0x01,0x00,0x00,0x00,0x00,0x00,0x00,0xF8,0x01,0x00,0x00,0x40,0x00,0x00,0x00,0xF8,0x01,0x00,0x00,0x78,0x00,0x00,0x00,0xF8,0x01,0x00,0x00,0x7E,0x00,0x00,0x00,0xF8,0x01,0x00,0xC0,0x7F,0x00,0x00,0x00,0xF8,0x01,0x00,0xF0,0x7F,0x00,0x00,0x00,0xF8,0x01,0x00,0xFE,0x7F,0x00,0x00,0x00,0xF8,0x01,0x80,0xFF,0x7F,0x00,0x00,0x00,0xF8,0x01,0xF0,0xFF,0x7F,0x00,0x00,0x00,0xF8,0x01,0xFC,0xFF,0x0F,0x00,0x00,0x00,0xF8,0x81,0xFF,0xFF,0x03,0x00,0x00,0x00,0xF8,0xE1,0xFF,0xFF,0x00,0x00,0x00,0x00,0xF8,0xFD,0xFF,0x1F,0x00,0x00,0x00,0x00,0xF8,0xFF,0xFF,0x07,0x00,0x00,0x00,0x00,0xF8,0xFF,0xFF,0x00,0x00,0x00,0x00,0x00,0xF8,0xFF,0x3F,0x00,0x00,0x00,0x00,0x00,0xF8,0xFF,0x07,0x00,0x00,0x00,0x00,0x00,0xF8,0xFF,0x01,0x00,0x00,0x00,0x00,0x00,0xF8,0x3F,0x00,0x00,0x00,0x00,0x00,0x00,0xF8,0x0F,0x00,0x00,0x00,0x00,0x00,0x00,0xF8,0x01,  // 55
  0x00,0x00,0x00,0x00,0x00,0x00,0x00,0x00,0x00,0x00,0x00,0x00,0x00,0x00,0x00,0x00,0x00,0x00,0x00,0x00,0x00,0x00,0x00,0x00,0x00,0x00,0x00,0x00,0xFE,0x01,0x00,0x00,0x00,0x00,0x7F,0x80,0xFF,0x07,0x00,0x00,0x00,0xC0,0xFF,0xC1,0xFF,0x0F,0x00,0x00,0x00,0xE0,0xFF,0xE3,0xFF,0x1F,0x00,0x00,0x00,0xF0,0xFF,0xF7,0xFF,0x3F,0x00,0x00,0x00,0xF0,0xFF,0xFF,0xFF,0x7F,0x00,0x00,0x00,0xF8,0xFF,0xFF,0x83,0x7F,0x00,0x00,0x00,0xF8,0x83,0xFF,0x01,0x7F,0x00,0x00,0x00,0xFC,0x01,0xFF,0x00,0xFE,0x00,0x00,0x00,0xFC,0x00,0x7E,0x00,0xFC,0x00,0x00,0x00,0xFC,0x00,0x7E,0x00,0xFC,0x00,0x00,0x00,0xFC,0x00,0x7E,0x00,0xFC,0x00,0x00,0x00,0xFC,0x00,0x7E,0x00,0xFC,0x00,0x00,0x00,0xFC,0x00,0x7E,0x00,0xFC,0x00,0x00,0x00,0xFC,0x01,0x7E,0x00,0xFC,0x00,0x00,0x00,0xFC,0x01,0xFF,0x00,0xFE,0x00,0x00,0x00,0xF8,0x83,0xFF,0x01,0x7F,0x00,0x00,0x00,0xF8,0xFF,0xFF,0x83,0x7F,0x00,0x00,0x00,0xF0,0xFF,0xFF,0xFF,0x7F,0x00,0x00,0x00,0xF0,0xFF,0xF7,0xFF,0x3F,0x00,0x00,0x00,0xE0,0xFF,0xE3,0xFF,0x1F,0x00,0x00,0x00,0xC0,0xFF,0xC1,0xFF,0x0F,0x00,0x00,0x00,0x00,0x7F,0x80,0xFF,0x07,0x00,0x00,0x00,0x00,0x00,0x00,0xFC,0x01,  // 56
  0x00,0x00,0x00,0x00,0x00,0x00,0x00,0x00,0x00,0x00,0x00,0x00,0x00,0x00,0x00,0x00,0x00,0x00,0x00,0x00,0x00,0x00,0x00,0x00,0x00,0x00,0xFC,0x0F,0x00,0x00,0x00,0x00,0x00,0x00,0xFF,0x3F,0x00,0x00,0x00,0x00,0x00,0xC0,0xFF,0xFF,0x00,0x7F,0x00,0x00,0x00,0xE0,0xFF,0xFF,0x01,0x7E,0x00,0x00,0x00,0xF0,0xFF,0xFF,0x03,0xFE,0x00,0x00,0x00,0xF8,0xFF,0xFF,0x03,0xFE,0x00,0x00,0x00,0xF8,0xFF,0xFF,0x03,0xFC,0x00,0x00,0x00,0xF8,0x07,0xFC,0x07,0xFC,0x00,0x00,0x00,0xFC,0x01,0xF0,0x07,0xFC,0x00,0x00,0x00,0xFC,0x01,0xF0,0x07,0xFC,0x00,0x00,0x00,0xFC,0x00,0xE0,0x07,0xFC,0x00,0x00,0x00,0xFC,0x00,0xE0,0x07,0xFC,0x00,0x00,0x00,0xFC,0x00,0xE0,0x07,0xFE,0x00,0x00,0x00,0xFC,0x00,0xE0,0x03,0xFE,0x00,0x00,0x00,0xFC,0x01,0xF0,0x03,0x7F,0x00,0x00,0x00,0xF8,0x01,0xF0,0xC1,0x7F,0x00,0x00,0x00,0xF8,0x07,0xFC,0xF0,0x3F,0x00,0x00,0x00,0xF8,0xFF,0xFF,0xFF,0x3F,0x00,0x00,0x00,0xF0,0xFF,0xFF,0xFF,0x1F,0x00,0x00,0x00,0xE0,0xFF,0xFF,0xFF,0x0F,0x00,0x00,0x00,0xC0,0xFF,0xFF,0xFF,0x07,0x00,0x00,0x00,0x80,0xFF,0xFF,0xFF,0x01,0x00,0x00,0x00,0x00,0xFC,0xFF,0x7F,0x00,0x00,0x00,0x00,0x00,0xC0,0xFF,0x07,  // 57
  0x00,0x00,0x00,0x00,0x00,0x00,0x00,0x00,0x00,0x00,0x00,0x00,0x00,0x00,0x00,0x00,0x00,0x00,0x00,0x00,0x00,0x00,0x00,0x00,0x00,0x00,0x00,0x00,0x00,0x00,0x00,0x00,0x00,0x00,0x00,0x00,0x00,0x00,0x00,0x00,0x00,0x00,0x00,0x00,0x00,0x00,0x00,0x00,0x00,0x00,0x00,0x00,0x00,0x00,0x00,0x00,0x00,0x00,0x00,0x00,0x00,0x00,0x00,0x00,0x00,0x00,0x00,0x00,0x00,0x00,0x00,0x00,0x00,0x00,0x00,0x00,0x00,0x00,0x00,0x00,0x00,0x00,0x00,0x00,0x00,0x00,0x00,0x00,0x00,0x00,0xE0,0x3F,0xC0,0x7F,0x00,0x00,0x00,0x00,0xE0,0x3F,0xC0,0x7F,0x00,0x00,0x00,0x00,0xE0,0x3F,0xC0,0x7F,0x00,0x00,0x00,0x00,0xE0,0x3F,0xC0,0x7F,0x00,0x00,0x00,0x00,0xE0,0x3F,0xC0,0x7F,0x00,0x00,0x00,0x00,0xE0,0x3F,0xC0,0x7F,0x00,0x00,0x00,0x00,0xE0,0x3F,0xC0,0x7F,0x00,0x00,0x00,0x00,0xE0,0x3F,0xC0,0x7F,  // 58
  0x00,0x00,0x00,0x00,0x00,0x00,0x00,0x00,0x00,0x00,0x00,0x00,0x00,0x00,0x00,0x00,0x00,0x00,0x00,0x00,0x00,0x00,0x00,0x00,0x00,0x00,0x00,0x00,0x00,0x00,0x00,0x00,0x00,0x00,0x00,0x00,0x00,0x00,0x00,0x00,0x00,0x00,0x00,0x00,0x00,0x00,0x00,0x00,0x00,0x00,0x00,0x00,0x00,0x00,0x00,0x00,0x00,0x00,0x00,0x00,0x00,0x00,0x00,0x00,0x00,0x00,0x00,0x00,0x00,0x00,0x00,0x00,0x00,0x00,0x00,0x00,0x00,0x00,0x30,0x00,0x00,0x00,0x00,0x00,0x00,0x80,0x3F,0x00,0x00,0x00,0xE0,0x3F,0xC0,0xFF,0x3F,0x00,0x00,0x00,0xE0,0x3F,0xC0,0xFF,0x3F,0x00,0x00,0x00,0xE0,0x3F,0xC0,0xFF,0x3F,0x00,0x00,0x00,0xE0,0x3F,0xC0,0xFF,0x1F,0x00,0x00,0x00,0xE0,0x3F,0xC0,0xFF,0x07,0x00,0x00,0x00,0xE0,0x3F,0xC0,0xFF,0x01,0x00,0x00,0x00,0xE0,0x3F,0xC0,0x7F,0x00,0x00,0x00,0x00,0xE0,0x3F,0xC0,0x3F,  // 59
  0x00,0x00,0x00,0x00,0x00,0x00,0x00,0x00,0x00,0x00,0x00,0x00,0x00,0x00,0x00,0x00,0x00,0x00,0x00,0xF0,0x03,0x00,0x00,0x00,0x00,0x00,0x00,0xF0,0x07,0x00,0x00,0x00,0x00,0x00,0x00,0xF8,0x07,0x00,0x00,0x00,0x00,0x00,0x00,0xF8,0x07,0x00,0x00,0x00,0x00,0x00,0x00,0xFC,0x0F,0x00,0x00,0x00,0x00,0x00,0x00,0xFC,0x0F,0x00,0x00,0x00,0x00,0x00,0x00,0xFE,0x1F,0x00,0x00,0x00,0x00,0x00,0x00,0xFE,0x1F,0x00,0x00,0x00,0x00,0x00,0x00,0x3E,0x1F,0x00,0x00,0x00,0x00,0x00,0x00,0x3F,0x3F,0x00,0x00,0x00,0x00,0x00,0x00,0x1F,0x3E,0x00,0x00,0x00,0x00,0x00,0x80,0x1F,0x7E,0x00,0x00,0x00,0x00,0x00,0x80,0x1F,0x7E,0x00,0x00,0x00,0x00,0x00,0x80,0x0F,0x7C,0x00,0x00,0x00,0x00,0x00,0xC0,0x0F,0xFC,0x00,0x00,0x00,0x00,0x00,0xC0,0x0F,0xFC,0x00,0x00,0x00,0x00,0x00,0xE0,0x07,0xF8,0x01,0x00,0x00,0x00,0x00,0xE0,0x07,0xF8,0x01,0x00,0x00,0x00,0x00,0xE0,0x07,0xF0,0x01,0x00,0x00,0x00,0x00,0xF0,0x03,0xF0,0x03,0x00,0x00,0x00,0x00,0xF0,0x03,0xF0,0x03,0x00,0x00,0x00,0x00,0xF8,0x01,0xE0,0x07,0x00,0x00,0x00,0x00,0xF8,0x01,0xE0,0x07,0x00,0x00,0x00,0x00,0xF8,0x01,0xE0,0x07,0x00,0x00,0x00,0x00,0xFC,0x00,0xC0,0x0F,  // 60
  0x00,0x00,0x00,0x00,0x00,0x00,0x00,0x00,0x00,0x00,0x00,0x00,0x00,0x00,0x00,0x00,0x00,0x00,0x80,0x1F,0xFC,0x00,0x00,0x00,0x00,0x00,0x80,0x1F,0xFC,0x00,0x00,0x00,0x00,0x00,0x80,0x1F,0xFC,0x00,0x00,0x00,0x00,0x00,0x80,0x1F,0xFC,0x00,0x00,0x00,0x00,0x00,0x80,0x1F,0xFC,0x00,0x00,0x00,0x00,0x00,0x80,0x1F,0xFC,0x00,0x00,0x00,0x00,0x00,0x80,0x1F,0xFC,0x00,0x00,0x00,0x00,0x00,0x80,0x1F,0xFC,0x00,0x00,0x00,0x00,0x00,0x80,0x1F,0xFC,0x00,0x00,0x00,0x00,0x00,0x80,0x1F,0xFC,0x00,0x00,0x00,0x00,0x00,0x80,0x1F,0xFC,0x00,0x00,0x00,0x00,0x00,0x80,0x1F,0xFC,0x00,0x00,0x00,0x00,0x00,0x80,0x1F,0xFC,0x00,0x00,0x00,0x00,0x00,0x80,0x1F,0xFC,0x00,0x00,0x00,0x00,0x00,0x80,0x1F,0xFC,0x00,0x00,0x00,0x00,0x00,0x80,0x1F,0xFC,0x00,0x00,0x00,0x00,0x00,0x80,0x1F,0xFC,0x00,0x00,0x00,0x00,0x00,0x80,0x1F,0xFC,0x00,0x00,0x00,0x00,0x00,0x80,0x1F,0xFC,0x00,0x00,0x00,0x00,0x00,0x80,0x1F,0xFC,0x00,0x00,0x00,0x00,0x00,0x80,0x1F,0xFC,0x00,0x00,0x00,0x00,0x00,0x80,0x1F,0xFC,0x00,0x00,0x00,0x00,0x00,0x80,0x1F,0xFC,0x00,0x00,0x00,0x00,0x00,0x80,0x1F,0xFC,0x00,0x00,0x00,0x00,0x00,0x80,0x1F,0xFC,  // 61
  0x00,0x00,0x00,0x00,0x00,0x00,0x00,0x00,0x00,0x00,0x00,0x00,0x00,0x00,0x00,0x00,0x00,0x00,0xFC,0x00,0xC0,0x0F,0x00,0x00,0x00,0x00,0xF8,0x01,0xE0,0x07,0x00,0x00,0x00,0x00,0xF8,0x01,0xE0,0x07,0x00,0x00,0x00,0x00,0xF8,0x01,0xE0,0x07,0x00,0x00,0x00,0x00,0xF0,0x03,0xF0,0x03,0x00,0x00,0x00,0x00,0xF0,0x03,0xF0,0x03,0x00,0x00,0x00,0x00,0xE0,0x07,0xF0,0x01,0x00,0x00,0x00,0x00,0xE0,0x07,0xF8,0x01,0x00,0x00,0x00,0x00,0xE0,0x07,0xF8,0x01,0x00,0x00,0x00,0x00,0xC0,0x0F,0xFC,0x00,0x00,0x00,0x00,0x00,0xC0,0x0F,0xFC,0x00,0x00,0x00,0x00,0x00,0x80,0x0F,0x7C,0x00,0x00,0x00,0x00,0x00,0x80,0x1F,0x7E,0x00,0x00,0x00,0x00,0x00,0x80,0x1F,0x7E,0x00,0x00,0x00,0x00,0x00,0x00,0x1F,0x3E,0x00,0x00,0x00,0x00,0x00,0x00,0x3F,0x3F,0x00,0x00,0x00,0x00,0x00,0x00,0x3E,0x1F,0x00,0x00,0x00,0x00,0x00,0x00,0x7E,0x1F,0x00,0x00,0x00,0x00,0x00,0x00,0xFE,0x1F,0x00,0x00,0x00,0x00,0x00,0x00,0xFC,0x0F,0x00,0x00,0x00,0x00,0x00,0x00,0xFC,0x0F,0x00,0x00,0x00,0x00,0x00,0x00,0xF8,0x07,0x00,0x00,0x00,0x00,0x00,0x00,0xF8,0x07,0x00,0x00,0x00,0x00,0x00,0x00,0xF0,0x07,0x00,0x00,0x00,0x00,0x00,0x00,0xF0,0x03,  // 62
  0x00,0x00,0x00,0x00,0x00,0x00,0x00,0x00,0x00,0x00,0x00,0x00,0x00,0x00,0x00,0x00,0x00,0x00,0x00,0x00,0x00,0x00,0x00,0x00,0x00,0x00,0x00,0x00,0x00,0x00,0x00,0x00,0x00,0x00,0x00,0x00,0x00,0x00,0x00,0x00,0x00,0x00,0x00,0x00,0x00,0x00,0x00,0x00,0x00,0xE0,0x0F,0x00,0x00,0x00,0x00,0x00,0x00,0xF0,0x07,0x00,0x00,0x00,0x00,0x00,0x00,0xF0,0x03,0x00,0x00,0x00,0x00,0x00,0x00,0xF8,0x01,0x00,0x00,0x00,0x00,0x00,0x00,0xF8,0x01,0x00,0x00,0x00,0x00,0x00,0x00,0xF8,0x01,0xC0,0x1F,0x7F,0x00,0x00,0x00,0xFC,0x00,0xF0,0x1F,0x7F,0x00,0x00,0x00,0xFC,0x00,0xF8,0x1F,0x7F,0x00,0x00,0x00,0xFC,0x00,0xFC,0x1F,0x7F,0x00,0x00,0x00,0xFC,0x00,0xFE,0x1F,0x7F,0x00,0x00,0x00,0xFC,0x00,0xFE,0x1F,0x7F,0x00,0x00,0x00,0xFC,0x81,0xFF,0x1F,0x7F,0x00,0x00,0x00,0xFC,0xC3,0x3F,0x00,0x00,0x00,0x00,0x00,0xFC,0xFF,0x1F,0x00,0x00,0x00,0x00,0x00,0xF8,0xFF,0x0F,0x00,0x00,0x00,0x00,0x00,0xF8,0xFF,0x07,0x00,0x00,0x00,0x00,0x00,0xF0,0xFF,0x03,0x00,0x00,0x00,0x00,0x00,0xE0,0xFF,0x01,0x00,0x00,0x00,0x00,0x00,0xC0,0x7F,0x00,0x00,0x00,0x00,0x00,0x00,0x00,0x3F,  // 63
  0x00,0x00,0x00,0xF0,0xFF,0x00,0x00,0x00,0x00,0x00,0x00,0xFF,0xFF,0x07,0x00,0x00,0x00,0x00,0xC0,0xFF,0xFF,0x3F,0x00,0x00,0x00,0x00,0xF0,0xFF,0xFF,0x7F,0x00,0x00,0x00,0x00,0xF8,0xFF,0xFF,0xFF,0x01,0x00,0x00,0x00,0xFC,0x1F,0x80,0xFF,0x03,0x00,0x00,0x00,0xFE,0x01,0x00,0xFC,0x07,0x00,0x00,0x00,0x7F,0x00,0x00,0xF0,0x0F,0x00,0x00,0x80,0x3F,0x00,0x00,0xE0,0x0F,0x00,0x00,0x80,0x1F,0xC0,0x3F,0x80,0x1F,0x00,0x00,0xC0,0x0F,0xF0,0xFF,0x80,0x1F,0x00,0x00,0xC0,0x07,0xF8,0xFF,0x01,0x3F,0x00,0x00,0xE0,0x07,0xFC,0xFF,0x03,0x3E,0x00,0x00,0xE0,0x03,0xFE,0xFF,0x07,0x3E,0x00,0x00,0xE0,0x03,0x7E,0xE0,0x07,0x7E,0x00,0x00,0xE0,0x03,0x3F,0xC0,0x0F,0x7C,0x00,0x00,0xE0,0x03,0x1F,0x80,0x0F,0x7C,0x00,0x00,0xE0,0x03,0x1F,0x80,0x0F,0x7C,0x00,0x00,0xE0,0x03,0x1F,0x80,0x0F,0x7C,0x00,0x00,0xE0,0x07,0x1F,0x80,0x0F,0x7C,0x00,0x00,0xC0,0x07,0x1F,0x80,0x0F,0x7C,0x00,0x00,0xC0,0x0F,0x3E,0xC0,0x07,0x7C,0x00,0x00,0xC0,0x3F,0x7C,0xE0,0x03,0x7E,0x00,0x00,0x80,0xFF,0xFF,0xFF,0x0F,0x3E,0x00,0x00,0x00,0xFF,0xFF,0xFF,0x0F,0x3F,0x00,0x00,0x00,0xFE,0xFF,0xFF,0x0F,0x3F,0x00,0x00,0x00,0xF8,0xFF,0xFF,0x0F,0x1C,0x00,0x00,0x00,0xC0,0xFF,0xFF,0x0F,  // 64
  0x00,0x00,0x00,0x00,0x00,0x00,0x00,0x00,0x00,0x00,0x00,0x00,0x00,0x60,0x00,0x00,0x00,0x00,0x00,0x00,0x00,0x7E,0x00,0x00,0x00,0x00,0x00,0x00,0xC0,0x7F,0x00,0x00,0x00,0x00,0x00,0x00,0xFC,0x7F,0x00,0x00,0x00,0x00,0x00,0xC0,0xFF,0x7F,0x00,0x00,0x00,0x00,0x00,0xFC,0xFF,0x7F,0x00,0x00,0x00,0x00,0x80,0xFF,0xFF,0x7F,0x00,0x00,0x00,0x00,0xF8,0xFF,0xFF,0x1F,0x00,0x00,0x00,0x80,0xFF,0xFF,0xFF,0x01,0x00,0x00,0x00,0xF0,0xFF,0xFF,0x3F,0x00,0x00,0x00,0x00,0xF8,0xFF,0xFF,0x3F,0x00,0x00,0x00,0x00,0xF8,0xFF,0x0F,0x3F,0x00,0x00,0x00,0x00,0xF8,0xFF,0x00,0x3F,0x00,0x00,0x00,0x00,0xF8,0x0F,0x00,0x3F,0x00,0x00,0x00,0x00,0xF8,0x0F,0x00,0x3F,0x00,0x00,0x00,0x00,0xF8,0xFF,0x00,0x3F,0x00,0x00,0x00,0x00,0xF8,0xFF,0x0F,0x3F,0x00,0x00,0x00,0x00,0xF8,0xFF,0xFF,0x3F,0x00,0x00,0x00,0x00,0xF0,0xFF,0xFF,0x3F,0x00,0x00,0x00,0x00,0x80,0xFF,0xFF,0xFF,0x01,0x00,0x00,0x00,0x00,0xF8,0xFF,0xFF,0x1F,0x00,0x00,0x00,0x00,0x80,0xFF,0xFF,0x7F,0x00,0x00,0x00,0x00,0x00,0xF8,0xFF,0x7F,0x00,0x00,0x00,0x00,0x00,0xC0,0xFF,0x7F,0x00,0x00,0x00,0x00,0x00,0x00,0xFC,0x7F,0x00,0x00,0x00,0x00,0x00,0x00,0xC0,0x7F,0x00,0x00,0x00,0x00,0x00,0x00,0x00,0x7E,0x00,0x00,0x00,0x00,0x00,0x00,0x00,0x60,  // 65
  0x00,0x00,0x00,0x00,0x00,0x00,0x00,0x00,0x00,0x00,0x00,0x00,0x00,0x00,0x00,0x00,0x00,0x00,0x00,0x00,0x00,0x00,0x00,0x00,0x00,0xF8,0xFF,0xFF,0xFF,0x7F,0x00,0x00,0x00,0xF8,0xFF,0xFF,0xFF,0x7F,0x00,0x00,0x00,0xF8,0xFF,0xFF,0xFF,0x7F,0x00,0x00,0x00,0xF8,0xFF,0xFF,0xFF,0x7F,0x00,0x00,0x00,0xF8,0xFF,0xFF,0xFF,0x7F,0x00,0x00,0x00,0xF8,0xFF,0xFF,0xFF,0x7F,0x00,0x00,0x00,0xF8,0xFF,0xFF,0xFF,0x7F,0x00,0x00,0x00,0xF8,0x01,0x3F,0x00,0x7E,0x00,0x00,0x00,0xF8,0x01,0x3F,0x00,0x7E,0x00,0x00,0x00,0xF8,0x01,0x3F,0x00,0x7E,0x00,0x00,0x00,0xF8,0x01,0x3F,0x00,0x7E,0x00,0x00,0x00,0xF8,0x01,0x3F,0x00,0x7E,0x00,0x00,0x00,0xF8,0x01,0x3F,0x00,0x7E,0x00,0x00,0x00,0xF8,0x01,0x3F,0x00,0x7E,0x00,0x00,0x00,0xF8,0x01,0x3F,0x00,0x7E,0x00,0x00,0x00,0xF8,0x01,0x3F,0x00,0x7E,0x00,0x00,0x00,0xF8,0x83,0x7F,0x00,0x7F,0x00,0x00,0x00,0xF8,0xC7,0x7F,0x00,0x7F,0x00,0x00,0x00,0xF0,0xFF,0xFF,0xC1,0x3F,0x00,0x00,0x00,0xF0,0xFF,0xFF,0xFF,0x3F,0x00,0x00,0x00,0xF0,0xFF,0xFB,0xFF,0x3F,0x00,0x00,0x00,0xE0,0xFF,0xF3,0xFF,0x1F,0x00,0x00,0x00,0xC0,0xFF,0xF1,0xFF,0x1F,0x00,0x00,0x00,0x80,0xFF,0xE0,0xFF,0x0F,0x00,0x00,0x00,0x00,0x7E,0xC0,0xFF,0x07,0x00,0x00,0x00,0x00,0x00,0x00,0xFE,  // 66
  0x00,0x00,0x00,0x00,0x00,0x00,0x00,0x00,0x00,0x00,0x00,0x00,0x00,0x00,0x00,0x00,0x00,0x00,0x00,0x00,0x00,0x00,0x00,0x00,0x00,0x00,0x00,0x00,0x00,0x00,0x00,0x00,0x00,0x00,0x80,0xFF,0x07,0x00,0x00,0x00,0x00,0x00,0xF8,0xFF,0x7F,0x00,0x00,0x00,0x00,0x00,0xFE,0xFF,0xFF,0x01,0x00,0x00,0x00,0x80,0xFF,0xFF,0xFF,0x07,0x00,0x00,0x00,0xC0,0xFF,0xFF,0xFF,0x0F,0x00,0x00,0x00,0xE0,0xFF,0xFF,0xFF,0x1F,0x00,0x00,0x00,0xF0,0xFF,0xFF,0xFF,0x3F,0x00,0x00,0x00,0xF0,0xFF,0x00,0xF8,0x3F,0x00,0x00,0x00,0xF8,0x0F,0x00,0xC0,0x7F,0x00,0x00,0x00,0xF8,0x07,0x00,0x80,0x7F,0x00,0x00,0x00,0xF8,0x03,0x00,0x00,0x7F,0x00,0x00,0x00,0xFC,0x01,0x00,0x00,0xFE,0x00,0x00,0x00,0xFC,0x00,0x00,0x00,0xFE,0x00,0x00,0x00,0xFC,0x00,0x00,0x00,0xFC,0x00,0x00,0x00,0xFC,0x00,0x00,0x00,0xFC,0x00,0x00,0x00,0xFC,0x00,0x00,0x00,0xFC,0x00,0x00,0x00,0xFC,0x00,0x00,0x00,0xFC,0x00,0x00,0x00,0xFC,0x00,0x00,0x00,0xFC,0x00,0x00,0x00,0xFC,0x01,0x00,0x00,0xFE,0x00,0x00,0x00,0xF8,0x01,0x00,0x00,0x7E,0x00,0x00,0x00,0xF8,0x03,0x00,0x00,0x7F,0x00,0x00,0x00,0xF8,0x07,0x00,0x80,0x7F,0x00,0x00,0x00,0xF0,0x0F,0x00,0x80,0x3F,  // 67
  0x00,0x00,0x00,0x00,0x00,0x00,0x00,0x00,0x00,0x00,0x00,0x00,0x00,0x00,0x00,0x00,0x00,0x00,0x00,0x00,0x00,0x00,0x00,0x00,0x00,0xF8,0xFF,0xFF,0xFF,0x7F,0x00,0x00,0x00,0xF8,0xFF,0xFF,0xFF,0x7F,0x00,0x00,0x00,0xF8,0xFF,0xFF,0xFF,0x7F,0x00,0x00,0x00,0xF8,0xFF,0xFF,0xFF,0x7F,0x00,0x00,0x00,0xF8,0xFF,0xFF,0xFF,0x7F,0x00,0x00,0x00,0xF8,0xFF,0xFF,0xFF,0x7F,0x00,0x00,0x00,0xF8,0xFF,0xFF,0xFF,0x7F,0x00,0x00,0x00,0xF8,0x01,0x00,0x00,0x7E,0x00,0x00,0x00,0xF8,0x01,0x00,0x00,0x7E,0x00,0x00,0x00,0xF8,0x01,0x00,0x00,0x7E,0x00,0x00,0x00,0xF8,0x01,0x00,0x00,0x7E,0x00,0x00,0x00,0xF8,0x01,0x00,0x00,0x7E,0x00,0x00,0x00,0xF8,0x01,0x00,0x00,0x7E,0x00,0x00,0x00,0xF8,0x03,0x00,0x00,0x7F,0x00,0x00,0x00,0xF0,0x03,0x00,0x00,0x3F,0x00,0x00,0x00,0xF0,0x07,0x00,0x80,0x3F,0x00,0x00,0x00,0xF0,0x07,0x00,0x80,0x3F,0x00,0x00,0x00,0xE0,0x1F,0x00,0xE0,0x1F,0x00,0x00,0x00,0xE0,0xFF,0x00,0xFC,0x1F,0x00,0x00,0x00,0xC0,0xFF,0xFF,0xFF,0x0F,0x00,0x00,0x00,0xC0,0xFF,0xFF,0xFF,0x0F,0x00,0x00,0x00,0x80,0xFF,0xFF,0xFF,0x07,0x00,0x00,0x00,0x00,0xFF,0xFF,0xFF,0x03,0x00,0x00,0x00,0x00,0xFC,0xFF,0xFF,0x00,0x00,0x00,0x00,0x00,0xF0,0xFF,0x3F,0x00,0x00,0x00,0x00,0x00,0x80,0xFF,0x07,  // 68
  0x00,0x00,0x00,0x00,0x00,0x00,0x00,0x00,0x00,0x00,0x00,0x00,0x00,0x00,0x00,0x00,0x00,0x00,0x00,0x00,0x00,0x00,0x00,0x00,0x00,0x00,0x00,0x00,0x00,0x00,0x00,0x00,0x00,0xF8,0xFF,0xFF,0xFF,0x7F,0x00,0x00,0x00,0xF8,0xFF,0xFF,0xFF,0x7F,0x00,0x00,0x00,0xF8,0xFF,0xFF,0xFF,0x7F,0x00,0x00,0x00,0xF8,0xFF,0xFF,0xFF,0x7F,0x00,0x00,0x00,0xF8,0xFF,0xFF,0xFF,0x7F,0x00,0x00,0x00,0xF8,0xFF,0xFF,0xFF,0x7F,0x00,0x00,0x00,0xF8,0xFF,0xFF,0xFF,0x7F,0x00,0x00,0x00,0xF8,0x01,0x3F,0x00,0x7E,0x00,0x00,0x00,0xF8,0x01,0x3F,0x00,0x7E,0x00,0x00,0x00,0xF8,0x01,0x3F,0x00,0x7E,0x00,0x00,0x00,0xF8,0x01,0x3F,0x00,0x7E,0x00,0x00,0x00,0xF8,0x01,0x3F,0x00,0x7E,0x00,0x00,0x00,0xF8,0x01,0x3F,0x00,0x7E,0x00,0x00,0x00,0xF8,0x01,0x3F,0x00,0x7E,0x00,0x00,0x00,0xF8,0x01,0x3F,0x00,0x7E,0x00,0x00,0x00,0xF8,0x01,0x3F,0x00,0x7E,0x00,0x00,0x00,0xF8,0x01,0x3F,0x00,0x7E,0x00,0x00,0x00,0xF8,0x01,0x3F,0x00,0x7E,0x00,0x00,0x00,0xF8,0x01,0x3F,0x00,0x7E,0x00,0x00,0x00,0xF8,0x01,0x3F,0x00,0x7E,0x00,0x00,0x00,0xF8,0x01,0x3F,0x00,0x7E,0x00,0x00,0x00,0xF8,0x01,0x3F,0x00,0x7E,0x00,0x00,0x00,0xF8,0x01,0x00,0x00,0x7E,  // 69
  0x00,0x00,0x00,0x00,0x00,0x00,0x00,0x00,0x00,0x00,0x00,0x00,0x00,0x00,0x00,0x00,0x00,0x00,0x00,0x00,0x00,0x00,0x00,0x00,0x00,0x00,0x00,0x00,0x00,0x00,0x00,0x00,0x00,0xF8,0xFF,0xFF,0xFF,0x7F,0x00,0x00,0x00,0xF8,0xFF,0xFF,0xFF,0x7F,0x00,0x00,0x00,0xF8,0xFF,0xFF,0xFF,0x7F,0x00,0x00,0x00,0xF8,0xFF,0xFF,0xFF,0x7F,0x00,0x00,0x00,0xF8,0xFF,0xFF,0xFF,0x7F,0x00,0x00,0x00,0xF8,0xFF,0xFF,0xFF,0x7F,0x00,0x00,0x00,0xF8,0xFF,0xFF,0xFF,0x7F,0x00,0x00,0x00,0xF8,0x01,0x3F,0x00,0x00,0x00,0x00,0x00,0xF8,0x01,0x3F,0x00,0x00,0x00,0x00,0x00,0xF8,0x01,0x3F,0x00,0x00,0x00,0x00,0x00,0xF8,0x01,0x3F,0x00,0x00,0x00,0x00,0x00,0xF8,0x01,0x3F,0x00,0x00,0x00,0x00,0x00,0xF8,0x01,0x3F,0x00,0x00,0x00,0x00,0x00,0xF8,0x01,0x3F,0x00,0x00,0x00,0x00,0x00,0xF8,0x01,0x3F,0x00,0x00,0x00,0x00,0x00,0xF8,0x01,0x3F,0x00,0x00,0x00,0x00,0x00,0xF8,0x01,0x3F,0x00,0x00,0x00,0x00,0x00,0xF8,0x01,0x3F,0x00,0x00,0x00,0x00,0x00,0xF8,0x01,0x3F,0x00,0x00,0x00,0x00,0x00,0xF8,0x01,0x3F,0x00,0x00,0x00,0x00,0x00,0xF8,0x01,0x3F,0x00,0x00,0x00,0x00,0x00,0xF8,0x01,0x3F,0x00,0x00,0x00,0x00,0x00,0xF8,0x01,  // 70
  0x00,0x00,0x00,0x00,0x00,0x00,0x00,0x00,0x00,0x00,0x00,0x00,0x00,0x00,0x00,0x00,0x00,0x00,0x00,0x00,0x00,0x00,0x00,0x00,0x00,0x00,0x80,0xFF,0x07,0x00,0x00,0x00,0x00,0x00,0xF8,0xFF,0x7F,0x00,0x00,0x00,0x00,0x00,0xFE,0xFF,0xFF,0x01,0x00,0x00,0x00,0x00,0xFF,0xFF,0xFF,0x03,0x00,0x00,0x00,0xC0,0xFF,0xFF,0xFF,0x0F,0x00,0x00,0x00,0xC0,0xFF,0xFF,0xFF,0x1F,0x00,0x00,0x00,0xE0,0xFF,0xFF,0xFF,0x1F,0x00,0x00,0x00,0xF0,0xFF,0x00,0xFC,0x3F,0x00,0x00,0x00,0xF0,0x1F,0x00,0xE0,0x7F,0x00,0x00,0x00,0xF8,0x07,0x00,0x80,0x7F,0x00,0x00,0x00,0xF8,0x03,0x00,0x00,0x7F,0x00,0x00,0x00,0xF8,0x01,0x00,0x00,0xFE,0x00,0x00,0x00,0xFC,0x01,0x00,0x00,0xFE,0x00,0x00,0x00,0xFC,0x00,0x00,0x00,0xFC,0x00,0x00,0x00,0xFC,0x00,0x00,0x00,0xFC,0x00,0x00,0x00,0xFC,0x00,0xF0,0x03,0xFC,0x00,0x00,0x00,0xFC,0x00,0xF0,0x03,0xFC,0x00,0x00,0x00,0xFC,0x00,0xF0,0x03,0xFC,0x00,0x00,0x00,0xFC,0x00,0xF0,0x03,0xFC,0x00,0x00,0x00,0xFC,0x00,0xF0,0x03,0xFE,0x00,0x00,0x00,0xFC,0x01,0xF0,0xFF,0x7F,0x00,0x00,0x00,0xF8,0x01,0xF0,0xFF,0x7F,0x00,0x00,0x00,0xF8,0x03,0xF0,0xFF,0x7F,0x00,0x00,0x00,0xF8,0x07,0xF0,0xFF,0x3F,0x00,0x00,0x00,0xF0,0x07,0xF0,0xFF,0x3F,0x00,0x00,0x00,0x00,0x00,0xF0,0xFF,0x1F,  // 71
  0x00,0x00,0x00,0x00,0x00,0x00,0x00,0x00,0x00,0x00,0x00,0x00,0x00,0x00,0x00,0x00,0x00,0x00,0x00,0x00,0x00,0x00,0x00,0x00,0x00,0xF8,0xFF,0xFF,0xFF,0x7F,0x00,0x00,0x00,0xF8,0xFF,0xFF,0xFF,0x7F,0x00,0x00,0x00,0xF8,0xFF,0xFF,0xFF,0x7F,0x00,0x00,0x00,0xF8,0xFF,0xFF,0xFF,0x7F,0x00,0x00,0x00,0xF8,0xFF,0xFF,0xFF,0x7F,0x00,0x00,0x00,0xF8,0xFF,0xFF,0xFF,0x7F,0x00,0x00,0x00,0xF8,0xFF,0xFF,0xFF,0x7F,0x00,0x00,0x00,0x00,0x00,0x3F,0x00,0x00,0x00,0x00,0x00,0x00,0x00,0x3F,0x00,0x00,0x00,0x00,0x00,0x00,0x00,0x3F,0x00,0x00,0x00,0x00,0x00,0x00,0x00,0x3F,0x00,0x00,0x00,0x00,0x00,0x00,0x00,0x3F,0x00,0x00,0x00,0x00,0x00,0x00,0x00,0x3F,0x00,0x00,0x00,0x00,0x00,0x00,0x00,0x3F,0x00,0x00,0x00,0x00,0x00,0x00,0x00,0x3F,0x00,0x00,0x00,0x00,0x00,0x00,0x00,0x3F,0x00,0x00,0x00,0x00,0x00,0xF8,0xFF,0xFF,0xFF,0x7F,0x00,0x00,0x00,0xF8,0xFF,0xFF,0xFF,0x7F,0x00,0x00,0x00,0xF8,0xFF,0xFF,0xFF,0x7F,0x00,0x00,0x00,0xF8,0xFF,0xFF,0xFF,0x7F,0x00,0x00,0x00,0xF8,0xFF,0xFF,0xFF,0x7F,0x00,0x00,0x00,0xF8,0xFF,0xFF,0xFF,0x7F,0x00,0x00,0x00,0xF8,0xFF,0xFF,0xFF,0x7F,  // 72
  0x00,0x00,0x00,0x00,0x00,0x00,0x00,0x00,0x00,0x00,0x00,0x00,0x00,0x00,0x00,0x00,0x00,0x00,0x00,0x00,0x00,0x00,0x00,0x00,0x00,0x00,0x00,0x00,0x00,0x00,0x00,0x00,0x00,0xF8,0x01,0x00,0x00,0x7E,0x00,0x00,0x00,0xF8,0x01,0x00,0x00,0x7E,0x00,0x00,0x00,0xF8,0x01,0x00,0x00,0x7E,0x00,0x00,0x00,0xF8,0x01,0x00,0x00,0x7E,0x00,0x00,0x00,0xF8,0x01,0x00,0x00,0x7E,0x00,0x00,0x00,0xF8,0x01,0x00,0x00,0x7E,0x00,0x00,0x00,0xF8,0x01,0x00,0x00,0x7E,0x00,0x00,0x00,0xF8,0xFF,0xFF,0xFF,0x7F,0x00,0x00,0x00,0xF8,0xFF,0xFF,0xFF,0x7F,0x00,0x00,0x00,0xF8,0xFF,0xFF,0xFF,0x7F,0x00,0x00,0x00,0xF8,0xFF,0xFF,0xFF,0x7F,0x00,0x00,0x00,0xF8,0xFF,0xFF,0xFF,0x7F,0x00,0x00,0x00,0xF8,0xFF,0xFF,0xFF,0x7F,0x00,0x00,0x00,0xF8,0xFF,0xFF,0xFF,0x7F,0x00,0x00,0x00,0xF8,0x01,0x00,0x00,0x7E,0x00,0x00,0x00,0xF8,0x01,0x00,0x00,0x7E,0x00,0x00,0x00,0xF8,0x01,0x00,0x00,0x7E,0x00,0x00,0x00,0xF8,0x01,0x00,0x00,0x7E,0x00,0x00,0x00,0xF8,0x01,0x00,0x00,0x7E,0x00,0x00,0x00,0xF8,0x01,0x00,0x00,0x7E,0x00,0x00,0x00,0xF8,0x01,0x00,0x00,0x7E,  // 73
  0x00,0x00,0x00,0x00,0x00,0x00,0x00,0x00,0x00,0x00,0x00,0x00,0x00,0x00,0x00,0x00,0x00,0x00,0x00,0x00,0x00,0x00,0x00,0x00,0x00,0x00,0x00,0x00,0xC0,0x1F,0x00,0x00,0x00,0x00,0x00,0x00,0x80,0x3F,0x00,0x00,0x00,0x00,0x00,0x00,0x80,0x3F,0x00,0x00,0x00,0x00,0x00,0x00,0x00,0x7F,0x00,0x00,0x00,0x00,0x00,0x00,0x00,0x7E,0x00,0x00,0x00,0x00,0x00,0x00,0x00,0x7E,0x00,0x00,0x00,0xF8,0x01,0x00,0x00,0xFC,0x00,0x00,0x00,0xF8,0x01,0x00,0x00,0xFC,0x00,0x00,0x00,0xF8,0x01,0x00,0x00,0xFC,0x00,0x00,0x00,0xF8,0x01,0x00,0x00,0xFC,0x00,0x00,0x00,0xF8,0x01,0x00,0x00,0xFC,0x00,0x00,0x00,0xF8,0x01,0x00,0x00,0xFC,0x00,0x00,0x00,0xF8,0x01,0x00,0x00,0xFE,0x00,0x00,0x00,0xF8,0x01,0x00,0x00,0xFE,0x00,0x00,0x00,0xF8,0x01,0x00,0x80,0xFF,0x00,0x00,0x00,0xF8,0xFF,0xFF,0xFF,0x7F,0x00,0x00,0x00,0xF8,0xFF,0xFF,0xFF,0x7F,0x00,0x00,0x00,0xF8,0xFF,0xFF,0xFF,0x3F,0x00,0x00,0x00,0xF8,0xFF,0xFF,0xFF,0x3F,0x00,0x00,0x00,0xF8,0xFF,0xFF,0xFF,0x1F,0x00,0x00,0x00,0xF8,0xFF,0xFF,0xFF,0x07,0x00,0x00,0x00,0xF8,0xFF,0xFF,0xFF,  // 74
  0x00,0x00,0x00,0x00,0x00,0x00,0x00,0x00,0x00,0x00,0x00,0x00,0x00,0x00,0x00,0x00,0x00,0x00,0x00,0x00,0x00,0x00,0x00,0x00,0x00,0xF8,0xFF,0xFF,0xFF,0x7F,0x00,0x00,0x00,0xF8,0xFF,0xFF,0xFF,0x7F,0x00,0x00,0x00,0xF8,0xFF,0xFF,0xFF,0x7F,0x00,0x00,0x00,0xF8,0xFF,0xFF,0xFF,0x7F,0x00,0x00,0x00,0xF8,0xFF,0xFF,0xFF,0x7F,0x00,0x00,0x00,0xF8,0xFF,0xFF,0xFF,0x7F,0x00,0x00,0x00,0xF8,0xFF,0xFF,0xFF,0x7F,0x00,0x00,0x00,0x00,0x00,0xFE,0x03,0x00,0x00,0x00,0x00,0x00,0x80,0xFF,0x01,0x00,0x00,0x00,0x00,0x00,0xC0,0xFF,0x00,0x00,0x00,0x00,0x00,0x00,0xE0,0x7F,0x00,0x00,0x00,0x00,0x00,0x00,0xF0,0xFF,0x01,0x00,0x00,0x00,0x00,0x00,0xFC,0xFF,0x07,0x00,0x00,0x00,0x00,0x00,0xFE,0xFF,0x1F,0x00,0x00,0x00,0x00,0x00,0xFF,0xFF,0x7F,0x00,0x00,0x00,0x00,0xC0,0xFF,0xFC,0xFF,0x01,0x00,0x00,0x00,0xE0,0x7F,0xF0,0xFF,0x07,0x00,0x00,0x00,0xF0,0x3F,0xC0,0xFF,0x0F,0x00,0x00,0x00,0xF8,0x1F,0x00,0xFF,0x3F,0x00,0x00,0x00,0xF8,0x0F,0x00,0xFC,0x7F,0x00,0x00,0x00,0xF8,0x03,0x00,0xF8,0x7F,0x00,0x00,0x00,0xF8,0x01,0x00,0xE0,0x7F,0x00,0x00,0x00,0xF8,0x00,0x00,0x80,0x7F,0x00,0x00,0x00,0x78,0x00,0x00,0x00,0x7E,0x00,0x00,0x00,0x18,0x00,0x00,0x00,0x78,0x00,0x00,0x00,0x08,0x00,0x00,0x00,0x60,0x00,0x00,0x00,0x00,0x00,0x00,0x00,0x40,  // 75
  0x00,0x00,0x00,0x00,0x00,0x00,0x00,0x00,0x00,0x00,0x00,0x00,0x00,0x00,0x00,0x00,0x00,0x00,0x00,0x00,0x00,0x00,0x00,0x00,0x00,0x00,0x00,0x00,0x00,0x00,0x00,0x00,0x00,0x00,0x00,0x00,0x00,0x00,0x00,0x00,0x00,0x00,0x00,0x00,0x00,0x00,0x00,0x00,0x00,0xF8,0xFF,0xFF,0xFF,0x7F,0x00,0x00,0x00,0xF8,0xFF,0xFF,0xFF,0x7F,0x00,0x00,0x00,0xF8,0xFF,0xFF,0xFF,0x7F,0x00,0x00,0x00,0xF8,0xFF,0xFF,0xFF,0x7F,0x00,0x00,0x00,0xF8,0xFF,0xFF,0xFF,0x7F,0x00,0x00,0x00,0xF8,0xFF,0xFF,0xFF,0x7F,0x00,0x00,0x00,0xF8,0xFF,0xFF,0xFF,0x7F,0x00,0x00,0x00,0x00,0x00,0x00,0x00,0x7E,0x00,0x00,0x00,0x00,0x00,0x00,0x00,0x7E,0x00,0x00,0x00,0x00,0x00,0x00,0x00,0x7E,0x00,0x00,0x00,0x00,0x00,0x00,0x00,0x7E,0x00,0x00,0x00,0x00,0x00,0x00,0x00,0x7E,0x00,0x00,0x00,0x00,0x00,0x00,0x00,0x7E,0x00,0x00,0x00,0x00,0x00,0x00,0x00,0x7E,0x00,0x00,0x00,0x00,0x00,0x00,0x00,0x7E,0x00,0x00,0x00,0x00,0x00,0x00,0x00,0x7E,0x00,0x00,0x00,0x00,0x00,0x00,0x00,0x7E,0x00,0x00,0x00,0x00,0x00,0x00,0x00,0x7E,0x00,0x00,0x00,0x00,0x00,0x00,0x00,0x7E,0x00,0x00,0x00,0x00,0x00,0x00,0x00,0x7E,0x00,0x00,0x00,0x00,0x00,0x00,0x00,0x7E,0x00,0x00,0x00,0x00,0x00,0x00,0x00,0x7E,0x00,0x00,0x00,0x00,0x00,0x00,0x00,0x7E,  // 76
  0x00,0x00,0x00,0x00,0x00,0x00,0x00,0x00,0x00,0x00,0x00,0x00,0x00,0x00,0x00,0x00,0x00,0xF8,0xFF,0xFF,0xFF,0x7F,0x00,0x00,0x00,0xF8,0xFF,0xFF,0xFF,0x7F,0x00,0x00,0x00,0xF8,0xFF,0xFF,0xFF,0x7F,0x00,0x00,0x00,0xF8,0xFF,0xFF,0xFF,0x7F,0x00,0x00,0x00,0xF8,0xFF,0xFF,0xFF,0x7F,0x00,0x00,0x00,0xF8,0xFF,0xFF,0xFF,0x7F,0x00,0x00,0x00,0xF8,0x0F,0x00,0x00,0x00,0x00,0x00,0x00,0xF8,0xFF,0x00,0x00,0x00,0x00,0x00,0x00,0xF8,0xFF,0x0F,0x00,0x00,0x00,0x00,0x00,0x80,0xFF,0xFF,0x00,0x00,0x00,0x00,0x00,0x00,0xFC,0xFF,0x03,0x00,0x00,0x00,0x00,0x00,0xC0,0xFF,0x03,0x00,0x00,0x00,0x00,0x00,0x00,0xFE,0x03,0x00,0x00,0x00,0x00,0x00,0x00,0xFE,0x03,0x00,0x00,0x00,0x00,0x00,0xE0,0xFF,0x03,0x00,0x00,0x00,0x00,0x00,0xFC,0xFF,0x03,0x00,0x00,0x00,0x00,0xC0,0xFF,0xFF,0x00,0x00,0x00,0x00,0x00,0xF8,0xFF,0x0F,0x00,0x00,0x00,0x00,0x00,0xF8,0xFF,0x00,0x00,0x00,0x00,0x00,0x00,0xF8,0x0F,0x00,0x00,0x00,0x00,0x00,0x00,0xF8,0xFF,0xFF,0xFF,0x7F,0x00,0x00,0x00,0xF8,0xFF,0xFF,0xFF,0x7F,0x00,0x00,0x00,0xF8,0xFF,0xFF,0xFF,0x7F,0x00,0x00,0x00,0xF8,0xFF,0xFF,0xFF,0x7F,0x00,0x00,0x00,0xF8,0xFF,0xFF,0xFF,0x7F,0x00,0x00,0x00,0xF8,0xFF,0xFF,0xFF,0x7F,  // 77
  0x00,0x00,0x00,0x00,0x00,0x00,0x00,0x00,0x00,0x00,0x00,0x00,0x00,0x00,0x00,0x00,0x00,0x00,0x00,0x00,0x00,0x00,0x00,0x00,0x00,0xF8,0xFF,0xFF,0xFF,0x7F,0x00,0x00,0x00,0xF8,0xFF,0xFF,0xFF,0x7F,0x00,0x00,0x00,0xF8,0xFF,0xFF,0xFF,0x7F,0x00,0x00,0x00,0xF8,0xFF,0xFF,0xFF,0x7F,0x00,0x00,0x00,0xF8,0xFF,0xFF,0xFF,0x7F,0x00,0x00,0x00,0xF8,0xFF,0xFF,0xFF,0x7F,0x00,0x00,0x00,0xF8,0x3F,0x00,0x00,0x00,0x00,0x00,0x00,0xF8,0xFF,0x01,0x00,0x00,0x00,0x00,0x00,0xC0,0xFF,0x07,0x00,0x00,0x00,0x00,0x00,0x00,0xFF,0x1F,0x00,0x00,0x00,0x00,0x00,0x00,0xF8,0xFF,0x00,0x00,0x00,0x00,0x00,0x00,0xE0,0xFF,0x03,0x00,0x00,0x00,0x00,0x00,0x80,0xFF,0x1F,0x00,0x00,0x00,0x00,0x00,0x00,0xFC,0x7F,0x00,0x00,0x00,0x00,0x00,0x00,0xF0,0xFF,0x03,0x00,0x00,0x00,0x00,0x00,0x80,0xFF,0x0F,0x00,0x00,0x00,0x00,0x00,0x00,0xFE,0x7F,0x00,0x00,0x00,0x00,0x00,0x00,0xF0,0x7F,0x00,0x00,0x00,0xF8,0xFF,0xFF,0xFF,0x7F,0x00,0x00,0x00,0xF8,0xFF,0xFF,0xFF,0x7F,0x00,0x00,0x00,0xF8,0xFF,0xFF,0xFF,0x7F,0x00,0x00,0x00,0xF8,0xFF,0xFF,0xFF,0x7F,0x00,0x00,0x00,0xF8,0xFF,0xFF,0xFF,0x7F,0x00,0x00,0x00,0xF8,0xFF,0xFF,0xFF,0x7F,  // 78
  0x00,0x00,0x00,0x00,0x00,0x00,0x00,0x00,0x00,0x00,0x00,0x00,0x00,0x00,0x00,0x00,0x00,0x00,0xC0,0xFF,0x0F,0x00,0x00,0x00,0x00,0x00,0xFC,0xFF,0xFF,0x00,0x00,0x00,0x00,0x00,0xFF,0xFF,0xFF,0x03,0x00,0x00,0x00,0xC0,0xFF,0xFF,0xFF,0x0F,0x00,0x00,0x00,0xE0,0xFF,0xFF,0xFF,0x1F,0x00,0x00,0x00,0xF0,0xFF,0xFF,0xFF,0x3F,0x00,0x00,0x00,0xF0,0xFF,0xFF,0xFF,0x3F,0x00,0x00,0x00,0xF8,0x3F,0x00,0xF0,0x7F,0x00,0x00,0x00,0xF8,0x07,0x00,0x80,0x7F,0x00,0x00,0x00,0xFC,0x03,0x00,0x00,0xFE,0x00,0x00,0x00,0xFC,0x01,0x00,0x00,0xFE,0x00,0x00,0x00,0xFC,0x00,0x00,0x00,0xFC,0x00,0x00,0x00,0xFC,0x00,0x00,0x00,0xFC,0x00,0x00,0x00,0xFC,0x00,0x00,0x00,0xFC,0x00,0x00,0x00,0xFC,0x00,0x00,0x00,0xFC,0x00,0x00,0x00,0xFC,0x01,0x00,0x00,0xFE,0x00,0x00,0x00,0xFC,0x03,0x00,0x00,0xFE,0x00,0x00,0x00,0xF8,0x07,0x00,0x80,0x7F,0x00,0x00,0x00,0xF8,0x3F,0x00,0xF0,0x7F,0x00,0x00,0x00,0xF0,0xFF,0xFF,0xFF,0x3F,0x00,0x00,0x00,0xF0,0xFF,0xFF,0xFF,0x3F,0x00,0x00,0x00,0xE0,0xFF,0xFF,0xFF,0x1F,0x00,0x00,0x00,0xC0,0xFF,0xFF,0xFF,0x0F,0x00,0x00,0x00,0x00,0xFF,0xFF,0xFF,0x03,0x00,0x00,0x00,0x00,0xFC,0xFF,0xFF,0x00,0x00,0x00,0x00,0x00,0xC0,0xFF,0x0F,  // 79
  0x00,0x00,0x00,0x00,0x00,0x00,0x00,0x00,0x00,0x00,0x00,0x00,0x00,0x00,0x00,0x00,0x00,0x00,0x00,0x00,0x00,0x00,0x00,0x00,0x00,0x00,0x00,0x00,0x00,0x00,0x00,0x00,0x00,0xF8,0xFF,0xFF,0xFF,0x7F,0x00,0x00,0x00,0xF8,0xFF,0xFF,0xFF,0x7F,0x00,0x00,0x00,0xF8,0xFF,0xFF,0xFF,0x7F,0x00,0x00,0x00,0xF8,0xFF,0xFF,0xFF,0x7F,0x00,0x00,0x00,0xF8,0xFF,0xFF,0xFF,0x7F,0x00,0x00,0x00,0xF8,0xFF,0xFF,0xFF,0x7F,0x00,0x00,0x00,0xF8,0xFF,0xFF,0xFF,0x7F,0x00,0x00,0x00,0xF8,0x01,0xF0,0x03,0x00,0x00,0x00,0x00,0xF8,0x01,0xF0,0x03,0x00,0x00,0x00,0x00,0xF8,0x01,0xF0,0x03,0x00,0x00,0x00,0x00,0xF8,0x01,0xF0,0x03,0x00,0x00,0x00,0x00,0xF8,0x01,0xF0,0x03,0x00,0x00,0x00,0x00,0xF8,0x01,0xF0,0x03,0x00,0x00,0x00,0x00,0xF8,0x01,0xF0,0x03,0x00,0x00,0x00,0x00,0xF8,0x03,0xF8,0x03,0x00,0x00,0x00,0x00,0xF8,0x03,0xF8,0x01,0x00,0x00,0x00,0x00,0xF0,0x0F,0xFE,0x01,0x00,0x00,0x00,0x00,0xF0,0xFF,0xFF,0x01,0x00,0x00,0x00,0x00,0xF0,0xFF,0xFF,0x01,0x00,0x00,0x00,0x00,0xE0,0xFF,0xFF,0x00,0x00,0x00,0x00,0x00,0xC0,0xFF,0x7F,0x00,0x00,0x00,0x00,0x00,0xC0,0xFF,0x7F,0x00,0x00,0x00,0x00,0x00,0x00,0xFF,0x1F,0x00,0x00,0x00,0x00,0x00,0x00,0xFC,0x07,  // 80
  0x00,0x00,0x00,0x00,0x00,0x00,0x00,0x00,0x00,0x00,0x00,0x00,0x00,0x00,0x00,0x00,0x00,0x00,0xC0,0xFF,0x0F,0x00,0x00,0x00,0x00,0x00,0xFC,0xFF,0xFF,0x00,0x00,0x00,0x00,0x00,0xFF,0xFF,0xFF,0x03,0x00,0x00,0x00,0xC0,0xFF,0xFF,0xFF,0x07,0x00,0x00,0x00,0xE0,0xFF,0xFF,0xFF,0x1F,0x00,0x00,0x00,0xF0,0xFF,0xFF,0xFF,0x3F,0x00,0x00,0x00,0xF0,0xFF,0xFF,0xFF,0x3F,0x00,0x00,0x00,0xF8,0x3F,0x00,0xF0,0x7F,0x00,0x00,0x00,0xF8,0x07,0x00,0x80,0x7F,0x00,0x00,0x00,0xFC,0x03,0x00,0x00,0xFE,0x00,0x00,0x00,0xFC,0x01,0x00,0x00,0xFE,0x00,0x00,0x00,0xFC,0x00,0x00,0x00,0xFC,0x00,0x00,0x00,0xFC,0x00,0x00,0x00,0xFC,0x00,0x00,0x00,0xFC,0x00,0x00,0x00,0xFC,0x00,0x00,0x00,0xFC,0x00,0x00,0x00,0xFC,0x00,0x00,0x00,0xFC,0x01,0x00,0x00,0xFE,0x01,0x00,0x00,0xFC,0x03,0x00,0x00,0xFE,0x03,0x00,0x00,0xF8,0x07,0x00,0x80,0xFF,0x07,0x00,0x00,0xF8,0x3F,0x00,0xF0,0xFF,0x0F,0x00,0x00,0xF0,0xFF,0xFF,0xFF,0xFF,0x1F,0x00,0x00,0xF0,0xFF,0xFF,0xFF,0xFF,0x3F,0x00,0x00,0xE0,0xFF,0xFF,0xFF,0x9F,0x1F,0x00,0x00,0x80,0xFF,0xFF,0xFF,0x0F,0x0F,0x00,0x00,0x00,0xFF,0xFF,0xFF,0x07,0x06,0x00,0x00,0x00,0xFC,0xFF,0xFF,0x00,0x04,0x00,0x00,0x00,0x80,0xFF,0x0F,  // 81
  0x00,0x00,0x00,0x00,0x00,0x00,0x00,0x00,0x00,0x00,0x00,0x00,0x00,0x00,0x00,0x00,0x00,0x00,0x00,0x00,0x00,0x00,0x00,0x00,0x00,0xF8,0xFF,0xFF,0xFF,0x7F,0x00,0x00,0x00,0xF8,0xFF,0xFF,0xFF,0x7F,0x00,0x00,0x00,0xF8,0xFF,0xFF,0xFF,0x7F,0x00,0x00,0x00,0xF8,0xFF,0xFF,0xFF,0x7F,0x00,0x00,0x00,0xF8,0xFF,0xFF,0xFF,0x7F,0x00,0x00,0x00,0xF8,0xFF,0xFF,0xFF,0x7F,0x00,0x00,0x00,0xF8,0xFF,0xFF,0xFF,0x7F,0x00,0x00,0x00,0xF8,0x01,0xF8,0x01,0x00,0x00,0x00,0x00,0xF8,0x01,0xF8,0x01,0x00,0x00,0x00,0x00,0xF8,0x01,0xF8,0x01,0x00,0x00,0x00,0x00,0xF8,0x01,0xF8,0x01,0x00,0x00,0x00,0x00,0xF8,0x01,0xF8,0x01,0x00,0x00,0x00,0x00,0xF8,0x01,0xF8,0x03,0x00,0x00,0x00,0x00,0xF8,0x01,0xF8,0x07,0x00,0x00,0x00,0x00,0xF8,0x03,0xFC,0x1F,0x00,0x00,0x00,0x00,0xF8,0x03,0xFC,0x7F,0x00,0x00,0x00,0x00,0xF0,0x07,0xFE,0xFF,0x01,0x00,0x00,0x00,0xF0,0xFF,0xFF,0xFF,0x07,0x00,0x00,0x00,0xF0,0xFF,0xBF,0xFF,0x1F,0x00,0x00,0x00,0xE0,0xFF,0x3F,0xFF,0x7F,0x00,0x00,0x00,0xE0,0xFF,0x1F,0xFE,0x7F,0x00,0x00,0x00,0xC0,0xFF,0x0F,0xF8,0x7F,0x00,0x00,0x00,0x80,0xFF,0x07,0xC0,0x7F,0x00,0x00,0x00,0x00,0xFC,0x01,0x00,0x7F,0x00,0x00,0x00,0x00,0x00,0x00,0x00,0x7C,0x00,0x00,0x00,0x00,0x00,0x00,0x00,0x70,0x00,0x00,0x00,0x00,0x00,0x00,0x00,0x40,  // 82
  0x00,0x00,0x00,0x00,0x00,0x00,0x00,0x00,0x00,0x00,0x00,0x00,0x00,0x00,0x00,0x00,0x00,0x00,0x00,0x00,0x00,0x00,0x00,0x00,0x00,0x00,0xFE,0x00,0xE0,0x1F,0x00,0x00,0x00,0x80,0xFF,0x03,0xC0,0x3F,0x00,0x00,0x00,0xE0,0xFF,0x07,0x80,0x3F,0x00,0x00,0x00,0xE0,0xFF,0x0F,0x00,0x7F,0x00,0x00,0x00,0xF0,0xFF,0x1F,0x00,0x7F,0x00,0x00,0x00,0xF8,0xFF,0x1F,0x00,0x7E,0x00,0x00,0x00,0xF8,0xFF,0x3F,0x00,0xFE,0x00,0x00,0x00,0xF8,0xC3,0x3F,0x00,0xFE,0x00,0x00,0x00,0xFC,0x81,0x7F,0x00,0xFC,0x00,0x00,0x00,0xFC,0x00,0x7F,0x00,0xFC,0x00,0x00,0x00,0xFC,0x00,0x7F,0x00,0xFC,0x00,0x00,0x00,0xFC,0x00,0xFE,0x00,0xFC,0x00,0x00,0x00,0xFC,0x00,0xFE,0x00,0xFC,0x00,0x00,0x00,0xFC,0x00,0xFE,0x00,0xFC,0x00,0x00,0x00,0xFC,0x00,0xFC,0x01,0xFE,0x00,0x00,0x00,0xFC,0x00,0xFC,0x03,0xFE,0x00,0x00,0x00,0xFC,0x01,0xFC,0x87,0x7F,0x00,0x00,0x00,0xF8,0x01,0xF8,0xFF,0x7F,0x00,0x00,0x00,0xF8,0x03,0xF8,0xFF,0x7F,0x00,0x00,0x00,0xF8,0x03,0xF0,0xFF,0x3F,0x00,0x00,0x00,0xF8,0x07,0xE0,0xFF,0x1F,0x00,0x00,0x00,0xF0,0x0F,0xC0,0xFF,0x1F,0x00,0x00,0x00,0x00,0x00,0x80,0xFF,0x07,0x00,0x00,0x00,0x00,0x00,0x00,0xFE,0x01,  // 83
  0x00,0x00,0x00,0x00,0x00,0x00,0x00,0x00,0x00,0x00,0x00,0x00,0x00,0x00,0x00,0x00,0x00,0xF8,0x01,0x00,0x00,0x00,0x00,0x00,0x00,0xF8,0x01,0x00,0x00,0x00,0x00,0x00,0x00,0xF8,0x01,0x00,0x00,0x00,0x00,0x00,0x00,0xF8,0x01,0x00,0x00,0x00,0x00,0x00,0x00,0xF8,0x01,0x00,0x00,0x00,0x00,0x00,0x00,0xF8,0x01,0x00,0x00,0x00,0x00,0x00,0x00,0xF8,0x01,0x00,0x00,0x00,0x00,0x00,0x00,0xF8,0x01,0x00,0x00,0x00,0x00,0x00,0x00,0xF8,0x01,0x00,0x00,0x00,0x00,0x00,0x00,0xF8,0xFF,0xFF,0xFF,0x7F,0x00,0x00,0x00,0xF8,0xFF,0xFF,0xFF,0x7F,0x00,0x00,0x00,0xF8,0xFF,0xFF,0xFF,0x7F,0x00,0x00,0x00,0xF8,0xFF,0xFF,0xFF,0x7F,0x00,0x00,0x00,0xF8,0xFF,0xFF,0xFF,0x7F,0x00,0x00,0x00,0xF8,0xFF,0xFF,0xFF,0x7F,0x00,0x00,0x00,0xF8,0xFF,0xFF,0xFF,0x7F,0x00,0x00,0x00,0xF8,0x01,0x00,0x00,0x00,0x00,0x00,0x00,0xF8,0x01,0x00,0x00,0x00,0x00,0x00,0x00,0xF8,0x01,0x00,0x00,0x00,0x00,0x00,0x00,0xF8,0x01,0x00,0x00,0x00,0x00,0x00,0x00,0xF8,0x01,0x00,0x00,0x00,0x00,0x00,0x00,0xF8,0x01,0x00,0x00,0x00,0x00,0x00,0x00,0xF8,0x01,0x00,0x00,0x00,0x00,0x00,0x00,0xF8,0x01,0x00,0x00,0x00,0x00,0x00,0x00,0xF8,0x01,  // 84
  0x00,0x00,0x00,0x00,0x00,0x00,0x00,0x00,0x00,0x00,0x00,0x00,0x00,0x00,0x00,0x00,0x00,0x00,0x00,0x00,0x00,0x00,0x00,0x00,0x00,0xF8,0xFF,0xFF,0xFF,0x00,0x00,0x00,0x00,0xF8,0xFF,0xFF,0xFF,0x07,0x00,0x00,0x00,0xF8,0xFF,0xFF,0xFF,0x0F,0x00,0x00,0x00,0xF8,0xFF,0xFF,0xFF,0x1F,0x00,0x00,0x00,0xF8,0xFF,0xFF,0xFF,0x3F,0x00,0x00,0x00,0xF8,0xFF,0xFF,0xFF,0x7F,0x00,0x00,0x00,0xF8,0xFF,0xFF,0xFF,0x7F,0x00,0x00,0x00,0x00,0x00,0x00,0x80,0x7F,0x00,0x00,0x00,0x00,0x00,0x00,0x00,0xFF,0x00,0x00,0x00,0x00,0x00,0x00,0x00,0xFE,0x00,0x00,0x00,0x00,0x00,0x00,0x00,0xFC,0x00,0x00,0x00,0x00,0x00,0x00,0x00,0xFC,0x00,0x00,0x00,0x00,0x00,0x00,0x00,0xFC,0x00,0x00,0x00,0x00,0x00,0x00,0x00,0xFC,0x00,0x00,0x00,0x00,0x00,0x00,0x00,0xFC,0x00,0x00,0x00,0x00,0x00,0x00,0x00,0xFE,0x00,0x00,0x00,0x00,0x00,0x00,0x00,0xFF,0x00,0x00,0x00,0x00,0x00,0x00,0x80,0x7F,0x00,0x00,0x00,0xF8,0xFF,0xFF,0xFF,0x7F,0x00,0x00,0x00,0xF8,0xFF,0xFF,0xFF,0x7F,0x00,0x00,0x00,0xF8,0xFF,0xFF,0xFF,0x3F,0x00,0x00,0x00,0xF8,0xFF,0xFF,0xFF,0x1F,0x00,0x00,0x00,0xF8,0xFF,0xFF,0xFF,0x0F,0x00,0x00,0x00,0xF8,0xFF,0xFF,0xFF,0x03,0x00,0x00,0x00,0xF8,0xFF,0xFF,0xFF,  // 85
  0x00,0x00,0x00,0x00,0x00,0x00,0x00,0x00,0x00,0x18,0x00,0x00,0x00,0x00,0x00,0x00,0x00,0xF8,0x01,0x00,0x00,0x00,0x00,0x00,0x00,0xF8,0x3F,0x00,0x00,0x00,0x00,0x00,0x00,0xF8,0xFF,0x03,0x00,0x00,0x00,0x00,0x00,0xF8,0xFF,0x3F,0x00,0x00,0x00,0x00,0x00,0xF8,0xFF,0xFF,0x03,0x00,0x00,0x00,0x00,0xF8,0xFF,0xFF,0x3F,0x00,0x00,0x00,0x00,0xE0,0xFF,0xFF,0xFF,0x07,0x00,0x00,0x00,0x00,0xFE,0xFF,0xFF,0x7F,0x00,0x00,0x00,0x00,0xC0,0xFF,0xFF,0x7F,0x00,0x00,0x00,0x00,0x00,0xF8,0xFF,0x7F,0x00,0x00,0x00,0x00,0x00,0x00,0xFF,0x7F,0x00,0x00,0x00,0x00,0x00,0x00,0xF0,0x7F,0x00,0x00,0x00,0x00,0x00,0x00,0x00,0x7E,0x00,0x00,0x00,0x00,0x00,0x00,0xF0,0x7F,0x00,0x00,0x00,0x00,0x00,0x80,0xFF,0x7F,0x00,0x00,0x00,0x00,0x00,0xF8,0xFF,0x7F,0x00,0x00,0x00,0x00,0xC0,0xFF,0xFF,0x7F,0x00,0x00,0x00,0x00,0xFE,0xFF,0xFF,0x7F,0x00,0x00,0x00,0xE0,0xFF,0xFF,0xFF,0x07,0x00,0x00,0x00,0xF8,0xFF,0xFF,0x3F,0x00,0x00,0x00,0x00,0xF8,0xFF,0xFF,0x03,0x00,0x00,0x00,0x00,0xF8,0xFF,0x3F,0x00,0x00,0x00,0x00,0x00,0xF8,0xFF,0x03,0x00,0x00,0x00,0x00,0x00,0xF8,0x3F,0x00,0x00,0x00,0x00,0x00,0x00,0xF8,0x01,0x00,0x00,0x00,0x00,0x00,0x00,0x18,  // 86
  0x00,0x78,0x00,0x00,0x00,0x00,0x00,0x00,0x00,0xF8,0x7F,0x00,0x00,0x00,0x00,0x00,0x00,0xF8,0xFF,0x7F,0x00,0x00,0x00,0x00,0x00,0xF8,0xFF,0xFF,0x7F,0x00,0x00,0x00,0x00,0xF8,0xFF,0xFF,0xFF,0x7F,0x00,0x00,0x00,0xF8,0xFF,0xFF,0xFF,0x7F,0x00,0x00,0x00,0xE0,0xFF,0xFF,0xFF,0x7F,0x00,0x00,0x00,0x00,0x80,0xFF,0xFF,0x7F,0x00,0x00,0x00,0x00,0x00,0x00,0xFE,0x7F,0x00,0x00,0x00,0x00,0x00,0x00,0xFC,0x7F,0x00,0x00,0x00,0x00,0x00,0xF0,0xFF,0x7F,0x00,0x00,0x00,0x00,0x80,0xFF,0xFF,0x1F,0x00,0x00,0x00,0x00,0xF0,0xFF,0xFF,0x00,0x00,0x00,0x00,0x00,0xF0,0xFF,0x07,0x00,0x00,0x00,0x00,0x00,0xF0,0x3F,0x00,0x00,0x00,0x00,0x00,0x00,0xF0,0x3F,0x00,0x00,0x00,0x00,0x00,0x00,0xF0,0xFF,0x07,0x00,0x00,0x00,0x00,0x00,0xF0,0xFF,0xFF,0x00,0x00,0x00,0x00,0x00,0xC0,0xFF,0xFF,0x0F,0x00,0x00,0x00,0x00,0x00,0xF8,0xFF,0x7F,0x00,0x00,0x00,0x00,0x00,0x00,0xFF,0x7F,0x00,0x00,0x00,0x00,0x00,0x00,0xE0,0x7F,0x00,0x00,0x00,0x00,0x00,0xFC,0xFF,0x7F,0x00,0x00,0x00,0xE0,0xFF,0xFF,0xFF,0x7F,0x00,0x00,0x00,0xF8,0xFF,0xFF,0xFF,0x7F,0x00,0x00,0x00,0xF8,0xFF,0xFF,0xFF,0x7F,0x00,0x00,0x00,0xF8,0xFF,0xFF,0xFF,0x01,0x00,0x00,0x00,0xF8,0xFF,0xFF,0x01,0x00,0x00,0x00,0x00,0xF8,0xFF,0x00,0x00,0x00,0x00,0x00,0x00,0x78,  // 87
  0x00,0x00,0x00,0x00,0x00,0x00,0x00,0x00,0x00,0x08,0x00,0x00,0x00,0x40,0x00,0x00,0x00,0x18,0x00,0x00,0x00,0x70,0x00,0x00,0x00,0x78,0x00,0x00,0x00,0x78,0x00,0x00,0x00,0xF8,0x01,0x00,0x00,0x7E,0x00,0x00,0x00,0xF8,0x03,0x00,0x80,0x7F,0x00,0x00,0x00,0xF8,0x0F,0x00,0xC0,0x7F,0x00,0x00,0x00,0xF8,0x3F,0x00,0xF0,0x7F,0x00,0x00,0x00,0xF8,0x7F,0x00,0xFC,0x7F,0x00,0x00,0x00,0xF0,0xFF,0x01,0xFF,0x1F,0x00,0x00,0x00,0xC0,0xFF,0x87,0xFF,0x07,0x00,0x00,0x00,0x00,0xFF,0xEF,0xFF,0x03,0x00,0x00,0x00,0x00,0xFE,0xFF,0xFF,0x00,0x00,0x00,0x00,0x00,0xF8,0xFF,0x3F,0x00,0x00,0x00,0x00,0x00,0xE0,0xFF,0x1F,0x00,0x00,0x00,0x00,0x00,0xC0,0xFF,0x07,0x00,0x00,0x00,0x00,0x00,0xE0,0xFF,0x1F,0x00,0x00,0x00,0x00,0x00,0xF8,0xFF,0x3F,0x00,0x00,0x00,0x00,0x00,0xFE,0xFF,0xFF,0x00,0x00,0x00,0x00,0x00,0xFF,0xFF,0xFF,0x03,0x00,0x00,0x00,0xC0,0xFF,0x87,0xFF,0x07,0x00,0x00,0x00,0xF0,0xFF,0x01,0xFF,0x1F,0x00,0x00,0x00,0xF8,0xFF,0x00,0xFC,0x7F,0x00,0x00,0x00,0xF8,0x3F,0x00,0xF0,0x7F,0x00,0x00,0x00,0xF8,0x0F,0x00,0xC0,0x7F,0x00,0x00,0x00,0xF8,0x07,0x00,0x80,0x7F,0x00,0x00,0x00,0xF8,0x01,0x00,0x00,0x7E,0x00,0x00,0x00,0x78,0x00,0x00,0x00,0x78,0x00,0x00,0x00,0x38,0x00,0x00,0x00,0x70,0x00,0x00,0x00,0x08,0x00,0x00,0x00,0x40,  // 88
  0x00,0x08,0x00,0x00,0x00,0x00,0x00,0x00,0x00,0x38,0x00,0x00,0x00,0x00,0x00,0x00,0x00,0xF8,0x00,0x00,0x00,0x00,0x00,0x00,0x00,0xF8,0x03,0x00,0x00,0x00,0x00,0x00,0x00,0xF8,0x0F,0x00,0x00,0x00,0x00,0x00,0x00,0xF8,0x3F,0x00,0x00,0x00,0x00,0x00,0x00,0xF8,0xFF,0x00,0x00,0x00,0x00,0x00,0x00,0xF8,0xFF,0x03,0x00,0x00,0x00,0x00,0x00,0xE0,0xFF,0x0F,0x00,0x00,0x00,0x00,0x00,0x80,0xFF,0x3F,0x00,0x00,0x00,0x00,0x00,0x00,0xFE,0xFF,0x00,0x00,0x00,0x00,0x00,0x00,0xF8,0xFF,0xFF,0x7F,0x00,0x00,0x00,0x00,0xE0,0xFF,0xFF,0x7F,0x00,0x00,0x00,0x00,0x80,0xFF,0xFF,0x7F,0x00,0x00,0x00,0x00,0x00,0xFE,0xFF,0x7F,0x00,0x00,0x00,0x00,0x80,0xFF,0xFF,0x7F,0x00,0x00,0x00,0x00,0xE0,0xFF,0xFF,0x7F,0x00,0x00,0x00,0x00,0xF8,0xFF,0xFF,0x7F,0x00,0x00,0x00,0x00,0xFE,0xFF,0x00,0x00,0x00,0x00,0x00,0x80,0xFF,0x3F,0x00,0x00,0x00,0x00,0x00,0xE0,0xFF,0x0F,0x00,0x00,0x00,0x00,0x00,0xF8,0xFF,0x03,0x00,0x00,0x00,0x00,0x00,0xF8,0xFF,0x00,0x00,0x00,0x00,0x00,0x00,0xF8,0x3F,0x00,0x00,0x00,0x00,0x00,0x00,0xF8,0x0F,0x00,0x00,0x00,0x00,0x00,0x00,0xF8,0x03,0x00,0x00,0x00,0x00,0x00,0x00,0xF8,0x00,0x00,0x00,0x00,0x00,0x00,0x00,0x38,0x00,0x00,0x00,0x00,0x00,0x00,0x00,0x08,  // 89
  0x00,0x00,0x00,0x00,0x00,0x00,0x00,0x00,0x00,0x00,0x00,0x00,0x00,0x00,0x00,0x00,0x00,0x00,0x00,0x00,0x00,0x00,0x00,0x00,0x00,0x00,0x00,0x00,0x00,0x7F,0x00,0x00,0x00,0xF8,0x01,0x00,0x80,0x7F,0x00,0x00,0x00,0xF8,0x01,0x00,0xC0,0x7F,0x00,0x00,0x00,0xF8,0x01,0x00,0xF0,0x7F,0x00,0x00,0x00,0xF8,0x01,0x00,0xF8,0x7F,0x00,0x00,0x00,0xF8,0x01,0x00,0xFE,0x7F,0x00,0x00,0x00,0xF8,0x01,0x00,0xFF,0x7F,0x00,0x00,0x00,0xF8,0x01,0xC0,0xFF,0x7F,0x00,0x00,0x00,0xF8,0x01,0xE0,0xFF,0x7F,0x00,0x00,0x00,0xF8,0x01,0xF0,0xFF,0x7E,0x00,0x00,0x00,0xF8,0x01,0xFC,0x7F,0x7E,0x00,0x00,0x00,0xF8,0x01,0xFE,0x1F,0x7E,0x00,0x00,0x00,0xF8,0x81,0xFF,0x0F,0x7E,0x00,0x00,0x00,0xF8,0xC1,0xFF,0x07,0x7E,0x00,0x00,0x00,0xF8,0xE1,0xFF,0x01,0x7E,0x00,0x00,0x00,0xF8,0xF9,0xFF,0x00,0x7E,0x00,0x00,0x00,0xF8,0xFD,0x3F,0x00,0x7E,0x00,0x00,0x00,0xF8,0xFF,0x1F,0x00,0x7E,0x00,0x00,0x00,0xF8,0xFF,0x07,0x00,0x7E,0x00,0x00,0x00,0xF8,0xFF,0x03,0x00,0x7E,0x00,0x00,0x00,0xF8,0xFF,0x01,0x00,0x7E,0x00,0x00,0x00,0xF8,0x7F,0x00,0x00,0x7E,0x00,0x00,0x00,0xF8,0x3F,0x00,0x00,0x7E,0x00,0x00,0x00,0xF8,0x0F,0x00,0x00,0x7E,0x00,0x00,0x00,0xF8,0x07,0x00,0x00,0x7E,0x00,0x00,0x00,0xF8,0x03,0x00,0x00,0x7E,  // 90
  0x00,0x00,0x00,0x00,0x00,0x00,0x00,0x00,0x00,0x00,0x00,0x00,0x00,0x00,0x00,0x00,0x00,0x00,0x00,0x00,0x00,0x00,0x00,0x00,0x00,0x00,0x00,0x00,0x00,0x00,0x00,0x00,0x00,0x00,0x00,0x00,0x00,0x00,0x00,0x00,0x00,0x00,0x00,0x00,0x00,0x00,0x00,0x00,0x00,0x00,0x00,0x00,0x00,0x00,0x00,0x00,0x00,0x00,0x00,0x00,0x00,0x00,0x00,0x00,0x00,0x00,0x00,0x00,0x00,0x00,0x00,0x00,0x00,0x00,0x00,0x00,0x00,0x00,0x00,0x00,0x00,0xFE,0xFF,0xFF,0xFF,0xFF,0x3F,0x00,0x00,0xFE,0xFF,0xFF,0xFF,0xFF,0x3F,0x00,0x00,0xFE,0xFF,0xFF,0xFF,0xFF,0x3F,0x00,0x00,0xFE,0xFF,0xFF,0xFF,0xFF,0x3F,0x00,0x00,0xFE,0xFF,0xFF,0xFF,0xFF,0x3F,0x00,0x00,0xFE,0xFF,0xFF,0xFF,0xFF,0x3F,0x00,0x00,0xFE,0xFF,0xFF,0xFF,0xFF,0x3F,0x00,0x00,0x3E,0x00,0x00,0x00,0x00,0x3E,0x00,0x00,0x3E,0x00,0x00,0x00,0x00,0x3E,0x00,0x00,0x3E,0x00,0x00,0x00,0x00,0x3E,0x00,0x00,0x3E,0x00,0x00,0x00,0x00,0x3E,0x00,0x00,0x3E,0x00,0x00,0x00,0x00,0x3E,0x00,0x00,0x3E,0x00,0x00,0x00,0x00,0x3E,  // 91
  0x00,0x00,0x00,0x00,0x00,0x00,0x00,0x00,0x00,0x00,0x00,0x00,0x00,0x00,0x00,0x00,0x00,0x00,0x00,0x00,0x00,0x00,0x00,0x00,0x00,0x08,0x00,0x00,0x00,0x00,0x00,0x00,0x00,0x38,0x00,0x00,0x00,0x00,0x00,0x00,0x00,0xF8,0x00,0x00,0x00,0x00,0x00,0x00,0x00,0xF8,0x03,0x00,0x00,0x00,0x00,0x00,0x00,0xF8,0x0F,0x00,0x00,0x00,0x00,0x00,0x00,0xF8,0x7F,0x00,0x00,0x00,0x00,0x00,0x00,0xE0,0xFF,0x01,0x00,0x00,0x00,0x00,0x00,0x80,0xFF,0x07,0x00,0x00,0x00,0x00,0x00,0x00,0xFE,0x1F,0x00,0x00,0x00,0x00,0x00,0x00,0xF8,0x7F,0x00,0x00,0x00,0x00,0x00,0x00,0xE0,0xFF,0x01,0x00,0x00,0x00,0x00,0x00,0x00,0xFF,0x07,0x00,0x00,0x00,0x00,0x00,0x00,0xFC,0x1F,0x00,0x00,0x00,0x00,0x00,0x00,0xF0,0x7F,0x00,0x00,0x00,0x00,0x00,0x00,0xC0,0xFF,0x03,0x00,0x00,0x00,0x00,0x00,0x00,0xFF,0x0F,0x00,0x00,0x00,0x00,0x00,0x00,0xFC,0x3F,0x00,0x00,0x00,0x00,0x00,0x00,0xF0,0xFF,0x00,0x00,0x00,0x00,0x00,0x00,0xC0,0xFF,0x03,0x00,0x00,0x00,0x00,0x00,0x00,0xFF,0x0F,0x00,0x00,0x00,0x00,0x00,0x00,0xF8,0x0F,0x00,0x00,0x00,0x00,0x00,0x00,0xE0,0x0F,0x00,0x00,0x00,0x00,0x00,0x00,0x80,0x0F,0x00,0x00,0x00,0x00,0x00,0x00,0x00,0x0E,0x00,0x00,0x00,0x00,0x00,0x00,0x00,0x08,  // 92
  0x00,0x00,0x00,0x00,0x00,0x00,0x00,0x00,0x00,0x00,0x00,0x00,0x00,0x00,0x00,0x00,0x00,0x00,0x00,0x00,0x00,0x00,0x00,0x00,0x00,0x00,0x00,0x00,0x00,0x00,0x00,0x00,0x00,0x00,0x00,0x00,0x00,0x00,0x00,0x00,0x00,0x00,0x00,0x00,0x00,0x00,0x00,0x00,0x00,0x00,0x00,0x00,0x00,0x00,0x00,0x00,0x00,0x3E,0x00,0x00,0x00,0x00,0x3E,0x00,0x00,0x3E,0x00,0x00,0x00,0x00,0x3E,0x00,0x00,0x3E,0x00,0x00,0x00,0x00,0x3E,0x00,0x00,0x3E,0x00,0x00,0x00,0x00,0x3E,0x00,0x00,0x3E,0x00,0x00,0x00,0x00,0x3E,0x00,0x00,0x3E,0x00,0x00,0x00,0x00,0x3E,0x00,0x00,0xFE,0xFF,0xFF,0xFF,0xFF,0x3F,0x00,0x00,0xFE,0xFF,0xFF,0xFF,0xFF,0x3F,0x00,0x00,0xFE,0xFF,0xFF,0xFF,0xFF,0x3F,0x00,0x00,0xFE,0xFF,0xFF,0xFF,0xFF,0x3F,0x00,0x00,0xFE,0xFF,0xFF,0xFF,0xFF,0x3F,0x00,0x00,0xFE,0xFF,0xFF,0xFF,0xFF,0x3F,  // 93
  0x00,0x00,0x00,0x00,0x00,0x00,0x00,0x00,0x00,0x00,0x00,0x01,0x00,0x00,0x00,0x00,0x00,0x00,0x80,0x01,0x00,0x00,0x00,0x00,0x00,0x00,0xC0,0x01,0x00,0x00,0x00,0x00,0x00,0x00,0xF0,0x01,0x00,0x00,0x00,0x00,0x00,0x00,0xF8,0x01,0x00,0x00,0x00,0x00,0x00,0x00,0xFC,0x01,0x00,0x00,0x00,0x00,0x00,0x00,0xFF,0x00,0x00,0x00,0x00,0x00,0x00,0x80,0x7F,0x00,0x00,0x00,0x00,0x00,0x00,0xC0,0x3F,0x00,0x00,0x00,0x00,0x00,0x00,0xF0,0x1F,0x00,0x00,0x00,0x00,0x00,0x00,0xF8,0x0F,0x00,0x00,0x00,0x00,0x00,0x00,0xF8,0x07,0x00,0x00,0x00,0x00,0x00,0x00,0xF8,0x03,0x00,0x00,0x00,0x00,0x00,0x00,0xF8,0x01,0x00,0x00,0x00,0x00,0x00,0x00,0xF8,0x03,0x00,0x00,0x00,0x00,0x00,0x00,0xF8,0x07,0x00,0x00,0x00,0x00,0x00,0x00,0xF8,0x0F,0x00,0x00,0x00,0x00,0x00,0x00,0xF0,0x1F,0x00,0x00,0x00,0x00,0x00,0x00,0xC0,0x3F,0x00,0x00,0x00,0x00,0x00,0x00,0x80,0x7F,0x00,0x00,0x00,0x00,0x00,0x00,0x00,0xFF,0x00,0x00,0x00,0x00,0x00,0x00,0x00,0xFC,0x01,0x00,0x00,0x00,0x00,0x00,0x00,0xF8,0x01,0x00,0x00,0x00,0x00,0x00,0x00,0xF0,0x01,0x00,0x00,0x00,0x00,0x00,0x00,0xC0,0x01,0x00,0x00,0x00,0x00,0x00,0x00,0x80,0x01,0x00,0x00,0x00,0x00,0x00,0x00,0x00,0x01,  // 94
  0x00,0x00,0x00,0x00,0x00,0x00,0xC0,0x07,0x00,0x00,0x00,0x00,0x00,0x00,0xC0,0x07,0x00,0x00,0x00,0x00,0x00,0x00,0xC0,0x07,0x00,0x00,0x00,0x00,0x00,0x00,0xC0,0x07,0x00,0x00,0x00,0x00,0x00,0x00,0xC0,0x07,0x00,0x00,0x00,0x00,0x00,0x00,0xC0,0x07,0x00,0x00,0x00,0x00,0x00,0x00,0xC0,0x07,0x00,0x00,0x00,0x00,0x00,0x00,0xC0,0x07,0x00,0x00,0x00,0x00,0x00,0x00,0xC0,0x07,0x00,0x00,0x00,0x00,0x00,0x00,0xC0,0x07,0x00,0x00,0x00,0x00,0x00,0x00,0xC0,0x07,0x00,0x00,0x00,0x00,0x00,0x00,0xC0,0x07,0x00,0x00,0x00,0x00,0x00,0x00,0xC0,0x07,0x00,0x00,0x00,0x00,0x00,0x00,0xC0,0x07,0x00,0x00,0x00,0x00,0x00,0x00,0xC0,0x07,0x00,0x00,0x00,0x00,0x00,0x00,0xC0,0x07,0x00,0x00,0x00,0x00,0x00,0x00,0xC0,0x07,0x00,0x00,0x00,0x00,0x00,0x00,0xC0,0x07,0x00,0x00,0x00,0x00,0x00,0x00,0xC0,0x07,0x00,0x00,0x00,0x00,0x00,0x00,0xC0,0x07,0x00,0x00,0x00,0x00,0x00,0x00,0xC0,0x07,0x00,0x00,0x00,0x00,0x00,0x00,0xC0,0x07,0x00,0x00,0x00,0x00,0x00,0x00,0xC0,0x07,0x00,0x00,0x00,0x00,0x00,0x00,0xC0,0x07,0x00,0x00,0x00,0x00,0x00,0x00,0xC0,0x07,0x00,0x00,0x00,0x00,0x00,0x00,0xC0,0x07,0x00,0x00,0x00,0x00,0x00,0x00,0xC0,0x07,0x00,0x00,0x00,0x00,0x00,0x00,0xC0,0x07,0x00,0x00,0x00,0x00,0x00,0x00,0xC0,0x07,0x00,0x00,0x00,0x00,0x00,0x00,0xC0,0x07,  // 95
  0x00,0x00,0x00,0x00,0x00,0x00,0x00,0x00,0x00,0x00,0x00,0x00,0x00,0x00,0x00,0x00,0x00,0x00,0x00,0x00,0x00,0x00,0x00,0x00,0x00,0x00,0x00,0x00,0x00,0x00,0x00,0x00,0x00,0x00,0x00,0x00,0x00,0x00,0x00,0x00,0x00,0x00,0x00,0x00,0x00,0x00,0x00,0x00,0x80,0x01,0x00,0x00,0x00,0x00,0x00,0x00,0x80,0x01,0x00,0x00,0x00,0x00,0x00,0x00,0x80,0x03,0x00,0x00,0x00,0x00,0x00,0x00,0x80,0x07,0x00,0x00,0x00,0x00,0x00,0x00,0x80,0x0F,0x00,0x00,0x00,0x00,0x00,0x00,0x80,0x1F,0x00,0x00,0x00,0x00,0x00,0x00,0x00,0x3F,0x00,0x00,0x00,0x00,0x00,0x00,0x00,0x7E,0x00,0x00,0x00,0x00,0x00,0x00,0x00,0xFC,0x00,0x00,0x00,0x00,0x00,0x00,0x00,0xF8,0x00,0x00,0x00,0x00,0x00,0x00,0x00,0xE0,0x00,0x00,0x00,0x00,0x00,0x00,0x00,0xC0,0x00,0x00,0x00,0x00,0x00,0x00,0x00,0x80,  // 96
  0x00,0x00,0x00,0x00,0x00,0x00,0x00,0x00,0x00,0x00,0x00,0x00,0x00,0x00,0x00,0x00,0x00,0x00,0x00,0x00,0xF8,0x03,0x00,0x00,0x00,0x00,0x00,0x00,0xFE,0x0F,0x00,0x00,0x00,0x00,0x00,0x00,0xFF,0x1F,0x00,0x00,0x00,0x00,0xE0,0x87,0xFF,0x3F,0x00,0x00,0x00,0x00,0xF0,0xC3,0xFF,0x7F,0x00,0x00,0x00,0x00,0xF0,0xC3,0xFF,0x7F,0x00,0x00,0x00,0x00,0xF0,0xC1,0xFF,0xFF,0x00,0x00,0x00,0x00,0xF0,0xC1,0x0F,0xFE,0x00,0x00,0x00,0x00,0xF8,0xE1,0x07,0xFC,0x00,0x00,0x00,0x00,0xF8,0xE0,0x07,0xF8,0x00,0x00,0x00,0x00,0xF8,0xE0,0x03,0xF8,0x00,0x00,0x00,0x00,0xF8,0xE0,0x03,0xF8,0x00,0x00,0x00,0x00,0xF8,0xE0,0x03,0xF8,0x00,0x00,0x00,0x00,0xF8,0xE0,0x03,0x78,0x00,0x00,0x00,0x00,0xF8,0xE0,0x03,0x7C,0x00,0x00,0x00,0x00,0xF8,0xE0,0x03,0x3C,0x00,0x00,0x00,0x00,0xF8,0xE1,0x03,0x3F,0x00,0x00,0x00,0x00,0xF8,0xE3,0xC3,0x1F,0x00,0x00,0x00,0x00,0xF0,0xFF,0xFF,0x7F,0x00,0x00,0x00,0x00,0xF0,0xFF,0xFF,0x7F,0x00,0x00,0x00,0x00,0xF0,0xFF,0xFF,0x7F,0x00,0x00,0x00,0x00,0xE0,0xFF,0xFF,0x7F,0x00,0x00,0x00,0x00,0xC0,0xFF,0xFF,0x7F,0x00,0x00,0x00,0x00,0x80,0xFF,0xFF,0x7F,0x00,0x00,0x00,0x00,0x00,0xFC,0xFF,0x7F,  // 97
  0x00,0x00,0x00,0x00,0x00,0x00,0x00,0x00,0x00,0x00,0x00,0x00,0x00,0x00,0x00,0x00,0x00,0x00,0x00,0x00,0x00,0x00,0x00,0x00,0x00,0x00,0x00,0x00,0x00,0x00,0x00,0x00,0x00,0xFE,0xFF,0xFF,0xFF,0x7F,0x00,0x00,0x00,0xFE,0xFF,0xFF,0xFF,0x7F,0x00,0x00,0x00,0xFE,0xFF,0xFF,0xFF,0x7F,0x00,0x00,0x00,0xFE,0xFF,0xFF,0xFF,0x7F,0x00,0x00,0x00,0xFE,0xFF,0xFF,0xFF,0x7F,0x00,0x00,0x00,0xFE,0xFF,0xFF,0xFF,0x7F,0x00,0x00,0x00,0xFE,0xFF,0xFF,0xFF,0x7F,0x00,0x00,0x00,0x00,0x80,0x1F,0xC0,0x0F,0x00,0x00,0x00,0x00,0xE0,0x07,0x00,0x1F,0x00,0x00,0x00,0x00,0xE0,0x03,0x00,0x3E,0x00,0x00,0x00,0x00,0xF0,0x01,0x00,0x7C,0x00,0x00,0x00,0x00,0xF8,0x01,0x00,0xFC,0x00,0x00,0x00,0x00,0xF8,0x01,0x00,0xFC,0x00,0x00,0x00,0x00,0xF8,0x01,0x00,0xFC,0x00,0x00,0x00,0x00,0xF8,0x03,0x00,0xFE,0x00,0x00,0x00,0x00,0xF8,0x07,0x00,0xFF,0x00,0x00,0x00,0x00,0xF8,0x1F,0xC0,0xFF,0x00,0x00,0x00,0x00,0xF0,0xFF,0xFF,0x7F,0x00,0x00,0x00,0x00,0xF0,0xFF,0xFF,0x7F,0x00,0x00,0x00,0x00,0xE0,0xFF,0xFF,0x3F,0x00,0x00,0x00,0x00,0xC0,0xFF,0xFF,0x1F,0x00,0x00,0x00,0x00,0x80,0xFF,0xFF,0x0F,0x00,0x00,0x00,0x00,0x00,0xFE,0xFF,0x03,0x00,0x00,0x00,0x00,0x00,0xF0,0x7F,  // 98
  0x00,0x00,0x00,0x00,0x00,0x00,0x00,0x00,0x00,0x00,0x00,0x00,0x00,0x00,0x00,0x00,0x00,0x00,0x00,0x00,0x00,0x00,0x00,0x00,0x00,0x00,0x00,0x00,0x00,0x00,0x00,0x00,0x00,0x00,0x00,0xE0,0x3F,0x00,0x00,0x00,0x00,0x00,0x00,0xFC,0xFF,0x01,0x00,0x00,0x00,0x00,0x00,0xFF,0xFF,0x07,0x00,0x00,0x00,0x00,0x80,0xFF,0xFF,0x0F,0x00,0x00,0x00,0x00,0xC0,0xFF,0xFF,0x1F,0x00,0x00,0x00,0x00,0xE0,0xFF,0xFF,0x3F,0x00,0x00,0x00,0x00,0xE0,0xFF,0xFF,0x3F,0x00,0x00,0x00,0x00,0xF0,0x3F,0xE0,0x7F,0x00,0x00,0x00,0x00,0xF0,0x0F,0x80,0x7F,0x00,0x00,0x00,0x00,0xF8,0x07,0x00,0xFF,0x00,0x00,0x00,0x00,0xF8,0x03,0x00,0xFE,0x00,0x00,0x00,0x00,0xF8,0x01,0x00,0xFC,0x00,0x00,0x00,0x00,0xF8,0x01,0x00,0xFC,0x00,0x00,0x00,0x00,0xF8,0x01,0x00,0xFC,0x00,0x00,0x00,0x00,0xF8,0x01,0x00,0xFC,0x00,0x00,0x00,0x00,0xF8,0x01,0x00,0xFC,0x00,0x00,0x00,0x00,0xF8,0x01,0x00,0xFC,0x00,0x00,0x00,0x00,0xF8,0x01,0x00,0xFC,0x00,0x00,0x00,0x00,0xF0,0x03,0x00,0x7C,0x00,0x00,0x00,0x00,0xF0,0x03,0x00,0x7E,0x00,0x00,0x00,0x00,0xF0,0x03,0x00,0x7E,0x00,0x00,0x00,0x00,0xE0,0x07,0x00,0x3F,  // 99
  0x00,0x00,0x00,0x00,0x00,0x00,0x00,0x00,0x00,0x00,0x00,0x00,0x00,0x00,0x00,0x00,0x00,0x00,0x00,0xF0,0x7F,0x00,0x00,0x00,0x00,0x00,0x00,0xFE,0xFF,0x03,0x00,0x00,0x00,0x00,0x80,0xFF,0xFF,0x0F,0x00,0x00,0x00,0x00,0xC0,0xFF,0xFF,0x1F,0x00,0x00,0x00,0x00,0xE0,0xFF,0xFF,0x3F,0x00,0x00,0x00,0x00,0xF0,0xFF,0xFF,0x7F,0x00,0x00,0x00,0x00,0xF0,0xFF,0xFF,0x7F,0x00,0x00,0x00,0x00,0xF8,0x1F,0xC0,0xFF,0x00,0x00,0x00,0x00,0xF8,0x07,0x00,0xFF,0x00,0x00,0x00,0x00,0xF8,0x03,0x00,0xFE,0x00,0x00,0x00,0x00,0xF8,0x01,0x00,0xFC,0x00,0x00,0x00,0x00,0xF8,0x01,0x00,0xFC,0x00,0x00,0x00,0x00,0xF8,0x01,0x00,0xFC,0x00,0x00,0x00,0x00,0xF0,0x01,0x00,0x7C,0x00,0x00,0x00,0x00,0xE0,0x03,0x00,0x3E,0x00,0x00,0x00,0x00,0xE0,0x07,0x00,0x1F,0x00,0x00,0x00,0x00,0x80,0x1F,0xC0,0x0F,0x00,0x00,0x00,0xFE,0xFF,0xFF,0xFF,0x7F,0x00,0x00,0x00,0xFE,0xFF,0xFF,0xFF,0x7F,0x00,0x00,0x00,0xFE,0xFF,0xFF,0xFF,0x7F,0x00,0x00,0x00,0xFE,0xFF,0xFF,0xFF,0x7F,0x00,0x00,0x00,0xFE,0xFF,0xFF,0xFF,0x7F,0x00,0x00,0x00,0xFE,0xFF,0xFF,0xFF,0x7F,0x00,0x00,0x00,0xFE,0xFF,0xFF,0xFF,0x7F,  // 100
  0x00,0x00,0x00,0x00,0x00,0x00,0x00,0x00,0x00,0x00,0x00,0x00,0x00,0x00,0x00,0x00,0x00,0x00,0x00,0xE0,0x3F,0x00,0x00,0x00,0x00,0x00,0x00,0xFC,0xFF,0x01,0x00,0x00,0x00,0x00,0x00,0xFF,0xFF,0x07,0x00,0x00,0x00,0x00,0x80,0xFF,0xFF,0x0F,0x00,0x00,0x00,0x00,0xC0,0xFF,0xFF,0x1F,0x00,0x00,0x00,0x00,0xE0,0xFF,0xFF,0x3F,0x00,0x00,0x00,0x00,0xE0,0xFF,0xFF,0x3F,0x00,0x00,0x00,0x00,0xF0,0xCF,0x8F,0x7F,0x00,0x00,0x00,0x00,0xF0,0xC7,0x0F,0x7F,0x00,0x00,0x00,0x00,0xF8,0xC3,0x0F,0x7E,0x00,0x00,0x00,0x00,0xF8,0xC1,0x0F,0xFE,0x00,0x00,0x00,0x00,0xF8,0xC1,0x0F,0xFC,0x00,0x00,0x00,0x00,0xF8,0xC1,0x0F,0xFC,0x00,0x00,0x00,0x00,0xF8,0xC1,0x0F,0xFC,0x00,0x00,0x00,0x00,0xF8,0xC1,0x0F,0xFC,0x00,0x00,0x00,0x00,0xF8,0xC1,0x0F,0xFC,0x00,0x00,0x00,0x00,0xF8,0xC3,0x0F,0xFC,0x00,0x00,0x00,0x00,0xF0,0xC3,0x0F,0xFC,0x00,0x00,0x00,0x00,0xF0,0xCF,0x0F,0xFC,0x00,0x00,0x00,0x00,0xF0,0xFF,0x0F,0xFC,0x00,0x00,0x00,0x00,0xE0,0xFF,0x0F,0x7E,0x00,0x00,0x00,0x00,0xC0,0xFF,0x0F,0x7E,0x00,0x00,0x00,0x00,0xC0,0xFF,0x0F,0x7E,0x00,0x00,0x00,0x00,0x00,0xFF,0x0F,0x7E,0x00,0x00,0x00,0x00,0x00,0xFE,0x0F,0x3F,0x00,0x00,0x00,0x00,0x00,0xF0,0x0F,  // 101
  0x00,0x00,0x00,0x00,0x00,0x00,0x00,0x00,0x00,0x00,0x00,0x00,0x00,0x00,0x00,0x00,0x00,0x00,0x00,0x00,0x00,0x00,0x00,0x00,0x00,0x00,0x00,0x00,0x00,0x00,0x00,0x00,0x00,0x00,0xF0,0x03,0x00,0x00,0x00,0x00,0x00,0x00,0xF0,0x03,0x00,0x00,0x00,0x00,0x00,0x00,0xF0,0x03,0x00,0x00,0x00,0x00,0x00,0x00,0xF0,0x03,0x00,0x00,0x00,0x00,0x00,0x00,0xF0,0x03,0x00,0x00,0x00,0x00,0x00,0x00,0xF0,0x03,0x00,0x00,0x00,0x00,0x00,0x00,0xF0,0x03,0x00,0x00,0x00,0x00,0x00,0xC0,0xFF,0xFF,0xFF,0x7F,0x00,0x00,0x00,0xF0,0xFF,0xFF,0xFF,0x7F,0x00,0x00,0x00,0xF8,0xFF,0xFF,0xFF,0x7F,0x00,0x00,0x00,0xFC,0xFF,0xFF,0xFF,0x7F,0x00,0x00,0x00,0xFC,0xFF,0xFF,0xFF,0x7F,0x00,0x00,0x00,0xFE,0xFF,0xFF,0xFF,0x7F,0x00,0x00,0x00,0xFE,0xFF,0xFF,0xFF,0x7F,0x00,0x00,0x00,0xFE,0xF0,0x03,0x00,0x00,0x00,0x00,0x00,0x7E,0xF0,0x03,0x00,0x00,0x00,0x00,0x00,0x7E,0xF0,0x03,0x00,0x00,0x00,0x00,0x00,0x7E,0xF0,0x03,0x00,0x00,0x00,0x00,0x00,0x7E,0xF0,0x03,0x00,0x00,0x00,0x00,0x00,0x7E,0xF0,0x03,0x00,0x00,0x00,0x00,0x00,0x7E,0xF0,0x03,0x00,0x00,0x00,0x00,0x00,0x7E,0xF0,0x03,  // 102
  0x00,0x00,0x00,0x00,0x00,0x00,0x00,0x00,0x00,0x00,0x00,0x00,0x00,0x00,0x00,0x00,0x00,0x00,0x00,0xF0,0x3F,0x00,0x00,0x00,0x00,0x00,0x00,0xFE,0xFF,0x01,0x00,0x00,0x00,0x00,0x80,0xFF,0xFF,0x07,0x00,0x00,0x00,0x00,0xC0,0xFF,0xFF,0x0F,0xFC,0x00,0x00,0x00,0xE0,0xFF,0xFF,0x1F,0xFC,0x00,0x00,0x00,0xF0,0xFF,0xFF,0x3F,0xF8,0x00,0x00,0x00,0xF0,0xFF,0xFF,0x3F,0xF8,0x01,0x00,0x00,0xF8,0x1F,0xE0,0x7F,0xF8,0x01,0x00,0x00,0xF8,0x07,0x80,0x7F,0xF8,0x01,0x00,0x00,0xF8,0x03,0x00,0x7F,0xF8,0x01,0x00,0x00,0xF8,0x01,0x00,0x7E,0xF8,0x01,0x00,0x00,0xF8,0x01,0x00,0x7E,0xF8,0x01,0x00,0x00,0xF8,0x01,0x00,0x7E,0xF8,0x01,0x00,0x00,0xF0,0x01,0x00,0x3E,0xF8,0x01,0x00,0x00,0xF0,0x03,0x00,0x3F,0xFC,0x01,0x00,0x00,0xE0,0x07,0x80,0x1F,0xFC,0x01,0x00,0x00,0x80,0x1F,0xE0,0x0F,0xFE,0x00,0x00,0x00,0xF0,0xFF,0xFF,0xFF,0xFF,0x00,0x00,0x00,0xF0,0xFF,0xFF,0xFF,0xFF,0x00,0x00,0x00,0xF0,0xFF,0xFF,0xFF,0x7F,0x00,0x00,0x00,0xF0,0xFF,0xFF,0xFF,0x7F,0x00,0x00,0x00,0xF0,0xFF,0xFF,0xFF,0x3F,0x00,0x00,0x00,0xF0,0xFF,0xFF,0xFF,0x0F,0x00,0x00,0x00,0xF0,0xFF,0xFF,0xFF,0x03,  // 103
  0x00,0x00,0x00,0x00,0x00,0x00,0x00,0x00,0x00,0x00,0x00,0x00,0x00,0x00,0x00,0x00,0x00,0x00,0x00,0x00,0x00,0x00,0x00,0x00,0x00,0x00,0x00,0x00,0x00,0x00,0x00,0x00,0x00,0xFE,0xFF,0xFF,0xFF,0x7F,0x00,0x00,0x00,0xFE,0xFF,0xFF,0xFF,0x7F,0x00,0x00,0x00,0xFE,0xFF,0xFF,0xFF,0x7F,0x00,0x00,0x00,0xFE,0xFF,0xFF,0xFF,0x7F,0x00,0x00,0x00,0xFE,0xFF,0xFF,0xFF,0x7F,0x00,0x00,0x00,0xFE,0xFF,0xFF,0xFF,0x7F,0x00,0x00,0x00,0xFE,0xFF,0xFF,0xFF,0x7F,0x00,0x00,0x00,0x00,0x80,0x0F,0x00,0x00,0x00,0x00,0x00,0x00,0xE0,0x03,0x00,0x00,0x00,0x00,0x00,0x00,0xF0,0x01,0x00,0x00,0x00,0x00,0x00,0x00,0xF0,0x01,0x00,0x00,0x00,0x00,0x00,0x00,0xF8,0x01,0x00,0x00,0x00,0x00,0x00,0x00,0xF8,0x01,0x00,0x00,0x00,0x00,0x00,0x00,0xF8,0x03,0x00,0x00,0x00,0x00,0x00,0x00,0xF8,0x07,0x00,0x00,0x00,0x00,0x00,0x00,0xF8,0xFF,0xFF,0x7F,0x00,0x00,0x00,0x00,0xF8,0xFF,0xFF,0x7F,0x00,0x00,0x00,0x00,0xF0,0xFF,0xFF,0x7F,0x00,0x00,0x00,0x00,0xF0,0xFF,0xFF,0x7F,0x00,0x00,0x00,0x00,0xE0,0xFF,0xFF,0x7F,0x00,0x00,0x00,0x00,0xC0,0xFF,0xFF,0x7F,0x00,0x00,0x00,0x00,0x00,0xFE,0xFF,0x7F,  // 104
  0x00,0x00,0x00,0x00,0x00,0x00,0x00,0x00,0x00,0x00,0x00,0x00,0x00,0x00,0x00,0x00,0x00,0x00,0x00,0x00,0x00,0x00,0x00,0x00,0x00,0x00,0x00,0x00,0x00,0x7E,0x00,0x00,0x00,0x00,0x00,0x00,0x00,0x7E,0x00,0x00,0x00,0x00,0xF0,0x03,0x00,0x7E,0x00,0x00,0x00,0x00,0xF0,0x03,0x00,0x7E,0x00,0x00,0x00,0x00,0xF0,0x03,0x00,0x7E,0x00,0x00,0x00,0x00,0xF0,0x03,0x00,0x7E,0x00,0x00,0x00,0x00,0xF0,0x03,0x00,0x7E,0x00,0x00,0x00,0x00,0xF0,0x03,0x00,0x7E,0x00,0x00,0x00,0x00,0xF0,0x03,0x00,0x7E,0x00,0x00,0xC0,0x3F,0xF0,0xFF,0xFF,0x7F,0x00,0x00,0xC0,0x3F,0xF0,0xFF,0xFF,0x7F,0x00,0x00,0xC0,0x3F,0xF0,0xFF,0xFF,0x7F,0x00,0x00,0xC0,0x3F,0xF0,0xFF,0xFF,0x7F,0x00,0x00,0xC0,0x3F,0xF0,0xFF,0xFF,0x7F,0x00,0x00,0xC0,0x3F,0xF0,0xFF,0xFF,0x7F,0x00,0x00,0xC0,0x3F,0xF0,0xFF,0xFF,0x7F,0x00,0x00,0x00,0x00,0x00,0x00,0x00,0x7E,0x00,0x00,0x00,0x00,0x00,0x00,0x00,0x7E,0x00,0x00,0x00,0x00,0x00,0x00,0x00,0x7E,0x00,0x00,0x00,0x00,0x00,0x00,0x00,0x7E,0x00,0x00,0x00,0x00,0x00,0x00,0x00,0x7E,0x00,0x00,0x00,0x00,0x00,0x00,0x00,0x7E,0x00,0x00,0x00,0x00,0x00,0x00,0x00,0x7E,0x00,0x00,0x00,0x00,0x00,0x00,0x00,0x7E,0x00,0x00,0x00,0x00,0x00,0x00,0x00,0x7E,  // 105
  0x00,0x00,0x00,0x00,0x00,0x00,0x00,0x00,0x00,0x00,0x00,0x00,0x00,0x00,0x00,0x00,0x00,0x00,0x00,0x00,0x00,0x00,0x00,0x00,0x00,0x00,0x00,0x00,0x00,0x00,0x00,0x00,0x00,0x00,0x00,0x00,0x00,0x00,0xF8,0x01,0x00,0x00,0x00,0x00,0x00,0x00,0xF8,0x01,0x00,0x00,0x00,0x00,0x00,0x00,0xF8,0x01,0x00,0x00,0xF0,0x03,0x00,0x00,0xF8,0x01,0x00,0x00,0xF0,0x03,0x00,0x00,0xF8,0x01,0x00,0x00,0xF0,0x03,0x00,0x00,0xF8,0x01,0x00,0x00,0xF0,0x03,0x00,0x00,0xF8,0x01,0x00,0x00,0xF0,0x03,0x00,0x00,0xF8,0x01,0x00,0x00,0xF0,0x03,0x00,0x00,0xFC,0x01,0x00,0x00,0xF0,0x03,0x00,0x00,0xFE,0x01,0xC0,0x3F,0xF0,0xFF,0xFF,0xFF,0xFF,0x01,0xC0,0x3F,0xF0,0xFF,0xFF,0xFF,0xFF,0x00,0xC0,0x3F,0xF0,0xFF,0xFF,0xFF,0xFF,0x00,0xC0,0x3F,0xF0,0xFF,0xFF,0xFF,0xFF,0x00,0xC0,0x3F,0xF0,0xFF,0xFF,0xFF,0x7F,0x00,0xC0,0x3F,0xF0,0xFF,0xFF,0xFF,0x1F,0x00,0xC0,0x3F,0xF0,0xFF,0xFF,0xFF,0x07,  // 106
  0x00,0x00,0x00,0x00,0x00,0x00,0x00,0x00,0x00,0x00,0x00,0x00,0x00,0x00,0x00,0x00,0x00,0x00,0x00,0x00,0x00,0x00,0x00,0x00,0x00,0x00,0x00,0x00,0x00,0x00,0x00,0x00,0x00,0xFE,0xFF,0xFF,0xFF,0x7F,0x00,0x00,0x00,0xFE,0xFF,0xFF,0xFF,0x7F,0x00,0x00,0x00,0xFE,0xFF,0xFF,0xFF,0x7F,0x00,0x00,0x00,0xFE,0xFF,0xFF,0xFF,0x7F,0x00,0x00,0x00,0xFE,0xFF,0xFF,0xFF,0x7F,0x00,0x00,0x00,0xFE,0xFF,0xFF,0xFF,0x7F,0x00,0x00,0x00,0xFE,0xFF,0xFF,0xFF,0x7F,0x00,0x00,0x00,0x00,0x00,0xE0,0x0F,0x00,0x00,0x00,0x00,0x00,0x00,0xF0,0x07,0x00,0x00,0x00,0x00,0x00,0x00,0xF8,0x03,0x00,0x00,0x00,0x00,0x00,0x00,0xFE,0x0F,0x00,0x00,0x00,0x00,0x00,0x00,0xFF,0x3F,0x00,0x00,0x00,0x00,0x00,0x80,0xFF,0x7F,0x00,0x00,0x00,0x00,0x00,0xC0,0xFF,0xFF,0x01,0x00,0x00,0x00,0x00,0xE0,0xBF,0xFF,0x07,0x00,0x00,0x00,0x00,0xF0,0x1F,0xFF,0x0F,0x00,0x00,0x00,0x00,0xF0,0x0F,0xFC,0x3F,0x00,0x00,0x00,0x00,0xF0,0x07,0xF8,0x7F,0x00,0x00,0x00,0x00,0xF0,0x03,0xE0,0x7F,0x00,0x00,0x00,0x00,0xF0,0x01,0x80,0x7F,0x00,0x00,0x00,0x00,0xF0,0x00,0x00,0x7F,0x00,0x00,0x00,0x00,0x70,0x00,0x00,0x7C,0x00,0x00,0x00,0x00,0x30,0x00,0x00,0x78,0x00,0x00,0x00,0x00,0x10,0x00,0x00,0x60,0x00,0x00,0x00,0x00,0x00,0x00,0x00,0x40,  // 107
  0x00,0x00,0x00,0x00,0x00,0x00,0x00,0x00,0x00,0x00,0x00,0x00,0x00,0x00,0x00,0x00,0x00,0x7E,0x00,0x00,0x00,0x00,0x00,0x00,0x00,0x7E,0x00,0x00,0x00,0x00,0x00,0x00,0x00,0x7E,0x00,0x00,0x00,0x00,0x00,0x00,0x00,0x7E,0x00,0x00,0x00,0x00,0x00,0x00,0x00,0x7E,0x00,0x00,0x00,0x00,0x00,0x00,0x00,0x7E,0x00,0x00,0x00,0x00,0x00,0x00,0x00,0x7E,0x00,0x00,0x00,0x00,0x00,0x00,0x00,0xFE,0xFF,0xFF,0xFF,0x01,0x00,0x00,0x00,0xFE,0xFF,0xFF,0xFF,0x07,0x00,0x00,0x00,0xFE,0xFF,0xFF,0xFF,0x1F,0x00,0x00,0x00,0xFE,0xFF,0xFF,0xFF,0x3F,0x00,0x00,0x00,0xFE,0xFF,0xFF,0xFF,0x3F,0x00,0x00,0x00,0xFE,0xFF,0xFF,0xFF,0x7F,0x00,0x00,0x00,0xFE,0xFF,0xFF,0xFF,0x7F,0x00,0x00,0x00,0x00,0x00,0x00,0x80,0x7F,0x00,0x00,0x00,0x00,0x00,0x00,0x00,0x7F,0x00,0x00,0x00,0x00,0x00,0x00,0x00,0x7E,0x00,0x00,0x00,0x00,0x00,0x00,0x00,0x7E,0x00,0x00,0x00,0x00,0x00,0x00,0x00,0x7E,0x00,0x00,0x00,0x00,0x00,0x00,0x00,0x7E,0x00,0x00,0x00,0x00,0x00,0x00,0x00,0x7E,0x00,0x00,0x00,0x00,0x00,0x00,0x00,0x7E,0x00,0x00,0x00,0x00,0x00,0x00,0x00,0x7E,0x00,0x00,0x00,0x00,0x00,0x00,0x00,0x7E,  // 108
  0x00,0x00,0x00,0x00,0x00,0x00,0x00,0x00,0x00,0x00,0x00,0x00,0x00,0x00,0x00,0x00,0x00,0x00,0xF0,0xFF,0xFF,0x7F,0x00,0x00,0x00,0x00,0xF0,0xFF,0xFF,0x7F,0x00,0x00,0x00,0x00,0xF0,0xFF,0xFF,0x7F,0x00,0x00,0x00,0x00,0xF0,0xFF,0xFF,0x7F,0x00,0x00,0x00,0x00,0xF0,0xFF,0xFF,0x7F,0x00,0x00,0x00,0x00,0xC0,0xFF,0xFF,0x7F,0x00,0x00,0x00,0x00,0xE0,0x03,0x00,0x00,0x00,0x00,0x00,0x00,0xF0,0x01,0x00,0x00,0x00,0x00,0x00,0x00,0xF8,0x01,0x00,0x00,0x00,0x00,0x00,0x00,0xF8,0x03,0x00,0x00,0x00,0x00,0x00,0x00,0xF8,0xFF,0xFF,0x7F,0x00,0x00,0x00,0x00,0xF8,0xFF,0xFF,0x7F,0x00,0x00,0x00,0x00,0xF0,0xFF,0xFF,0x7F,0x00,0x00,0x00,0x00,0xF0,0xFF,0xFF,0x7F,0x00,0x00,0x00,0x00,0xC0,0xFF,0xFF,0x7F,0x00,0x00,0x00,0x00,0xE0,0xFF,0xFF,0x7F,0x00,0x00,0x00,0x00,0xF0,0x03,0x00,0x00,0x00,0x00,0x00,0x00,0xF0,0x01,0x00,0x00,0x00,0x00,0x00,0x00,0xF8,0x01,0x00,0x00,0x00,0x00,0x00,0x00,0xF8,0x03,0x00,0x00,0x00,0x00,0x00,0x00,0xF8,0xFF,0xFF,0x7F,0x00,0x00,0x00,0x00,0xF8,0xFF,0xFF,0x7F,0x00,0x00,0x00,0x00,0xF0,0xFF,0xFF,0x7F,0x00,0x00,0x00,0x00,0xF0,0xFF,0xFF,0x7F,0x00,0x00,0x00,0x00,0xE0,0xFF,0xFF,0x7F,0x00,0x00,0x00,0x00,0x00,0xFF,0xFF,0x7F,  // 109
  0x00,0x00,0x00,0x00,0x00,0x00,0x00,0x00,0x00,0x00,0x00,0x00,0x00,0x00,0x00,0x00,0x00,0x00,0x00,0x00,0x00,0x00,0x00,0x00,0x00,0x00,0x00,0x00,0x00,0x00,0x00,0x00,0x00,0x00,0xF0,0xFF,0xFF,0x7F,0x00,0x00,0x00,0x00,0xF0,0xFF,0xFF,0x7F,0x00,0x00,0x00,0x00,0xF0,0xFF,0xFF,0x7F,0x00,0x00,0x00,0x00,0xF0,0xFF,0xFF,0x7F,0x00,0x00,0x00,0x00,0xF0,0xFF,0xFF,0x7F,0x00,0x00,0x00,0x00,0xF0,0xFF,0xFF,0x7F,0x00,0x00,0x00,0x00,0xF0,0xFF,0xFF,0x7F,0x00,0x00,0x00,0x00,0x80,0x0F,0x00,0x00,0x00,0x00,0x00,0x00,0xE0,0x03,0x00,0x00,0x00,0x00,0x00,0x00,0xF0,0x01,0x00,0x00,0x00,0x00,0x00,0x00,0xF0,0x01,0x00,0x00,0x00,0x00,0x00,0x00,0xF8,0x01,0x00,0x00,0x00,0x00,0x00,0x00,0xF8,0x01,0x00,0x00,0x00,0x00,0x00,0x00,0xF8,0x03,0x00,0x00,0x00,0x00,0x00,0x00,0xF8,0x07,0x00,0x00,0x00,0x00,0x00,0x00,0xF8,0xFF,0xFF,0x7F,0x00,0x00,0x00,0x00,0xF8,0xFF,0xFF,0x7F,0x00,0x00,0x00,0x00,0xF0,0xFF,0xFF,0x7F,0x00,0x00,0x00,0x00,0xF0,0xFF,0xFF,0x7F,0x00,0x00,0x00,0x00,0xE0,0xFF,0xFF,0x7F,0x00,0x00,0x00,0x00,0xC0,0xFF,0xFF,0x7F,0x00,0x00,0x00,0x00,0x00,0xFE,0xFF,0x7F,  // 110
  0x00,0x00,0x00,0x00,0x00,0x00,0x00,0x00,0x00,0x00,0x00,0x00,0x00,0x00,0x00,0x00,0x00,0x00,0x00,0xE0,0x3F,0x00,0x00,0x00,0x00,0x00,0x00,0xFC,0xFF,0x01,0x00,0x00,0x00,0x00,0x00,0xFF,0xFF,0x07,0x00,0x00,0x00,0x00,0x80,0xFF,0xFF,0x0F,0x00,0x00,0x00,0x00,0xC0,0xFF,0xFF,0x1F,0x00,0x00,0x00,0x00,0xE0,0xFF,0xFF,0x3F,0x00,0x00,0x00,0x00,0xF0,0xFF,0xFF,0x7F,0x00,0x00,0x00,0x00,0xF0,0x1F,0xE0,0x7F,0x00,0x00,0x00,0x00,0xF0,0x07,0x00,0x7F,0x00,0x00,0x00,0x00,0xF8,0x03,0x00,0xFE,0x00,0x00,0x00,0x00,0xF8,0x01,0x00,0xFC,0x00,0x00,0x00,0x00,0xF8,0x01,0x00,0xFC,0x00,0x00,0x00,0x00,0xF8,0x01,0x00,0xFC,0x00,0x00,0x00,0x00,0xF8,0x01,0x00,0xFC,0x00,0x00,0x00,0x00,0xF8,0x01,0x00,0xFC,0x00,0x00,0x00,0x00,0xF8,0x03,0x00,0xFE,0x00,0x00,0x00,0x00,0xF0,0x07,0x00,0x7F,0x00,0x00,0x00,0x00,0xF0,0x3F,0xE0,0x7F,0x00,0x00,0x00,0x00,0xF0,0xFF,0xFF,0x7F,0x00,0x00,0x00,0x00,0xE0,0xFF,0xFF,0x3F,0x00,0x00,0x00,0x00,0xC0,0xFF,0xFF,0x1F,0x00,0x00,0x00,0x00,0x80,0xFF,0xFF,0x0F,0x00,0x00,0x00,0x00,0x00,0xFF,0xFF,0x07,0x00,0x00,0x00,0x00,0x00,0xFC,0xFF,0x01,0x00,0x00,0x00,0x00,0x00,0xE0,0x3F,  // 111
  0x00,0x00,0x00,0x00,0x00,0x00,0x00,0x00,0x00,0x00,0x00,0x00,0x00,0x00,0x00,0x00,0x00,0x00,0x00,0x00,0x00,0x00,0x00,0x00,0x00,0x00,0x00,0x00,0x00,0x00,0x00,0x00,0x00,0x00,0xF0,0xFF,0xFF,0xFF,0xFF,0x01,0x00,0x00,0xF0,0xFF,0xFF,0xFF,0xFF,0x01,0x00,0x00,0xF0,0xFF,0xFF,0xFF,0xFF,0x01,0x00,0x00,0xF0,0xFF,0xFF,0xFF,0xFF,0x01,0x00,0x00,0xF0,0xFF,0xFF,0xFF,0xFF,0x01,0x00,0x00,0xF0,0xFF,0xFF,0xFF,0xFF,0x01,0x00,0x00,0xF0,0xFF,0xFF,0xFF,0xFF,0x01,0x00,0x00,0x80,0x1F,0xC0,0x0F,0x00,0x00,0x00,0x00,0xC0,0x07,0x00,0x3F,0x00,0x00,0x00,0x00,0xE0,0x03,0x00,0x3E,0x00,0x00,0x00,0x00,0xF0,0x01,0x00,0x7C,0x00,0x00,0x00,0x00,0xF8,0x01,0x00,0xFC,0x00,0x00,0x00,0x00,0xF8,0x01,0x00,0xFC,0x00,0x00,0x00,0x00,0xF8,0x01,0x00,0xFC,0x00,0x00,0x00,0x00,0xF8,0x03,0x00,0xFE,0x00,0x00,0x00,0x00,0xF8,0x07,0x00,0xFF,0x00,0x00,0x00,0x00,0xF8,0x1F,0xC0,0xFF,0x00,0x00,0x00,0x00,0xF0,0xFF,0xFF,0x7F,0x00,0x00,0x00,0x00,0xF0,0xFF,0xFF,0x7F,0x00,0x00,0x00,0x00,0xE0,0xFF,0xFF,0x3F,0x00,0x00,0x00,0x00,0xC0,0xFF,0xFF,0x1F,0x00,0x00,0x00,0x00,0x80,0xFF,0xFF,0x0F,0x00,0x00,0x00,0x00,0x00,0xFE,0xFF,0x03,0x00,0x00,0x00,0x00,0x00,0xF0,0x7F,  // 112
  0x00,0x00,0x00,0x00,0x00,0x00,0x00,0x00,0x00,0x00,0x00,0x00,0x00,0x00,0x00,0x00,0x00,0x00,0x00,0xF0,0x7F,0x00,0x00,0x00,0x00,0x00,0x00,0xFE,0xFF,0x03,0x00,0x00,0x00,0x00,0x80,0xFF,0xFF,0x0F,0x00,0x00,0x00,0x00,0xC0,0xFF,0xFF,0x1F,0x00,0x00,0x00,0x00,0xE0,0xFF,0xFF,0x3F,0x00,0x00,0x00,0x00,0xF0,0xFF,0xFF,0x7F,0x00,0x00,0x00,0x00,0xF0,0xFF,0xFF,0x7F,0x00,0x00,0x00,0x00,0xF8,0x1F,0xC0,0xFF,0x00,0x00,0x00,0x00,0xF8,0x07,0x00,0xFF,0x00,0x00,0x00,0x00,0xF8,0x03,0x00,0xFE,0x00,0x00,0x00,0x00,0xF8,0x01,0x00,0xFC,0x00,0x00,0x00,0x00,0xF8,0x01,0x00,0xFC,0x00,0x00,0x00,0x00,0xF8,0x01,0x00,0xFC,0x00,0x00,0x00,0x00,0xF0,0x01,0x00,0x7C,0x00,0x00,0x00,0x00,0xE0,0x03,0x00,0x3E,0x00,0x00,0x00,0x00,0xC0,0x07,0x00,0x3F,0x00,0x00,0x00,0x00,0x80,0x1F,0xC0,0x0F,0x00,0x00,0x00,0x00,0xF0,0xFF,0xFF,0xFF,0xFF,0x01,0x00,0x00,0xF0,0xFF,0xFF,0xFF,0xFF,0x01,0x00,0x00,0xF0,0xFF,0xFF,0xFF,0xFF,0x01,0x00,0x00,0xF0,0xFF,0xFF,0xFF,0xFF,0x01,0x00,0x00,0xF0,0xFF,0xFF,0xFF,0xFF,0x01,0x00,0x00,0xF0,0xFF,0xFF,0xFF,0xFF,0x01,0x00,0x00,0xF0,0xFF,0xFF,0xFF,0xFF,0x01,  // 113
  0x00,0x00,0x00,0x00,0x00,0x00,0x00,0x00,0x00,0x00,0x00,0x00,0x00,0x00,0x00,0x00,0x00,0x00,0x00,0x00,0x00,0x00,0x00,0x00,0x00,0x00,0x00,0x00,0x00,0x00,0x00,0x00,0x00,0x00,0x00,0x00,0x00,0x00,0x00,0x00,0x00,0x00,0x00,0x00,0x00,0x00,0x00,0x00,0x00,0x00,0x00,0x00,0x00,0x00,0x00,0x00,0x00,0x00,0xF0,0xFF,0xFF,0x7F,0x00,0x00,0x00,0x00,0xF0,0xFF,0xFF,0x7F,0x00,0x00,0x00,0x00,0xF0,0xFF,0xFF,0x7F,0x00,0x00,0x00,0x00,0xF0,0xFF,0xFF,0x7F,0x00,0x00,0x00,0x00,0xF0,0xFF,0xFF,0x7F,0x00,0x00,0x00,0x00,0xF0,0xFF,0xFF,0x7F,0x00,0x00,0x00,0x00,0xF0,0xFF,0xFF,0x7F,0x00,0x00,0x00,0x00,0x80,0x1F,0x00,0x00,0x00,0x00,0x00,0x00,0xC0,0x07,0x00,0x00,0x00,0x00,0x00,0x00,0xE0,0x07,0x00,0x00,0x00,0x00,0x00,0x00,0xF0,0x03,0x00,0x00,0x00,0x00,0x00,0x00,0xF0,0x03,0x00,0x00,0x00,0x00,0x00,0x00,0xF8,0x01,0x00,0x00,0x00,0x00,0x00,0x00,0xF8,0x01,0x00,0x00,0x00,0x00,0x00,0x00,0xF8,0x01,0x00,0x00,0x00,0x00,0x00,0x00,0xF8,0x01,0x00,0x00,0x00,0x00,0x00,0x00,0xF8,0x01,0x00,0x00,0x00,0x00,0x00,0x00,0xF8,0x01,0x00,0x00,0x00,0x00,0x00,0x00,0xF8,0x03,0x00,0x00,0x00,0x00,0x00,0x00,0xF0,0x03,0x00,0x00,0x00,0x00,0x00,0x00,0xF0,0x07,  // 114
  0x00,0x00,0x00,0x00,0x00,0x00,0x00,0x00,0x00,0x00,0x00,0x00,0x00,0x00,0x00,0x00,0x00,0x00,0x00,0x00,0x00,0x00,0x00,0x00,0x00,0x00,0x00,0x00,0x00,0x00,0x00,0x00,0x00,0x00,0x00,0x7F,0x00,0x3F,0x00,0x00,0x00,0x00,0x80,0xFF,0x00,0x7E,0x00,0x00,0x00,0x00,0xC0,0xFF,0x01,0x7E,0x00,0x00,0x00,0x00,0xE0,0xFF,0x03,0x7E,0x00,0x00,0x00,0x00,0xF0,0xFF,0x07,0x7E,0x00,0x00,0x00,0x00,0xF0,0xFF,0x07,0xFC,0x00,0x00,0x00,0x00,0xF0,0xFF,0x07,0xFC,0x00,0x00,0x00,0x00,0xF8,0xE3,0x0F,0xFC,0x00,0x00,0x00,0x00,0xF8,0xE3,0x0F,0xFC,0x00,0x00,0x00,0x00,0xF8,0xC1,0x0F,0xFC,0x00,0x00,0x00,0x00,0xF8,0xC1,0x0F,0xFC,0x00,0x00,0x00,0x00,0xF8,0xC1,0x1F,0xFC,0x00,0x00,0x00,0x00,0xF8,0x81,0x1F,0xFC,0x00,0x00,0x00,0x00,0xF8,0x81,0x1F,0xFE,0x00,0x00,0x00,0x00,0xF8,0x81,0x3F,0xFE,0x00,0x00,0x00,0x00,0xF8,0x81,0xFF,0xFF,0x00,0x00,0x00,0x00,0xF0,0x03,0xFF,0x7F,0x00,0x00,0x00,0x00,0xF0,0x03,0xFF,0x7F,0x00,0x00,0x00,0x00,0xF0,0x03,0xFE,0x3F,0x00,0x00,0x00,0x00,0xE0,0x07,0xFE,0x3F,0x00,0x00,0x00,0x00,0x00,0x00,0xFC,0x1F,0x00,0x00,0x00,0x00,0x00,0x00,0xF0,0x07,  // 115
  0x00,0x00,0x00,0x00,0x00,0x00,0x00,0x00,0x00,0x00,0x00,0x00,0x00,0x00,0x00,0x00,0x00,0x00,0x00,0x00,0x00,0x00,0x00,0x00,0x00,0x00,0xF0,0x03,0x00,0x00,0x00,0x00,0x00,0x00,0xF0,0x03,0x00,0x00,0x00,0x00,0x00,0x00,0xF0,0x03,0x00,0x00,0x00,0x00,0x00,0x00,0xF0,0x03,0x00,0x00,0x00,0x00,0x00,0x00,0xF0,0x03,0x00,0x00,0x00,0x00,0x00,0x00,0xF0,0x03,0x00,0x00,0x00,0x00,0x00,0x00,0xF0,0x03,0x00,0x00,0x00,0x00,0x00,0xF0,0xFF,0xFF,0xFF,0x03,0x00,0x00,0x00,0xF0,0xFF,0xFF,0xFF,0x0F,0x00,0x00,0x00,0xF0,0xFF,0xFF,0xFF,0x1F,0x00,0x00,0x00,0xF0,0xFF,0xFF,0xFF,0x3F,0x00,0x00,0x00,0xF0,0xFF,0xFF,0xFF,0x3F,0x00,0x00,0x00,0xF0,0xFF,0xFF,0xFF,0x7F,0x00,0x00,0x00,0xF0,0xFF,0xFF,0xFF,0x7F,0x00,0x00,0x00,0x00,0xF0,0x03,0x00,0x7F,0x00,0x00,0x00,0x00,0xF0,0x03,0x00,0x7E,0x00,0x00,0x00,0x00,0xF0,0x03,0x00,0x7E,0x00,0x00,0x00,0x00,0xF0,0x03,0x00,0x7E,0x00,0x00,0x00,0x00,0xF0,0x03,0x00,0x7E,0x00,0x00,0x00,0x00,0xF0,0x03,0x00,0x7E,0x00,0x00,0x00,0x00,0xF0,0x03,0x00,0x7E,0x00,0x00,0x00,0x00,0xF0,0x03,0x00,0x7E,0x00,0x00,0x00,0x00,0xF0,0x03,0x00,0x7E,  // 116
  0x00,0x00,0x00,0x00,0x00,0x00,0x00,0x00,0x00,0x00,0x00,0x00,0x00,0x00,0x00,0x00,0x00,0x00,0x00,0x00,0x00,0x00,0x00,0x00,0x00,0x00,0x00,0x00,0x00,0x00,0x00,0x00,0x00,0x00,0xF0,0xFF,0xFF,0x03,0x00,0x00,0x00,0x00,0xF0,0xFF,0xFF,0x1F,0x00,0x00,0x00,0x00,0xF0,0xFF,0xFF,0x3F,0x00,0x00,0x00,0x00,0xF0,0xFF,0xFF,0x7F,0x00,0x00,0x00,0x00,0xF0,0xFF,0xFF,0x7F,0x00,0x00,0x00,0x00,0xF0,0xFF,0xFF,0xFF,0x00,0x00,0x00,0x00,0xF0,0xFF,0xFF,0xFF,0x00,0x00,0x00,0x00,0x00,0x00,0x00,0xFF,0x00,0x00,0x00,0x00,0x00,0x00,0x00,0xFE,0x00,0x00,0x00,0x00,0x00,0x00,0x00,0xFC,0x00,0x00,0x00,0x00,0x00,0x00,0x00,0xFC,0x00,0x00,0x00,0x00,0x00,0x00,0x00,0x7C,0x00,0x00,0x00,0x00,0x00,0x00,0x00,0x7C,0x00,0x00,0x00,0x00,0x00,0x00,0x00,0x3E,0x00,0x00,0x00,0x00,0x00,0x00,0x80,0x0F,0x00,0x00,0x00,0x00,0xF0,0xFF,0xFF,0x7F,0x00,0x00,0x00,0x00,0xF0,0xFF,0xFF,0x7F,0x00,0x00,0x00,0x00,0xF0,0xFF,0xFF,0x7F,0x00,0x00,0x00,0x00,0xF0,0xFF,0xFF,0x7F,0x00,0x00,0x00,0x00,0xF0,0xFF,0xFF,0x7F,0x00,0x00,0x00,0x00,0xF0,0xFF,0xFF,0x7F,0x00,0x00,0x00,0x00,0xF0,0xFF,0xFF,0x7F,  // 117
  0x00,0x00,0x00,0x00,0x00,0x00,0x00,0x00,0x00,0x00,0x00,0x00,0x00,0x00,0x00,0x00,0x00,0x00,0x30,0x00,0x00,0x00,0x00,0x00,0x00,0x00,0xF0,0x01,0x00,0x00,0x00,0x00,0x00,0x00,0xF0,0x0F,0x00,0x00,0x00,0x00,0x00,0x00,0xF0,0x7F,0x00,0x00,0x00,0x00,0x00,0x00,0xF0,0xFF,0x03,0x00,0x00,0x00,0x00,0x00,0xF0,0xFF,0x1F,0x00,0x00,0x00,0x00,0x00,0xF0,0xFF,0xFF,0x00,0x00,0x00,0x00,0x00,0xE0,0xFF,0xFF,0x07,0x00,0x00,0x00,0x00,0x00,0xFE,0xFF,0x7F,0x00,0x00,0x00,0x00,0x00,0xF0,0xFF,0x7F,0x00,0x00,0x00,0x00,0x00,0x00,0xFF,0x7F,0x00,0x00,0x00,0x00,0x00,0x00,0xF0,0x7F,0x00,0x00,0x00,0x00,0x00,0x00,0x80,0x7F,0x00,0x00,0x00,0x00,0x00,0x00,0x80,0x7F,0x00,0x00,0x00,0x00,0x00,0x00,0xF0,0x7F,0x00,0x00,0x00,0x00,0x00,0x00,0xFF,0x7F,0x00,0x00,0x00,0x00,0x00,0xF0,0xFF,0x7F,0x00,0x00,0x00,0x00,0x00,0xFE,0xFF,0x7F,0x00,0x00,0x00,0x00,0xE0,0xFF,0xFF,0x0F,0x00,0x00,0x00,0x00,0xF0,0xFF,0xFF,0x00,0x00,0x00,0x00,0x00,0xF0,0xFF,0x1F,0x00,0x00,0x00,0x00,0x00,0xF0,0xFF,0x03,0x00,0x00,0x00,0x00,0x00,0xF0,0x7F,0x00,0x00,0x00,0x00,0x00,0x00,0xF0,0x0F,0x00,0x00,0x00,0x00,0x00,0x00,0xF0,0x01,0x00,0x00,0x00,0x00,0x00,0x00,0x30,  // 118
  0x00,0x00,0x70,0x00,0x00,0x00,0x00,0x00,0x00,0x00,0xF0,0x0F,0x00,0x00,0x00,0x00,0x00,0x00,0xF0,0xFF,0x03,0x00,0x00,0x00,0x00,0x00,0xF0,0xFF,0x7F,0x00,0x00,0x00,0x00,0x00,0xF0,0xFF,0xFF,0x1F,0x00,0x00,0x00,0x00,0xF0,0xFF,0xFF,0x7F,0x00,0x00,0x00,0x00,0x00,0xFF,0xFF,0x7F,0x00,0x00,0x00,0x00,0x00,0xC0,0xFF,0x7F,0x00,0x00,0x00,0x00,0x00,0x00,0xF0,0x7F,0x00,0x00,0x00,0x00,0x00,0x00,0x80,0x7F,0x00,0x00,0x00,0x00,0x00,0x00,0xFC,0x7F,0x00,0x00,0x00,0x00,0x00,0xC0,0xFF,0x7F,0x00,0x00,0x00,0x00,0x00,0xF8,0xFF,0x0F,0x00,0x00,0x00,0x00,0x00,0xF8,0x7F,0x00,0x00,0x00,0x00,0x00,0x00,0xF8,0x07,0x00,0x00,0x00,0x00,0x00,0x00,0xF8,0x07,0x00,0x00,0x00,0x00,0x00,0x00,0xF8,0x7F,0x00,0x00,0x00,0x00,0x00,0x00,0xF8,0xFF,0x0F,0x00,0x00,0x00,0x00,0x00,0xC0,0xFF,0x7F,0x00,0x00,0x00,0x00,0x00,0x00,0xF8,0x7F,0x00,0x00,0x00,0x00,0x00,0x00,0x80,0x7F,0x00,0x00,0x00,0x00,0x00,0x00,0xF0,0x7F,0x00,0x00,0x00,0x00,0x00,0xC0,0xFF,0x7F,0x00,0x00,0x00,0x00,0x80,0xFF,0xFF,0x7F,0x00,0x00,0x00,0x00,0xF0,0xFF,0xFF,0x7F,0x00,0x00,0x00,0x00,0xF0,0xFF,0xFF,0x1F,0x00,0x00,0x00,0x00,0xF0,0xFF,0x7F,0x00,0x00,0x00,0x00,0x00,0xF0,0xFF,0x03,0x00,0x00,0x00,0x00,0x00,0xF0,0x0F,0x00,0x00,0x00,0x00,0x00,0x00,0x70,  // 119
  0x00,0x00,0x00,0x00,0x00,0x00,0x00,0x00,0x00,0x00,0x00,0x00,0x00,0x40,0x00,0x00,0x00,0x00,0x10,0x00,0x00,0x60,0x00,0x00,0x00,0x00,0x30,0x00,0x00,0x78,0x00,0x00,0x00,0x00,0xF0,0x00,0x00,0x7C,0x00,0x00,0x00,0x00,0xF0,0x01,0x00,0x7E,0x00,0x00,0x00,0x00,0xF0,0x03,0x80,0x7F,0x00,0x00,0x00,0x00,0xF0,0x0F,0xC0,0x7F,0x00,0x00,0x00,0x00,0xF0,0x1F,0xF0,0x7F,0x00,0x00,0x00,0x00,0xF0,0x7F,0xF8,0x7F,0x00,0x00,0x00,0x00,0xE0,0xFF,0xFC,0x1F,0x00,0x00,0x00,0x00,0x80,0xFF,0xFF,0x07,0x00,0x00,0x00,0x00,0x00,0xFF,0xFF,0x01,0x00,0x00,0x00,0x00,0x00,0xFC,0xFF,0x00,0x00,0x00,0x00,0x00,0x00,0xF0,0x3F,0x00,0x00,0x00,0x00,0x00,0x00,0xFC,0xFF,0x00,0x00,0x00,0x00,0x00,0x00,0xFF,0xFF,0x01,0x00,0x00,0x00,0x00,0x80,0xFF,0xFF,0x07,0x00,0x00,0x00,0x00,0xE0,0xFF,0xFC,0x1F,0x00,0x00,0x00,0x00,0xF0,0x7F,0xF8,0x7F,0x00,0x00,0x00,0x00,0xF0,0x1F,0xF0,0x7F,0x00,0x00,0x00,0x00,0xF0,0x0F,0xC0,0x7F,0x00,0x00,0x00,0x00,0xF0,0x07,0x80,0x7F,0x00,0x00,0x00,0x00,0xF0,0x01,0x00,0x7E,0x00,0x00,0x00,0x00,0xF0,0x00,0x00,0x7C,0x00,0x00,0x00,0x00,0x30,0x00,0x00,0x78,0x00,0x00,0x00,0x00,0x10,0x00,0x00,0x60,0x00,0x00,0x00,0x00,0x00,0x00,0x00,0x40,  // 120
  0x00,0x00,0x00,0x00,0x00,0x00,0x00,0x00,0x00,0x00,0x10,0x00,0x00,0x00,0x00,0x00,0x00,0x00,0xF0,0x00,0x00,0x00,0x00,0x00,0x00,0x00,0xF0,0x03,0x00,0x00,0xF8,0x01,0x00,0x00,0xF0,0x1F,0x00,0x00,0xF8,0x01,0x00,0x00,0xF0,0x7F,0x00,0x00,0xF8,0x01,0x00,0x00,0xF0,0xFF,0x03,0x00,0xF8,0x01,0x00,0x00,0xF0,0xFF,0x0F,0x00,0xF8,0x01,0x00,0x00,0xF0,0xFF,0x7F,0x00,0xF8,0x01,0x00,0x00,0xC0,0xFF,0xFF,0x01,0xFC,0x01,0x00,0x00,0x00,0xFE,0xFF,0x0F,0xFE,0x01,0x00,0x00,0x00,0xF0,0xFF,0xFF,0xFF,0x00,0x00,0x00,0x00,0x80,0xFF,0xFF,0xFF,0x00,0x00,0x00,0x00,0x00,0xFC,0xFF,0x7F,0x00,0x00,0x00,0x00,0x00,0xE0,0xFF,0x3F,0x00,0x00,0x00,0x00,0x00,0xF8,0xFF,0x0F,0x00,0x00,0x00,0x00,0x00,0xFF,0xFF,0x03,0x00,0x00,0x00,0x00,0xE0,0xFF,0xFF,0x00,0x00,0x00,0x00,0x00,0xFC,0xFF,0x1F,0x00,0x00,0x00,0x00,0x80,0xFF,0xFF,0x03,0x00,0x00,0x00,0x00,0xF0,0xFF,0xFF,0x00,0x00,0x00,0x00,0x00,0xF0,0xFF,0x1F,0x00,0x00,0x00,0x00,0x00,0xF0,0xFF,0x07,0x00,0x00,0x00,0x00,0x00,0xF0,0xFF,0x00,0x00,0x00,0x00,0x00,0x00,0xF0,0x1F,0x00,0x00,0x00,0x00,0x00,0x00,0xF0,0x07,0x00,0x00,0x00,0x00,0x00,0x00,0xF0,0x00,0x00,0x00,0x00,0x00,0x00,0x00,0x10,  // 121
  0x00,0x00,0x00,0x00,0x00,0x00,0x00,0x00,0x00,0x00,0x00,0x00,0x00,0x00,0x00,0x00,0x00,0x00,0x00,0x00,0x00,0x00,0x00,0x00,0x00,0x00,0x00,0x00,0x00,0x00,0x00,0x00,0x00,0x00,0x00,0x00,0x00,0x7E,0x00,0x00,0x00,0x00,0xF0,0x03,0x00,0x7F,0x00,0x00,0x00,0x00,0xF0,0x03,0x80,0x7F,0x00,0x00,0x00,0x00,0xF0,0x03,0xC0,0x7F,0x00,0x00,0x00,0x00,0xF0,0x03,0xE0,0x7F,0x00,0x00,0x00,0x00,0xF0,0x03,0xF0,0x7F,0x00,0x00,0x00,0x00,0xF0,0x03,0xF8,0x7F,0x00,0x00,0x00,0x00,0xF0,0x03,0xFE,0x7F,0x00,0x00,0x00,0x00,0xF0,0x03,0xFF,0x7F,0x00,0x00,0x00,0x00,0xF0,0x83,0xFF,0x7E,0x00,0x00,0x00,0x00,0xF0,0xC3,0x3F,0x7E,0x00,0x00,0x00,0x00,0xF0,0xE3,0x1F,0x7E,0x00,0x00,0x00,0x00,0xF0,0xF3,0x0F,0x7E,0x00,0x00,0x00,0x00,0xF0,0xFB,0x07,0x7E,0x00,0x00,0x00,0x00,0xF0,0xFF,0x03,0x7E,0x00,0x00,0x00,0x00,0xF0,0xFF,0x01,0x7E,0x00,0x00,0x00,0x00,0xF0,0xFF,0x00,0x7E,0x00,0x00,0x00,0x00,0xF0,0x3F,0x00,0x7E,0x00,0x00,0x00,0x00,0xF0,0x1F,0x00,0x7E,0x00,0x00,0x00,0x00,0xF0,0x0F,0x00,0x7E,0x00,0x00,0x00,0x00,0xF0,0x07,0x00,0x7E,0x00,0x00,0x00,0x00,0xF0,0x03,0x00,0x7E,  // 122
  0x00,0x00,0x00,0x00,0x00,0x00,0x00,0x00,0x00,0x00,0x00,0x00,0x00,0x00,0x00,0x00,0x00,0x00,0x00,0x00,0x00,0x00,0x00,0x00,0x00,0x00,0x00,0x00,0x00,0x00,0x00,0x00,0x00,0x00,0x00,0xE0,0x03,0x00,0x00,0x00,0x00,0x00,0x00,0xE0,0x03,0x00,0x00,0x00,0x00,0x00,0x00,0xE0,0x03,0x00,0x00,0x00,0x00,0x00,0x00,0xE0,0x03,0x00,0x00,0x00,0x00,0x00,0x00,0xE0,0x03,0x00,0x00,0x00,0x00,0x00,0x00,0xF0,0x07,0x00,0x00,0x00,0x00,0x00,0x00,0xF0,0x07,0x00,0x00,0x00,0x00,0x00,0x00,0xFC,0x1F,0x00,0x00,0x00,0x00,0xC0,0xFF,0xFF,0xFF,0xFF,0x03,0x00,0x00,0xF8,0xFF,0x7F,0xFF,0xFF,0x0F,0x00,0x00,0xF8,0xFF,0x7F,0xFF,0xFF,0x1F,0x00,0x00,0xFC,0xFF,0x7F,0xFF,0xFF,0x3F,0x00,0x00,0xFC,0xFF,0x3F,0xFE,0xFF,0x3F,0x00,0x00,0xFE,0xFF,0x3F,0xFE,0xFF,0x7F,0x00,0x00,0xFE,0xFF,0x0F,0xF8,0xFF,0x7F,0x00,0x00,0x7E,0x00,0x00,0x00,0x00,0x7F,0x00,0x00,0x3E,0x00,0x00,0x00,0x00,0x7E,0x00,0x00,0x3E,0x00,0x00,0x00,0x00,0x7C,0x00,0x00,0x3E,0x00,0x00,0x00,0x00,0x7C,0x00,0x00,0x3E,0x00,0x00,0x00,0x00,0x7C,0x00,0x00,0x3E,0x00,0x00,0x00,0x00,0x7C,0x00,0x00,0x3E,0x00,0x00,0x00,0x00,0x7C,  // 123
  0x00,0x00,0x00,0x00,0x00,0x00,0x00,0x00,0x00,0x00,0x00,0x00,0x00,0x00,0x00,0x00,0x00,0x00,0x00,0x00,0x00,0x00,0x00,0x00,0x00,0x00,0x00,0x00,0x00,0x00,0x00,0x00,0x00,0x00,0x00,0x00,0x00,0x00,0x00,0x00,0x00,0x00,0x00,0x00,0x00,0x00,0x00,0x00,0x00,0x00,0x00,0x00,0x00,0x00,0x00,0x00,0x00,0x00,0x00,0x00,0x00,0x00,0x00,0x00,0x00,0x00,0x00,0x00,0x00,0x00,0x00,0x00,0x00,0x00,0x00,0x00,0x00,0x00,0x00,0x00,0x00,0x00,0x00,0x00,0x00,0x00,0x00,0x00,0x00,0x00,0x00,0x00,0x00,0x00,0x00,0x00,0x00,0xFE,0xFF,0xFF,0xFF,0xFF,0xFF,0x07,0x00,0xFE,0xFF,0xFF,0xFF,0xFF,0xFF,0x07,0x00,0xFE,0xFF,0xFF,0xFF,0xFF,0xFF,0x07,0x00,0xFE,0xFF,0xFF,0xFF,0xFF,0xFF,0x07,0x00,0xFE,0xFF,0xFF,0xFF,0xFF,0xFF,0x07,0x00,0xFE,0xFF,0xFF,0xFF,0xFF,0xFF,0x07,  // 124
  0x00,0x00,0x00,0x00,0x00,0x00,0x00,0x00,0x00,0x00,0x00,0x00,0x00,0x00,0x00,0x00,0x00,0x00,0x00,0x00,0x00,0x00,0x00,0x00,0x00,0x00,0x00,0x00,0x00,0x00,0x00,0x00,0x00,0x00,0x00,0x00,0x00,0x00,0x00,0x00,0x00,0x3E,0x00,0x00,0x00,0x00,0x7C,0x00,0x00,0x3E,0x00,0x00,0x00,0x00,0x7C,0x00,0x00,0x3E,0x00,0x00,0x00,0x00,0x7C,0x00,0x00,0x3E,0x00,0x00,0x00,0x00,0x7C,0x00,0x00,0x3E,0x00,0x00,0x00,0x00,0x7C,0x00,0x00,0x7E,0x00,0x00,0x00,0x00,0x7E,0x00,0x00,0xFE,0x00,0x00,0x00,0x00,0x7F,0x00,0x00,0xFE,0xFF,0x0F,0xF8,0xFF,0x7F,0x00,0x00,0xFE,0xFF,0x3F,0xFE,0xFF,0x7F,0x00,0x00,0xFC,0xFF,0x3F,0xFE,0xFF,0x3F,0x00,0x00,0xFC,0xFF,0x7F,0xFF,0xFF,0x3F,0x00,0x00,0xF8,0xFF,0x7F,0xFF,0xFF,0x1F,0x00,0x00,0xF8,0xFF,0x7F,0xFF,0xFF,0x0F,0x00,0x00,0xC0,0xFF,0xFF,0xFF,0xFF,0x03,0x00,0x00,0x00,0x00,0xFC,0x1F,0x00,0x00,0x00,0x00,0x00,0x00,0xF0,0x07,0x00,0x00,0x00,0x00,0x00,0x00,0xF0,0x07,0x00,0x00,0x00,0x00,0x00,0x00,0xE0,0x03,0x00,0x00,0x00,0x00,0x00,0x00,0xE0,0x03,0x00,0x00,0x00,0x00,0x00,0x00,0xE0,0x03,0x00,0x00,0x00,0x00,0x00,0x00,0xE0,0x03,0x00,0x00,0x00,0x00,0x00,0x00,0xE0,0x03,  // 125
  0x00,0x00,0x00,0x00,0x00,0x00,0x00,0x00,0x00,0x00,0x00,0x00,0x00,0x00,0x00,0x00,0x00,0x00,0x00,0xC0,0x0F,0x00,0x00,0x00,0x00,0x00,0x00,0xC0,0x07,0x00,0x00,0x00,0x00,0x00,0x00,0xE0,0x03,0x00,0x00,0x00,0x00,0x00,0x00,0xE0,0x03,0x00,0x00,0x00,0x00,0x00,0x00,0xF0,0x01,0x00,0x00,0x00,0x00,0x00,0x00,0xF0,0x01,0x00,0x00,0x00,0x00,0x00,0x00,0xF0,0x01,0x00,0x00,0x00,0x00,0x00,0x00,0xF0,0x01,0x00,0x00,0x00,0x00,0x00,0x00,0xF0,0x01,0x00,0x00,0x00,0x00,0x00,0x00,0xF0,0x01,0x00,0x00,0x00,0x00,0x00,0x00,0xF0,0x03,0x00,0x00,0x00,0x00,0x00,0x00,0xE0,0x03,0x00,0x00,0x00,0x00,0x00,0x00,0xE0,0x03,0x00,0x00,0x00,0x00,0x00,0x00,0xC0,0x07,0x00,0x00,0x00,0x00,0x00,0x00,0xC0,0x07,0x00,0x00,0x00,0x00,0x00,0x00,0xC0,0x0F,0x00,0x00,0x00,0x00,0x00,0x00,0x80,0x0F,0x00,0x00,0x00,0x00,0x00,0x00,0x80,0x0F,0x00,0x00,0x00,0x00,0x00,0x00,0x80,0x0F,0x00,0x00,0x00,0x00,0x00,0x00,0x80,0x0F,0x00,0x00,0x00,0x00,0x00,0x00,0x80,0x0F,0x00,0x00,0x00,0x00,0x00,0x00,0xC0,0x07,0x00,0x00,0x00,0x00,0x00,0x00,0xC0,0x07,0x00,0x00,0x00,0x00,0x00,0x00,0xE0,0x03,0x00,0x00,0x00,0x00,0x00,0x00,0xF0,0x03,  // 126
  0x00,0x00,0x00,0x00,0x00,0x00,0x00,0x00,0x00,0x00,0x00,0x00,0x00,0x00,0x00,0x00,0x00,0x00,0x00,0x00,0x00,0x00,0x00,0x00,0x00,0xF0,0xFF,0xFF,0xFF,0xFF,0xFF,0x00,0x00,0xF0,0xFF,0xFF,0xFF,0xFF,0xFF,0x00,0x00,0xF0,0xFF,0xFF,0xFF,0xFF,0xFF,0x00,0x00,0x70,0x00,0x00,0x00,0x00,0xE0,0x00,0x00,0x70,0x00,0x00,0x00,0x00,0xE0,0x00,0x00,0x70,0x00,0x00,0x00,0x00,0xE0,0x00,0x00,0x70,0x00,0x00,0x00,0x00,0xE0,0x00,0x00,0x70,0x00,0x00,0x00,0x00,0xE0,0x00,0x00,0x70,0x00,0x00,0x00,0x00,0xE0,0x00,0x00,0x70,0x00,0x00,0x00,0x00,0xE0,0x00,0x00,0x70,0x00,0x00,0x00,0x00,0xE0,0x00,0x00,0x70,0x00,0x00,0x00,0x00,0xE0,0x00,0x00,0x70,0x00,0x00,0x00,0x00,0xE0,0x00,0x00,0x70,0x00,0x00,0x00,0x00,0xE0,0x00,0x00,0x70,0x00,0x00,0x00,0x00,0xE0,0x00,0x00,0x70,0x00,0x00,0x00,0x00,0xE0,0x00,0x00,0x70,0x00,0x00,0x00,0x00,0xE0,0x00,0x00,0x70,0x00,0x00,0x00,0x00,0xE0,0x00,0x00,0x70,0x00,0x00,0x00,0x00,0xE0,0x00,0x00,0x70,0x00,0x00,0x00,0x00,0xE0,0x00,0x00,0x70,0x00,0x00,0x00,0x00,0xE0,0x00,0x00,0x70,0x00,0x00,0x00,0x00,0xE0,0x00,0x00,0xF0,0xFF,0xFF,0xFF,0xFF,0xFF,0x00,0x00,0xF0,0xFF,0xFF,0xFF,0xFF,0xFF,0x00,0x00,0xF0,0xFF,0xFF,0xFF,0xFF,0xFF,  // 127
  0x00,0x00,0x00,0x00,0x00,0x00,0x00,0x00,0x00,0x00,0x00,0x00,0x00,0x00,0x00,0x00,0x00,0x00,0x00,0x00,0x00,0x00,0x00,0x00,0x00,0xF0,0xFF,0xFF,0xFF,0xFF,0xFF,0x00,0x00,0xF0,0xFF,0xFF,0xFF,0xFF,0xFF,0x00,0x00,0xF0,0xFF,0xFF,0xFF,0xFF,0xFF,0x00,0x00,0x70,0x00,0x00,0x00,0x00,0xE0,0x00,0x00,0x70,0x00,0x00,0x00,0x00,0xE0,0x00,0x00,0x70,0x00,0x00,0x00,0x00,0xE0,0x00,0x00,0x70,0x00,0x00,0x00,0x00,0xE0,0x00,0x00,0x70,0x00,0x00,0x00,0x00,0xE0,0x00,0x00,0x70,0x00,0x00,0x00,0x00,0xE0,0x00,0x00,0x70,0x00,0x00,0x00,0x00,0xE0,0x00,0x00,0x70,0x00,0x00,0x00,0x00,0xE0,0x00,0x00,0x70,0x00,0x00,0x00,0x00,0xE0,0x00,0x00,0x70,0x00,0x00,0x00,0x00,0xE0,0x00,0x00,0x70,0x00,0x00,0x00,0x00,0xE0,0x00,0x00,0x70,0x00,0x00,0x00,0x00,0xE0,0x00,0x00,0x70,0x00,0x00,0x00,0x00,0xE0,0x00,0x00,0x70,0x00,0x00,0x00,0x00,0xE0,0x00,0x00,0x70,0x00,0x00,0x00,0x00,0xE0,0x00,0x00,0x70,0x00,0x00,0x00,0x00,0xE0,0x00,0x00,0x70,0x00,0x00,0x00,0x00,0xE0,0x00,0x00,0x70,0x00,0x00,0x00,0x00,0xE0,0x00,0x00,0x70,0x00,0x00,0x00,0x00,0xE0,0x00,0x00,0xF0,0xFF,0xFF,0xFF,0xFF,0xFF,0x00,0x00,0xF0,0xFF,0xFF,0xFF,0xFF,0xFF,0x00,0x00,0xF0,0xFF,0xFF,0xFF,0xFF,0xFF,  // 128
  0x00,0x00,0x00,0x00,0x00,0x00,0x00,0x00,0x00,0x00,0x00,0x00,0x00,0x00,0x00,0x00,0x00,0x00,0x00,0x00,0x00,0x00,0x00,0x00,0x00,0xF0,0xFF,0xFF,0xFF,0xFF,0xFF,0x00,0x00,0xF0,0xFF,0xFF,0xFF,0xFF,0xFF,0x00,0x00,0xF0,0xFF,0xFF,0xFF,0xFF,0xFF,0x00,0x00,0x70,0x00,0x00,0x00,0x00,0xE0,0x00,0x00,0x70,0x00,0x00,0x00,0x00,0xE0,0x00,0x00,0x70,0x00,0x00,0x00,0x00,0xE0,0x00,0x00,0x70,0x00,0x00,0x00,0x00,0xE0,0x00,0x00,0x70,0x00,0x00,0x00,0x00,0xE0,0x00,0x00,0x70,0x00,0x00,0x00,0x00,0xE0,0x00,0x00,0x70,0x00,0x00,0x00,0x00,0xE0,0x00,0x00,0x70,0x00,0x00,0x00,0x00,0xE0,0x00,0x00,0x70,0x00,0x00,0x00,0x00,0xE0,0x00,0x00,0x70,0x00,0x00,0x00,0x00,0xE0,0x00,0x00,0x70,0x00,0x00,0x00,0x00,0xE0,0x00,0x00,0x70,0x00,0x00,0x00,0x00,0xE0,0x00,0x00,0x70,0x00,0x00,0x00,0x00,0xE0,0x00,0x00,0x70,0x00,0x00,0x00,0x00,0xE0,0x00,0x00,0x70,0x00,0x00,0x00,0x00,0xE0,0x00,0x00,0x70,0x00,0x00,0x00,0x00,0xE0,0x00,0x00,0x70,0x00,0x00,0x00,0x00,0xE0,0x00,0x00,0x70,0x00,0x00,0x00,0x00,0xE0,0x00,0x00,0x70,0x00,0x00,0x00,0x00,0xE0,0x00,0x00,0xF0,0xFF,0xFF,0xFF,0xFF,0xFF,0x00,0x00,0xF0,0xFF,0xFF,0xFF,0xFF,0xFF,0x00,0x00,0xF0,0xFF,0xFF,0xFF,0xFF,0xFF,  // 129
  0x00,0x00,0x00,0x00,0x00,0x00,0x00,0x00,0x00,0x00,0x00,0x00,0x00,0x00,0x00,0x00,0x00,0x00,0x00,0x00,0x00,0x00,0x00,0x00,0x00,0xF0,0xFF,0xFF,0xFF,0xFF,0xFF,0x00,0x00,0xF0,0xFF,0xFF,0xFF,0xFF,0xFF,0x00,0x00,0xF0,0xFF,0xFF,0xFF,0xFF,0xFF,0x00,0x00,0x70,0x00,0x00,0x00,0x00,0xE0,0x00,0x00,0x70,0x00,0x00,0x00,0x00,0xE0,0x00,0x00,0x70,0x00,0x00,0x00,0x00,0xE0,0x00,0x00,0x70,0x00,0x00,0x00,0x00,0xE0,0x00,0x00,0x70,0x00,0x00,0x00,0x00,0xE0,0x00,0x00,0x70,0x00,0x00,0x00,0x00,0xE0,0x00,0x00,0x70,0x00,0x00,0x00,0x00,0xE0,0x00,0x00,0x70,0x00,0x00,0x00,0x00,0xE0,0x00,0x00,0x70,0x00,0x00,0x00,0x00,0xE0,0x00,0x00,0x70,0x00,0x00,0x00,0x00,0xE0,0x00,0x00,0x70,0x00,0x00,0x00,0x00,0xE0,0x00,0x00,0x70,0x00,0x00,0x00,0x00,0xE0,0x00,0x00,0x70,0x00,0x00,0x00,0x00,0xE0,0x00,0x00,0x70,0x00,0x00,0x00,0x00,0xE0,0x00,0x00,0x70,0x00,0x00,0x00,0x00,0xE0,0x00,0x00,0x70,0x00,0x00,0x00,0x00,0xE0,0x00,0x00,0x70,0x00,0x00,0x00,0x00,0xE0,0x00,0x00,0x70,0x00,0x00,0x00,0x00,0xE0,0x00,0x00,0x70,0x00,0x00,0x00,0x00,0xE0,0x00,0x00,0xF0,0xFF,0xFF,0xFF,0xFF,0xFF,0x00,0x00,0xF0,0xFF,0xFF,0xFF,0xFF,0xFF,0x00,0x00,0xF0,0xFF,0xFF,0xFF,0xFF,0xFF,  // 130
  0x00,0x00,0x00,0x00,0x00,0x00,0x00,0x00,0x00,0x00,0x00,0x00,0x00,0x00,0x00,0x00,0x00,0x00,0x00,0x00,0x00,0x00,0x00,0x00,0x00,0xF0,0xFF,0xFF,0xFF,0xFF,0xFF,0x00,0x00,0xF0,0xFF,0xFF,0xFF,0xFF,0xFF,0x00,0x00,0xF0,0xFF,0xFF,0xFF,0xFF,0xFF,0x00,0x00,0x70,0x00,0x00,0x00,0x00,0xE0,0x00,0x00,0x70,0x00,0x00,0x00,0x00,0xE0,0x00,0x00,0x70,0x00,0x00,0x00,0x00,0xE0,0x00,0x00,0x70,0x00,0x00,0x00,0x00,0xE0,0x00,0x00,0x70,0x00,0x00,0x00,0x00,0xE0,0x00,0x00,0x70,0x00,0x00,0x00,0x00,0xE0,0x00,0x00,0x70,0x00,0x00,0x00,0x00,0xE0,0x00,0x00,0x70,0x00,0x00,0x00,0x00,0xE0,0x00,0x00,0x70,0x00,0x00,0x00,0x00,0xE0,0x00,0x00,0x70,0x00,0x00,0x00,0x00,0xE0,0x00,0x00,0x70,0x00,0x00,0x00,0x00,0xE0,0x00,0x00,0x70,0x00,0x00,0x00,0x00,0xE0,0x00,0x00,0x70,0x00,0x00,0x00,0x00,0xE0,0x00,0x00,0x70,0x00,0x00,0x00,0x00,0xE0,0x00,0x00,0x70,0x00,0x00,0x00,0x00,0xE0,0x00,0x00,0x70,0x00,0x00,0x00,0x00,0xE0,0x00,0x00,0x70,0x00,0x00,0x00,0x00,0xE0,0x00,0x00,0x70,0x00,0x00,0x00,0x00,0xE0,0x00,0x00,0x70,0x00,0x00,0x00,0x00,0xE0,0x00,0x00,0xF0,0xFF,0xFF,0xFF,0xFF,0xFF,0x00,0x00,0xF0,0xFF,0xFF,0xFF,0xFF,0xFF,0x00,0x00,0xF0,0xFF,0xFF,0xFF,0xFF,0xFF,  // 131
  0x00,0x00,0x00,0x00,0x00,0x00,0x00,0x00,0x00,0x00,0x00,0x00,0x00,0x00,0x00,0x00,0x00,0x00,0x00,0x00,0x00,0x00,0x00,0x00,0x00,0xF0,0xFF,0xFF,0xFF,0xFF,0xFF,0x00,0x00,0xF0,0xFF,0xFF,0xFF,0xFF,0xFF,0x00,0x00,0xF0,0xFF,0xFF,0xFF,0xFF,0xFF,0x00,0x00,0x70,0x00,0x00,0x00,0x00,0xE0,0x00,0x00,0x70,0x00,0x00,0x00,0x00,0xE0,0x00,0x00,0x70,0x00,0x00,0x00,0x00,0xE0,0x00,0x00,0x70,0x00,0x00,0x00,0x00,0xE0,0x00,0x00,0x70,0x00,0x00,0x00,0x00,0xE0,0x00,0x00,0x70,0x00,0x00,0x00,0x00,0xE0,0x00,0x00,0x70,0x00,0x00,0x00,0x00,0xE0,0x00,0x00,0x70,0x00,0x00,0x00,0x00,0xE0,0x00,0x00,0x70,0x00,0x00,0x00,0x00,0xE0,0x00,0x00,0x70,0x00,0x00,0x00,0x00,0xE0,0x00,0x00,0x70,0x00,0x00,0x00,0x00,0xE0,0x00,0x00,0x70,0x00,0x00,0x00,0x00,0xE0,0x00,0x00,0x70,0x00,0x00,0x00,0x00,0xE0,0x00,0x00,0x70,0x00,0x00,0x00,0x00,0xE0,0x00,0x00,0x70,0x00,0x00,0x00,0x00,0xE0,0x00,0x00,0x70,0x00,0x00,0x00,0x00,0xE0,0x00,0x00,0x70,0x00,0x00,0x00,0x00,0xE0,0x00,0x00,0x70,0x00,0x00,0x00,0x00,0xE0,0x00,0x00,0x70,0x00,0x00,0x00,0x00,0xE0,0x00,0x00,0xF0,0xFF,0xFF,0xFF,0xFF,0xFF,0x00,0x00,0xF0,0xFF,0xFF,0xFF,0xFF,0xFF,0x00,0x00,0xF0,0xFF,0xFF,0xFF,0xFF,0xFF,  // 132
  0x00,0x00,0x00,0x00,0x00,0x00,0x00,0x00,0x00,0x00,0x00,0x00,0x00,0x00,0x00,0x00,0x00,0x00,0x00,0x00,0x00,0x00,0x00,0x00,0x00,0xF0,0xFF,0xFF,0xFF,0xFF,0xFF,0x00,0x00,0xF0,0xFF,0xFF,0xFF,0xFF,0xFF,0x00,0x00,0xF0,0xFF,0xFF,0xFF,0xFF,0xFF,0x00,0x00,0x70,0x00,0x00,0x00,0x00,0xE0,0x00,0x00,0x70,0x00,0x00,0x00,0x00,0xE0,0x00,0x00,0x70,0x00,0x00,0x00,0x00,0xE0,0x00,0x00,0x70,0x00,0x00,0x00,0x00,0xE0,0x00,0x00,0x70,0x00,0x00,0x00,0x00,0xE0,0x00,0x00,0x70,0x00,0x00,0x00,0x00,0xE0,0x00,0x00,0x70,0x00,0x00,0x00,0x00,0xE0,0x00,0x00,0x70,0x00,0x00,0x00,0x00,0xE0,0x00,0x00,0x70,0x00,0x00,0x00,0x00,0xE0,0x00,0x00,0x70,0x00,0x00,0x00,0x00,0xE0,0x00,0x00,0x70,0x00,0x00,0x00,0x00,0xE0,0x00,0x00,0x70,0x00,0x00,0x00,0x00,0xE0,0x00,0x00,0x70,0x00,0x00,0x00,0x00,0xE0,0x00,0x00,0x70,0x00,0x00,0x00,0x00,0xE0,0x00,0x00,0x70,0x00,0x00,0x00,0x00,0xE0,0x00,0x00,0x70,0x00,0x00,0x00,0x00,0xE0,0x00,0x00,0x70,0x00,0x00,0x00,0x00,0xE0,0x00,0x00,0x70,0x00,0x00,0x00,0x00,0xE0,0x00,0x00,0x70,0x00,0x00,0x00,0x00,0xE0,0x00,0x00,0xF0,0xFF,0xFF,0xFF,0xFF,0xFF,0x00,0x00,0xF0,0xFF,0xFF,0xFF,0xFF,0xFF,0x00,0x00,0xF0,0xFF,0xFF,0xFF,0xFF,0xFF,  // 133
  0x00,0x00,0x00,0x00,0x00,0x00,0x00,0x00,0x00,0x00,0x00,0x00,0x00,0x00,0x00,0x00,0x00,0x00,0x00,0x00,0x00,0x00,0x00,0x00,0x00,0xF0,0xFF,0xFF,0xFF,0xFF,0xFF,0x00,0x00,0xF0,0xFF,0xFF,0xFF,0xFF,0xFF,0x00,0x00,0xF0,0xFF,0xFF,0xFF,0xFF,0xFF,0x00,0x00,0x70,0x00,0x00,0x00,0x00,0xE0,0x00,0x00,0x70,0x00,0x00,0x00,0x00,0xE0,0x00,0x00,0x70,0x00,0x00,0x00,0x00,0xE0,0x00,0x00,0x70,0x00,0x00,0x00,0x00,0xE0,0x00,0x00,0x70,0x00,0x00,0x00,0x00,0xE0,0x00,0x00,0x70,0x00,0x00,0x00,0x00,0xE0,0x00,0x00,0x70,0x00,0x00,0x00,0x00,0xE0,0x00,0x00,0x70,0x00,0x00,0x00,0x00,0xE0,0x00,0x00,0x70,0x00,0x00,0x00,0x00,0xE0,0x00,0x00,0x70,0x00,0x00,0x00,0x00,0xE0,0x00,0x00,0x70,0x00,0x00,0x00,0x00,0xE0,0x00,0x00,0x70,0x00,0x00,0x00,0x00,0xE0,0x00,0x00,0x70,0x00,0x00,0x00,0x00,0xE0,0x00,0x00,0x70,0x00,0x00,0x00,0x00,0xE0,0x00,0x00,0x70,0x00,0x00,0x00,0x00,0xE0,0x00,0x00,0x70,0x00,0x00,0x00,0x00,0xE0,0x00,0x00,0x70,0x00,0x00,0x00,0x00,0xE0,0x00,0x00,0x70,0x00,0x00,0x00,0x00,0xE0,0x00,0x00,0x70,0x00,0x00,0x00,0x00,0xE0,0x00,0x00,0xF0,0xFF,0xFF,0xFF,0xFF,0xFF,0x00,0x00,0xF0,0xFF,0xFF,0xFF,0xFF,0xFF,0x00,0x00,0xF0,0xFF,0xFF,0xFF,0xFF,0xFF,  // 134
  0x00,0x00,0x00,0x00,0x00,0x00,0x00,0x00,0x00,0x00,0x00,0x00,0x00,0x00,0x00,0x00,0x00,0x00,0x00,0x00,0x00,0x00,0x00,0x00,0x00,0xF0,0xFF,0xFF,0xFF,0xFF,0xFF,0x00,0x00,0xF0,0xFF,0xFF,0xFF,0xFF,0xFF,0x00,0x00,0xF0,0xFF,0xFF,0xFF,0xFF,0xFF,0x00,0x00,0x70,0x00,0x00,0x00,0x00,0xE0,0x00,0x00,0x70,0x00,0x00,0x00,0x00,0xE0,0x00,0x00,0x70,0x00,0x00,0x00,0x00,0xE0,0x00,0x00,0x70,0x00,0x00,0x00,0x00,0xE0,0x00,0x00,0x70,0x00,0x00,0x00,0x00,0xE0,0x00,0x00,0x70,0x00,0x00,0x00,0x00,0xE0,0x00,0x00,0x70,0x00,0x00,0x00,0x00,0xE0,0x00,0x00,0x70,0x00,0x00,0x00,0x00,0xE0,0x00,0x00,0x70,0x00,0x00,0x00,0x00,0xE0,0x00,0x00,0x70,0x00,0x00,0x00,0x00,0xE0,0x00,0x00,0x70,0x00,0x00,0x00,0x00,0xE0,0x00,0x00,0x70,0x00,0x00,0x00,0x00,0xE0,0x00,0x00,0x70,0x00,0x00,0x00,0x00,0xE0,0x00,0x00,0x70,0x00,0x00,0x00,0x00,0xE0,0x00,0x00,0x70,0x00,0x00,0x00,0x00,0xE0,0x00,0x00,0x70,0x00,0x00,0x00,0x00,0xE0,0x00,0x00,0x70,0x00,0x00,0x00,0x00,0xE0,0x00,0x00,0x70,0x00,0x00,0x00,0x00,0xE0,0x00,0x00,0x70,0x00,0x00,0x00,0x00,0xE0,0x00,0x00,0xF0,0xFF,0xFF,0xFF,0xFF,0xFF,0x00,0x00,0xF0,0xFF,0xFF,0xFF,0xFF,0xFF,0x00,0x00,0xF0,0xFF,0xFF,0xFF,0xFF,0xFF,  // 135
  0x00,0x00,0x00,0x00,0x00,0x00,0x00,0x00,0x00,0x00,0x00,0x00,0x00,0x00,0x00,0x00,0x00,0x00,0x00,0x00,0x00,0x00,0x00,0x00,0x00,0xF0,0xFF,0xFF,0xFF,0xFF,0xFF,0x00,0x00,0xF0,0xFF,0xFF,0xFF,0xFF,0xFF,0x00,0x00,0xF0,0xFF,0xFF,0xFF,0xFF,0xFF,0x00,0x00,0x70,0x00,0x00,0x00,0x00,0xE0,0x00,0x00,0x70,0x00,0x00,0x00,0x00,0xE0,0x00,0x00,0x70,0x00,0x00,0x00,0x00,0xE0,0x00,0x00,0x70,0x00,0x00,0x00,0x00,0xE0,0x00,0x00,0x70,0x00,0x00,0x00,0x00,0xE0,0x00,0x00,0x70,0x00,0x00,0x00,0x00,0xE0,0x00,0x00,0x70,0x00,0x00,0x00,0x00,0xE0,0x00,0x00,0x70,0x00,0x00,0x00,0x00,0xE0,0x00,0x00,0x70,0x00,0x00,0x00,0x00,0xE0,0x00,0x00,0x70,0x00,0x00,0x00,0x00,0xE0,0x00,0x00,0x70,0x00,0x00,0x00,0x00,0xE0,0x00,0x00,0x70,0x00,0x00,0x00,0x00,0xE0,0x00,0x00,0x70,0x00,0x00,0x00,0x00,0xE0,0x00,0x00,0x70,0x00,0x00,0x00,0x00,0xE0,0x00,0x00,0x70,0x00,0x00,0x00,0x00,0xE0,0x00,0x00,0x70,0x00,0x00,0x00,0x00,0xE0,0x00,0x00,0x70,0x00,0x00,0x00,0x00,0xE0,0x00,0x00,0x70,0x00,0x00,0x00,0x00,0xE0,0x00,0x00,0x70,0x00,0x00,0x00,0x00,0xE0,0x00,0x00,0xF0,0xFF,0xFF,0xFF,0xFF,0xFF,0x00,0x00,0xF0,0xFF,0xFF,0xFF,0xFF,0xFF,0x00,0x00,0xF0,0xFF,0xFF,0xFF,0xFF,0xFF,  // 136
  0x00,0x00,0x00,0x00,0x00,0x00,0x00,0x00,0x00,0x00,0x00,0x00,0x00,0x00,0x00,0x00,0x00,0x00,0x00,0x00,0x00,0x00,0x00,0x00,0x00,0xF0,0xFF,0xFF,0xFF,0xFF,0xFF,0x00,0x00,0xF0,0xFF,0xFF,0xFF,0xFF,0xFF,0x00,0x00,0xF0,0xFF,0xFF,0xFF,0xFF,0xFF,0x00,0x00,0x70,0x00,0x00,0x00,0x00,0xE0,0x00,0x00,0x70,0x00,0x00,0x00,0x00,0xE0,0x00,0x00,0x70,0x00,0x00,0x00,0x00,0xE0,0x00,0x00,0x70,0x00,0x00,0x00,0x00,0xE0,0x00,0x00,0x70,0x00,0x00,0x00,0x00,0xE0,0x00,0x00,0x70,0x00,0x00,0x00,0x00,0xE0,0x00,0x00,0x70,0x00,0x00,0x00,0x00,0xE0,0x00,0x00,0x70,0x00,0x00,0x00,0x00,0xE0,0x00,0x00,0x70,0x00,0x00,0x00,0x00,0xE0,0x00,0x00,0x70,0x00,0x00,0x00,0x00,0xE0,0x00,0x00,0x70,0x00,0x00,0x00,0x00,0xE0,0x00,0x00,0x70,0x00,0x00,0x00,0x00,0xE0,0x00,0x00,0x70,0x00,0x00,0x00,0x00,0xE0,0x00,0x00,0x70,0x00,0x00,0x00,0x00,0xE0,0x00,0x00,0x70,0x00,0x00,0x00,0x00,0xE0,0x00,0x00,0x70,0x00,0x00,0x00,0x00,0xE0,0x00,0x00,0x70,0x00,0x00,0x00,0x00,0xE0,0x00,0x00,0x70,0x00,0x00,0x00,0x00,0xE0,0x00,0x00,0x70,0x00,0x00,0x00,0x00,0xE0,0x00,0x00,0xF0,0xFF,0xFF,0xFF,0xFF,0xFF,0x00,0x00,0xF0,0xFF,0xFF,0xFF,0xFF,0xFF,0x00,0x00,0xF0,0xFF,0xFF,0xFF,0xFF,0xFF,  // 137
  0x00,0x00,0x00,0x00,0x00,0x00,0x00,0x00,0x00,0x00,0x00,0x00,0x00,0x00,0x00,0x00,0x00,0x00,0x00,0x00,0x00,0x00,0x00,0x00,0x00,0xF0,0xFF,0xFF,0xFF,0xFF,0xFF,0x00,0x00,0xF0,0xFF,0xFF,0xFF,0xFF,0xFF,0x00,0x00,0xF0,0xFF,0xFF,0xFF,0xFF,0xFF,0x00,0x00,0x70,0x00,0x00,0x00,0x00,0xE0,0x00,0x00,0x70,0x00,0x00,0x00,0x00,0xE0,0x00,0x00,0x70,0x00,0x00,0x00,0x00,0xE0,0x00,0x00,0x70,0x00,0x00,0x00,0x00,0xE0,0x00,0x00,0x70,0x00,0x00,0x00,0x00,0xE0,0x00,0x00,0x70,0x00,0x00,0x00,0x00,0xE0,0x00,0x00,0x70,0x00,0x00,0x00,0x00,0xE0,0x00,0x00,0x70,0x00,0x00,0x00,0x00,0xE0,0x00,0x00,0x70,0x00,0x00,0x00,0x00,0xE0,0x00,0x00,0x70,0x00,0x00,0x00,0x00,0xE0,0x00,0x00,0x70,0x00,0x00,0x00,0x00,0xE0,0x00,0x00,0x70,0x00,0x00,0x00,0x00,0xE0,0x00,0x00,0x70,0x00,0x00,0x00,0x00,0xE0,0x00,0x00,0x70,0x00,0x00,0x00,0x00,0xE0,0x00,0x00,0x70,0x00,0x00,0x00,0x00,0xE0,0x00,0x00,0x70,0x00,0x00,0x00,0x00,0xE0,0x00,0x00,0x70,0x00,0x00,0x00,0x00,0xE0,0x00,0x00,0x70,0x00,0x00,0x00,0x00,0xE0,0x00,0x00,0x70,0x00,0x00,0x00,0x00,0xE0,0x00,0x00,0xF0,0xFF,0xFF,0xFF,0xFF,0xFF,0x00,0x00,0xF0,0xFF,0xFF,0xFF,0xFF,0xFF,0x00,0x00,0xF0,0xFF,0xFF,0xFF,0xFF,0xFF,  // 138
  0x00,0x00,0x00,0x00,0x00,0x00,0x00,0x00,0x00,0x00,0x00,0x00,0x00,0x00,0x00,0x00,0x00,0x00,0x00,0x00,0x00,0x00,0x00,0x00,0x00,0xF0,0xFF,0xFF,0xFF,0xFF,0xFF,0x00,0x00,0xF0,0xFF,0xFF,0xFF,0xFF,0xFF,0x00,0x00,0xF0,0xFF,0xFF,0xFF,0xFF,0xFF,0x00,0x00,0x70,0x00,0x00,0x00,0x00,0xE0,0x00,0x00,0x70,0x00,0x00,0x00,0x00,0xE0,0x00,0x00,0x70,0x00,0x00,0x00,0x00,0xE0,0x00,0x00,0x70,0x00,0x00,0x00,0x00,0xE0,0x00,0x00,0x70,0x00,0x00,0x00,0x00,0xE0,0x00,0x00,0x70,0x00,0x00,0x00,0x00,0xE0,0x00,0x00,0x70,0x00,0x00,0x00,0x00,0xE0,0x00,0x00,0x70,0x00,0x00,0x00,0x00,0xE0,0x00,0x00,0x70,0x00,0x00,0x00,0x00,0xE0,0x00,0x00,0x70,0x00,0x00,0x00,0x00,0xE0,0x00,0x00,0x70,0x00,0x00,0x00,0x00,0xE0,0x00,0x00,0x70,0x00,0x00,0x00,0x00,0xE0,0x00,0x00,0x70,0x00,0x00,0x00,0x00,0xE0,0x00,0x00,0x70,0x00,0x00,0x00,0x00,0xE0,0x00,0x00,0x70,0x00,0x00,0x00,0x00,0xE0,0x00,0x00,0x70,0x00,0x00,0x00,0x00,0xE0,0x00,0x00,0x70,0x00,0x00,0x00,0x00,0xE0,0x00,0x00,0x70,0x00,0x00,0x00,0x00,0xE0,0x00,0x00,0x70,0x00,0x00,0x00,0x00,0xE0,0x00,0x00,0xF0,0xFF,0xFF,0xFF,0xFF,0xFF,0x00,0x00,0xF0,0xFF,0xFF,0xFF,0xFF,0xFF,0x00,0x00,0xF0,0xFF,0xFF,0xFF,0xFF,0xFF,  // 139
  0x00,0x00,0x00,0x00,0x00,0x00,0x00,0x00,0x00,0x00,0x00,0x00,0x00,0x00,0x00,0x00,0x00,0x00,0x00,0x00,0x00,0x00,0x00,0x00,0x00,0xF0,0xFF,0xFF,0xFF,0xFF,0xFF,0x00,0x00,0xF0,0xFF,0xFF,0xFF,0xFF,0xFF,0x00,0x00,0xF0,0xFF,0xFF,0xFF,0xFF,0xFF,0x00,0x00,0x70,0x00,0x00,0x00,0x00,0xE0,0x00,0x00,0x70,0x00,0x00,0x00,0x00,0xE0,0x00,0x00,0x70,0x00,0x00,0x00,0x00,0xE0,0x00,0x00,0x70,0x00,0x00,0x00,0x00,0xE0,0x00,0x00,0x70,0x00,0x00,0x00,0x00,0xE0,0x00,0x00,0x70,0x00,0x00,0x00,0x00,0xE0,0x00,0x00,0x70,0x00,0x00,0x00,0x00,0xE0,0x00,0x00,0x70,0x00,0x00,0x00,0x00,0xE0,0x00,0x00,0x70,0x00,0x00,0x00,0x00,0xE0,0x00,0x00,0x70,0x00,0x00,0x00,0x00,0xE0,0x00,0x00,0x70,0x00,0x00,0x00,0x00,0xE0,0x00,0x00,0x70,0x00,0x00,0x00,0x00,0xE0,0x00,0x00,0x70,0x00,0x00,0x00,0x00,0xE0,0x00,0x00,0x70,0x00,0x00,0x00,0x00,0xE0,0x00,0x00,0x70,0x00,0x00,0x00,0x00,0xE0,0x00,0x00,0x70,0x00,0x00,0x00,0x00,0xE0,0x00,0x00,0x70,0x00,0x00,0x00,0x00,0xE0,0x00,0x00,0x70,0x00,0x00,0x00,0x00,0xE0,0x00,0x00,0x70,0x00,0x00,0x00,0x00,0xE0,0x00,0x00,0xF0,0xFF,0xFF,0xFF,0xFF,0xFF,0x00,0x00,0xF0,0xFF,0xFF,0xFF,0xFF,0xFF,0x00,0x00,0xF0,0xFF,0xFF,0xFF,0xFF,0xFF,  // 140
  0x00,0x00,0x00,0x00,0x00,0x00,0x00,0x00,0x00,0x00,0x00,0x00,0x00,0x00,0x00,0x00,0x00,0x00,0x00,0x00,0x00,0x00,0x00,0x00,0x00,0xF0,0xFF,0xFF,0xFF,0xFF,0xFF,0x00,0x00,0xF0,0xFF,0xFF,0xFF,0xFF,0xFF,0x00,0x00,0xF0,0xFF,0xFF,0xFF,0xFF,0xFF,0x00,0x00,0x70,0x00,0x00,0x00,0x00,0xE0,0x00,0x00,0x70,0x00,0x00,0x00,0x00,0xE0,0x00,0x00,0x70,0x00,0x00,0x00,0x00,0xE0,0x00,0x00,0x70,0x00,0x00,0x00,0x00,0xE0,0x00,0x00,0x70,0x00,0x00,0x00,0x00,0xE0,0x00,0x00,0x70,0x00,0x00,0x00,0x00,0xE0,0x00,0x00,0x70,0x00,0x00,0x00,0x00,0xE0,0x00,0x00,0x70,0x00,0x00,0x00,0x00,0xE0,0x00,0x00,0x70,0x00,0x00,0x00,0x00,0xE0,0x00,0x00,0x70,0x00,0x00,0x00,0x00,0xE0,0x00,0x00,0x70,0x00,0x00,0x00,0x00,0xE0,0x00,0x00,0x70,0x00,0x00,0x00,0x00,0xE0,0x00,0x00,0x70,0x00,0x00,0x00,0x00,0xE0,0x00,0x00,0x70,0x00,0x00,0x00,0x00,0xE0,0x00,0x00,0x70,0x00,0x00,0x00,0x00,0xE0,0x00,0x00,0x70,0x00,0x00,0x00,0x00,0xE0,0x00,0x00,0x70,0x00,0x00,0x00,0x00,0xE0,0x00,0x00,0x70,0x00,0x00,0x00,0x00,0xE0,0x00,0x00,0x70,0x00,0x00,0x00,0x00,0xE0,0x00,0x00,0xF0,0xFF,0xFF,0xFF,0xFF,0xFF,0x00,0x00,0xF0,0xFF,0xFF,0xFF,0xFF,0xFF,0x00,0x00,0xF0,0xFF,0xFF,0xFF,0xFF,0xFF,  // 141
  0x00,0x00,0x00,0x00,0x00,0x00,0x00,0x00,0x00,0x00,0x00,0x00,0x00,0x00,0x00,0x00,0x00,0x00,0x00,0x00,0x00,0x00,0x00,0x00,0x00,0xF0,0xFF,0xFF,0xFF,0xFF,0xFF,0x00,0x00,0xF0,0xFF,0xFF,0xFF,0xFF,0xFF,0x00,0x00,0xF0,0xFF,0xFF,0xFF,0xFF,0xFF,0x00,0x00,0x70,0x00,0x00,0x00,0x00,0xE0,0x00,0x00,0x70,0x00,0x00,0x00,0x00,0xE0,0x00,0x00,0x70,0x00,0x00,0x00,0x00,0xE0,0x00,0x00,0x70,0x00,0x00,0x00,0x00,0xE0,0x00,0x00,0x70,0x00,0x00,0x00,0x00,0xE0,0x00,0x00,0x70,0x00,0x00,0x00,0x00,0xE0,0x00,0x00,0x70,0x00,0x00,0x00,0x00,0xE0,0x00,0x00,0x70,0x00,0x00,0x00,0x00,0xE0,0x00,0x00,0x70,0x00,0x00,0x00,0x00,0xE0,0x00,0x00,0x70,0x00,0x00,0x00,0x00,0xE0,0x00,0x00,0x70,0x00,0x00,0x00,0x00,0xE0,0x00,0x00,0x70,0x00,0x00,0x00,0x00,0xE0,0x00,0x00,0x70,0x00,0x00,0x00,0x00,0xE0,0x00,0x00,0x70,0x00,0x00,0x00,0x00,0xE0,0x00,0x00,0x70,0x00,0x00,0x00,0x00,0xE0,0x00,0x00,0x70,0x00,0x00,0x00,0x00,0xE0,0x00,0x00,0x70,0x00,0x00,0x00,0x00,0xE0,0x00,0x00,0x70,0x00,0x00,0x00,0x00,0xE0,0x00,0x00,0x70,0x00,0x00,0x00,0x00,0xE0,0x00,0x00,0xF0,0xFF,0xFF,0xFF,0xFF,0xFF,0x00,0x00,0xF0,0xFF,0xFF,0xFF,0xFF,0xFF,0x00,0x00,0xF0,0xFF,0xFF,0xFF,0xFF,0xFF,  // 142
  0x00,0x00,0x00,0x00,0x00,0x00,0x00,0x00,0x00,0x00,0x00,0x00,0x00,0x00,0x00,0x00,0x00,0x00,0x00,0x00,0x00,0x00,0x00,0x00,0x00,0xF0,0xFF,0xFF,0xFF,0xFF,0xFF,0x00,0x00,0xF0,0xFF,0xFF,0xFF,0xFF,0xFF,0x00,0x00,0xF0,0xFF,0xFF,0xFF,0xFF,0xFF,0x00,0x00,0x70,0x00,0x00,0x00,0x00,0xE0,0x00,0x00,0x70,0x00,0x00,0x00,0x00,0xE0,0x00,0x00,0x70,0x00,0x00,0x00,0x00,0xE0,0x00,0x00,0x70,0x00,0x00,0x00,0x00,0xE0,0x00,0x00,0x70,0x00,0x00,0x00,0x00,0xE0,0x00,0x00,0x70,0x00,0x00,0x00,0x00,0xE0,0x00,0x00,0x70,0x00,0x00,0x00,0x00,0xE0,0x00,0x00,0x70,0x00,0x00,0x00,0x00,0xE0,0x00,0x00,0x70,0x00,0x00,0x00,0x00,0xE0,0x00,0x00,0x70,0x00,0x00,0x00,0x00,0xE0,0x00,0x00,0x70,0x00,0x00,0x00,0x00,0xE0,0x00,0x00,0x70,0x00,0x00,0x00,0x00,0xE0,0x00,0x00,0x70,0x00,0x00,0x00,0x00,0xE0,0x00,0x00,0x70,0x00,0x00,0x00,0x00,0xE0,0x00,0x00,0x70,0x00,0x00,0x00,0x00,0xE0,0x00,0x00,0x70,0x00,0x00,0x00,0x00,0xE0,0x00,0x00,0x70,0x00,0x00,0x00,0x00,0xE0,0x00,0x00,0x70,0x00,0x00,0x00,0x00,0xE0,0x00,0x00,0x70,0x00,0x00,0x00,0x00,0xE0,0x00,0x00,0xF0,0xFF,0xFF,0xFF,0xFF,0xFF,0x00,0x00,0xF0,0xFF,0xFF,0xFF,0xFF,0xFF,0x00,0x00,0xF0,0xFF,0xFF,0xFF,0xFF,0xFF,  // 143
  0x00,0x00,0x00,0x00,0x00,0x00,0x00,0x00,0x00,0x00,0x00,0x00,0x00,0x00,0x00,0x00,0x00,0x00,0x00,0x00,0x00,0x00,0x00,0x00,0x00,0xF0,0xFF,0xFF,0xFF,0xFF,0xFF,0x00,0x00,0xF0,0xFF,0xFF,0xFF,0xFF,0xFF,0x00,0x00,0xF0,0xFF,0xFF,0xFF,0xFF,0xFF,0x00,0x00,0x70,0x00,0x00,0x00,0x00,0xE0,0x00,0x00,0x70,0x00,0x00,0x00,0x00,0xE0,0x00,0x00,0x70,0x00,0x00,0x00,0x00,0xE0,0x00,0x00,0x70,0x00,0x00,0x00,0x00,0xE0,0x00,0x00,0x70,0x00,0x00,0x00,0x00,0xE0,0x00,0x00,0x70,0x00,0x00,0x00,0x00,0xE0,0x00,0x00,0x70,0x00,0x00,0x00,0x00,0xE0,0x00,0x00,0x70,0x00,0x00,0x00,0x00,0xE0,0x00,0x00,0x70,0x00,0x00,0x00,0x00,0xE0,0x00,0x00,0x70,0x00,0x00,0x00,0x00,0xE0,0x00,0x00,0x70,0x00,0x00,0x00,0x00,0xE0,0x00,0x00,0x70,0x00,0x00,0x00,0x00,0xE0,0x00,0x00,0x70,0x00,0x00,0x00,0x00,0xE0,0x00,0x00,0x70,0x00,0x00,0x00,0x00,0xE0,0x00,0x00,0x70,0x00,0x00,0x00,0x00,0xE0,0x00,0x00,0x70,0x00,0x00,0x00,0x00,0xE0,0x00,0x00,0x70,0x00,0x00,0x00,0x00,0xE0,0x00,0x00,0x70,0x00,0x00,0x00,0x00,0xE0,0x00,0x00,0x70,0x00,0x00,0x00,0x00,0xE0,0x00,0x00,0xF0,0xFF,0xFF,0xFF,0xFF,0xFF,0x00,0x00,0xF0,0xFF,0xFF,0xFF,0xFF,0xFF,0x00,0x00,0xF0,0xFF,0xFF,0xFF,0xFF,0xFF,  // 144
  0x00,0x00,0x00,0x00,0x00,0x00,0x00,0x00,0x00,0x00,0x00,0x00,0x00,0x00,0x00,0x00,0x00,0x00,0x00,0x00,0x00,0x00,0x00,0x00,0x00,0xF0,0xFF,0xFF,0xFF,0xFF,0xFF,0x00,0x00,0xF0,0xFF,0xFF,0xFF,0xFF,0xFF,0x00,0x00,0xF0,0xFF,0xFF,0xFF,0xFF,0xFF,0x00,0x00,0x70,0x00,0x00,0x00,0x00,0xE0,0x00,0x00,0x70,0x00,0x00,0x00,0x00,0xE0,0x00,0x00,0x70,0x00,0x00,0x00,0x00,0xE0,0x00,0x00,0x70,0x00,0x00,0x00,0x00,0xE0,0x00,0x00,0x70,0x00,0x00,0x00,0x00,0xE0,0x00,0x00,0x70,0x00,0x00,0x00,0x00,0xE0,0x00,0x00,0x70,0x00,0x00,0x00,0x00,0xE0,0x00,0x00,0x70,0x00,0x00,0x00,0x00,0xE0,0x00,0x00,0x70,0x00,0x00,0x00,0x00,0xE0,0x00,0x00,0x70,0x00,0x00,0x00,0x00,0xE0,0x00,0x00,0x70,0x00,0x00,0x00,0x00,0xE0,0x00,0x00,0x70,0x00,0x00,0x00,0x00,0xE0,0x00,0x00,0x70,0x00,0x00,0x00,0x00,0xE0,0x00,0x00,0x70,0x00,0x00,0x00,0x00,0xE0,0x00,0x00,0x70,0x00,0x00,0x00,0x00,0xE0,0x00,0x00,0x70,0x00,0x00,0x00,0x00,0xE0,0x00,0x00,0x70,0x00,0x00,0x00,0x00,0xE0,0x00,0x00,0x70,0x00,0x00,0x00,0x00,0xE0,0x00,0x00,0x70,0x00,0x00,0x00,0x00,0xE0,0x00,0x00,0xF0,0xFF,0xFF,0xFF,0xFF,0xFF,0x00,0x00,0xF0,0xFF,0xFF,0xFF,0xFF,0xFF,0x00,0x00,0xF0,0xFF,0xFF,0xFF,0xFF,0xFF,  // 145
  0x00,0x00,0x00,0x00,0x00,0x00,0x00,0x00,0x00,0x00,0x00,0x00,0x00,0x00,0x00,0x00,0x00,0x00,0x00,0x00,0x00,0x00,0x00,0x00,0x00,0xF0,0xFF,0xFF,0xFF,0xFF,0xFF,0x00,0x00,0xF0,0xFF,0xFF,0xFF,0xFF,0xFF,0x00,0x00,0xF0,0xFF,0xFF,0xFF,0xFF,0xFF,0x00,0x00,0x70,0x00,0x00,0x00,0x00,0xE0,0x00,0x00,0x70,0x00,0x00,0x00,0x00,0xE0,0x00,0x00,0x70,0x00,0x00,0x00,0x00,0xE0,0x00,0x00,0x70,0x00,0x00,0x00,0x00,0xE0,0x00,0x00,0x70,0x00,0x00,0x00,0x00,0xE0,0x00,0x00,0x70,0x00,0x00,0x00,0x00,0xE0,0x00,0x00,0x70,0x00,0x00,0x00,0x00,0xE0,0x00,0x00,0x70,0x00,0x00,0x00,0x00,0xE0,0x00,0x00,0x70,0x00,0x00,0x00,0x00,0xE0,0x00,0x00,0x70,0x00,0x00,0x00,0x00,0xE0,0x00,0x00,0x70,0x00,0x00,0x00,0x00,0xE0,0x00,0x00,0x70,0x00,0x00,0x00,0x00,0xE0,0x00,0x00,0x70,0x00,0x00,0x00,0x00,0xE0,0x00,0x00,0x70,0x00,0x00,0x00,0x00,0xE0,0x00,0x00,0x70,0x00,0x00,0x00,0x00,0xE0,0x00,0x00,0x70,0x00,0x00,0x00,0x00,0xE0,0x00,0x00,0x70,0x00,0x00,0x00,0x00,0xE0,0x00,0x00,0x70,0x00,0x00,0x00,0x00,0xE0,0x00,0x00,0x70,0x00,0x00,0x00,0x00,0xE0,0x00,0x00,0xF0,0xFF,0xFF,0xFF,0xFF,0xFF,0x00,0x00,0xF0,0xFF,0xFF,0xFF,0xFF,0xFF,0x00,0x00,0xF0,0xFF,0xFF,0xFF,0xFF,0xFF,  // 146
  0x00,0x00,0x00,0x00,0x00,0x00,0x00,0x00,0x00,0x00,0x00,0x00,0x00,0x00,0x00,0x00,0x00,0x00,0x00,0x00,0x00,0x00,0x00,0x00,0x00,0xF0,0xFF,0xFF,0xFF,0xFF,0xFF,0x00,0x00,0xF0,0xFF,0xFF,0xFF,0xFF,0xFF,0x00,0x00,0xF0,0xFF,0xFF,0xFF,0xFF,0xFF,0x00,0x00,0x70,0x00,0x00,0x00,0x00,0xE0,0x00,0x00,0x70,0x00,0x00,0x00,0x00,0xE0,0x00,0x00,0x70,0x00,0x00,0x00,0x00,0xE0,0x00,0x00,0x70,0x00,0x00,0x00,0x00,0xE0,0x00,0x00,0x70,0x00,0x00,0x00,0x00,0xE0,0x00,0x00,0x70,0x00,0x00,0x00,0x00,0xE0,0x00,0x00,0x70,0x00,0x00,0x00,0x00,0xE0,0x00,0x00,0x70,0x00,0x00,0x00,0x00,0xE0,0x00,0x00,0x70,0x00,0x00,0x00,0x00,0xE0,0x00,0x00,0x70,0x00,0x00,0x00,0x00,0xE0,0x00,0x00,0x70,0x00,0x00,0x00,0x00,0xE0,0x00,0x00,0x70,0x00,0x00,0x00,0x00,0xE0,0x00,0x00,0x70,0x00,0x00,0x00,0x00,0xE0,0x00,0x00,0x70,0x00,0x00,0x00,0x00,0xE0,0x00,0x00,0x70,0x00,0x00,0x00,0x00,0xE0,0x00,0x00,0x70,0x00,0x00,0x00,0x00,0xE0,0x00,0x00,0x70,0x00,0x00,0x00,0x00,0xE0,0x00,0x00,0x70,0x00,0x00,0x00,0x00,0xE0,0x00,0x00,0x70,0x00,0x00,0x00,0x00,0xE0,0x00,0x00,0xF0,0xFF,0xFF,0xFF,0xFF,0xFF,0x00,0x00,0xF0,0xFF,0xFF,0xFF,0xFF,0xFF,0x00,0x00,0xF0,0xFF,0xFF,0xFF,0xFF,0xFF,  // 147
  0x00,0x00,0x00,0x00,0x00,0x00,0x00,0x00,0x00,0x00,0x00,0x00,0x00,0x00,0x00,0x00,0x00,0x00,0x00,0x00,0x00,0x00,0x00,0x00,0x00,0xF0,0xFF,0xFF,0xFF,0xFF,0xFF,0x00,0x00,0xF0,0xFF,0xFF,0xFF,0xFF,0xFF,0x00,0x00,0xF0,0xFF,0xFF,0xFF,0xFF,0xFF,0x00,0x00,0x70,0x00,0x00,0x00,0x00,0xE0,0x00,0x00,0x70,0x00,0x00,0x00,0x00,0xE0,0x00,0x00,0x70,0x00,0x00,0x00,0x00,0xE0,0x00,0x00,0x70,0x00,0x00,0x00,0x00,0xE0,0x00,0x00,0x70,0x00,0x00,0x00,0x00,0xE0,0x00,0x00,0x70,0x00,0x00,0x00,0x00,0xE0,0x00,0x00,0x70,0x00,0x00,0x00,0x00,0xE0,0x00,0x00,0x70,0x00,0x00,0x00,0x00,0xE0,0x00,0x00,0x70,0x00,0x00,0x00,0x00,0xE0,0x00,0x00,0x70,0x00,0x00,0x00,0x00,0xE0,0x00,0x00,0x70,0x00,0x00,0x00,0x00,0xE0,0x00,0x00,0x70,0x00,0x00,0x00,0x00,0xE0,0x00,0x00,0x70,0x00,0x00,0x00,0x00,0xE0,0x00,0x00,0x70,0x00,0x00,0x00,0x00,0xE0,0x00,0x00,0x70,0x00,0x00,0x00,0x00,0xE0,0x00,0x00,0x70,0x00,0x00,0x00,0x00,0xE0,0x00,0x00,0x70,0x00,0x00,0x00,0x00,0xE0,0x00,0x00,0x70,0x00,0x00,0x00,0x00,0xE0,0x00,0x00,0x70,0x00,0x00,0x00,0x00,0xE0,0x00,0x00,0xF0,0xFF,0xFF,0xFF,0xFF,0xFF,0x00,0x00,0xF0,0xFF,0xFF,0xFF,0xFF,0xFF,0x00,0x00,0xF0,0xFF,0xFF,0xFF,0xFF,0xFF,  // 148
  0x00,0x00,0x00,0x00,0x00,0x00,0x00,0x00,0x00,0x00,0x00,0x00,0x00,0x00,0x00,0x00,0x00,0x00,0x00,0x00,0x00,0x00,0x00,0x00,0x00,0xF0,0xFF,0xFF,0xFF,0xFF,0xFF,0x00,0x00,0xF0,0xFF,0xFF,0xFF,0xFF,0xFF,0x00,0x00,0xF0,0xFF,0xFF,0xFF,0xFF,0xFF,0x00,0x00,0x70,0x00,0x00,0x00,0x00,0xE0,0x00,0x00,0x70,0x00,0x00,0x00,0x00,0xE0,0x00,0x00,0x70,0x00,0x00,0x00,0x00,0xE0,0x00,0x00,0x70,0x00,0x00,0x00,0x00,0xE0,0x00,0x00,0x70,0x00,0x00,0x00,0x00,0xE0,0x00,0x00,0x70,0x00,0x00,0x00,0x00,0xE0,0x00,0x00,0x70,0x00,0x00,0x00,0x00,0xE0,0x00,0x00,0x70,0x00,0x00,0x00,0x00,0xE0,0x00,0x00,0x70,0x00,0x00,0x00,0x00,0xE0,0x00,0x00,0x70,0x00,0x00,0x00,0x00,0xE0,0x00,0x00,0x70,0x00,0x00,0x00,0x00,0xE0,0x00,0x00,0x70,0x00,0x00,0x00,0x00,0xE0,0x00,0x00,0x70,0x00,0x00,0x00,0x00,0xE0,0x00,0x00,0x70,0x00,0x00,0x00,0x00,0xE0,0x00,0x00,0x70,0x00,0x00,0x00,0x00,0xE0,0x00,0x00,0x70,0x00,0x00,0x00,0x00,0xE0,0x00,0x00,0x70,0x00,0x00,0x00,0x00,0xE0,0x00,0x00,0x70,0x00,0x00,0x00,0x00,0xE0,0x00,0x00,0x70,0x00,0x00,0x00,0x00,0xE0,0x00,0x00,0xF0,0xFF,0xFF,0xFF,0xFF,0xFF,0x00,0x00,0xF0,0xFF,0xFF,0xFF,0xFF,0xFF,0x00,0x00,0xF0,0xFF,0xFF,0xFF,0xFF,0xFF,  // 149
  0x00,0x00,0x00,0x00,0x00,0x00,0x00,0x00,0x00,0x00,0x00,0x00,0x00,0x00,0x00,0x00,0x00,0x00,0x00,0x00,0x00,0x00,0x00,0x00,0x00,0xF0,0xFF,0xFF,0xFF,0xFF,0xFF,0x00,0x00,0xF0,0xFF,0xFF,0xFF,0xFF,0xFF,0x00,0x00,0xF0,0xFF,0xFF,0xFF,0xFF,0xFF,0x00,0x00,0x70,0x00,0x00,0x00,0x00,0xE0,0x00,0x00,0x70,0x00,0x00,0x00,0x00,0xE0,0x00,0x00,0x70,0x00,0x00,0x00,0x00,0xE0,0x00,0x00,0x70,0x00,0x00,0x00,0x00,0xE0,0x00,0x00,0x70,0x00,0x00,0x00,0x00,0xE0,0x00,0x00,0x70,0x00,0x00,0x00,0x00,0xE0,0x00,0x00,0x70,0x00,0x00,0x00,0x00,0xE0,0x00,0x00,0x70,0x00,0x00,0x00,0x00,0xE0,0x00,0x00,0x70,0x00,0x00,0x00,0x00,0xE0,0x00,0x00,0x70,0x00,0x00,0x00,0x00,0xE0,0x00,0x00,0x70,0x00,0x00,0x00,0x00,0xE0,0x00,0x00,0x70,0x00,0x00,0x00,0x00,0xE0,0x00,0x00,0x70,0x00,0x00,0x00,0x00,0xE0,0x00,0x00,0x70,0x00,0x00,0x00,0x00,0xE0,0x00,0x00,0x70,0x00,0x00,0x00,0x00,0xE0,0x00,0x00,0x70,0x00,0x00,0x00,0x00,0xE0,0x00,0x00,0x70,0x00,0x00,0x00,0x00,0xE0,0x00,0x00,0x70,0x00,0x00,0x00,0x00,0xE0,0x00,0x00,0x70,0x00,0x00,0x00,0x00,0xE0,0x00,0x00,0xF0,0xFF,0xFF,0xFF,0xFF,0xFF,0x00,0x00,0xF0,0xFF,0xFF,0xFF,0xFF,0xFF,0x00,0x00,0xF0,0xFF,0xFF,0xFF,0xFF,0xFF,  // 150
  0x00,0x00,0x00,0x00,0x00,0x00,0x00,0x00,0x00,0x00,0x00,0x00,0x00,0x00,0x00,0x00,0x00,0x00,0x00,0x00,0x00,0x00,0x00,0x00,0x00,0xF0,0xFF,0xFF,0xFF,0xFF,0xFF,0x00,0x00,0xF0,0xFF,0xFF,0xFF,0xFF,0xFF,0x00,0x00,0xF0,0xFF,0xFF,0xFF,0xFF,0xFF,0x00,0x00,0x70,0x00,0x00,0x00,0x00,0xE0,0x00,0x00,0x70,0x00,0x00,0x00,0x00,0xE0,0x00,0x00,0x70,0x00,0x00,0x00,0x00,0xE0,0x00,0x00,0x70,0x00,0x00,0x00,0x00,0xE0,0x00,0x00,0x70,0x00,0x00,0x00,0x00,0xE0,0x00,0x00,0x70,0x00,0x00,0x00,0x00,0xE0,0x00,0x00,0x70,0x00,0x00,0x00,0x00,0xE0,0x00,0x00,0x70,0x00,0x00,0x00,0x00,0xE0,0x00,0x00,0x70,0x00,0x00,0x00,0x00,0xE0,0x00,0x00,0x70,0x00,0x00,0x00,0x00,0xE0,0x00,0x00,0x70,0x00,0x00,0x00,0x00,0xE0,0x00,0x00,0x70,0x00,0x00,0x00,0x00,0xE0,0x00,0x00,0x70,0x00,0x00,0x00,0x00,0xE0,0x00,0x00,0x70,0x00,0x00,0x00,0x00,0xE0,0x00,0x00,0x70,0x00,0x00,0x00,0x00,0xE0,0x00,0x00,0x70,0x00,0x00,0x00,0x00,0xE0,0x00,0x00,0x70,0x00,0x00,0x00,0x00,0xE0,0x00,0x00,0x70,0x00,0x00,0x00,0x00,0xE0,0x00,0x00,0x70,0x00,0x00,0x00,0x00,0xE0,0x00,0x00,0xF0,0xFF,0xFF,0xFF,0xFF,0xFF,0x00,0x00,0xF0,0xFF,0xFF,0xFF,0xFF,0xFF,0x00,0x00,0xF0,0xFF,0xFF,0xFF,0xFF,0xFF,  // 151
  0x00,0x00,0x00,0x00,0x00,0x00,0x00,0x00,0x00,0x00,0x00,0x00,0x00,0x00,0x00,0x00,0x00,0x00,0x00,0x00,0x00,0x00,0x00,0x00,0x00,0xF0,0xFF,0xFF,0xFF,0xFF,0xFF,0x00,0x00,0xF0,0xFF,0xFF,0xFF,0xFF,0xFF,0x00,0x00,0xF0,0xFF,0xFF,0xFF,0xFF,0xFF,0x00,0x00,0x70,0x00,0x00,0x00,0x00,0xE0,0x00,0x00,0x70,0x00,0x00,0x00,0x00,0xE0,0x00,0x00,0x70,0x00,0x00,0x00,0x00,0xE0,0x00,0x00,0x70,0x00,0x00,0x00,0x00,0xE0,0x00,0x00,0x70,0x00,0x00,0x00,0x00,0xE0,0x00,0x00,0x70,0x00,0x00,0x00,0x00,0xE0,0x00,0x00,0x70,0x00,0x00,0x00,0x00,0xE0,0x00,0x00,0x70,0x00,0x00,0x00,0x00,0xE0,0x00,0x00,0x70,0x00,0x00,0x00,0x00,0xE0,0x00,0x00,0x70,0x00,0x00,0x00,0x00,0xE0,0x00,0x00,0x70,0x00,0x00,0x00,0x00,0xE0,0x00,0x00,0x70,0x00,0x00,0x00,0x00,0xE0,0x00,0x00,0x70,0x00,0x00,0x00,0x00,0xE0,0x00,0x00,0x70,0x00,0x00,0x00,0x00,0xE0,0x00,0x00,0x70,0x00,0x00,0x00,0x00,0xE0,0x00,0x00,0x70,0x00,0x00,0x00,0x00,0xE0,0x00,0x00,0x70,0x00,0x00,0x00,0x00,0xE0,0x00,0x00,0x70,0x00,0x00,0x00,0x00,0xE0,0x00,0x00,0x70,0x00,0x00,0x00,0x00,0xE0,0x00,0x00,0xF0,0xFF,0xFF,0xFF,0xFF,0xFF,0x00,0x00,0xF0,0xFF,0xFF,0xFF,0xFF,0xFF,0x00,0x00,0xF0,0xFF,0xFF,0xFF,0xFF,0xFF,  // 152
  0x00,0x00,0x00,0x00,0x00,0x00,0x00,0x00,0x00,0x00,0x00,0x00,0x00,0x00,0x00,0x00,0x00,0x00,0x00,0x00,0x00,0x00,0x00,0x00,0x00,0xF0,0xFF,0xFF,0xFF,0xFF,0xFF,0x00,0x00,0xF0,0xFF,0xFF,0xFF,0xFF,0xFF,0x00,0x00,0xF0,0xFF,0xFF,0xFF,0xFF,0xFF,0x00,0x00,0x70,0x00,0x00,0x00,0x00,0xE0,0x00,0x00,0x70,0x00,0x00,0x00,0x00,0xE0,0x00,0x00,0x70,0x00,0x00,0x00,0x00,0xE0,0x00,0x00,0x70,0x00,0x00,0x00,0x00,0xE0,0x00,0x00,0x70,0x00,0x00,0x00,0x00,0xE0,0x00,0x00,0x70,0x00,0x00,0x00,0x00,0xE0,0x00,0x00,0x70,0x00,0x00,0x00,0x00,0xE0,0x00,0x00,0x70,0x00,0x00,0x00,0x00,0xE0,0x00,0x00,0x70,0x00,0x00,0x00,0x00,0xE0,0x00,0x00,0x70,0x00,0x00,0x00,0x00,0xE0,0x00,0x00,0x70,0x00,0x00,0x00,0x00,0xE0,0x00,0x00,0x70,0x00,0x00,0x00,0x00,0xE0,0x00,0x00,0x70,0x00,0x00,0x00,0x00,0xE0,0x00,0x00,0x70,0x00,0x00,0x00,0x00,0xE0,0x00,0x00,0x70,0x00,0x00,0x00,0x00,0xE0,0x00,0x00,0x70,0x00,0x00,0x00,0x00,0xE0,0x00,0x00,0x70,0x00,0x00,0x00,0x00,0xE0,0x00,0x00,0x70,0x00,0x00,0x00,0x00,0xE0,0x00,0x00,0x70,0x00,0x00,0x00,0x00,0xE0,0x00,0x00,0xF0,0xFF,0xFF,0xFF,0xFF,0xFF,0x00,0x00,0xF0,0xFF,0xFF,0xFF,0xFF,0xFF,0x00,0x00,0xF0,0xFF,0xFF,0xFF,0xFF,0xFF,  // 153
  0x00,0x00,0x00,0x00,0x00,0x00,0x00,0x00,0x00,0x00,0x00,0x00,0x00,0x00,0x00,0x00,0x00,0x00,0x00,0x00,0x00,0x00,0x00,0x00,0x00,0xF0,0xFF,0xFF,0xFF,0xFF,0xFF,0x00,0x00,0xF0,0xFF,0xFF,0xFF,0xFF,0xFF,0x00,0x00,0xF0,0xFF,0xFF,0xFF,0xFF,0xFF,0x00,0x00,0x70,0x00,0x00,0x00,0x00,0xE0,0x00,0x00,0x70,0x00,0x00,0x00,0x00,0xE0,0x00,0x00,0x70,0x00,0x00,0x00,0x00,0xE0,0x00,0x00,0x70,0x00,0x00,0x00,0x00,0xE0,0x00,0x00,0x70,0x00,0x00,0x00,0x00,0xE0,0x00,0x00,0x70,0x00,0x00,0x00,0x00,0xE0,0x00,0x00,0x70,0x00,0x00,0x00,0x00,0xE0,0x00,0x00,0x70,0x00,0x00,0x00,0x00,0xE0,0x00,0x00,0x70,0x00,0x00,0x00,0x00,0xE0,0x00,0x00,0x70,0x00,0x00,0x00,0x00,0xE0,0x00,0x00,0x70,0x00,0x00,0x00,0x00,0xE0,0x00,0x00,0x70,0x00,0x00,0x00,0x00,0xE0,0x00,0x00,0x70,0x00,0x00,0x00,0x00,0xE0,0x00,0x00,0x70,0x00,0x00,0x00,0x00,0xE0,0x00,0x00,0x70,0x00,0x00,0x00,0x00,0xE0,0x00,0x00,0x70,0x00,0x00,0x00,0x00,0xE0,0x00,0x00,0x70,0x00,0x00,0x00,0x00,0xE0,0x00,0x00,0x70,0x00,0x00,0x00,0x00,0xE0,0x00,0x00,0x70,0x00,0x00,0x00,0x00,0xE0,0x00,0x00,0xF0,0xFF,0xFF,0xFF,0xFF,0xFF,0x00,0x00,0xF0,0xFF,0xFF,0xFF,0xFF,0xFF,0x00,0x00,0xF0,0xFF,0xFF,0xFF,0xFF,0xFF,  // 154
  0x00,0x00,0x00,0x00,0x00,0x00,0x00,0x00,0x00,0x00,0x00,0x00,0x00,0x00,0x00,0x00,0x00,0x00,0x00,0x00,0x00,0x00,0x00,0x00,0x00,0xF0,0xFF,0xFF,0xFF,0xFF,0xFF,0x00,0x00,0xF0,0xFF,0xFF,0xFF,0xFF,0xFF,0x00,0x00,0xF0,0xFF,0xFF,0xFF,0xFF,0xFF,0x00,0x00,0x70,0x00,0x00,0x00,0x00,0xE0,0x00,0x00,0x70,0x00,0x00,0x00,0x00,0xE0,0x00,0x00,0x70,0x00,0x00,0x00,0x00,0xE0,0x00,0x00,0x70,0x00,0x00,0x00,0x00,0xE0,0x00,0x00,0x70,0x00,0x00,0x00,0x00,0xE0,0x00,0x00,0x70,0x00,0x00,0x00,0x00,0xE0,0x00,0x00,0x70,0x00,0x00,0x00,0x00,0xE0,0x00,0x00,0x70,0x00,0x00,0x00,0x00,0xE0,0x00,0x00,0x70,0x00,0x00,0x00,0x00,0xE0,0x00,0x00,0x70,0x00,0x00,0x00,0x00,0xE0,0x00,0x00,0x70,0x00,0x00,0x00,0x00,0xE0,0x00,0x00,0x70,0x00,0x00,0x00,0x00,0xE0,0x00,0x00,0x70,0x00,0x00,0x00,0x00,0xE0,0x00,0x00,0x70,0x00,0x00,0x00,0x00,0xE0,0x00,0x00,0x70,0x00,0x00,0x00,0x00,0xE0,0x00,0x00,0x70,0x00,0x00,0x00,0x00,0xE0,0x00,0x00,0x70,0x00,0x00,0x00,0x00,0xE0,0x00,0x00,0x70,0x00,0x00,0x00,0x00,0xE0,0x00,0x00,0x70,0x00,0x00,0x00,0x00,0xE0,0x00,0x00,0xF0,0xFF,0xFF,0xFF,0xFF,0xFF,0x00,0x00,0xF0,0xFF,0xFF,0xFF,0xFF,0xFF,0x00,0x00,0xF0,0xFF,0xFF,0xFF,0xFF,0xFF,  // 155
  0x00,0x00,0x00,0x00,0x00,0x00,0x00,0x00,0x00,0x00,0x00,0x00,0x00,0x00,0x00,0x00,0x00,0x00,0x00,0x00,0x00,0x00,0x00,0x00,0x00,0xF0,0xFF,0xFF,0xFF,0xFF,0xFF,0x00,0x00,0xF0,0xFF,0xFF,0xFF,0xFF,0xFF,0x00,0x00,0xF0,0xFF,0xFF,0xFF,0xFF,0xFF,0x00,0x00,0x70,0x00,0x00,0x00,0x00,0xE0,0x00,0x00,0x70,0x00,0x00,0x00,0x00,0xE0,0x00,0x00,0x70,0x00,0x00,0x00,0x00,0xE0,0x00,0x00,0x70,0x00,0x00,0x00,0x00,0xE0,0x00,0x00,0x70,0x00,0x00,0x00,0x00,0xE0,0x00,0x00,0x70,0x00,0x00,0x00,0x00,0xE0,0x00,0x00,0x70,0x00,0x00,0x00,0x00,0xE0,0x00,0x00,0x70,0x00,0x00,0x00,0x00,0xE0,0x00,0x00,0x70,0x00,0x00,0x00,0x00,0xE0,0x00,0x00,0x70,0x00,0x00,0x00,0x00,0xE0,0x00,0x00,0x70,0x00,0x00,0x00,0x00,0xE0,0x00,0x00,0x70,0x00,0x00,0x00,0x00,0xE0,0x00,0x00,0x70,0x00,0x00,0x00,0x00,0xE0,0x00,0x00,0x70,0x00,0x00,0x00,0x00,0xE0,0x00,0x00,0x70,0x00,0x00,0x00,0x00,0xE0,0x00,0x00,0x70,0x00,0x00,0x00,0x00,0xE0,0x00,0x00,0x70,0x00,0x00,0x00,0x00,0xE0,0x00,0x00,0x70,0x00,0x00,0x00,0x00,0xE0,0x00,0x00,0x70,0x00,0x00,0x00,0x00,0xE0,0x00,0x00,0xF0,0xFF,0xFF,0xFF,0xFF,0xFF,0x00,0x00,0xF0,0xFF,0xFF,0xFF,0xFF,0xFF,0x00,0x00,0xF0,0xFF,0xFF,0xFF,0xFF,0xFF,  // 156
  0x00,0x00,0x00,0x00,0x00,0x00,0x00,0x00,0x00,0x00,0x00,0x00,0x00,0x00,0x00,0x00,0x00,0x00,0x00,0x00,0x00,0x00,0x00,0x00,0x00,0xF0,0xFF,0xFF,0xFF,0xFF,0xFF,0x00,0x00,0xF0,0xFF,0xFF,0xFF,0xFF,0xFF,0x00,0x00,0xF0,0xFF,0xFF,0xFF,0xFF,0xFF,0x00,0x00,0x70,0x00,0x00,0x00,0x00,0xE0,0x00,0x00,0x70,0x00,0x00,0x00,0x00,0xE0,0x00,0x00,0x70,0x00,0x00,0x00,0x00,0xE0,0x00,0x00,0x70,0x00,0x00,0x00,0x00,0xE0,0x00,0x00,0x70,0x00,0x00,0x00,0x00,0xE0,0x00,0x00,0x70,0x00,0x00,0x00,0x00,0xE0,0x00,0x00,0x70,0x00,0x00,0x00,0x00,0xE0,0x00,0x00,0x70,0x00,0x00,0x00,0x00,0xE0,0x00,0x00,0x70,0x00,0x00,0x00,0x00,0xE0,0x00,0x00,0x70,0x00,0x00,0x00,0x00,0xE0,0x00,0x00,0x70,0x00,0x00,0x00,0x00,0xE0,0x00,0x00,0x70,0x00,0x00,0x00,0x00,0xE0,0x00,0x00,0x70,0x00,0x00,0x00,0x00,0xE0,0x00,0x00,0x70,0x00,0x00,0x00,0x00,0xE0,0x00,0x00,0x70,0x00,0x00,0x00,0x00,0xE0,0x00,0x00,0x70,0x00,0x00,0x00,0x00,0xE0,0x00,0x00,0x70,0x00,0x00,0x00,0x00,0xE0,0x00,0x00,0x70,0x00,0x00,0x00,0x00,0xE0,0x00,0x00,0x70,0x00,0x00,0x00,0x00,0xE0,0x00,0x00,0xF0,0xFF,0xFF,0xFF,0xFF,0xFF,0x00,0x00,0xF0,0xFF,0xFF,0xFF,0xFF,0xFF,0x00,0x00,0xF0,0xFF,0xFF,0xFF,0xFF,0xFF,  // 157
  0x00,0x00,0x00,0x00,0x00,0x00,0x00,0x00,0x00,0x00,0x00,0x00,0x00,0x00,0x00,0x00,0x00,0x00,0x00,0x00,0x00,0x00,0x00,0x00,0x00,0xF0,0xFF,0xFF,0xFF,0xFF,0xFF,0x00,0x00,0xF0,0xFF,0xFF,0xFF,0xFF,0xFF,0x00,0x00,0xF0,0xFF,0xFF,0xFF,0xFF,0xFF,0x00,0x00,0x70,0x00,0x00,0x00,0x00,0xE0,0x00,0x00,0x70,0x00,0x00,0x00,0x00,0xE0,0x00,0x00,0x70,0x00,0x00,0x00,0x00,0xE0,0x00,0x00,0x70,0x00,0x00,0x00,0x00,0xE0,0x00,0x00,0x70,0x00,0x00,0x00,0x00,0xE0,0x00,0x00,0x70,0x00,0x00,0x00,0x00,0xE0,0x00,0x00,0x70,0x00,0x00,0x00,0x00,0xE0,0x00,0x00,0x70,0x00,0x00,0x00,0x00,0xE0,0x00,0x00,0x70,0x00,0x00,0x00,0x00,0xE0,0x00,0x00,0x70,0x00,0x00,0x00,0x00,0xE0,0x00,0x00,0x70,0x00,0x00,0x00,0x00,0xE0,0x00,0x00,0x70,0x00,0x00,0x00,0x00,0xE0,0x00,0x00,0x70,0x00,0x00,0x00,0x00,0xE0,0x00,0x00,0x70,0x00,0x00,0x00,0x00,0xE0,0x00,0x00,0x70,0x00,0x00,0x00,0x00,0xE0,0x00,0x00,0x70,0x00,0x00,0x00,0x00,0xE0,0x00,0x00,0x70,0x00,0x00,0x00,0x00,0xE0,0x00,0x00,0x70,0x00,0x00,0x00,0x00,0xE0,0x00,0x00,0x70,0x00,0x00,0x00,0x00,0xE0,0x00,0x00,0xF0,0xFF,0xFF,0xFF,0xFF,0xFF,0x00,0x00,0xF0,0xFF,0xFF,0xFF,0xFF,0xFF,0x00,0x00,0xF0,0xFF,0xFF,0xFF,0xFF,0xFF,  // 158
  0x00,0x00,0x00,0x00,0x00,0x00,0x00,0x00,0x00,0x00,0x00,0x00,0x00,0x00,0x00,0x00,0x00,0x00,0x00,0x00,0x00,0x00,0x00,0x00,0x00,0xF0,0xFF,0xFF,0xFF,0xFF,0xFF,0x00,0x00,0xF0,0xFF,0xFF,0xFF,0xFF,0xFF,0x00,0x00,0xF0,0xFF,0xFF,0xFF,0xFF,0xFF,0x00,0x00,0x70,0x00,0x00,0x00,0x00,0xE0,0x00,0x00,0x70,0x00,0x00,0x00,0x00,0xE0,0x00,0x00,0x70,0x00,0x00,0x00,0x00,0xE0,0x00,0x00,0x70,0x00,0x00,0x00,0x00,0xE0,0x00,0x00,0x70,0x00,0x00,0x00,0x00,0xE0,0x00,0x00,0x70,0x00,0x00,0x00,0x00,0xE0,0x00,0x00,0x70,0x00,0x00,0x00,0x00,0xE0,0x00,0x00,0x70,0x00,0x00,0x00,0x00,0xE0,0x00,0x00,0x70,0x00,0x00,0x00,0x00,0xE0,0x00,0x00,0x70,0x00,0x00,0x00,0x00,0xE0,0x00,0x00,0x70,0x00,0x00,0x00,0x00,0xE0,0x00,0x00,0x70,0x00,0x00,0x00,0x00,0xE0,0x00,0x00,0x70,0x00,0x00,0x00,0x00,0xE0,0x00,0x00,0x70,0x00,0x00,0x00,0x00,0xE0,0x00,0x00,0x70,0x00,0x00,0x00,0x00,0xE0,0x00,0x00,0x70,0x00,0x00,0x00,0x00,0xE0,0x00,0x00,0x70,0x00,0x00,0x00,0x00,0xE0,0x00,0x00,0x70,0x00,0x00,0x00,0x00,0xE0,0x00,0x00,0x70,0x00,0x00,0x00,0x00,0xE0,0x00,0x00,0xF0,0xFF,0xFF,0xFF,0xFF,0xFF,0x00,0x00,0xF0,0xFF,0xFF,0xFF,0xFF,0xFF,0x00,0x00,0xF0,0xFF,0xFF,0xFF,0xFF,0xFF,  // 159
  0x00,0x00,0x00,0x00,0x00,0x00,0x00,0x00,0x00,0x00,0x00,0x00,0x00,0x00,0x00,0x00,0x00,0x00,0x00,0x00,0x00,0x00,0x00,0x00,0x00,0x00,0x00,0x00,0x00,0x00,0x00,0x00,0x00,0x00,0x00,0x00,0x00,0x00,0x00,0x00,0x00,0x00,0x00,0x00,0x00,0x00,0x00,0x00,0x00,0x00,0x00,0x00,0x00,0x00,0x00,0x00,0x00,0x00,0x00,0x00,0x00,0x00,0x00,0x00,0x00,0x00,0x00,0x00,0x00,0x00,0x00,0x00,0x00,0x00,0x00,0x00,0x00,0x00,0x00,0x00,0x00,0x00,0x00,0x00,0x00,0x00,0x00,0x00,0x00,0x00,0x00,0x00,0x00,0x00,0x00,0x00,0x00,0x00,0xF0,0x07,0xF8,0xFF,0xFF,0x00,0x00,0x00,0xF0,0x07,0xFF,0xFF,0xFF,0x00,0x00,0x00,0xF0,0x07,0xFF,0xFF,0xFF,0x00,0x00,0x00,0xF0,0x07,0xFF,0xFF,0xFF,0x00,0x00,0x00,0xF0,0x07,0xFF,0xFF,0xFF,0x00,0x00,0x00,0xF0,0x07,0xFF,0xFF,0xFF,0x00,0x00,0x00,0xF0,0x07,0xF0,0xFF,0xFF,  // 161
  0x00,0x00,0x00,0x00,0x00,0x00,0x00,0x00,0x00,0x00,0x00,0x00,0x00,0x00,0x00,0x00,0x00,0x00,0x00,0x00,0x00,0x00,0x00,0x00,0x00,0x00,0x00,0x00,0x00,0x00,0x00,0x00,0x00,0x00,0x00,0xE0,0x3F,0x00,0x00,0x00,0x00,0x00,0x00,0xFC,0xFF,0x01,0x00,0x00,0x00,0x00,0x00,0xFF,0xFF,0x03,0x00,0x00,0x00,0x00,0x80,0xFF,0xFF,0x0F,0x00,0x00,0x00,0x00,0xC0,0xFF,0xFF,0x1F,0x00,0x00,0x00,0x00,0xE0,0xFF,0xFF,0x1F,0x00,0x00,0x00,0x00,0xE0,0xFF,0xFF,0x3F,0x00,0x00,0x00,0x00,0xF0,0x3F,0xE0,0x7F,0x00,0x00,0x00,0x00,0xF0,0x0F,0x80,0x7F,0x00,0x00,0x00,0x00,0xF0,0x07,0x00,0x7E,0x00,0x00,0x00,0x00,0xF8,0x03,0x00,0xFE,0x00,0x00,0x00,0x00,0xF8,0x01,0x00,0xFC,0x00,0x00,0x00,0x00,0xF8,0x01,0x00,0xFC,0x00,0x00,0x00,0xF0,0xFF,0xFF,0xFF,0xFF,0x7F,0x00,0x00,0xF0,0xFF,0xFF,0xFF,0xFF,0x7F,0x00,0x00,0xF0,0xFF,0xFF,0xFF,0xFF,0x7F,0x00,0x00,0x00,0xF8,0x01,0x00,0xFC,0x00,0x00,0x00,0x00,0xF8,0x01,0x00,0xFC,0x00,0x00,0x00,0x00,0xF8,0x01,0x00,0xFC,0x00,0x00,0x00,0x00,0xF0,0x03,0x00,0x7E,0x00,0x00,0x00,0x00,0xF0,0x03,0x00,0x7E,0x00,0x00,0x00,0x00,0xE0,0x07,0x00,0x3F,  // 162
  0x00,0x00,0x00,0x00,0x00,0x00,0x00,0x00,0x00,0x00,0x00,0x00,0x00,0x00,0x00,0x00,0x00,0x00,0x00,0x00,0x00,0x00,0x00,0x00,0x00,0x00,0x00,0x00,0x00,0x7E,0x00,0x00,0x00,0x00,0x00,0xF8,0x01,0x7E,0x00,0x00,0x00,0x00,0x00,0xF8,0x01,0x7E,0x00,0x00,0x00,0x00,0x00,0xF8,0x01,0x7E,0x00,0x00,0x00,0x00,0x00,0xF8,0x01,0x7E,0x00,0x00,0x00,0x00,0x00,0xF8,0x01,0x7E,0x00,0x00,0x00,0x00,0xFE,0xFF,0xFF,0x7F,0x00,0x00,0x00,0x80,0xFF,0xFF,0xFF,0x7F,0x00,0x00,0x00,0xE0,0xFF,0xFF,0xFF,0x7F,0x00,0x00,0x00,0xF0,0xFF,0xFF,0xFF,0x7F,0x00,0x00,0x00,0xF0,0xFF,0xFF,0xFF,0x7F,0x00,0x00,0x00,0xF8,0xFF,0xFF,0xFF,0x7F,0x00,0x00,0x00,0xF8,0xFF,0xFF,0xFF,0x7F,0x00,0x00,0x00,0xFC,0x07,0xF8,0x01,0x7E,0x00,0x00,0x00,0xFC,0x01,0xF8,0x01,0x7E,0x00,0x00,0x00,0xFC,0x01,0xF8,0x01,0x7E,0x00,0x00,0x00,0xFC,0x00,0xF8,0x01,0x7E,0x00,0x00,0x00,0xFC,0x00,0xF8,0x01,0x7E,0x00,0x00,0x00,0xFC,0x00,0xF8,0x01,0x7E,0x00,0x00,0x00,0xFC,0x00,0xF8,0x01,0x7E,0x00,0x00,0x00,0xFC,0x00,0xF8,0x01,0x7E,0x00,0x00,0x00,0xFC,0x01,0x00,0x00,0x7E,0x00,0x00,0x00,0xF8,0x01,0x00,0x00,0x7E,0x00,0x00,0x00,0xF8,0x03,0x00,0x00,0x7E,0x00,0x00,0x00,0x00,0x00,0x00,0x00,0x7E,  // 163
  0x00,0x00,0x00,0x00,0x00,0x00,0x00,0x00,0x00,0x00,0x00,0x00,0x00,0x00,0x00,0x00,0x00,0x00,0x00,0x00,0x00,0x00,0x00,0x00,0x00,0x00,0x00,0x00,0x00,0x00,0x00,0x00,0x00,0x00,0x00,0x00,0x00,0x00,0x00,0x00,0x00,0x00,0x80,0x00,0x80,0x00,0x00,0x00,0x00,0x00,0xC0,0x01,0xC0,0x01,0x00,0x00,0x00,0x00,0xE0,0x03,0xE0,0x03,0x00,0x00,0x00,0x00,0xF0,0xF7,0xF3,0x07,0x00,0x00,0x00,0x00,0xE0,0xFF,0xFF,0x03,0x00,0x00,0x00,0x00,0xC0,0xFF,0xFF,0x01,0x00,0x00,0x00,0x00,0x80,0xFF,0xFF,0x00,0x00,0x00,0x00,0x00,0x00,0x1F,0x7C,0x00,0x00,0x00,0x00,0x00,0x00,0x0F,0x78,0x00,0x00,0x00,0x00,0x00,0x80,0x07,0xF0,0x00,0x00,0x00,0x00,0x00,0x80,0x07,0xF0,0x00,0x00,0x00,0x00,0x00,0x80,0x07,0xF0,0x00,0x00,0x00,0x00,0x00,0x80,0x07,0xF0,0x00,0x00,0x00,0x00,0x00,0x80,0x07,0xF0,0x00,0x00,0x00,0x00,0x00,0x00,0x0F,0xF8,0x00,0x00,0x00,0x00,0x00,0x00,0x1F,0x7C,0x00,0x00,0x00,0x00,0x00,0x80,0xFF,0xFF,0x00,0x00,0x00,0x00,0x00,0xC0,0xFF,0xFF,0x01,0x00,0x00,0x00,0x00,0xE0,0xFF,0xFF,0x03,0x00,0x00,0x00,0x00,0xF0,0xE7,0xF3,0x07,0x00,0x00,0x00,0x00,0xE0,0x03,0xE0,0x03,0x00,0x00,0x00,0x00,0xC0,0x01,0xC0,0x01,0x00,0x00,0x00,0x00,0x80,0x00,0x80,  // 164
  0x00,0x08,0x00,0x00,0x00,0x00,0x00,0x00,0x00,0x38,0x80,0x0F,0x1F,0x00,0x00,0x00,0x00,0xF8,0x80,0x0F,0x1F,0x00,0x00,0x00,0x00,0xF8,0x83,0x0F,0x1F,0x00,0x00,0x00,0x00,0xF8,0x87,0x0F,0x1F,0x00,0x00,0x00,0x00,0xF8,0x9F,0x0F,0x1F,0x00,0x00,0x00,0x00,0xF8,0xFF,0x0F,0x1F,0x00,0x00,0x00,0x00,0xF8,0xFF,0x0F,0x1F,0x00,0x00,0x00,0x00,0xE0,0xFF,0x0F,0x1F,0x00,0x00,0x00,0x00,0x80,0xFF,0x1F,0x1F,0x00,0x00,0x00,0x00,0x00,0xFE,0x7F,0x1F,0x00,0x00,0x00,0x00,0x00,0xF8,0xFF,0xFF,0x7F,0x00,0x00,0x00,0x00,0xE0,0xFF,0xFF,0x7F,0x00,0x00,0x00,0x00,0x80,0xFF,0xFF,0x7F,0x00,0x00,0x00,0x00,0x00,0xFE,0xFF,0x7F,0x00,0x00,0x00,0x00,0x80,0xFF,0xFF,0x7F,0x00,0x00,0x00,0x00,0xE0,0xFF,0xFF,0x7F,0x00,0x00,0x00,0x00,0xF8,0xFF,0xFF,0x7F,0x00,0x00,0x00,0x00,0xFE,0x7F,0x1F,0x00,0x00,0x00,0x00,0x80,0xFF,0x1F,0x1F,0x00,0x00,0x00,0x00,0xE0,0xFF,0x0F,0x1F,0x00,0x00,0x00,0x00,0xF8,0xFF,0x0F,0x1F,0x00,0x00,0x00,0x00,0xF8,0xFF,0x0F,0x1F,0x00,0x00,0x00,0x00,0xF8,0x9F,0x0F,0x1F,0x00,0x00,0x00,0x00,0xF8,0x87,0x0F,0x1F,0x00,0x00,0x00,0x00,0xF8,0x83,0x0F,0x1F,0x00,0x00,0x00,0x00,0xF8,0x80,0x0F,0x1F,0x00,0x00,0x00,0x00,0x38,0x80,0x0F,0x1F,0x00,0x00,0x00,0x00,0x08,  // 165
  0x00,0x00,0x00,0x00,0x00,0x00,0x00,0x00,0x00,0x00,0x00,0x00,0x00,0x00,0x00,0x00,0x00,0x00,0x00,0x00,0x00,0x00,0x00,0x00,0x00,0x00,0x00,0x00,0x00,0x00,0x00,0x00,0x00,0x00,0x00,0x00,0x00,0x00,0x00,0x00,0x00,0x00,0x00,0x00,0x00,0x00,0x00,0x00,0x00,0x00,0x00,0x00,0x00,0x00,0x00,0x00,0x00,0x00,0x00,0x00,0x00,0x00,0x00,0x00,0x00,0x00,0x00,0x00,0x00,0x00,0x00,0x00,0x00,0x00,0x00,0x00,0x00,0x00,0x00,0x00,0x00,0x00,0x00,0x00,0x00,0x00,0x00,0x00,0x00,0x00,0x00,0x00,0x00,0x00,0x00,0x00,0x00,0xF0,0xFF,0x7F,0xC0,0xFF,0xFF,0x01,0x00,0xF0,0xFF,0x7F,0xC0,0xFF,0xFF,0x01,0x00,0xF0,0xFF,0x7F,0xC0,0xFF,0xFF,0x01,0x00,0xF0,0xFF,0x7F,0xC0,0xFF,0xFF,0x01,0x00,0xF0,0xFF,0x7F,0xC0,0xFF,0xFF,0x01,0x00,0xF0,0xFF,0x7F,0xC0,0xFF,0xFF,0x01,  // 166
  0x00,0x00,0x00,0x00,0x00,0x00,0x00,0x00,0x00,0x00,0x00,0x00,0x00,0x00,0x00,0x00,0x00,0x00,0x00,0x00,0x00,0x00,0x00,0x00,0x00,0x00,0x00,0x00,0x00,0x00,0x00,0x00,0x00,0x00,0x00,0xF8,0x00,0x00,0x00,0x00,0x00,0x00,0x00,0xFE,0x03,0x00,0x00,0x00,0x00,0x80,0x0F,0xFF,0x07,0xE0,0x07,0x00,0x00,0xE0,0x3F,0xFF,0x0F,0xE0,0x07,0x00,0x00,0xF0,0xFF,0xFF,0x1F,0xE0,0x0F,0x00,0x00,0xF8,0xFF,0xFF,0x1F,0xC0,0x0F,0x00,0x00,0xF8,0xFF,0x8F,0x3F,0xC0,0x0F,0x00,0x00,0xFC,0xFF,0x03,0x3F,0xC0,0x0F,0x00,0x00,0xFC,0xF9,0x03,0x7E,0xC0,0x0F,0x00,0x00,0xFC,0xF0,0x03,0xFE,0xC0,0x0F,0x00,0x00,0xFC,0xE0,0x07,0xFC,0xC0,0x0F,0x00,0x00,0xFC,0xE0,0x07,0xFC,0xC1,0x0F,0x00,0x00,0xFC,0xC0,0x0F,0xF8,0xC1,0x0F,0x00,0x00,0xFC,0xC0,0x1F,0xF8,0xE3,0x0F,0x00,0x00,0xFC,0x80,0x1F,0xFC,0xFF,0x07,0x00,0x00,0xFC,0x80,0x3F,0xFE,0xFF,0x07,0x00,0x00,0xFC,0x00,0xFF,0xFF,0xFF,0x07,0x00,0x00,0xF8,0x00,0xFF,0xFF,0xFF,0x03,0x00,0x00,0xF8,0x00,0xFE,0x9F,0xFF,0x01,0x00,0x00,0x00,0x00,0xFC,0x1F,0x7E,0x00,0x00,0x00,0x00,0x00,0xF8,0x0F,0x00,0x00,0x00,0x00,0x00,0x00,0xF0,0x03,  // 167
  0x00,0x00,0x00,0x00,0x00,0x00,0x00,0x00,0x00,0x00,0x00,0x00,0x00,0x00,0x00,0x00,0x00,0x00,0x00,0x00,0x00,0x00,0x00,0x00,0x00,0x00,0x00,0x00,0x00,0x00,0x00,0x00,0x00,0x00,0x00,0x00,0x00,0x00,0x00,0x00,0x00,0x00,0x00,0x00,0x00,0x00,0x00,0x00,0x00,0x00,0x00,0x00,0x00,0x00,0x00,0x00,0x00,0x3F,0x00,0x00,0x00,0x00,0x00,0x00,0x00,0x3F,0x00,0x00,0x00,0x00,0x00,0x00,0x00,0x3F,0x00,0x00,0x00,0x00,0x00,0x00,0x00,0x3F,0x00,0x00,0x00,0x00,0x00,0x00,0x00,0x3F,0x00,0x00,0x00,0x00,0x00,0x00,0x00,0x3F,0x00,0x00,0x00,0x00,0x00,0x00,0x00,0x00,0x00,0x00,0x00,0x00,0x00,0x00,0x00,0x00,0x00,0x00,0x00,0x00,0x00,0x00,0x00,0x00,0x00,0x00,0x00,0x00,0x00,0x00,0x00,0x00,0x00,0x00,0x00,0x00,0x00,0x00,0x00,0x3F,0x00,0x00,0x00,0x00,0x00,0x00,0x00,0x3F,0x00,0x00,0x00,0x00,0x00,0x00,0x00,0x3F,0x00,0x00,0x00,0x00,0x00,0x00,0x00,0x3F,0x00,0x00,0x00,0x00,0x00,0x00,0x00,0x3F,0x00,0x00,0x00,0x00,0x00,0x00,0x00,0x3F,  // 168
  0x00,0x00,0x00,0xFE,0x01,0x00,0x00,0x00,0x00,0x00,0xC0,0xFF,0x0F,0x00,0x00,0x00,0x00,0x00,0xE0,0xFF,0x1F,0x00,0x00,0x00,0x00,0x00,0xF8,0x01,0x7E,0x00,0x00,0x00,0x00,0x00,0x7C,0x00,0xF8,0x00,0x00,0x00,0x00,0x00,0x3E,0x00,0xF0,0x01,0x00,0x00,0x00,0x00,0x1E,0xFC,0xE1,0x01,0x00,0x00,0x00,0x00,0x0F,0xFF,0xC7,0x03,0x00,0x00,0x00,0x80,0x87,0xFF,0x8F,0x07,0x00,0x00,0x00,0x80,0x83,0xFF,0x0F,0x07,0x00,0x00,0x00,0x80,0xC3,0xFF,0x1F,0x07,0x00,0x00,0x00,0xC0,0xC3,0x07,0x1F,0x0F,0x00,0x00,0x00,0xC0,0xE1,0x01,0x3E,0x0E,0x00,0x00,0x00,0xC0,0xE1,0x01,0x3E,0x0E,0x00,0x00,0x00,0xC0,0xE1,0x00,0x3C,0x0E,0x00,0x00,0x00,0xC0,0xE1,0x00,0x3C,0x0E,0x00,0x00,0x00,0xC0,0xE1,0x00,0x3C,0x0E,0x00,0x00,0x00,0xC0,0xE1,0x00,0x3C,0x0E,0x00,0x00,0x00,0xC0,0xE3,0x00,0x3C,0x0E,0x00,0x00,0x00,0x80,0xE3,0x01,0x1C,0x07,0x00,0x00,0x00,0x80,0xE3,0x01,0x1E,0x07,0x00,0x00,0x00,0x80,0x07,0x00,0x80,0x07,0x00,0x00,0x00,0x00,0x0F,0x00,0xC0,0x03,0x00,0x00,0x00,0x00,0x1E,0x00,0xE0,0x01,0x00,0x00,0x00,0x00,0x3E,0x00,0xF0,0x01,0x00,0x00,0x00,0x00,0x7C,0x00,0xF8,0x00,0x00,0x00,0x00,0x00,0xF8,0x03,0x7F,0x00,0x00,0x00,0x00,0x00,0xE0,0xFF,0x1F,0x00,0x00,0x00,0x00,0x00,0xC0,0xFF,0x0F,0x00,0x00,0x00,0x00,0x00,0x00,0xFE,0x01,  // 169
  0x00,0x00,0x00,0x00,0x00,0x00,0x00,0x00,0x00,0x00,0x00,0x00,0x00,0x00,0x00,0x00,0x00,0x00,0x00,0x00,0x00,0x00,0x00,0x00,0x00,0x00,0x00,0x00,0x00,0x00,0x00,0x00,0x00,0x00,0x00,0x00,0x00,0x00,0x00,0x00,0x00,0x00,0x00,0x00,0x00,0x00,0x00,0x00,0x00,0x00,0xC0,0x07,0x00,0x00,0x00,0x00,0x00,0x78,0xF0,0x0F,0x0F,0x00,0x00,0x00,0x00,0x78,0xF8,0x1F,0x0F,0x00,0x00,0x00,0x00,0x3C,0xF8,0x1F,0x0F,0x00,0x00,0x00,0x00,0x3C,0xF8,0x3F,0x0F,0x00,0x00,0x00,0x00,0x3C,0x3C,0x3E,0x0F,0x00,0x00,0x00,0x00,0x3C,0x3C,0x3C,0x0F,0x00,0x00,0x00,0x00,0x3C,0x1C,0x3C,0x0F,0x00,0x00,0x00,0x00,0x3C,0x1C,0x3C,0x0F,0x00,0x00,0x00,0x00,0x3C,0x1C,0x3C,0x0F,0x00,0x00,0x00,0x00,0x3C,0x1C,0x1E,0x0F,0x00,0x00,0x00,0x00,0x7C,0x1C,0x1E,0x0F,0x00,0x00,0x00,0x00,0x7C,0x1C,0x0F,0x0F,0x00,0x00,0x00,0x00,0xF8,0xFF,0x3F,0x0F,0x00,0x00,0x00,0x00,0xF8,0xFF,0x3F,0x0F,0x00,0x00,0x00,0x00,0xF0,0xFF,0x3F,0x0F,0x00,0x00,0x00,0x00,0xE0,0xFF,0x3F,0x0F,0x00,0x00,0x00,0x00,0x80,0xFF,0x3F,0x0F,  // 170
  0x00,0x00,0x00,0x00,0x00,0x00,0x00,0x00,0x00,0x00,0x00,0x00,0x00,0x00,0x00,0x00,0x00,0x00,0x00,0x00,0x00,0x00,0x00,0x00,0x00,0x00,0x00,0xC0,0x03,0x00,0x00,0x00,0x00,0x00,0x00,0xE0,0x07,0x00,0x00,0x00,0x00,0x00,0x00,0xF0,0x0F,0x00,0x00,0x00,0x00,0x00,0x00,0xF8,0x1F,0x00,0x00,0x00,0x00,0x00,0x00,0xF8,0x1F,0x00,0x00,0x00,0x00,0x00,0x00,0x7C,0x3E,0x00,0x00,0x00,0x00,0x00,0x00,0x3E,0x7C,0x00,0x00,0x00,0x00,0x00,0x00,0x3F,0xFC,0x00,0x00,0x00,0x00,0x00,0x80,0x1F,0xF8,0x01,0x00,0x00,0x00,0x00,0xC0,0x0F,0xF0,0x03,0x00,0x00,0x00,0x00,0xE0,0x07,0xE0,0x07,0x00,0x00,0x00,0x00,0x00,0xC0,0x03,0x00,0x00,0x00,0x00,0x00,0x00,0xE0,0x07,0x00,0x00,0x00,0x00,0x00,0x00,0xF0,0x0F,0x00,0x00,0x00,0x00,0x00,0x00,0xF8,0x1F,0x00,0x00,0x00,0x00,0x00,0x00,0xF8,0x1F,0x00,0x00,0x00,0x00,0x00,0x00,0x7C,0x3E,0x00,0x00,0x00,0x00,0x00,0x00,0x3E,0x7C,0x00,0x00,0x00,0x00,0x00,0x00,0x1F,0xF8,0x00,0x00,0x00,0x00,0x00,0x80,0x1F,0xF8,0x01,0x00,0x00,0x00,0x00,0xC0,0x0F,0xF0,0x03,0x00,0x00,0x00,0x00,0xE0,0x07,0xE0,0x07,  // 171
  0x00,0x00,0x00,0x00,0x00,0x00,0x00,0x00,0x00,0x00,0x00,0x00,0x00,0x00,0x00,0x00,0x00,0x00,0x00,0x7E,0x00,0x00,0x00,0x00,0x00,0x00,0x00,0x7E,0x00,0x00,0x00,0x00,0x00,0x00,0x00,0x7E,0x00,0x00,0x00,0x00,0x00,0x00,0x00,0x7E,0x00,0x00,0x00,0x00,0x00,0x00,0x00,0x7E,0x00,0x00,0x00,0x00,0x00,0x00,0x00,0x7E,0x00,0x00,0x00,0x00,0x00,0x00,0x00,0x7E,0x00,0x00,0x00,0x00,0x00,0x00,0x00,0x7E,0x00,0x00,0x00,0x00,0x00,0x00,0x00,0x7E,0x00,0x00,0x00,0x00,0x00,0x00,0x00,0x7E,0x00,0x00,0x00,0x00,0x00,0x00,0x00,0x7E,0x00,0x00,0x00,0x00,0x00,0x00,0x00,0x7E,0x00,0x00,0x00,0x00,0x00,0x00,0x00,0x7E,0x00,0x00,0x00,0x00,0x00,0x00,0x00,0x7E,0x00,0x00,0x00,0x00,0x00,0x00,0x00,0x7E,0x00,0x00,0x00,0x00,0x00,0x00,0x00,0x7E,0x00,0x00,0x00,0x00,0x00,0x00,0x00,0x7E,0x00,0x00,0x00,0x00,0x00,0x00,0x00,0x7E,0x00,0x00,0x00,0x00,0x00,0x00,0x00,0x7E,0x00,0x00,0x00,0x00,0x00,0x00,0x00,0xFE,0x3F,0x00,0x00,0x00,0x00,0x00,0x00,0xFE,0x3F,0x00,0x00,0x00,0x00,0x00,0x00,0xFE,0x3F,0x00,0x00,0x00,0x00,0x00,0x00,0xFE,0x3F,0x00,0x00,0x00,0x00,0x00,0x00,0xFE,0x3F,0x00,0x00,0x00,0x00,0x00,0x00,0xFE,0x3F,  // 172
  0x00,0x00,0x00,0x00,0x00,0x00,0x00,0x00,0x00,0x00,0x00,0x00,0x00,0x00,0x00,0x00,0x00,0x00,0x00,0x00,0x00,0x00,0x00,0x00,0x00,0x00,0x00,0x00,0x00,0x00,0x00,0x00,0x00,0x00,0x00,0x00,0x00,0x00,0x00,0x00,0x00,0x00,0x00,0x00,0x00,0x00,0x00,0x00,0x00,0x00,0x00,0x00,0x00,0x00,0x00,0x00,0x00,0x00,0x00,0xE0,0x0F,0x00,0x00,0x00,0x00,0x00,0x00,0xE0,0x0F,0x00,0x00,0x00,0x00,0x00,0x00,0xE0,0x0F,0x00,0x00,0x00,0x00,0x00,0x00,0xE0,0x0F,0x00,0x00,0x00,0x00,0x00,0x00,0xE0,0x0F,0x00,0x00,0x00,0x00,0x00,0x00,0xE0,0x0F,0x00,0x00,0x00,0x00,0x00,0x00,0xE0,0x0F,0x00,0x00,0x00,0x00,0x00,0x00,0xE0,0x0F,0x00,0x00,0x00,0x00,0x00,0x00,0xE0,0x0F,0x00,0x00,0x00,0x00,0x00,0x00,0xE0,0x0F,0x00,0x00,0x00,0x00,0x00,0x00,0xE0,0x0F,0x00,0x00,0x00,0x00,0x00,0x00,0xE0,0x0F,0x00,0x00,0x00,0x00,0x00,0x00,0xE0,0x0F,0x00,0x00,0x00,0x00,0x00,0x00,0xE0,0x0F,0x00,0x00,0x00,0x00,0x00,0x00,0xE0,0x0F,  // 173
  0x00,0x00,0x00,0xFE,0x01,0x00,0x00,0x00,0x00,0x00,0xC0,0xFF,0x0F,0x00,0x00,0x00,0x00,0x00,0xE0,0xFF,0x1F,0x00,0x00,0x00,0x00,0x00,0xF8,0x01,0x7E,0x00,0x00,0x00,0x00,0x00,0x7C,0x00,0xF8,0x00,0x00,0x00,0x00,0x00,0x3E,0x00,0xF0,0x01,0x00,0x00,0x00,0x00,0x1E,0x00,0xE0,0x01,0x00,0x00,0x00,0x00,0x0F,0x00,0xC0,0x03,0x00,0x00,0x00,0x80,0x07,0x00,0x80,0x07,0x00,0x00,0x00,0x80,0xE3,0xFF,0x1F,0x07,0x00,0x00,0x00,0x80,0xE3,0xFF,0x1F,0x07,0x00,0x00,0x00,0xC0,0xE3,0xFF,0x1F,0x0F,0x00,0x00,0x00,0xC0,0xE1,0xFF,0x1F,0x0E,0x00,0x00,0x00,0xC0,0xE1,0x70,0x00,0x0E,0x00,0x00,0x00,0xC0,0xE1,0x70,0x00,0x0E,0x00,0x00,0x00,0xC0,0xE1,0xF0,0x00,0x0E,0x00,0x00,0x00,0xC0,0xE1,0xF9,0x03,0x0E,0x00,0x00,0x00,0xC0,0xE1,0xFF,0x0F,0x0E,0x00,0x00,0x00,0xC0,0xC3,0xDF,0x1F,0x0F,0x00,0x00,0x00,0x80,0xC3,0x1F,0x1F,0x07,0x00,0x00,0x00,0x80,0x83,0x0F,0x1E,0x07,0x00,0x00,0x00,0x80,0x07,0x00,0x90,0x07,0x00,0x00,0x00,0x00,0x0F,0x00,0xC0,0x03,0x00,0x00,0x00,0x00,0x1E,0x00,0xE0,0x01,0x00,0x00,0x00,0x00,0x3E,0x00,0xF0,0x01,0x00,0x00,0x00,0x00,0x7C,0x00,0xF8,0x00,0x00,0x00,0x00,0x00,0xF8,0x03,0x7F,0x00,0x00,0x00,0x00,0x00,0xE0,0xFF,0x1F,0x00,0x00,0x00,0x00,0x00,0xC0,0xFF,0x0F,0x00,0x00,0x00,0x00,0x00,0x00,0xFE,0x01,  // 174
  0x00,0x00,0x00,0x00,0x00,0x00,0x00,0x00,0x00,0x00,0x00,0x00,0x00,0x00,0x00,0x00,0x00,0x00,0x00,0x00,0x00,0x00,0x00,0x00,0x00,0x00,0x00,0x00,0x00,0x00,0x00,0x00,0x00,0x00,0x00,0x00,0x00,0x00,0x00,0x00,0x00,0x00,0x00,0x00,0x00,0x00,0x00,0x00,0x00,0x00,0x00,0x00,0x00,0x00,0x00,0x00,0x00,0x3E,0x00,0x00,0x00,0x00,0x00,0x00,0x00,0x3E,0x00,0x00,0x00,0x00,0x00,0x00,0x00,0x3E,0x00,0x00,0x00,0x00,0x00,0x00,0x00,0x3E,0x00,0x00,0x00,0x00,0x00,0x00,0x00,0x3E,0x00,0x00,0x00,0x00,0x00,0x00,0x00,0x3E,0x00,0x00,0x00,0x00,0x00,0x00,0x00,0x3E,0x00,0x00,0x00,0x00,0x00,0x00,0x00,0x3E,0x00,0x00,0x00,0x00,0x00,0x00,0x00,0x3E,0x00,0x00,0x00,0x00,0x00,0x00,0x00,0x3E,0x00,0x00,0x00,0x00,0x00,0x00,0x00,0x3E,0x00,0x00,0x00,0x00,0x00,0x00,0x00,0x3E,0x00,0x00,0x00,0x00,0x00,0x00,0x00,0x3E,0x00,0x00,0x00,0x00,0x00,0x00,0x00,0x3E,0x00,0x00,0x00,0x00,0x00,0x00,0x00,0x3E,  // 175
  0x00,0x00,0x00,0x00,0x00,0x00,0x00,0x00,0x00,0x00,0x00,0x00,0x00,0x00,0x00,0x00,0x00,0x00,0x00,0x00,0x00,0x00,0x00,0x00,0x00,0x00,0x00,0x00,0x00,0x00,0x00,0x00,0x00,0x00,0x00,0x00,0x00,0x00,0x00,0x00,0x00,0x00,0x00,0x00,0x00,0x00,0x00,0x00,0x00,0x00,0x00,0x00,0x00,0x00,0x00,0x00,0x00,0x80,0x1F,0x00,0x00,0x00,0x00,0x00,0x00,0xE0,0x7F,0x00,0x00,0x00,0x00,0x00,0x00,0xF0,0xFF,0x00,0x00,0x00,0x00,0x00,0x00,0xF8,0xFF,0x01,0x00,0x00,0x00,0x00,0x00,0xF8,0xF0,0x01,0x00,0x00,0x00,0x00,0x00,0x7C,0xE0,0x03,0x00,0x00,0x00,0x00,0x00,0x3C,0xC0,0x03,0x00,0x00,0x00,0x00,0x00,0x3C,0xC0,0x03,0x00,0x00,0x00,0x00,0x00,0x3C,0xC0,0x03,0x00,0x00,0x00,0x00,0x00,0x3C,0xC0,0x03,0x00,0x00,0x00,0x00,0x00,0x7C,0xE0,0x03,0x00,0x00,0x00,0x00,0x00,0xF8,0xF0,0x01,0x00,0x00,0x00,0x00,0x00,0xF8,0xFF,0x01,0x00,0x00,0x00,0x00,0x00,0xF0,0xFF,0x00,0x00,0x00,0x00,0x00,0x00,0xE0,0x7F,0x00,0x00,0x00,0x00,0x00,0x00,0x80,0x1F,  // 176
  0x00,0x00,0x00,0x00,0x00,0x00,0x00,0x00,0x00,0x00,0x00,0x00,0x00,0x00,0x00,0x00,0x00,0x00,0x00,0x3F,0x00,0x7E,0x00,0x00,0x00,0x00,0x00,0x3F,0x00,0x7E,0x00,0x00,0x00,0x00,0x00,0x3F,0x00,0x7E,0x00,0x00,0x00,0x00,0x00,0x3F,0x00,0x7E,0x00,0x00,0x00,0x00,0x00,0x3F,0x00,0x7E,0x00,0x00,0x00,0x00,0x00,0x3F,0x00,0x7E,0x00,0x00,0x00,0x00,0x00,0x3F,0x00,0x7E,0x00,0x00,0x00,0x00,0x00,0x3F,0x00,0x7E,0x00,0x00,0x00,0x00,0x00,0x3F,0x00,0x7E,0x00,0x00,0x00,0x00,0x00,0x3F,0x00,0x7E,0x00,0x00,0x00,0x80,0xFF,0xFF,0x7F,0x7E,0x00,0x00,0x00,0x80,0xFF,0xFF,0x7F,0x7E,0x00,0x00,0x00,0x80,0xFF,0xFF,0x7F,0x7E,0x00,0x00,0x00,0x80,0xFF,0xFF,0x7F,0x7E,0x00,0x00,0x00,0x80,0xFF,0xFF,0x7F,0x7E,0x00,0x00,0x00,0x80,0xFF,0xFF,0x7F,0x7E,0x00,0x00,0x00,0x00,0x00,0x3F,0x00,0x7E,0x00,0x00,0x00,0x00,0x00,0x3F,0x00,0x7E,0x00,0x00,0x00,0x00,0x00,0x3F,0x00,0x7E,0x00,0x00,0x00,0x00,0x00,0x3F,0x00,0x7E,0x00,0x00,0x00,0x00,0x00,0x3F,0x00,0x7E,0x00,0x00,0x00,0x00,0x00,0x3F,0x00,0x7E,0x00,0x00,0x00,0x00,0x00,0x3F,0x00,0x7E,0x00,0x00,0x00,0x00,0x00,0x3F,0x00,0x7E,0x00,0x00,0x00,0x00,0x00,0x3F,0x00,0x7E,0x00,0x00,0x00,0x00,0x00,0x3F,0x00,0x7E,  // 177
  0x00,0x00,0x00,0x00,0x00,0x00,0x00,0x00,0x00,0x00,0x00,0x00,0x00,0x00,0x00,0x00,0x00,0x00,0x00,0x00,0x00,0x00,0x00,0x00,0x00,0x00,0x00,0x00,0x00,0x00,0x00,0x00,0x00,0x00,0x00,0x00,0x00,0x00,0x00,0x00,0x00,0x00,0x00,0x00,0x00,0x00,0x00,0x00,0x00,0x00,0x00,0x00,0x00,0x00,0x00,0x00,0x00,0x00,0x00,0x38,0x00,0x00,0x00,0x00,0x00,0x38,0x00,0x3C,0x00,0x00,0x00,0x00,0x00,0x38,0x00,0x3E,0x00,0x00,0x00,0x00,0x00,0x1C,0x00,0x3F,0x00,0x00,0x00,0x00,0x00,0x1C,0x80,0x3F,0x00,0x00,0x00,0x00,0x00,0x1C,0xC0,0x3F,0x00,0x00,0x00,0x00,0x00,0x1C,0xE0,0x3B,0x00,0x00,0x00,0x00,0x00,0x1C,0xF0,0x3B,0x00,0x00,0x00,0x00,0x00,0x1C,0xF8,0x39,0x00,0x00,0x00,0x00,0x00,0x1C,0xFC,0x38,0x00,0x00,0x00,0x00,0x00,0x3C,0x7E,0x38,0x00,0x00,0x00,0x00,0x00,0xFC,0x3F,0x38,0x00,0x00,0x00,0x00,0x00,0xF8,0x1F,0x38,0x00,0x00,0x00,0x00,0x00,0xF8,0x0F,0x38,0x00,0x00,0x00,0x00,0x00,0xF0,0x07,0x38,0x00,0x00,0x00,0x00,0x00,0xE0,0x01,0x38,  // 178
  0x00,0x00,0x00,0x00,0x00,0x00,0x00,0x00,0x00,0x00,0x00,0x00,0x00,0x00,0x00,0x00,0x00,0x00,0x00,0x00,0x00,0x00,0x00,0x00,0x00,0x00,0x00,0x00,0x00,0x00,0x00,0x00,0x00,0x00,0x00,0x00,0x00,0x00,0x00,0x00,0x00,0x00,0x00,0x00,0x00,0x00,0x00,0x00,0x00,0x00,0x00,0x00,0x00,0x00,0x00,0x00,0x00,0x00,0x00,0x1C,0x00,0x00,0x00,0x00,0x00,0x38,0x00,0x1C,0x00,0x00,0x00,0x00,0x00,0x38,0x00,0x38,0x00,0x00,0x00,0x00,0x00,0x1C,0x00,0x38,0x00,0x00,0x00,0x00,0x00,0x1C,0x00,0x38,0x00,0x00,0x00,0x00,0x00,0x1C,0x0E,0x38,0x00,0x00,0x00,0x00,0x00,0x1C,0x0E,0x38,0x00,0x00,0x00,0x00,0x00,0x1C,0x0E,0x38,0x00,0x00,0x00,0x00,0x00,0x1C,0x0E,0x38,0x00,0x00,0x00,0x00,0x00,0x1C,0x0E,0x38,0x00,0x00,0x00,0x00,0x00,0x3C,0x1F,0x3C,0x00,0x00,0x00,0x00,0x00,0xFC,0x3F,0x3E,0x00,0x00,0x00,0x00,0x00,0xF8,0xFB,0x1F,0x00,0x00,0x00,0x00,0x00,0xF8,0xFB,0x1F,0x00,0x00,0x00,0x00,0x00,0xF0,0xF9,0x0F,0x00,0x00,0x00,0x00,0x00,0xE0,0xF0,0x0F,0x00,0x00,0x00,0x00,0x00,0x00,0xC0,0x03,  // 179
  0x00,0x00,0x00,0x00,0x00,0x00,0x00,0x00,0x00,0x00,0x00,0x00,0x00,0x00,0x00,0x00,0x00,0x00,0x00,0x00,0x00,0x00,0x00,0x00,0x00,0x00,0x00,0x00,0x00,0x00,0x00,0x00,0x00,0x00,0x00,0x00,0x00,0x00,0x00,0x00,0x00,0x00,0x00,0x00,0x00,0x00,0x00,0x00,0x00,0x00,0x00,0x00,0x00,0x00,0x00,0x00,0x00,0x00,0x00,0x00,0x00,0x00,0x00,0x00,0x00,0x00,0x00,0x00,0x00,0x00,0x00,0x00,0x00,0x00,0x00,0x00,0x00,0x00,0x00,0x00,0x00,0x00,0x00,0x00,0x00,0x00,0x00,0x00,0x00,0x80,0x00,0x00,0x00,0x00,0x00,0x00,0x00,0xC0,0x00,0x00,0x00,0x00,0x00,0x00,0x00,0xE0,0x00,0x00,0x00,0x00,0x00,0x00,0x00,0xF8,0x00,0x00,0x00,0x00,0x00,0x00,0x00,0xFC,0x00,0x00,0x00,0x00,0x00,0x00,0x00,0x7E,0x00,0x00,0x00,0x00,0x00,0x00,0x00,0x3F,0x00,0x00,0x00,0x00,0x00,0x00,0x80,0x1F,0x00,0x00,0x00,0x00,0x00,0x00,0x80,0x0F,0x00,0x00,0x00,0x00,0x00,0x00,0x80,0x07,0x00,0x00,0x00,0x00,0x00,0x00,0x80,0x03,0x00,0x00,0x00,0x00,0x00,0x00,0x80,0x01,0x00,0x00,0x00,0x00,0x00,0x00,0x80,0x01,0x00,0x00,0x00,0x00,0x00,0x00,0x80,  // 180
  0x00,0x00,0x00,0x00,0x00,0x00,0x00,0x00,0x00,0x00,0x00,0x00,0x00,0x00,0x00,0x00,0x00,0x00,0x00,0x00,0x00,0x00,0x00,0x00,0x00,0x00,0x00,0x00,0x00,0x00,0x00,0x00,0x00,0x00,0xF0,0xFF,0xFF,0xFF,0xFF,0x01,0x00,0x00,0xF0,0xFF,0xFF,0xFF,0xFF,0x01,0x00,0x00,0xF0,0xFF,0xFF,0xFF,0xFF,0x01,0x00,0x00,0xF0,0xFF,0xFF,0xFF,0xFF,0x01,0x00,0x00,0xF0,0xFF,0xFF,0xFF,0xFF,0x01,0x00,0x00,0xF0,0xFF,0xFF,0xFF,0xFF,0x01,0x00,0x00,0xF0,0xFF,0xFF,0xFF,0xFF,0x01,0x00,0x00,0x00,0x00,0x00,0x3F,0x00,0x00,0x00,0x00,0x00,0x00,0x00,0x7E,0x00,0x00,0x00,0x00,0x00,0x00,0x00,0xFC,0x00,0x00,0x00,0x00,0x00,0x00,0x00,0xFC,0x00,0x00,0x00,0x00,0x00,0x00,0x00,0xFC,0x00,0x00,0x00,0x00,0x00,0x00,0x00,0xFC,0x00,0x00,0x00,0x00,0x00,0x00,0x00,0x7E,0x00,0x00,0x00,0x00,0x00,0x00,0x80,0x7F,0x00,0x00,0x00,0x00,0xF0,0xFF,0xFF,0x3F,0x00,0x00,0x00,0x00,0xF0,0xFF,0xFF,0x0F,0x00,0x00,0x00,0x00,0xF0,0xFF,0xFF,0x3F,0x00,0x00,0x00,0x00,0xF0,0xFF,0xFF,0x7F,0x00,0x00,0x00,0x00,0xF0,0xFF,0xFF,0xFF,0x00,0x00,0x00,0x00,0xF0,0xFF,0xFF,0xFF,0x00,0x00,0x00,0x00,0xF0,0xFF,0xFF,0xFF,0x00,0x00,0x00,0x00,0x00,0x00,0x00,0xFE,0x00,0x00,0x00,0x00,0x00,0x00,0x00,0xFC,0x00,0x00,0x00,0x00,0x00,0x00,0x00,0x7C,  // 181
  0x00,0x00,0x00,0x00,0x00,0x00,0x00,0x00,0x00,0x00,0x00,0x00,0x00,0x00,0x00,0x00,0x00,0x00,0xFC,0x01,0x00,0x00,0x00,0x00,0x00,0x80,0xFF,0x07,0x00,0x00,0x00,0x00,0x00,0xC0,0xFF,0x1F,0x00,0x00,0x00,0x00,0x00,0xE0,0xFF,0x3F,0x00,0x00,0x00,0x00,0x00,0xE0,0xFF,0x3F,0x00,0x00,0x00,0x00,0x00,0xF0,0xFF,0x7F,0x00,0x00,0x00,0x00,0x00,0xF0,0xFF,0x7F,0x00,0x00,0x00,0x00,0x00,0xF8,0xFF,0x7F,0x00,0x00,0x00,0x00,0x00,0xF8,0xFF,0xFF,0x00,0x00,0x00,0x00,0x00,0xF8,0xFF,0xFF,0xFF,0xFF,0x0F,0x00,0x00,0xF8,0xFF,0xFF,0xFF,0xFF,0x0F,0x00,0x00,0xF8,0xFF,0xFF,0xFF,0xFF,0x0F,0x00,0x00,0xF8,0xFF,0xFF,0xFF,0xFF,0x0F,0x00,0x00,0xF8,0xFF,0xFF,0xFF,0xFF,0x0F,0x00,0x00,0x78,0x00,0x00,0x00,0x00,0x00,0x00,0x00,0x78,0x00,0x00,0x00,0x00,0x00,0x00,0x00,0x78,0x00,0x00,0x00,0x00,0x00,0x00,0x00,0x78,0x00,0x00,0x00,0x00,0x00,0x00,0x00,0x78,0x00,0x00,0x00,0x00,0x00,0x00,0x00,0xF8,0xFF,0xFF,0xFF,0xFF,0x0F,0x00,0x00,0xF8,0xFF,0xFF,0xFF,0xFF,0x0F,0x00,0x00,0xF8,0xFF,0xFF,0xFF,0xFF,0x0F,0x00,0x00,0xF8,0xFF,0xFF,0xFF,0xFF,0x0F,0x00,0x00,0xF8,0xFF,0xFF,0xFF,0xFF,0x0F,  // 182
  0x00,0x00,0x00,0x00,0x00,0x00,0x00,0x00,0x00,0x00,0x00,0x00,0x00,0x00,0x00,0x00,0x00,0x00,0x00,0x00,0x00,0x00,0x00,0x00,0x00,0x00,0x00,0x00,0x00,0x00,0x00,0x00,0x00,0x00,0x00,0x00,0x00,0x00,0x00,0x00,0x00,0x00,0x00,0x00,0x00,0x00,0x00,0x00,0x00,0x00,0x00,0x00,0x00,0x00,0x00,0x00,0x00,0x00,0x00,0x00,0x00,0x00,0x00,0x00,0x00,0x00,0x00,0x00,0x00,0x00,0x00,0x00,0x00,0x00,0x00,0x00,0x00,0x00,0x00,0x00,0x00,0x00,0x00,0x00,0x00,0x00,0x00,0x00,0x00,0x00,0x00,0xFE,0x03,0x00,0x00,0x00,0x00,0x00,0x00,0xFE,0x03,0x00,0x00,0x00,0x00,0x00,0x00,0xFE,0x03,0x00,0x00,0x00,0x00,0x00,0x00,0xFE,0x03,0x00,0x00,0x00,0x00,0x00,0x00,0xFE,0x03,0x00,0x00,0x00,0x00,0x00,0x00,0xFE,0x03,0x00,0x00,0x00,0x00,0x00,0x00,0xFE,0x03,0x00,0x00,0x00,0x00,0x00,0x00,0xFE,0x03,  // 183
  0x00,0x00,0x00,0x00,0x00,0x00,0x00,0x00,0x00,0x00,0x00,0x00,0x00,0x00,0x00,0x00,0x00,0x00,0x00,0x00,0x00,0x00,0x00,0x00,0x00,0x00,0x00,0x00,0x00,0x00,0x00,0x00,0x00,0x00,0x00,0x00,0x00,0x00,0x00,0x00,0x00,0x00,0x00,0x00,0x00,0x00,0x00,0x00,0x00,0x00,0x00,0x00,0x00,0x00,0x00,0x00,0x00,0x00,0x00,0x00,0x00,0x00,0x00,0x00,0x00,0x00,0x00,0x00,0x00,0x00,0x00,0x00,0x00,0x00,0x00,0x00,0x00,0x00,0xF0,0x00,0x00,0x00,0x00,0x00,0x00,0x00,0xE0,0x01,0x00,0x00,0x00,0x00,0x00,0x00,0xE0,0x01,0x00,0x00,0x00,0x00,0x00,0x00,0xE0,0x01,0x00,0x00,0x00,0x00,0x00,0x00,0xE0,0x01,0x00,0x00,0x00,0x00,0x00,0x80,0xE0,0x01,0x00,0x00,0x00,0x00,0x00,0x80,0xF1,0x01,0x00,0x00,0x00,0x00,0x00,0x80,0xFF,0x01,0x00,0x00,0x00,0x00,0x00,0x00,0xFF,0x00,0x00,0x00,0x00,0x00,0x00,0x00,0xFE,0x00,0x00,0x00,0x00,0x00,0x00,0x00,0x7C,  // 184
  0x00,0x00,0x00,0x00,0x00,0x00,0x00,0x00,0x00,0x00,0x00,0x00,0x00,0x00,0x00,0x00,0x00,0x00,0x00,0x00,0x00,0x00,0x00,0x00,0x00,0x00,0x00,0x00,0x00,0x00,0x00,0x00,0x00,0x00,0x00,0x00,0x00,0x00,0x00,0x00,0x00,0x00,0x00,0x00,0x00,0x00,0x00,0x00,0x00,0x00,0x00,0x00,0x00,0x00,0x00,0x00,0x00,0x00,0x00,0x38,0x00,0x00,0x00,0x00,0x00,0x38,0x00,0x38,0x00,0x00,0x00,0x00,0x00,0x38,0x00,0x38,0x00,0x00,0x00,0x00,0x00,0x38,0x00,0x38,0x00,0x00,0x00,0x00,0x00,0x1C,0x00,0x38,0x00,0x00,0x00,0x00,0x00,0x1C,0x00,0x38,0x00,0x00,0x00,0x00,0x00,0xFC,0xFF,0x3F,0x00,0x00,0x00,0x00,0x00,0xFC,0xFF,0x3F,0x00,0x00,0x00,0x00,0x00,0xFC,0xFF,0x3F,0x00,0x00,0x00,0x00,0x00,0xFC,0xFF,0x3F,0x00,0x00,0x00,0x00,0x00,0xFC,0xFF,0x3F,0x00,0x00,0x00,0x00,0x00,0x00,0x00,0x38,0x00,0x00,0x00,0x00,0x00,0x00,0x00,0x38,0x00,0x00,0x00,0x00,0x00,0x00,0x00,0x38,0x00,0x00,0x00,0x00,0x00,0x00,0x00,0x38,0x00,0x00,0x00,0x00,0x00,0x00,0x00,0x38,0x00,0x00,0x00,0x00,0x00,0x00,0x00,0x38,  // 185
  0x00,0x00,0x00,0x00,0x00,0x00,0x00,0x00,0x00,0x00,0x00,0x00,0x00,0x00,0x00,0x00,0x00,0x00,0x00,0x00,0x00,0x00,0x00,0x00,0x00,0x00,0x00,0x00,0x00,0x00,0x00,0x00,0x00,0x00,0x00,0x00,0x00,0x00,0x00,0x00,0x00,0x00,0x00,0x00,0x00,0x00,0x00,0x00,0x00,0x00,0x00,0x00,0x00,0x00,0x00,0x00,0x00,0x00,0xFF,0x00,0x0F,0x00,0x00,0x00,0x00,0xC0,0xFF,0x03,0x0F,0x00,0x00,0x00,0x00,0xE0,0xFF,0x07,0x0F,0x00,0x00,0x00,0x00,0xF0,0xFF,0x0F,0x0F,0x00,0x00,0x00,0x00,0xF8,0xFF,0x1F,0x0F,0x00,0x00,0x00,0x00,0xF8,0x81,0x1F,0x0F,0x00,0x00,0x00,0x00,0x7C,0x00,0x3E,0x0F,0x00,0x00,0x00,0x00,0x3C,0x00,0x3C,0x0F,0x00,0x00,0x00,0x00,0x3C,0x00,0x3C,0x0F,0x00,0x00,0x00,0x00,0x3C,0x00,0x3C,0x0F,0x00,0x00,0x00,0x00,0x3C,0x00,0x3C,0x0F,0x00,0x00,0x00,0x00,0x7C,0x00,0x3E,0x0F,0x00,0x00,0x00,0x00,0xF8,0x81,0x1F,0x0F,0x00,0x00,0x00,0x00,0xF8,0xFF,0x1F,0x0F,0x00,0x00,0x00,0x00,0xF0,0xFF,0x0F,0x0F,0x00,0x00,0x00,0x00,0xE0,0xFF,0x07,0x0F,0x00,0x00,0x00,0x00,0xC0,0xFF,0x03,0x0F,0x00,0x00,0x00,0x00,0x00,0xFF,0x00,0x0F,  // 186
  0x00,0x00,0x00,0x00,0x00,0x00,0x00,0x00,0x00,0x00,0x00,0x00,0x00,0x00,0x00,0x00,0x00,0x00,0x00,0x00,0x00,0x00,0x00,0x00,0x00,0x00,0x00,0x00,0x00,0x00,0x00,0x00,0x00,0x00,0x00,0x00,0x00,0x00,0x00,0x00,0x00,0x00,0xE0,0x07,0xE0,0x07,0x00,0x00,0x00,0x00,0xC0,0x0F,0xF0,0x03,0x00,0x00,0x00,0x00,0x80,0x1F,0xF8,0x01,0x00,0x00,0x00,0x00,0x00,0x1F,0xF8,0x00,0x00,0x00,0x00,0x00,0x00,0x3E,0x7C,0x00,0x00,0x00,0x00,0x00,0x00,0x7C,0x3E,0x00,0x00,0x00,0x00,0x00,0x00,0xF8,0x1F,0x00,0x00,0x00,0x00,0x00,0x00,0xF8,0x1F,0x00,0x00,0x00,0x00,0x00,0x00,0xF0,0x0F,0x00,0x00,0x00,0x00,0x00,0x00,0xE0,0x07,0x00,0x00,0x00,0x00,0x00,0x00,0xC0,0x03,0x00,0x00,0x00,0x00,0x00,0xE0,0x07,0xE0,0x07,0x00,0x00,0x00,0x00,0xC0,0x0F,0xF0,0x03,0x00,0x00,0x00,0x00,0x80,0x1F,0xF8,0x01,0x00,0x00,0x00,0x00,0x00,0x3F,0xFC,0x00,0x00,0x00,0x00,0x00,0x00,0x3E,0x7C,0x00,0x00,0x00,0x00,0x00,0x00,0x7C,0x3E,0x00,0x00,0x00,0x00,0x00,0x00,0xF8,0x1F,0x00,0x00,0x00,0x00,0x00,0x00,0xF8,0x1F,0x00,0x00,0x00,0x00,0x00,0x00,0xF0,0x0F,0x00,0x00,0x00,0x00,0x00,0x00,0xE0,0x07,0x00,0x00,0x00,0x00,0x00,0x00,0xC0,0x03,  // 187
  0x00,0x00,0x00,0x00,0x00,0x00,0x00,0x00,0x00,0x00,0x80,0x03,0x03,0x00,0x00,0x00,0x80,0x03,0x80,0x03,0x07,0x00,0x00,0x00,0x80,0x03,0x80,0x83,0x07,0x00,0x00,0x00,0x80,0x03,0x80,0x83,0x03,0x00,0x00,0x00,0xC0,0x01,0x80,0x83,0x03,0x00,0x00,0x00,0xC0,0x01,0x80,0x83,0x03,0x00,0x00,0x00,0xC0,0xFF,0xFF,0x83,0x03,0x00,0x00,0x00,0xC0,0xFF,0xFF,0xC3,0x01,0x00,0x00,0x00,0xC0,0xFF,0xFF,0xC3,0x01,0x00,0x00,0x00,0xC0,0xFF,0xFF,0xC3,0x01,0x00,0x00,0x00,0xC0,0xFF,0xFF,0xC3,0x01,0xF0,0x01,0x00,0x00,0x00,0x80,0xE3,0x01,0xF8,0x01,0x00,0x00,0x00,0x80,0xE3,0x00,0xFC,0x01,0x00,0x00,0x00,0x80,0xE3,0x00,0xFE,0x01,0x00,0x00,0x00,0x80,0xE3,0x80,0xDF,0x01,0x00,0x00,0x00,0x80,0xF3,0xC0,0xCF,0x01,0x00,0x00,0x00,0x80,0x73,0xE0,0xC3,0x01,0x00,0x00,0x00,0x00,0x70,0xF0,0xC1,0x01,0x00,0x00,0x00,0x00,0x70,0xFC,0xC0,0x01,0x00,0x00,0x00,0x00,0x70,0x3E,0xC0,0x01,0x00,0x00,0x00,0x00,0x38,0xFE,0xFF,0x1F,0x00,0x00,0x00,0x00,0x38,0xFE,0xFF,0x1F,0x00,0x00,0x00,0x00,0x38,0xFE,0xFF,0x1F,0x00,0x00,0x00,0x00,0x38,0xFE,0xFF,0x1F,0x00,0x00,0x00,0x00,0x3C,0xFE,0xFF,0x1F,0x00,0x00,0x00,0x00,0x1C,0x00,0xC0,0x01,0x00,0x00,0x00,0x00,0x18,0x00,0xC0,0x01,0x00,0x00,0x00,0x00,0x00,0x00,0xC0,0x01,  // 188
  0x00,0x00,0x00,0x00,0x00,0x00,0x00,0x00,0x00,0x00,0x80,0x03,0x03,0x00,0x00,0x00,0x80,0x03,0x80,0x03,0x07,0x00,0x00,0x00,0x80,0x03,0x80,0x83,0x07,0x00,0x00,0x00,0x80,0x03,0x80,0x83,0x03,0x00,0x00,0x00,0xC0,0x01,0x80,0x83,0x03,0x00,0x00,0x00,0xC0,0x01,0x80,0x83,0x03,0x00,0x00,0x00,0xC0,0xFF,0xFF,0x83,0x03,0x00,0x00,0x00,0xC0,0xFF,0xFF,0xC3,0x01,0x00,0x00,0x00,0xC0,0xFF,0xFF,0xC3,0x01,0x00,0x00,0x00,0xC0,0xFF,0xFF,0xC3,0x01,0x00,0x00,0x00,0xC0,0xFF,0xFF,0xC3,0x01,0x00,0x00,0x00,0x00,0x00,0x80,0xE3,0x01,0x00,0x1C,0x00,0x00,0x00,0x80,0xE3,0x1C,0x00,0x1E,0x00,0x00,0x00,0x80,0xE3,0x1C,0x00,0x1F,0x00,0x00,0x00,0x80,0xE3,0x0E,0x80,0x1F,0x00,0x00,0x00,0x80,0xF3,0x0E,0xC0,0x1F,0x00,0x00,0x00,0x80,0x73,0x0E,0xE0,0x1F,0x00,0x00,0x00,0x00,0x70,0x0E,0xF0,0x1D,0x00,0x00,0x00,0x00,0x70,0x0E,0xF8,0x1D,0x00,0x00,0x00,0x00,0x70,0x0E,0xFC,0x1C,0x00,0x00,0x00,0x00,0x38,0x0E,0x7E,0x1C,0x00,0x00,0x00,0x00,0x38,0x1E,0x3F,0x1C,0x00,0x00,0x00,0x00,0x38,0xFE,0x1F,0x1C,0x00,0x00,0x00,0x00,0x38,0xFC,0x0F,0x1C,0x00,0x00,0x00,0x00,0x3C,0xFC,0x07,0x1C,0x00,0x00,0x00,0x00,0x1C,0xF8,0x03,0x1C,0x00,0x00,0x00,0x00,0x18,0xF0,0x00,0x1C,  // 189
  0x00,0x00,0x00,0x00,0x00,0x00,0x00,0x00,0x00,0x00,0xC0,0x01,0x03,0x00,0x00,0x00,0x80,0x03,0xC0,0x01,0x07,0x00,0x00,0x00,0x80,0x03,0x80,0x83,0x07,0x00,0x00,0x00,0xC0,0x01,0x80,0x83,0x03,0x00,0x00,0x00,0xC0,0x01,0x80,0x83,0x03,0x00,0x00,0x00,0xC0,0xE1,0x80,0x83,0x03,0x00,0x00,0x00,0xC0,0xE1,0x80,0x83,0x03,0x00,0x00,0x00,0xC0,0xE1,0x80,0xC3,0x01,0x00,0x00,0x00,0xC0,0xE1,0x80,0xC3,0x01,0x00,0x00,0x00,0xC0,0xE1,0x80,0xC3,0x01,0x00,0x00,0x00,0xC0,0xF3,0xC1,0xC3,0x01,0xF0,0x01,0x00,0xC0,0xFF,0xE3,0xE3,0x01,0xF8,0x01,0x00,0x80,0xBF,0xFF,0xE1,0x00,0xFC,0x01,0x00,0x80,0xBF,0xFF,0xE1,0x00,0xFE,0x01,0x00,0x00,0x9F,0xFF,0xE0,0x80,0xDF,0x01,0x00,0x00,0x0E,0xFF,0xF0,0xC0,0xCF,0x01,0x00,0x00,0x00,0x3C,0x70,0xE0,0xC3,0x01,0x00,0x00,0x00,0x00,0x70,0xF0,0xC1,0x01,0x00,0x00,0x00,0x00,0x70,0xFC,0xC0,0x01,0x00,0x00,0x00,0x00,0x70,0x3E,0xC0,0x01,0x00,0x00,0x00,0x00,0x38,0xFE,0xFF,0x1F,0x00,0x00,0x00,0x00,0x38,0xFE,0xFF,0x1F,0x00,0x00,0x00,0x00,0x38,0xFE,0xFF,0x1F,0x00,0x00,0x00,0x00,0x38,0xFE,0xFF,0x1F,0x00,0x00,0x00,0x00,0x3C,0xFE,0xFF,0x1F,0x00,0x00,0x00,0x00,0x1C,0x00,0xC0,0x01,0x00,0x00,0x00,0x00,0x18,0x00,0xC0,0x01,0x00,0x00,0x00,0x00,0x00,0x00,0xC0,0x01,  // 190
  0x00,0x00,0x00,0x00,0x00,0x00,0x00,0x00,0x00,0x00,0x00,0x00,0x00,0x00,0x00,0x00,0x00,0x00,0x00,0x00,0x00,0x00,0x00,0x00,0x00,0x00,0x00,0x00,0x00,0x00,0x00,0x00,0x00,0x00,0x00,0x00,0x00,0x00,0x00,0x00,0x00,0x00,0x00,0x00,0x00,0xE0,0x07,0x00,0x00,0x00,0x00,0x00,0x00,0xF0,0x1F,0x00,0x00,0x00,0x00,0x00,0x00,0xFC,0x3F,0x00,0x00,0x00,0x00,0x00,0x00,0xFE,0x7F,0x00,0x00,0x00,0x00,0x00,0x00,0xFF,0xFF,0x00,0x00,0x00,0x00,0x00,0x80,0xFF,0xFF,0x00,0x00,0x00,0x00,0x00,0xC0,0xFF,0xFF,0x01,0x00,0x00,0x00,0x00,0xE0,0x1F,0xFE,0x01,0x00,0x00,0xF0,0xC7,0xFF,0x0F,0xFC,0x01,0x00,0x00,0xF0,0xC7,0xFF,0x03,0xF8,0x01,0x00,0x00,0xF0,0xC7,0xFF,0x03,0xF8,0x01,0x00,0x00,0xF0,0xC7,0xFF,0x01,0xF8,0x01,0x00,0x00,0xF0,0xC7,0xFF,0x00,0xF8,0x01,0x00,0x00,0xF0,0xC7,0x7F,0x00,0xF8,0x01,0x00,0x00,0xF0,0xC7,0x1F,0x00,0xFC,0x00,0x00,0x00,0x00,0x00,0x00,0x00,0xFC,0x00,0x00,0x00,0x00,0x00,0x00,0x00,0xFE,0x00,0x00,0x00,0x00,0x00,0x00,0x00,0x7E,0x00,0x00,0x00,0x00,0x00,0x00,0x00,0x7F,0x00,0x00,0x00,0x00,0x00,0x00,0x80,0x3F,  // 191
  0x00,0x00,0x00,0x00,0x00,0x00,0x00,0x00,0x00,0x00,0x00,0x00,0x00,0x60,0x00,0x00,0x00,0x00,0x00,0x00,0x00,0x7E,0x00,0x00,0x00,0x00,0x00,0x00,0xC0,0x7F,0x00,0x00,0x00,0x00,0x00,0x00,0xFC,0x7F,0x00,0x00,0x00,0x00,0x00,0xC0,0xFF,0x7F,0x00,0x00,0x00,0x00,0x00,0xFC,0xFF,0x7F,0x00,0x00,0x00,0x00,0x80,0xFF,0xFF,0x7F,0x00,0x00,0x02,0x00,0xF8,0xFF,0xFF,0x1F,0x00,0x00,0x06,0x80,0xFF,0xFF,0xFF,0x01,0x00,0x00,0x0E,0xF0,0xFF,0xFF,0x3F,0x00,0x00,0x00,0x1E,0xF8,0xFF,0xFF,0x3F,0x00,0x00,0x00,0x3E,0xF8,0xFF,0x0F,0x3F,0x00,0x00,0x00,0x3E,0xF8,0xFF,0x00,0x3F,0x00,0x00,0x00,0x7C,0xF8,0x0F,0x00,0x3F,0x00,0x00,0x00,0x78,0xF8,0x0F,0x00,0x3F,0x00,0x00,0x00,0x70,0xF8,0xFF,0x00,0x3F,0x00,0x00,0x00,0x60,0xF8,0xFF,0x0F,0x3F,0x00,0x00,0x00,0x40,0xF8,0xFF,0xFF,0x3F,0x00,0x00,0x00,0x00,0xF0,0xFF,0xFF,0x3F,0x00,0x00,0x00,0x00,0x80,0xFF,0xFF,0xFF,0x01,0x00,0x00,0x00,0x00,0xF8,0xFF,0xFF,0x1F,0x00,0x00,0x00,0x00,0x80,0xFF,0xFF,0x7F,0x00,0x00,0x00,0x00,0x00,0xF8,0xFF,0x7F,0x00,0x00,0x00,0x00,0x00,0xC0,0xFF,0x7F,0x00,0x00,0x00,0x00,0x00,0x00,0xFC,0x7F,0x00,0x00,0x00,0x00,0x00,0x00,0xC0,0x7F,0x00,0x00,0x00,0x00,0x00,0x00,0x00,0x7E,0x00,0x00,0x00,0x00,0x00,0x00,0x00,0x60,  // 192
  0x00,0x00,0x00,0x00,0x00,0x00,0x00,0x00,0x00,0x00,0x00,0x00,0x00,0x60,0x00,0x00,0x00,0x00,0x00,0x00,0x00,0x7E,0x00,0x00,0x00,0x00,0x00,0x00,0xC0,0x7F,0x00,0x00,0x00,0x00,0x00,0x00,0xFC,0x7F,0x00,0x00,0x00,0x00,0x00,0xC0,0xFF,0x7F,0x00,0x00,0x00,0x00,0x00,0xFC,0xFF,0x7F,0x00,0x00,0x00,0x00,0x80,0xFF,0xFF,0x7F,0x00,0x00,0x00,0x00,0xF8,0xFF,0xFF,0x1F,0x00,0x00,0x00,0x80,0xFF,0xFF,0xFF,0x01,0x00,0x00,0x00,0xF0,0xFF,0xFF,0x3F,0x00,0x00,0x00,0x40,0xF8,0xFF,0xFF,0x3F,0x00,0x00,0x00,0x60,0xF8,0xFF,0x0F,0x3F,0x00,0x00,0x00,0x70,0xF8,0xFF,0x00,0x3F,0x00,0x00,0x00,0x78,0xF8,0x0F,0x00,0x3F,0x00,0x00,0x00,0x7C,0xF8,0x0F,0x00,0x3F,0x00,0x00,0x00,0x3E,0xF8,0xFF,0x00,0x3F,0x00,0x00,0x00,0x3E,0xF8,0xFF,0x0F,0x3F,0x00,0x00,0x00,0x1E,0xF8,0xFF,0xFF,0x3F,0x00,0x00,0x00,0x0E,0xF0,0xFF,0xFF,0x3F,0x00,0x00,0x00,0x06,0x80,0xFF,0xFF,0xFF,0x01,0x00,0x00,0x02,0x00,0xF8,0xFF,0xFF,0x1F,0x00,0x00,0x00,0x00,0x80,0xFF,0xFF,0x7F,0x00,0x00,0x00,0x00,0x00,0xF8,0xFF,0x7F,0x00,0x00,0x00,0x00,0x00,0xC0,0xFF,0x7F,0x00,0x00,0x00,0x00,0x00,0x00,0xFC,0x7F,0x00,0x00,0x00,0x00,0x00,0x00,0xC0,0x7F,0x00,0x00,0x00,0x00,0x00,0x00,0x00,0x7E,0x00,0x00,0x00,0x00,0x00,0x00,0x00,0x60,  // 193
  0x00,0x00,0x00,0x00,0x00,0x00,0x00,0x00,0x00,0x00,0x00,0x00,0x00,0x60,0x00,0x00,0x00,0x00,0x00,0x00,0x00,0x7E,0x00,0x00,0x00,0x00,0x00,0x00,0xC0,0x7F,0x00,0x00,0x00,0x00,0x00,0x00,0xFC,0x7F,0x00,0x00,0x00,0x00,0x00,0xC0,0xFF,0x7F,0x00,0x00,0x40,0x00,0x00,0xFC,0xFF,0x7F,0x00,0x00,0x60,0x00,0x80,0xFF,0xFF,0x7F,0x00,0x00,0x70,0x00,0xF8,0xFF,0xFF,0x1F,0x00,0x00,0x78,0x80,0xFF,0xFF,0xFF,0x01,0x00,0x00,0x7C,0xF0,0xFF,0xFF,0x3F,0x00,0x00,0x00,0x3E,0xF8,0xFF,0xFF,0x3F,0x00,0x00,0x00,0x1E,0xF8,0xFF,0x0F,0x3F,0x00,0x00,0x00,0x1E,0xF8,0xFF,0x00,0x3F,0x00,0x00,0x00,0x0E,0xF8,0x0F,0x00,0x3F,0x00,0x00,0x00,0x0E,0xF8,0x0F,0x00,0x3F,0x00,0x00,0x00,0x1E,0xF8,0xFF,0x00,0x3F,0x00,0x00,0x00,0x1E,0xF8,0xFF,0x0F,0x3F,0x00,0x00,0x00,0x3E,0xF8,0xFF,0xFF,0x3F,0x00,0x00,0x00,0x7C,0xF0,0xFF,0xFF,0x3F,0x00,0x00,0x00,0x78,0x80,0xFF,0xFF,0xFF,0x01,0x00,0x00,0x70,0x00,0xF8,0xFF,0xFF,0x1F,0x00,0x00,0x60,0x00,0x80,0xFF,0xFF,0x7F,0x00,0x00,0x40,0x00,0x00,0xF8,0xFF,0x7F,0x00,0x00,0x00,0x00,0x00,0xC0,0xFF,0x7F,0x00,0x00,0x00,0x00,0x00,0x00,0xFC,0x7F,0x00,0x00,0x00,0x00,0x00,0x00,0xC0,0x7F,0x00,0x00,0x00,0x00,0x00,0x00,0x00,0x7E,0x00,0x00,0x00,0x00,0x00,0x00,0x00,0x60,  // 194
  0x00,0x00,0x00,0x00,0x00,0x00,0x00,0x00,0x00,0x00,0x00,0x00,0x00,0x60,0x00,0x00,0x00,0x00,0x00,0x00,0x00,0x7E,0x00,0x00,0x00,0x00,0x00,0x00,0xC0,0x7F,0x00,0x00,0x00,0x00,0x00,0x00,0xFC,0x7F,0x00,0x00,0x00,0x00,0x00,0xC0,0xFF,0x7F,0x00,0x00,0x00,0x00,0x00,0xFC,0xFF,0x7F,0x00,0x00,0x78,0x00,0x80,0xFF,0xFF,0x7F,0x00,0x00,0x7E,0x00,0xF8,0xFF,0xFF,0x1F,0x00,0x00,0x7E,0x80,0xFF,0xFF,0xFF,0x01,0x00,0x00,0x1F,0xF0,0xFF,0xFF,0x3F,0x00,0x00,0x00,0x0F,0xF8,0xFF,0xFF,0x3F,0x00,0x00,0x00,0x0F,0xF8,0xFF,0x0F,0x3F,0x00,0x00,0x00,0x1F,0xF8,0xFF,0x00,0x3F,0x00,0x00,0x00,0x1E,0xF8,0x0F,0x00,0x3F,0x00,0x00,0x00,0x3C,0xF8,0x0F,0x00,0x3F,0x00,0x00,0x00,0x7C,0xF8,0xFF,0x00,0x3F,0x00,0x00,0x00,0x78,0xF8,0xFF,0x0F,0x3F,0x00,0x00,0x00,0x78,0xF8,0xFF,0xFF,0x3F,0x00,0x00,0x00,0x7C,0xF0,0xFF,0xFF,0x3F,0x00,0x00,0x00,0x3F,0x80,0xFF,0xFF,0xFF,0x01,0x00,0x00,0x3F,0x00,0xF8,0xFF,0xFF,0x1F,0x00,0x00,0x0F,0x00,0x80,0xFF,0xFF,0x7F,0x00,0x00,0x00,0x00,0x00,0xF8,0xFF,0x7F,0x00,0x00,0x00,0x00,0x00,0xC0,0xFF,0x7F,0x00,0x00,0x00,0x00,0x00,0x00,0xFC,0x7F,0x00,0x00,0x00,0x00,0x00,0x00,0xC0,0x7F,0x00,0x00,0x00,0x00,0x00,0x00,0x00,0x7E,0x00,0x00,0x00,0x00,0x00,0x00,0x00,0x60,  // 195
  0x00,0x00,0x00,0x00,0x00,0x00,0x00,0x00,0x00,0x00,0x00,0x00,0x00,0x60,0x00,0x00,0x00,0x00,0x00,0x00,0x00,0x7E,0x00,0x00,0x00,0x00,0x00,0x00,0xC0,0x7F,0x00,0x00,0x00,0x00,0x00,0x00,0xFC,0x7F,0x00,0x00,0x00,0x00,0x00,0xC0,0xFF,0x7F,0x00,0x00,0x00,0x00,0x00,0xFC,0xFF,0x7F,0x00,0x00,0x7E,0x00,0x80,0xFF,0xFF,0x7F,0x00,0x00,0x7E,0x00,0xF8,0xFF,0xFF,0x1F,0x00,0x00,0x7E,0x80,0xFF,0xFF,0xFF,0x01,0x00,0x00,0x7E,0xF0,0xFF,0xFF,0x3F,0x00,0x00,0x00,0x7E,0xF8,0xFF,0xFF,0x3F,0x00,0x00,0x00,0x7E,0xF8,0xFF,0x0F,0x3F,0x00,0x00,0x00,0x00,0xF8,0xFF,0x00,0x3F,0x00,0x00,0x00,0x00,0xF8,0x0F,0x00,0x3F,0x00,0x00,0x00,0x00,0xF8,0x0F,0x00,0x3F,0x00,0x00,0x00,0x00,0xF8,0xFF,0x00,0x3F,0x00,0x00,0x00,0x7E,0xF8,0xFF,0x0F,0x3F,0x00,0x00,0x00,0x7E,0xF8,0xFF,0xFF,0x3F,0x00,0x00,0x00,0x7E,0xF0,0xFF,0xFF,0x3F,0x00,0x00,0x00,0x7E,0x80,0xFF,0xFF,0xFF,0x01,0x00,0x00,0x7E,0x00,0xF8,0xFF,0xFF,0x1F,0x00,0x00,0x7E,0x00,0x80,0xFF,0xFF,0x7F,0x00,0x00,0x00,0x00,0x00,0xF8,0xFF,0x7F,0x00,0x00,0x00,0x00,0x00,0xC0,0xFF,0x7F,0x00,0x00,0x00,0x00,0x00,0x00,0xFC,0x7F,0x00,0x00,0x00,0x00,0x00,0x00,0xC0,0x7F,0x00,0x00,0x00,0x00,0x00,0x00,0x00,0x7E,0x00,0x00,0x00,0x00,0x00,0x00,0x00,0x60,  // 196
  0x00,0x00,0x00,0x00,0x00,0x00,0x00,0x00,0x00,0x00,0x00,0x00,0x00,0x60,0x00,0x00,0x00,0x00,0x00,0x00,0x00,0x7E,0x00,0x00,0x00,0x00,0x00,0x00,0xC0,0x7F,0x00,0x00,0x00,0x00,0x00,0x00,0xFC,0x7F,0x00,0x00,0x00,0x00,0x00,0xC0,0xFF,0x7F,0x00,0x00,0x00,0x00,0x00,0xFC,0xFF,0x7F,0x00,0x00,0x00,0x00,0x80,0xFF,0xFF,0x7F,0x00,0x00,0xE0,0x03,0xF8,0xFF,0xFF,0x1F,0x00,0x00,0xF0,0x8F,0xFF,0xFF,0xFF,0x01,0x00,0x00,0xF8,0xFF,0xFF,0xFF,0x3F,0x00,0x00,0x00,0xFC,0xFF,0xFF,0xFF,0x3F,0x00,0x00,0x00,0x3E,0xFC,0xFF,0x1F,0x3F,0x00,0x00,0x00,0x1E,0xF8,0xFF,0x00,0x3F,0x00,0x00,0x00,0x1E,0xF8,0x0F,0x00,0x3F,0x00,0x00,0x00,0x1E,0xF8,0x0F,0x00,0x3F,0x00,0x00,0x00,0x1E,0xF8,0xFF,0x00,0x3F,0x00,0x00,0x00,0x3E,0xFC,0xFF,0x1F,0x3F,0x00,0x00,0x00,0xFC,0xFF,0xFF,0xFF,0x3F,0x00,0x00,0x00,0xF8,0xFF,0xFF,0xFF,0x3F,0x00,0x00,0x00,0xF0,0x8F,0xFF,0xFF,0xFF,0x01,0x00,0x00,0xE0,0x03,0xF8,0xFF,0xFF,0x1F,0x00,0x00,0x00,0x00,0x80,0xFF,0xFF,0x7F,0x00,0x00,0x00,0x00,0x00,0xF8,0xFF,0x7F,0x00,0x00,0x00,0x00,0x00,0xC0,0xFF,0x7F,0x00,0x00,0x00,0x00,0x00,0x00,0xFC,0x7F,0x00,0x00,0x00,0x00,0x00,0x00,0xC0,0x7F,0x00,0x00,0x00,0x00,0x00,0x00,0x00,0x7E,0x00,0x00,0x00,0x00,0x00,0x00,0x00,0x60,  // 197
  0x00,0x00,0x00,0x00,0x00,0x60,0x00,0x00,0x00,0x00,0x00,0x00,0x00,0x7E,0x00,0x00,0x00,0x00,0x00,0x00,0xE0,0x7F,0x00,0x00,0x00,0x00,0x00,0x00,0xFE,0x7F,0x00,0x00,0x00,0x00,0x00,0xF0,0xFF,0x7F,0x00,0x00,0x00,0x00,0x00,0xFF,0xFF,0x7F,0x00,0x00,0x00,0x00,0xF0,0xFF,0xFF,0x1F,0x00,0x00,0x00,0x00,0xFF,0xFF,0xFF,0x01,0x00,0x00,0x00,0xF0,0xFF,0xFF,0x3F,0x00,0x00,0x00,0x00,0xF8,0xFF,0xFF,0x3F,0x00,0x00,0x00,0x00,0xF8,0xFF,0x0F,0x3F,0x00,0x00,0x00,0x00,0xF8,0xFF,0x00,0x3F,0x00,0x00,0x00,0x00,0xF8,0x07,0x00,0x3F,0x00,0x00,0x00,0x00,0xF8,0x01,0x00,0x3F,0x00,0x00,0x00,0x00,0xF8,0x01,0x00,0x3F,0x00,0x00,0x00,0x00,0xF8,0xFF,0xFF,0xFF,0x7F,0x00,0x00,0x00,0xF8,0xFF,0xFF,0xFF,0x7F,0x00,0x00,0x00,0xF8,0xFF,0xFF,0xFF,0x7F,0x00,0x00,0x00,0xF8,0xFF,0xFF,0xFF,0x7F,0x00,0x00,0x00,0xF8,0xFF,0xFF,0xFF,0x7F,0x00,0x00,0x00,0xF8,0xFF,0xFF,0xFF,0x7F,0x00,0x00,0x00,0xF8,0x01,0x3F,0x00,0x7E,0x00,0x00,0x00,0xF8,0x01,0x3F,0x00,0x7E,0x00,0x00,0x00,0xF8,0x01,0x3F,0x00,0x7E,0x00,0x00,0x00,0xF8,0x01,0x3F,0x00,0x7E,0x00,0x00,0x00,0xF8,0x01,0x3F,0x00,0x7E,0x00,0x00,0x00,0xF8,0x01,0x3F,0x00,0x7E,0x00,0x00,0x00,0xF8,0x01,0x3F,0x00,0x7E,0x00,0x00,0x00,0xF8,0x01,0x00,0x00,0x7E,  // 198
  0x00,0x00,0x00,0x00,0x00,0x00,0x00,0x00,0x00,0x00,0x00,0x00,0x00,0x00,0x00,0x00,0x00,0x00,0x00,0x00,0x00,0x00,0x00,0x00,0x00,0x00,0x00,0x00,0x00,0x00,0x00,0x00,0x00,0x00,0x80,0xFF,0x07,0x00,0x00,0x00,0x00,0x00,0xF8,0xFF,0x7F,0x00,0x00,0x00,0x00,0x00,0xFE,0xFF,0xFF,0x01,0x00,0x00,0x00,0x80,0xFF,0xFF,0xFF,0x07,0x00,0x00,0x00,0xC0,0xFF,0xFF,0xFF,0x0F,0x00,0x00,0x00,0xE0,0xFF,0xFF,0xFF,0x1F,0x00,0x00,0x00,0xF0,0xFF,0xFF,0xFF,0x3F,0x00,0x00,0x00,0xF0,0xFF,0x00,0xF8,0x3F,0x00,0x00,0x00,0xF8,0x0F,0x00,0xC0,0x7F,0xF0,0x00,0x00,0xF8,0x07,0x00,0x80,0x7F,0xE0,0x01,0x00,0xF8,0x03,0x00,0x00,0x7F,0xE0,0x01,0x00,0xFC,0x01,0x00,0x00,0xFE,0xE0,0x01,0x00,0xFC,0x00,0x00,0x00,0xFE,0xE0,0x01,0x00,0xFC,0x00,0x00,0x00,0xFC,0xE0,0x01,0x00,0xFC,0x00,0x00,0x00,0xFC,0xF1,0x01,0x00,0xFC,0x00,0x00,0x00,0xFC,0xFF,0x01,0x00,0xFC,0x00,0x00,0x00,0xFC,0xFF,0x00,0x00,0xFC,0x00,0x00,0x00,0xFC,0xFE,0x00,0x00,0xFC,0x01,0x00,0x00,0xFE,0x7C,0x00,0x00,0xF8,0x01,0x00,0x00,0x7E,0x00,0x00,0x00,0xF8,0x03,0x00,0x00,0x7F,0x00,0x00,0x00,0xF8,0x07,0x00,0x80,0x7F,0x00,0x00,0x00,0xF0,0x0F,0x00,0x80,0x3F,  // 199
  0x00,0x00,0x00,0x00,0x00,0x00,0x00,0x00,0x00,0x00,0x00,0x00,0x00,0x00,0x00,0x00,0x00,0x00,0x00,0x00,0x00,0x00,0x00,0x00,0x00,0x00,0x00,0x00,0x00,0x00,0x00,0x00,0x00,0xF8,0xFF,0xFF,0xFF,0x7F,0x00,0x00,0x00,0xF8,0xFF,0xFF,0xFF,0x7F,0x00,0x00,0x00,0xF8,0xFF,0xFF,0xFF,0x7F,0x00,0x00,0x00,0xF8,0xFF,0xFF,0xFF,0x7F,0x00,0x00,0x00,0xF8,0xFF,0xFF,0xFF,0x7F,0x00,0x00,0x02,0xF8,0xFF,0xFF,0xFF,0x7F,0x00,0x00,0x06,0xF8,0xFF,0xFF,0xFF,0x7F,0x00,0x00,0x0E,0xF8,0x01,0x3F,0x00,0x7E,0x00,0x00,0x1E,0xF8,0x01,0x3F,0x00,0x7E,0x00,0x00,0x3E,0xF8,0x01,0x3F,0x00,0x7E,0x00,0x00,0x3E,0xF8,0x01,0x3F,0x00,0x7E,0x00,0x00,0x7C,0xF8,0x01,0x3F,0x00,0x7E,0x00,0x00,0x78,0xF8,0x01,0x3F,0x00,0x7E,0x00,0x00,0x70,0xF8,0x01,0x3F,0x00,0x7E,0x00,0x00,0x60,0xF8,0x01,0x3F,0x00,0x7E,0x00,0x00,0x40,0xF8,0x01,0x3F,0x00,0x7E,0x00,0x00,0x00,0xF8,0x01,0x3F,0x00,0x7E,0x00,0x00,0x00,0xF8,0x01,0x3F,0x00,0x7E,0x00,0x00,0x00,0xF8,0x01,0x3F,0x00,0x7E,0x00,0x00,0x00,0xF8,0x01,0x3F,0x00,0x7E,0x00,0x00,0x00,0xF8,0x01,0x3F,0x00,0x7E,0x00,0x00,0x00,0xF8,0x01,0x3F,0x00,0x7E,0x00,0x00,0x00,0xF8,0x01,0x00,0x00,0x7E,  // 200
  0x00,0x00,0x00,0x00,0x00,0x00,0x00,0x00,0x00,0x00,0x00,0x00,0x00,0x00,0x00,0x00,0x00,0x00,0x00,0x00,0x00,0x00,0x00,0x00,0x00,0x00,0x00,0x00,0x00,0x00,0x00,0x00,0x00,0xF8,0xFF,0xFF,0xFF,0x7F,0x00,0x00,0x00,0xF8,0xFF,0xFF,0xFF,0x7F,0x00,0x00,0x00,0xF8,0xFF,0xFF,0xFF,0x7F,0x00,0x00,0x00,0xF8,0xFF,0xFF,0xFF,0x7F,0x00,0x00,0x00,0xF8,0xFF,0xFF,0xFF,0x7F,0x00,0x00,0x00,0xF8,0xFF,0xFF,0xFF,0x7F,0x00,0x00,0x00,0xF8,0xFF,0xFF,0xFF,0x7F,0x00,0x00,0x00,0xF8,0x01,0x3F,0x00,0x7E,0x00,0x00,0x40,0xF8,0x01,0x3F,0x00,0x7E,0x00,0x00,0x60,0xF8,0x01,0x3F,0x00,0x7E,0x00,0x00,0x70,0xF8,0x01,0x3F,0x00,0x7E,0x00,0x00,0x78,0xF8,0x01,0x3F,0x00,0x7E,0x00,0x00,0x7C,0xF8,0x01,0x3F,0x00,0x7E,0x00,0x00,0x3E,0xF8,0x01,0x3F,0x00,0x7E,0x00,0x00,0x3E,0xF8,0x01,0x3F,0x00,0x7E,0x00,0x00,0x1E,0xF8,0x01,0x3F,0x00,0x7E,0x00,0x00,0x0E,0xF8,0x01,0x3F,0x00,0x7E,0x00,0x00,0x06,0xF8,0x01,0x3F,0x00,0x7E,0x00,0x00,0x02,0xF8,0x01,0x3F,0x00,0x7E,0x00,0x00,0x00,0xF8,0x01,0x3F,0x00,0x7E,0x00,0x00,0x00,0xF8,0x01,0x3F,0x00,0x7E,0x00,0x00,0x00,0xF8,0x01,0x3F,0x00,0x7E,0x00,0x00,0x00,0xF8,0x01,0x00,0x00,0x7E,  // 201
  0x00,0x00,0x00,0x00,0x00,0x00,0x00,0x00,0x00,0x00,0x00,0x00,0x00,0x00,0x00,0x00,0x00,0x00,0x00,0x00,0x00,0x00,0x00,0x00,0x00,0x00,0x00,0x00,0x00,0x00,0x00,0x00,0x00,0xF8,0xFF,0xFF,0xFF,0x7F,0x00,0x00,0x00,0xF8,0xFF,0xFF,0xFF,0x7F,0x00,0x00,0x00,0xF8,0xFF,0xFF,0xFF,0x7F,0x00,0x00,0x40,0xF8,0xFF,0xFF,0xFF,0x7F,0x00,0x00,0x60,0xF8,0xFF,0xFF,0xFF,0x7F,0x00,0x00,0x70,0xF8,0xFF,0xFF,0xFF,0x7F,0x00,0x00,0x78,0xF8,0xFF,0xFF,0xFF,0x7F,0x00,0x00,0x7C,0xF8,0x01,0x3F,0x00,0x7E,0x00,0x00,0x3E,0xF8,0x01,0x3F,0x00,0x7E,0x00,0x00,0x1E,0xF8,0x01,0x3F,0x00,0x7E,0x00,0x00,0x1E,0xF8,0x01,0x3F,0x00,0x7E,0x00,0x00,0x0E,0xF8,0x01,0x3F,0x00,0x7E,0x00,0x00,0x0E,0xF8,0x01,0x3F,0x00,0x7E,0x00,0x00,0x1E,0xF8,0x01,0x3F,0x00,0x7E,0x00,0x00,0x1E,0xF8,0x01,0x3F,0x00,0x7E,0x00,0x00,0x3E,0xF8,0x01,0x3F,0x00,0x7E,0x00,0x00,0x7C,0xF8,0x01,0x3F,0x00,0x7E,0x00,0x00,0x78,0xF8,0x01,0x3F,0x00,0x7E,0x00,0x00,0x70,0xF8,0x01,0x3F,0x00,0x7E,0x00,0x00,0x60,0xF8,0x01,0x3F,0x00,0x7E,0x00,0x00,0x40,0xF8,0x01,0x3F,0x00,0x7E,0x00,0x00,0x00,0xF8,0x01,0x3F,0x00,0x7E,0x00,0x00,0x00,0xF8,0x01,0x00,0x00,0x7E,  // 202
  0x00,0x00,0x00,0x00,0x00,0x00,0x00,0x00,0x00,0x00,0x00,0x00,0x00,0x00,0x00,0x00,0x00,0x00,0x00,0x00,0x00,0x00,0x00,0x00,0x00,0x00,0x00,0x00,0x00,0x00,0x00,0x00,0x00,0xF8,0xFF,0xFF,0xFF,0x7F,0x00,0x00,0x00,0xF8,0xFF,0xFF,0xFF,0x7F,0x00,0x00,0x00,0xF8,0xFF,0xFF,0xFF,0x7F,0x00,0x00,0x00,0xF8,0xFF,0xFF,0xFF,0x7F,0x00,0x00,0x7E,0xF8,0xFF,0xFF,0xFF,0x7F,0x00,0x00,0x7E,0xF8,0xFF,0xFF,0xFF,0x7F,0x00,0x00,0x7E,0xF8,0xFF,0xFF,0xFF,0x7F,0x00,0x00,0x7E,0xF8,0x01,0x3F,0x00,0x7E,0x00,0x00,0x7E,0xF8,0x01,0x3F,0x00,0x7E,0x00,0x00,0x7E,0xF8,0x01,0x3F,0x00,0x7E,0x00,0x00,0x00,0xF8,0x01,0x3F,0x00,0x7E,0x00,0x00,0x00,0xF8,0x01,0x3F,0x00,0x7E,0x00,0x00,0x00,0xF8,0x01,0x3F,0x00,0x7E,0x00,0x00,0x00,0xF8,0x01,0x3F,0x00,0x7E,0x00,0x00,0x7E,0xF8,0x01,0x3F,0x00,0x7E,0x00,0x00,0x7E,0xF8,0x01,0x3F,0x00,0x7E,0x00,0x00,0x7E,0xF8,0x01,0x3F,0x00,0x7E,0x00,0x00,0x7E,0xF8,0x01,0x3F,0x00,0x7E,0x00,0x00,0x7E,0xF8,0x01,0x3F,0x00,0x7E,0x00,0x00,0x7E,0xF8,0x01,0x3F,0x00,0x7E,0x00,0x00,0x00,0xF8,0x01,0x3F,0x00,0x7E,0x00,0x00,0x00,0xF8,0x01,0x3F,0x00,0x7E,0x00,0x00,0x00,0xF8,0x01,0x00,0x00,0x7E,  // 203
  0x00,0x00,0x00,0x00,0x00,0x00,0x00,0x00,0x00,0x00,0x00,0x00,0x00,0x00,0x00,0x00,0x00,0x00,0x00,0x00,0x00,0x00,0x00,0x00,0x00,0x00,0x00,0x00,0x00,0x00,0x00,0x00,0x00,0xF8,0x01,0x00,0x00,0x7E,0x00,0x00,0x00,0xF8,0x01,0x00,0x00,0x7E,0x00,0x00,0x00,0xF8,0x01,0x00,0x00,0x7E,0x00,0x00,0x00,0xF8,0x01,0x00,0x00,0x7E,0x00,0x00,0x02,0xF8,0x01,0x00,0x00,0x7E,0x00,0x00,0x06,0xF8,0x01,0x00,0x00,0x7E,0x00,0x00,0x0E,0xF8,0x01,0x00,0x00,0x7E,0x00,0x00,0x1E,0xF8,0xFF,0xFF,0xFF,0x7F,0x00,0x00,0x3E,0xF8,0xFF,0xFF,0xFF,0x7F,0x00,0x00,0x3E,0xF8,0xFF,0xFF,0xFF,0x7F,0x00,0x00,0x7C,0xF8,0xFF,0xFF,0xFF,0x7F,0x00,0x00,0x78,0xF8,0xFF,0xFF,0xFF,0x7F,0x00,0x00,0x70,0xF8,0xFF,0xFF,0xFF,0x7F,0x00,0x00,0x60,0xF8,0xFF,0xFF,0xFF,0x7F,0x00,0x00,0x40,0xF8,0x01,0x00,0x00,0x7E,0x00,0x00,0x00,0xF8,0x01,0x00,0x00,0x7E,0x00,0x00,0x00,0xF8,0x01,0x00,0x00,0x7E,0x00,0x00,0x00,0xF8,0x01,0x00,0x00,0x7E,0x00,0x00,0x00,0xF8,0x01,0x00,0x00,0x7E,0x00,0x00,0x00,0xF8,0x01,0x00,0x00,0x7E,0x00,0x00,0x00,0xF8,0x01,0x00,0x00,0x7E,  // 204
  0x00,0x00,0x00,0x00,0x00,0x00,0x00,0x00,0x00,0x00,0x00,0x00,0x00,0x00,0x00,0x00,0x00,0x00,0x00,0x00,0x00,0x00,0x00,0x00,0x00,0x00,0x00,0x00,0x00,0x00,0x00,0x00,0x00,0xF8,0x01,0x00,0x00,0x7E,0x00,0x00,0x00,0xF8,0x01,0x00,0x00,0x7E,0x00,0x00,0x00,0xF8,0x01,0x00,0x00,0x7E,0x00,0x00,0x00,0xF8,0x01,0x00,0x00,0x7E,0x00,0x00,0x00,0xF8,0x01,0x00,0x00,0x7E,0x00,0x00,0x00,0xF8,0x01,0x00,0x00,0x7E,0x00,0x00,0x00,0xF8,0x01,0x00,0x00,0x7E,0x00,0x00,0x40,0xF8,0xFF,0xFF,0xFF,0x7F,0x00,0x00,0x60,0xF8,0xFF,0xFF,0xFF,0x7F,0x00,0x00,0x70,0xF8,0xFF,0xFF,0xFF,0x7F,0x00,0x00,0x78,0xF8,0xFF,0xFF,0xFF,0x7F,0x00,0x00,0x7C,0xF8,0xFF,0xFF,0xFF,0x7F,0x00,0x00,0x3E,0xF8,0xFF,0xFF,0xFF,0x7F,0x00,0x00,0x3E,0xF8,0xFF,0xFF,0xFF,0x7F,0x00,0x00,0x1E,0xF8,0x01,0x00,0x00,0x7E,0x00,0x00,0x0E,0xF8,0x01,0x00,0x00,0x7E,0x00,0x00,0x06,0xF8,0x01,0x00,0x00,0x7E,0x00,0x00,0x02,0xF8,0x01,0x00,0x00,0x7E,0x00,0x00,0x00,0xF8,0x01,0x00,0x00,0x7E,0x00,0x00,0x00,0xF8,0x01,0x00,0x00,0x7E,0x00,0x00,0x00,0xF8,0x01,0x00,0x00,0x7E,  // 205
  0x00,0x00,0x00,0x00,0x00,0x00,0x00,0x00,0x00,0x00,0x00,0x00,0x00,0x00,0x00,0x00,0x00,0x00,0x00,0x00,0x00,0x00,0x00,0x00,0x00,0x00,0x00,0x00,0x00,0x00,0x00,0x00,0x00,0xF8,0x01,0x00,0x00,0x7E,0x00,0x00,0x00,0xF8,0x01,0x00,0x00,0x7E,0x00,0x00,0x40,0xF8,0x01,0x00,0x00,0x7E,0x00,0x00,0x60,0xF8,0x01,0x00,0x00,0x7E,0x00,0x00,0x70,0xF8,0x01,0x00,0x00,0x7E,0x00,0x00,0x78,0xF8,0x01,0x00,0x00,0x7E,0x00,0x00,0x7C,0xF8,0x01,0x00,0x00,0x7E,0x00,0x00,0x3E,0xF8,0xFF,0xFF,0xFF,0x7F,0x00,0x00,0x1E,0xF8,0xFF,0xFF,0xFF,0x7F,0x00,0x00,0x0E,0xF8,0xFF,0xFF,0xFF,0x7F,0x00,0x00,0x06,0xF8,0xFF,0xFF,0xFF,0x7F,0x00,0x00,0x0E,0xF8,0xFF,0xFF,0xFF,0x7F,0x00,0x00,0x1E,0xF8,0xFF,0xFF,0xFF,0x7F,0x00,0x00,0x3E,0xF8,0xFF,0xFF,0xFF,0x7F,0x00,0x00,0x7C,0xF8,0x01,0x00,0x00,0x7E,0x00,0x00,0x78,0xF8,0x01,0x00,0x00,0x7E,0x00,0x00,0x70,0xF8,0x01,0x00,0x00,0x7E,0x00,0x00,0x60,0xF8,0x01,0x00,0x00,0x7E,0x00,0x00,0x40,0xF8,0x01,0x00,0x00,0x7E,0x00,0x00,0x00,0xF8,0x01,0x00,0x00,0x7E,0x00,0x00,0x00,0xF8,0x01,0x00,0x00,0x7E,  // 206
  0x00,0x00,0x00,0x00,0x00,0x00,0x00,0x00,0x00,0x00,0x00,0x00,0x00,0x00,0x00,0x00,0x00,0x00,0x00,0x00,0x00,0x00,0x00,0x00,0x00,0x00,0x00,0x00,0x00,0x00,0x00,0x00,0x00,0xF8,0x01,0x00,0x00,0x7E,0x00,0x00,0x00,0xF8,0x01,0x00,0x00,0x7E,0x00,0x00,0x00,0xF8,0x01,0x00,0x00,0x7E,0x00,0x00,0x7E,0xF8,0x01,0x00,0x00,0x7E,0x00,0x00,0x7E,0xF8,0x01,0x00,0x00,0x7E,0x00,0x00,0x7E,0xF8,0x01,0x00,0x00,0x7E,0x00,0x00,0x7E,0xF8,0x01,0x00,0x00,0x7E,0x00,0x00,0x7E,0xF8,0xFF,0xFF,0xFF,0x7F,0x00,0x00,0x7E,0xF8,0xFF,0xFF,0xFF,0x7F,0x00,0x00,0x00,0xF8,0xFF,0xFF,0xFF,0x7F,0x00,0x00,0x00,0xF8,0xFF,0xFF,0xFF,0x7F,0x00,0x00,0x00,0xF8,0xFF,0xFF,0xFF,0x7F,0x00,0x00,0x7E,0xF8,0xFF,0xFF,0xFF,0x7F,0x00,0x00,0x7E,0xF8,0xFF,0xFF,0xFF,0x7F,0x00,0x00,0x7E,0xF8,0x01,0x00,0x00,0x7E,0x00,0x00,0x7E,0xF8,0x01,0x00,0x00,0x7E,0x00,0x00,0x7E,0xF8,0x01,0x00,0x00,0x7E,0x00,0x00,0x7E,0xF8,0x01,0x00,0x00,0x7E,0x00,0x00,0x00,0xF8,0x01,0x00,0x00,0x7E,0x00,0x00,0x00,0xF8,0x01,0x00,0x00,0x7E,0x00,0x00,0x00,0xF8,0x01,0x00,0x00,0x7E,  // 207
  0x00,0x00,0x00,0x7E,0x00,0x00,0x00,0x00,0x00,0x00,0x00,0x7E,0x00,0x00,0x00,0x00,0x00,0x00,0x00,0x7E,0x00,0x00,0x00,0x00,0x00,0xF8,0xFF,0xFF,0xFF,0x7F,0x00,0x00,0x00,0xF8,0xFF,0xFF,0xFF,0x7F,0x00,0x00,0x00,0xF8,0xFF,0xFF,0xFF,0x7F,0x00,0x00,0x00,0xF8,0xFF,0xFF,0xFF,0x7F,0x00,0x00,0x00,0xF8,0xFF,0xFF,0xFF,0x7F,0x00,0x00,0x00,0xF8,0xFF,0xFF,0xFF,0x7F,0x00,0x00,0x00,0xF8,0xFF,0xFF,0xFF,0x7F,0x00,0x00,0x00,0xF8,0x01,0x7E,0x00,0x7E,0x00,0x00,0x00,0xF8,0x01,0x7E,0x00,0x7E,0x00,0x00,0x00,0xF8,0x01,0x7E,0x00,0x7E,0x00,0x00,0x00,0xF8,0x01,0x7E,0x00,0x7E,0x00,0x00,0x00,0xF8,0x01,0x7E,0x00,0x7E,0x00,0x00,0x00,0xF8,0x01,0x7E,0x00,0x7E,0x00,0x00,0x00,0xF8,0x03,0x00,0x00,0x7F,0x00,0x00,0x00,0xF0,0x03,0x00,0x00,0x3F,0x00,0x00,0x00,0xF0,0x07,0x00,0x80,0x3F,0x00,0x00,0x00,0xF0,0x07,0x00,0x80,0x3F,0x00,0x00,0x00,0xE0,0x1F,0x00,0xE0,0x1F,0x00,0x00,0x00,0xE0,0xFF,0x00,0xFC,0x1F,0x00,0x00,0x00,0xC0,0xFF,0xFF,0xFF,0x0F,0x00,0x00,0x00,0xC0,0xFF,0xFF,0xFF,0x0F,0x00,0x00,0x00,0x80,0xFF,0xFF,0xFF,0x07,0x00,0x00,0x00,0x00,0xFF,0xFF,0xFF,0x03,0x00,0x00,0x00,0x00,0xFC,0xFF,0xFF,0x00,0x00,0x00,0x00,0x00,0xF0,0xFF,0x3F,0x00,0x00,0x00,0x00,0x00,0x80,0xFF,0x07,  // 208
  0x00,0x00,0x00,0x00,0x00,0x00,0x00,0x00,0x00,0x00,0x00,0x00,0x00,0x00,0x00,0x00,0x00,0x00,0x00,0x00,0x00,0x00,0x00,0x00,0x00,0xF8,0xFF,0xFF,0xFF,0x7F,0x00,0x00,0x00,0xF8,0xFF,0xFF,0xFF,0x7F,0x00,0x00,0x00,0xF8,0xFF,0xFF,0xFF,0x7F,0x00,0x00,0x00,0xF8,0xFF,0xFF,0xFF,0x7F,0x00,0x00,0x78,0xF8,0xFF,0xFF,0xFF,0x7F,0x00,0x00,0x7E,0xF8,0xFF,0xFF,0xFF,0x7F,0x00,0x00,0x7E,0xF8,0x3F,0x00,0x00,0x00,0x00,0x00,0x1F,0xF8,0xFF,0x01,0x00,0x00,0x00,0x00,0x0F,0xC0,0xFF,0x07,0x00,0x00,0x00,0x00,0x0F,0x00,0xFF,0x1F,0x00,0x00,0x00,0x00,0x1F,0x00,0xF8,0xFF,0x00,0x00,0x00,0x00,0x1E,0x00,0xE0,0xFF,0x03,0x00,0x00,0x00,0x3C,0x00,0x80,0xFF,0x1F,0x00,0x00,0x00,0x7C,0x00,0x00,0xFC,0x7F,0x00,0x00,0x00,0x78,0x00,0x00,0xF0,0xFF,0x03,0x00,0x00,0x78,0x00,0x00,0x80,0xFF,0x0F,0x00,0x00,0x7C,0x00,0x00,0x00,0xFE,0x7F,0x00,0x00,0x3F,0x00,0x00,0x00,0xF0,0x7F,0x00,0x00,0x3F,0xF8,0xFF,0xFF,0xFF,0x7F,0x00,0x00,0x0F,0xF8,0xFF,0xFF,0xFF,0x7F,0x00,0x00,0x00,0xF8,0xFF,0xFF,0xFF,0x7F,0x00,0x00,0x00,0xF8,0xFF,0xFF,0xFF,0x7F,0x00,0x00,0x00,0xF8,0xFF,0xFF,0xFF,0x7F,0x00,0x00,0x00,0xF8,0xFF,0xFF,0xFF,0x7F,  // 209
  0x00,0x00,0x00,0x00,0x00,0x00,0x00,0x00,0x00,0x00,0x00,0x00,0x00,0x00,0x00,0x00,0x00,0x00,0xC0,0xFF,0x0F,0x00,0x00,0x00,0x00,0x00,0xFC,0xFF,0xFF,0x00,0x00,0x00,0x00,0x00,0xFF,0xFF,0xFF,0x03,0x00,0x00,0x00,0xC0,0xFF,0xFF,0xFF,0x0F,0x00,0x00,0x00,0xE0,0xFF,0xFF,0xFF,0x1F,0x00,0x00,0x00,0xF0,0xFF,0xFF,0xFF,0x3F,0x00,0x00,0x02,0xF0,0xFF,0xFF,0xFF,0x3F,0x00,0x00,0x06,0xF8,0x3F,0x00,0xF0,0x7F,0x00,0x00,0x0E,0xF8,0x07,0x00,0x80,0x7F,0x00,0x00,0x1E,0xFC,0x03,0x00,0x00,0xFE,0x00,0x00,0x3E,0xFC,0x01,0x00,0x00,0xFE,0x00,0x00,0x3E,0xFC,0x00,0x00,0x00,0xFC,0x00,0x00,0x7C,0xFC,0x00,0x00,0x00,0xFC,0x00,0x00,0x78,0xFC,0x00,0x00,0x00,0xFC,0x00,0x00,0x70,0xFC,0x00,0x00,0x00,0xFC,0x00,0x00,0x60,0xFC,0x01,0x00,0x00,0xFE,0x00,0x00,0x40,0xFC,0x03,0x00,0x00,0xFE,0x00,0x00,0x00,0xF8,0x07,0x00,0x80,0x7F,0x00,0x00,0x00,0xF8,0x3F,0x00,0xF0,0x7F,0x00,0x00,0x00,0xF0,0xFF,0xFF,0xFF,0x3F,0x00,0x00,0x00,0xF0,0xFF,0xFF,0xFF,0x3F,0x00,0x00,0x00,0xE0,0xFF,0xFF,0xFF,0x1F,0x00,0x00,0x00,0xC0,0xFF,0xFF,0xFF,0x0F,0x00,0x00,0x00,0x00,0xFF,0xFF,0xFF,0x03,0x00,0x00,0x00,0x00,0xFC,0xFF,0xFF,0x00,0x00,0x00,0x00,0x00,0xC0,0xFF,0x0F,  // 210
  0x00,0x00,0x00,0x00,0x00,0x00,0x00,0x00,0x00,0x00,0x00,0x00,0x00,0x00,0x00,0x00,0x00,0x00,0xC0,0xFF,0x0F,0x00,0x00,0x00,0x00,0x00,0xFC,0xFF,0xFF,0x00,0x00,0x00,0x00,0x00,0xFF,0xFF,0xFF,0x03,0x00,0x00,0x00,0xC0,0xFF,0xFF,0xFF,0x0F,0x00,0x00,0x00,0xE0,0xFF,0xFF,0xFF,0x1F,0x00,0x00,0x00,0xF0,0xFF,0xFF,0xFF,0x3F,0x00,0x00,0x00,0xF0,0xFF,0xFF,0xFF,0x3F,0x00,0x00,0x00,0xF8,0x3F,0x00,0xF0,0x7F,0x00,0x00,0x00,0xF8,0x07,0x00,0x80,0x7F,0x00,0x00,0x40,0xFC,0x03,0x00,0x00,0xFE,0x00,0x00,0x60,0xFC,0x01,0x00,0x00,0xFE,0x00,0x00,0x70,0xFC,0x00,0x00,0x00,0xFC,0x00,0x00,0x78,0xFC,0x00,0x00,0x00,0xFC,0x00,0x00,0x7C,0xFC,0x00,0x00,0x00,0xFC,0x00,0x00,0x3E,0xFC,0x00,0x00,0x00,0xFC,0x00,0x00,0x3E,0xFC,0x01,0x00,0x00,0xFE,0x00,0x00,0x1E,0xFC,0x03,0x00,0x00,0xFE,0x00,0x00,0x0E,0xF8,0x07,0x00,0x80,0x7F,0x00,0x00,0x06,0xF8,0x3F,0x00,0xF0,0x7F,0x00,0x00,0x02,0xF0,0xFF,0xFF,0xFF,0x3F,0x00,0x00,0x00,0xF0,0xFF,0xFF,0xFF,0x3F,0x00,0x00,0x00,0xE0,0xFF,0xFF,0xFF,0x1F,0x00,0x00,0x00,0xC0,0xFF,0xFF,0xFF,0x0F,0x00,0x00,0x00,0x00,0xFF,0xFF,0xFF,0x03,0x00,0x00,0x00,0x00,0xFC,0xFF,0xFF,0x00,0x00,0x00,0x00,0x00,0xC0,0xFF,0x0F,  // 211
  0x00,0x00,0x00,0x00,0x00,0x00,0x00,0x00,0x00,0x00,0x00,0x00,0x00,0x00,0x00,0x00,0x00,0x00,0xC0,0xFF,0x0F,0x00,0x00,0x00,0x00,0x00,0xFC,0xFF,0xFF,0x00,0x00,0x00,0x00,0x00,0xFF,0xFF,0xFF,0x03,0x00,0x00,0x00,0xC0,0xFF,0xFF,0xFF,0x0F,0x00,0x00,0x40,0xE0,0xFF,0xFF,0xFF,0x1F,0x00,0x00,0x60,0xF0,0xFF,0xFF,0xFF,0x3F,0x00,0x00,0x70,0xF0,0xFF,0xFF,0xFF,0x3F,0x00,0x00,0x78,0xF8,0x3F,0x00,0xF0,0x7F,0x00,0x00,0x7C,0xF8,0x07,0x00,0x80,0x7F,0x00,0x00,0x3E,0xFC,0x03,0x00,0x00,0xFE,0x00,0x00,0x1E,0xFC,0x01,0x00,0x00,0xFE,0x00,0x00,0x1E,0xFC,0x00,0x00,0x00,0xFC,0x00,0x00,0x0E,0xFC,0x00,0x00,0x00,0xFC,0x00,0x00,0x0E,0xFC,0x00,0x00,0x00,0xFC,0x00,0x00,0x1E,0xFC,0x00,0x00,0x00,0xFC,0x00,0x00,0x1E,0xFC,0x01,0x00,0x00,0xFE,0x00,0x00,0x3E,0xFC,0x03,0x00,0x00,0xFE,0x00,0x00,0x7C,0xF8,0x07,0x00,0x80,0x7F,0x00,0x00,0x78,0xF8,0x3F,0x00,0xF0,0x7F,0x00,0x00,0x70,0xF0,0xFF,0xFF,0xFF,0x3F,0x00,0x00,0x60,0xF0,0xFF,0xFF,0xFF,0x3F,0x00,0x00,0x40,0xE0,0xFF,0xFF,0xFF,0x1F,0x00,0x00,0x00,0xC0,0xFF,0xFF,0xFF,0x0F,0x00,0x00,0x00,0x00,0xFF,0xFF,0xFF,0x03,0x00,0x00,0x00,0x00,0xFC,0xFF,0xFF,0x00,0x00,0x00,0x00,0x00,0xC0,0xFF,0x0F,  // 212
  0x00,0x00,0x00,0x00,0x00,0x00,0x00,0x00,0x00,0x00,0x00,0x00,0x00,0x00,0x00,0x00,0x00,0x00,0xC0,0xFF,0x0F,0x00,0x00,0x00,0x00,0x00,0xFC,0xFF,0xFF,0x00,0x00,0x00,0x00,0x00,0xFF,0xFF,0xFF,0x03,0x00,0x00,0x00,0xC0,0xFF,0xFF,0xFF,0x0F,0x00,0x00,0x00,0xE0,0xFF,0xFF,0xFF,0x1F,0x00,0x00,0x78,0xF0,0xFF,0xFF,0xFF,0x3F,0x00,0x00,0x7E,0xF0,0xFF,0xFF,0xFF,0x3F,0x00,0x00,0x7E,0xF8,0x3F,0x00,0xF0,0x7F,0x00,0x00,0x1F,0xF8,0x07,0x00,0x80,0x7F,0x00,0x00,0x0F,0xFC,0x03,0x00,0x00,0xFE,0x00,0x00,0x0F,0xFC,0x01,0x00,0x00,0xFE,0x00,0x00,0x1F,0xFC,0x00,0x00,0x00,0xFC,0x00,0x00,0x1E,0xFC,0x00,0x00,0x00,0xFC,0x00,0x00,0x3C,0xFC,0x00,0x00,0x00,0xFC,0x00,0x00,0x7C,0xFC,0x00,0x00,0x00,0xFC,0x00,0x00,0x78,0xFC,0x01,0x00,0x00,0xFE,0x00,0x00,0x78,0xFC,0x03,0x00,0x00,0xFE,0x00,0x00,0x7C,0xF8,0x07,0x00,0x80,0x7F,0x00,0x00,0x3F,0xF8,0x3F,0x00,0xF0,0x7F,0x00,0x00,0x3F,0xF0,0xFF,0xFF,0xFF,0x3F,0x00,0x00,0x0F,0xF0,0xFF,0xFF,0xFF,0x3F,0x00,0x00,0x00,0xE0,0xFF,0xFF,0xFF,0x1F,0x00,0x00,0x00,0xC0,0xFF,0xFF,0xFF,0x0F,0x00,0x00,0x00,0x00,0xFF,0xFF,0xFF,0x03,0x00,0x00,0x00,0x00,0xFC,0xFF,0xFF,0x00,0x00,0x00,0x00,0x00,0xC0,0xFF,0x0F,  // 213
  0x00,0x00,0x00,0x00,0x00,0x00,0x00,0x00,0x00,0x00,0x00,0x00,0x00,0x00,0x00,0x00,0x00,0x00,0xC0,0xFF,0x0F,0x00,0x00,0x00,0x00,0x00,0xFC,0xFF,0xFF,0x00,0x00,0x00,0x00,0x00,0xFF,0xFF,0xFF,0x03,0x00,0x00,0x00,0xC0,0xFF,0xFF,0xFF,0x0F,0x00,0x00,0x00,0xE0,0xFF,0xFF,0xFF,0x1F,0x00,0x00,0x7E,0xF0,0xFF,0xFF,0xFF,0x3F,0x00,0x00,0x7E,0xF0,0xFF,0xFF,0xFF,0x3F,0x00,0x00,0x7E,0xF8,0x3F,0x00,0xF0,0x7F,0x00,0x00,0x7E,0xF8,0x07,0x00,0x80,0x7F,0x00,0x00,0x7E,0xFC,0x03,0x00,0x00,0xFE,0x00,0x00,0x7E,0xFC,0x01,0x00,0x00,0xFE,0x00,0x00,0x00,0xFC,0x00,0x00,0x00,0xFC,0x00,0x00,0x00,0xFC,0x00,0x00,0x00,0xFC,0x00,0x00,0x00,0xFC,0x00,0x00,0x00,0xFC,0x00,0x00,0x00,0xFC,0x00,0x00,0x00,0xFC,0x00,0x00,0x7E,0xFC,0x01,0x00,0x00,0xFE,0x00,0x00,0x7E,0xFC,0x03,0x00,0x00,0xFE,0x00,0x00,0x7E,0xF8,0x07,0x00,0x80,0x7F,0x00,0x00,0x7E,0xF8,0x3F,0x00,0xF0,0x7F,0x00,0x00,0x7E,0xF0,0xFF,0xFF,0xFF,0x3F,0x00,0x00,0x7E,0xF0,0xFF,0xFF,0xFF,0x3F,0x00,0x00,0x00,0xE0,0xFF,0xFF,0xFF,0x1F,0x00,0x00,0x00,0xC0,0xFF,0xFF,0xFF,0x0F,0x00,0x00,0x00,0x00,0xFF,0xFF,0xFF,0x03,0x00,0x00,0x00,0x00,0xFC,0xFF,0xFF,0x00,0x00,0x00,0x00,0x00,0xC0,0xFF,0x0F,  // 214
  0x00,0x00,0x00,0x00,0x00,0x00,0x00,0x00,0x00,0x00,0x00,0x00,0x00,0x00,0x00,0x00,0x00,0x00,0x80,0x00,0x40,0x00,0x00,0x00,0x00,0x00,0xC0,0x01,0xE0,0x00,0x00,0x00,0x00,0x00,0xE0,0x03,0xF0,0x01,0x00,0x00,0x00,0x00,0xF0,0x07,0xF8,0x03,0x00,0x00,0x00,0x00,0xF8,0x0F,0xFC,0x07,0x00,0x00,0x00,0x00,0xF0,0x1F,0xFE,0x03,0x00,0x00,0x00,0x00,0xE0,0x3F,0xFF,0x01,0x00,0x00,0x00,0x00,0xC0,0xFF,0xFF,0x00,0x00,0x00,0x00,0x00,0x80,0xFF,0x7F,0x00,0x00,0x00,0x00,0x00,0x00,0xFF,0x3F,0x00,0x00,0x00,0x00,0x00,0x00,0xFE,0x1F,0x00,0x00,0x00,0x00,0x00,0x00,0xFC,0x0F,0x00,0x00,0x00,0x00,0x00,0x00,0xFC,0x0F,0x00,0x00,0x00,0x00,0x00,0x00,0xFE,0x1F,0x00,0x00,0x00,0x00,0x00,0x00,0xFF,0x3F,0x00,0x00,0x00,0x00,0x00,0x80,0xFF,0x7F,0x00,0x00,0x00,0x00,0x00,0xC0,0xFF,0xFF,0x00,0x00,0x00,0x00,0x00,0xE0,0x3F,0xFF,0x01,0x00,0x00,0x00,0x00,0xF0,0x1F,0xFE,0x03,0x00,0x00,0x00,0x00,0xF8,0x0F,0xFC,0x07,0x00,0x00,0x00,0x00,0xF0,0x07,0xF8,0x03,0x00,0x00,0x00,0x00,0xE0,0x03,0xF0,0x01,0x00,0x00,0x00,0x00,0xC0,0x01,0xE0,0x00,0x00,0x00,0x00,0x00,0x80,0x00,0x40,  // 215
  0x00,0x00,0x00,0x00,0x00,0x20,0x00,0x00,0x00,0x00,0x00,0x00,0x00,0x70,0x00,0x00,0x00,0x00,0xC0,0xFF,0x0F,0xFC,0x00,0x00,0x00,0x00,0xF8,0xFF,0xFF,0xFE,0x01,0x00,0x00,0x00,0xFF,0xFF,0xFF,0x7F,0x00,0x00,0x00,0x80,0xFF,0xFF,0xFF,0x3F,0x00,0x00,0x00,0xE0,0xFF,0xFF,0xFF,0x1F,0x00,0x00,0x00,0xF0,0xFF,0xFF,0xFF,0x3F,0x00,0x00,0x00,0xF0,0xFF,0xFF,0xFF,0x7F,0x00,0x00,0x00,0xF8,0x3F,0x80,0xFF,0x7F,0x00,0x00,0x00,0xF8,0x07,0xC0,0xFF,0x7F,0x00,0x00,0x00,0xFC,0x03,0xE0,0x3F,0xFE,0x00,0x00,0x00,0xFC,0x01,0xF8,0x0F,0xFE,0x00,0x00,0x00,0xFC,0x00,0xFC,0x07,0xFC,0x00,0x00,0x00,0xFC,0x00,0xFE,0x03,0xFC,0x00,0x00,0x00,0xFC,0x00,0xFF,0x00,0xFC,0x00,0x00,0x00,0xFC,0xC0,0x7F,0x00,0xFC,0x00,0x00,0x00,0xFC,0xE1,0x3F,0x00,0xFE,0x00,0x00,0x00,0xFC,0xF3,0x0F,0x00,0xFE,0x00,0x00,0x00,0xF8,0xFF,0x07,0x80,0x7F,0x00,0x00,0x00,0xF8,0xFF,0x03,0xF0,0x7F,0x00,0x00,0x00,0xF8,0xFF,0xFF,0xFF,0x3F,0x00,0x00,0x00,0xF0,0xFF,0xFF,0xFF,0x1F,0x00,0x00,0x00,0xE0,0xFF,0xFF,0xFF,0x1F,0x00,0x00,0x00,0xF8,0xFF,0xFF,0xFF,0x07,0x00,0x00,0x00,0xFC,0xFF,0xFF,0xFF,0x03,0x00,0x00,0x00,0xFE,0xFD,0xFF,0x7F,0x00,0x00,0x00,0x00,0x7C,0xC0,0xFF,0x07,0x00,0x00,0x00,0x00,0x38,0x00,0x00,0x00,0x00,0x00,0x00,0x00,0x08,  // 216
  0x00,0x00,0x00,0x00,0x00,0x00,0x00,0x00,0x00,0x00,0x00,0x00,0x00,0x00,0x00,0x00,0x00,0x00,0x00,0x00,0x00,0x00,0x00,0x00,0x00,0xF8,0xFF,0xFF,0xFF,0x00,0x00,0x00,0x00,0xF8,0xFF,0xFF,0xFF,0x07,0x00,0x00,0x00,0xF8,0xFF,0xFF,0xFF,0x0F,0x00,0x00,0x00,0xF8,0xFF,0xFF,0xFF,0x1F,0x00,0x00,0x00,0xF8,0xFF,0xFF,0xFF,0x3F,0x00,0x00,0x02,0xF8,0xFF,0xFF,0xFF,0x7F,0x00,0x00,0x06,0xF8,0xFF,0xFF,0xFF,0x7F,0x00,0x00,0x0E,0x00,0x00,0x00,0x80,0x7F,0x00,0x00,0x1E,0x00,0x00,0x00,0x00,0xFF,0x00,0x00,0x3E,0x00,0x00,0x00,0x00,0xFE,0x00,0x00,0x3E,0x00,0x00,0x00,0x00,0xFC,0x00,0x00,0x7C,0x00,0x00,0x00,0x00,0xFC,0x00,0x00,0x78,0x00,0x00,0x00,0x00,0xFC,0x00,0x00,0x70,0x00,0x00,0x00,0x00,0xFC,0x00,0x00,0x60,0x00,0x00,0x00,0x00,0xFC,0x00,0x00,0x40,0x00,0x00,0x00,0x00,0xFE,0x00,0x00,0x00,0x00,0x00,0x00,0x00,0xFF,0x00,0x00,0x00,0x00,0x00,0x00,0x80,0x7F,0x00,0x00,0x00,0xF8,0xFF,0xFF,0xFF,0x7F,0x00,0x00,0x00,0xF8,0xFF,0xFF,0xFF,0x7F,0x00,0x00,0x00,0xF8,0xFF,0xFF,0xFF,0x3F,0x00,0x00,0x00,0xF8,0xFF,0xFF,0xFF,0x1F,0x00,0x00,0x00,0xF8,0xFF,0xFF,0xFF,0x0F,0x00,0x00,0x00,0xF8,0xFF,0xFF,0xFF,0x03,0x00,0x00,0x00,0xF8,0xFF,0xFF,0xFF,  // 217
  0x00,0x00,0x00,0x00,0x00,0x00,0x00,0x00,0x00,0x00,0x00,0x00,0x00,0x00,0x00,0x00,0x00,0x00,0x00,0x00,0x00,0x00,0x00,0x00,0x00,0xF8,0xFF,0xFF,0xFF,0x00,0x00,0x00,0x00,0xF8,0xFF,0xFF,0xFF,0x07,0x00,0x00,0x00,0xF8,0xFF,0xFF,0xFF,0x0F,0x00,0x00,0x00,0xF8,0xFF,0xFF,0xFF,0x1F,0x00,0x00,0x00,0xF8,0xFF,0xFF,0xFF,0x3F,0x00,0x00,0x00,0xF8,0xFF,0xFF,0xFF,0x7F,0x00,0x00,0x00,0xF8,0xFF,0xFF,0xFF,0x7F,0x00,0x00,0x00,0x00,0x00,0x00,0x80,0x7F,0x00,0x00,0x40,0x00,0x00,0x00,0x00,0xFF,0x00,0x00,0x60,0x00,0x00,0x00,0x00,0xFE,0x00,0x00,0x70,0x00,0x00,0x00,0x00,0xFC,0x00,0x00,0x78,0x00,0x00,0x00,0x00,0xFC,0x00,0x00,0x7C,0x00,0x00,0x00,0x00,0xFC,0x00,0x00,0x3E,0x00,0x00,0x00,0x00,0xFC,0x00,0x00,0x3E,0x00,0x00,0x00,0x00,0xFC,0x00,0x00,0x1E,0x00,0x00,0x00,0x00,0xFE,0x00,0x00,0x0E,0x00,0x00,0x00,0x00,0xFF,0x00,0x00,0x06,0x00,0x00,0x00,0x80,0x7F,0x00,0x00,0x02,0xF8,0xFF,0xFF,0xFF,0x7F,0x00,0x00,0x00,0xF8,0xFF,0xFF,0xFF,0x7F,0x00,0x00,0x00,0xF8,0xFF,0xFF,0xFF,0x3F,0x00,0x00,0x00,0xF8,0xFF,0xFF,0xFF,0x1F,0x00,0x00,0x00,0xF8,0xFF,0xFF,0xFF,0x0F,0x00,0x00,0x00,0xF8,0xFF,0xFF,0xFF,0x03,0x00,0x00,0x00,0xF8,0xFF,0xFF,0xFF,  // 218
  0x00,0x00,0x00,0x00,0x00,0x00,0x00,0x00,0x00,0x00,0x00,0x00,0x00,0x00,0x00,0x00,0x00,0x00,0x00,0x00,0x00,0x00,0x00,0x00,0x00,0xF8,0xFF,0xFF,0xFF,0x00,0x00,0x00,0x00,0xF8,0xFF,0xFF,0xFF,0x07,0x00,0x00,0x00,0xF8,0xFF,0xFF,0xFF,0x0F,0x00,0x00,0x00,0xF8,0xFF,0xFF,0xFF,0x1F,0x00,0x00,0x40,0xF8,0xFF,0xFF,0xFF,0x3F,0x00,0x00,0x60,0xF8,0xFF,0xFF,0xFF,0x7F,0x00,0x00,0x70,0xF8,0xFF,0xFF,0xFF,0x7F,0x00,0x00,0x78,0x00,0x00,0x00,0x80,0x7F,0x00,0x00,0x7C,0x00,0x00,0x00,0x00,0xFF,0x00,0x00,0x3E,0x00,0x00,0x00,0x00,0xFE,0x00,0x00,0x1E,0x00,0x00,0x00,0x00,0xFC,0x00,0x00,0x0E,0x00,0x00,0x00,0x00,0xFC,0x00,0x00,0x06,0x00,0x00,0x00,0x00,0xFC,0x00,0x00,0x0E,0x00,0x00,0x00,0x00,0xFC,0x00,0x00,0x1E,0x00,0x00,0x00,0x00,0xFC,0x00,0x00,0x3E,0x00,0x00,0x00,0x00,0xFE,0x00,0x00,0x7C,0x00,0x00,0x00,0x00,0xFF,0x00,0x00,0x78,0x00,0x00,0x00,0x80,0x7F,0x00,0x00,0x70,0xF8,0xFF,0xFF,0xFF,0x7F,0x00,0x00,0x60,0xF8,0xFF,0xFF,0xFF,0x7F,0x00,0x00,0x40,0xF8,0xFF,0xFF,0xFF,0x3F,0x00,0x00,0x00,0xF8,0xFF,0xFF,0xFF,0x1F,0x00,0x00,0x00,0xF8,0xFF,0xFF,0xFF,0x0F,0x00,0x00,0x00,0xF8,0xFF,0xFF,0xFF,0x03,0x00,0x00,0x00,0xF8,0xFF,0xFF,0xFF,  // 219
  0x00,0x00,0x00,0x00,0x00,0x00,0x00,0x00,0x00,0x00,0x00,0x00,0x00,0x00,0x00,0x00,0x00,0x00,0x00,0x00,0x00,0x00,0x00,0x00,0x00,0xF8,0xFF,0xFF,0xFF,0x00,0x00,0x00,0x00,0xF8,0xFF,0xFF,0xFF,0x07,0x00,0x00,0x00,0xF8,0xFF,0xFF,0xFF,0x0F,0x00,0x00,0x00,0xF8,0xFF,0xFF,0xFF,0x1F,0x00,0x00,0x7E,0xF8,0xFF,0xFF,0xFF,0x3F,0x00,0x00,0x7E,0xF8,0xFF,0xFF,0xFF,0x7F,0x00,0x00,0x7E,0xF8,0xFF,0xFF,0xFF,0x7F,0x00,0x00,0x7E,0x00,0x00,0x00,0x80,0x7F,0x00,0x00,0x7E,0x00,0x00,0x00,0x00,0xFF,0x00,0x00,0x7E,0x00,0x00,0x00,0x00,0xFE,0x00,0x00,0x00,0x00,0x00,0x00,0x00,0xFC,0x00,0x00,0x00,0x00,0x00,0x00,0x00,0xFC,0x00,0x00,0x00,0x00,0x00,0x00,0x00,0xFC,0x00,0x00,0x00,0x00,0x00,0x00,0x00,0xFC,0x00,0x00,0x00,0x00,0x00,0x00,0x00,0xFC,0x00,0x00,0x7E,0x00,0x00,0x00,0x00,0xFE,0x00,0x00,0x7E,0x00,0x00,0x00,0x00,0xFF,0x00,0x00,0x7E,0x00,0x00,0x00,0x80,0x7F,0x00,0x00,0x7E,0xF8,0xFF,0xFF,0xFF,0x7F,0x00,0x00,0x7E,0xF8,0xFF,0xFF,0xFF,0x7F,0x00,0x00,0x7E,0xF8,0xFF,0xFF,0xFF,0x3F,0x00,0x00,0x00,0xF8,0xFF,0xFF,0xFF,0x1F,0x00,0x00,0x00,0xF8,0xFF,0xFF,0xFF,0x0F,0x00,0x00,0x00,0xF8,0xFF,0xFF,0xFF,0x03,0x00,0x00,0x00,0xF8,0xFF,0xFF,0xFF,  // 220
  0x00,0x08,0x00,0x00,0x00,0x00,0x00,0x00,0x00,0x38,0x00,0x00,0x00,0x00,0x00,0x00,0x00,0xF8,0x00,0x00,0x00,0x00,0x00,0x00,0x00,0xF8,0x03,0x00,0x00,0x00,0x00,0x00,0x00,0xF8,0x0F,0x00,0x00,0x00,0x00,0x00,0x00,0xF8,0x3F,0x00,0x00,0x00,0x00,0x00,0x00,0xF8,0xFF,0x00,0x00,0x00,0x00,0x00,0x00,0xF8,0xFF,0x03,0x00,0x00,0x00,0x00,0x00,0xE0,0xFF,0x0F,0x00,0x00,0x00,0x00,0x00,0x80,0xFF,0x3F,0x00,0x00,0x00,0x00,0x00,0x00,0xFE,0xFF,0x00,0x00,0x00,0x00,0x40,0x00,0xF8,0xFF,0xFF,0x7F,0x00,0x00,0x60,0x00,0xE0,0xFF,0xFF,0x7F,0x00,0x00,0x70,0x00,0x80,0xFF,0xFF,0x7F,0x00,0x00,0x78,0x00,0x00,0xFE,0xFF,0x7F,0x00,0x00,0x7C,0x00,0x80,0xFF,0xFF,0x7F,0x00,0x00,0x3E,0x00,0xE0,0xFF,0xFF,0x7F,0x00,0x00,0x3E,0x00,0xF8,0xFF,0xFF,0x7F,0x00,0x00,0x1E,0x00,0xFE,0xFF,0x00,0x00,0x00,0x00,0x0E,0x80,0xFF,0x3F,0x00,0x00,0x00,0x00,0x06,0xE0,0xFF,0x0F,0x00,0x00,0x00,0x00,0x02,0xF8,0xFF,0x03,0x00,0x00,0x00,0x00,0x00,0xF8,0xFF,0x00,0x00,0x00,0x00,0x00,0x00,0xF8,0x3F,0x00,0x00,0x00,0x00,0x00,0x00,0xF8,0x0F,0x00,0x00,0x00,0x00,0x00,0x00,0xF8,0x03,0x00,0x00,0x00,0x00,0x00,0x00,0xF8,0x00,0x00,0x00,0x00,0x00,0x00,0x00,0x38,0x00,0x00,0x00,0x00,0x00,0x00,0x00,0x08,  // 221
  0x00,0x00,0x00,0x00,0x00,0x00,0x00,0x00,0x00,0x00,0x00,0x00,0x00,0x00,0x00,0x00,0x00,0x00,0x00,0x00,0x00,0x00,0x00,0x00,0x00,0x00,0x00,0x00,0x00,0x00,0x00,0x00,0x00,0xF8,0xFF,0xFF,0xFF,0x7F,0x00,0x00,0x00,0xF8,0xFF,0xFF,0xFF,0x7F,0x00,0x00,0x00,0xF8,0xFF,0xFF,0xFF,0x7F,0x00,0x00,0x00,0xF8,0xFF,0xFF,0xFF,0x7F,0x00,0x00,0x00,0xF8,0xFF,0xFF,0xFF,0x7F,0x00,0x00,0x00,0xF8,0xFF,0xFF,0xFF,0x7F,0x00,0x00,0x00,0xF8,0xFF,0xFF,0xFF,0x7F,0x00,0x00,0x00,0x00,0x7E,0x00,0xFC,0x00,0x00,0x00,0x00,0x00,0x7E,0x00,0xFC,0x00,0x00,0x00,0x00,0x00,0x7E,0x00,0xFC,0x00,0x00,0x00,0x00,0x00,0x7E,0x00,0xFC,0x00,0x00,0x00,0x00,0x00,0x7E,0x00,0xFC,0x00,0x00,0x00,0x00,0x00,0x7E,0x00,0xFC,0x00,0x00,0x00,0x00,0x00,0x7E,0x00,0xFC,0x00,0x00,0x00,0x00,0x00,0xFE,0x00,0xFE,0x00,0x00,0x00,0x00,0x00,0xFE,0x00,0x7E,0x00,0x00,0x00,0x00,0x00,0xFC,0x83,0x7F,0x00,0x00,0x00,0x00,0x00,0xFC,0xFF,0x7F,0x00,0x00,0x00,0x00,0x00,0xFC,0xFF,0x7F,0x00,0x00,0x00,0x00,0x00,0xF8,0xFF,0x3F,0x00,0x00,0x00,0x00,0x00,0xF0,0xFF,0x1F,0x00,0x00,0x00,0x00,0x00,0xF0,0xFF,0x0F,0x00,0x00,0x00,0x00,0x00,0xC0,0xFF,0x07,0x00,0x00,0x00,0x00,0x00,0x00,0xFF,0x01,  // 222
  0x00,0x00,0x00,0x00,0x00,0x00,0x00,0x00,0x00,0x00,0x00,0x00,0x00,0x00,0x00,0x00,0x00,0x00,0x00,0x00,0x00,0x00,0x00,0x00,0x00,0x00,0xFF,0xFF,0xFF,0x7F,0x00,0x00,0x00,0xC0,0xFF,0xFF,0xFF,0x7F,0x00,0x00,0x00,0xF0,0xFF,0xFF,0xFF,0x7F,0x00,0x00,0x00,0xF8,0xFF,0xFF,0xFF,0x7F,0x00,0x00,0x00,0xF8,0xFF,0xFF,0xFF,0x7F,0x00,0x00,0x00,0xFC,0xFF,0xFF,0xFF,0x7F,0x00,0x00,0x00,0xFC,0xFF,0xFF,0xFF,0x7F,0x00,0x00,0x00,0xFC,0x01,0x00,0x00,0x00,0x00,0x00,0x00,0xFE,0x00,0x00,0x00,0x00,0x00,0x00,0x00,0x7E,0x00,0x00,0x00,0x7E,0x00,0x00,0x00,0x7E,0x00,0x3F,0x00,0x7E,0x00,0x00,0x00,0x7E,0xC0,0xFF,0x00,0xFC,0x00,0x00,0x00,0x7E,0xE0,0xFF,0x01,0xFC,0x00,0x00,0x00,0x7E,0xF0,0xFF,0x03,0xFC,0x00,0x00,0x00,0x7E,0xF0,0xFF,0x03,0xFC,0x00,0x00,0x00,0xFE,0xF8,0xFF,0x07,0xFC,0x00,0x00,0x00,0xFC,0xF9,0xF8,0x0F,0xFC,0x00,0x00,0x00,0xFC,0x7F,0xF0,0x1F,0xFE,0x00,0x00,0x00,0xF8,0x3F,0xE0,0x3F,0xFE,0x00,0x00,0x00,0xF8,0x3F,0xC0,0xFF,0x7F,0x00,0x00,0x00,0xF0,0x3F,0x80,0xFF,0x7F,0x00,0x00,0x00,0xC0,0x3F,0x80,0xFF,0x7F,0x00,0x00,0x00,0x00,0x3F,0x00,0xFF,0x3F,0x00,0x00,0x00,0x00,0x00,0x00,0xFE,0x1F,0x00,0x00,0x00,0x00,0x00,0x00,0xFC,0x0F,0x00,0x00,0x00,0x00,0x00,0x00,0xF0,0x03,  // 223
  0x00,0x00,0x00,0x00,0x00,0x00,0x00,0x00,0x00,0x00,0x00,0x00,0x00,0x00,0x00,0x00,0x00,0x00,0x00,0x00,0xF8,0x03,0x00,0x00,0x00,0x00,0x00,0x00,0xFE,0x0F,0x00,0x00,0x00,0x00,0x00,0x00,0xFF,0x1F,0x00,0x00,0x00,0x00,0xE0,0x87,0xFF,0x3F,0x00,0x00,0x80,0x01,0xF0,0xC3,0xFF,0x7F,0x00,0x00,0x80,0x01,0xF0,0xC3,0xFF,0x7F,0x00,0x00,0x80,0x03,0xF0,0xC1,0xFF,0xFF,0x00,0x00,0x80,0x07,0xF0,0xC1,0x0F,0xFE,0x00,0x00,0x80,0x0F,0xF8,0xE1,0x07,0xFC,0x00,0x00,0x80,0x1F,0xF8,0xE0,0x07,0xF8,0x00,0x00,0x00,0x3F,0xF8,0xE0,0x03,0xF8,0x00,0x00,0x00,0x7E,0xF8,0xE0,0x03,0xF8,0x00,0x00,0x00,0xFC,0xF8,0xE0,0x03,0xF8,0x00,0x00,0x00,0xF8,0xF8,0xE0,0x03,0x78,0x00,0x00,0x00,0xE0,0xF8,0xE0,0x03,0x7C,0x00,0x00,0x00,0xC0,0xF8,0xE0,0x03,0x3C,0x00,0x00,0x00,0x80,0xF8,0xE1,0x03,0x3F,0x00,0x00,0x00,0x00,0xF8,0xE3,0xC3,0x1F,0x00,0x00,0x00,0x00,0xF0,0xFF,0xFF,0x7F,0x00,0x00,0x00,0x00,0xF0,0xFF,0xFF,0x7F,0x00,0x00,0x00,0x00,0xF0,0xFF,0xFF,0x7F,0x00,0x00,0x00,0x00,0xE0,0xFF,0xFF,0x7F,0x00,0x00,0x00,0x00,0xC0,0xFF,0xFF,0x7F,0x00,0x00,0x00,0x00,0x80,0xFF,0xFF,0x7F,0x00,0x00,0x00,0x00,0x00,0xFC,0xFF,0x7F,  // 224
  0x00,0x00,0x00,0x00,0x00,0x00,0x00,0x00,0x00,0x00,0x00,0x00,0x00,0x00,0x00,0x00,0x00,0x00,0x00,0x00,0xF8,0x03,0x00,0x00,0x00,0x00,0x00,0x00,0xFE,0x0F,0x00,0x00,0x00,0x00,0x00,0x00,0xFF,0x1F,0x00,0x00,0x00,0x00,0xE0,0x87,0xFF,0x3F,0x00,0x00,0x00,0x00,0xF0,0xC3,0xFF,0x7F,0x00,0x00,0x00,0x00,0xF0,0xC3,0xFF,0x7F,0x00,0x00,0x00,0x00,0xF0,0xC1,0xFF,0xFF,0x00,0x00,0x00,0x00,0xF0,0xC1,0x0F,0xFE,0x00,0x00,0x00,0x00,0xF8,0xE1,0x07,0xFC,0x00,0x00,0x00,0x80,0xF8,0xE0,0x07,0xF8,0x00,0x00,0x00,0xC0,0xF8,0xE0,0x03,0xF8,0x00,0x00,0x00,0xE0,0xF8,0xE0,0x03,0xF8,0x00,0x00,0x00,0xF8,0xF8,0xE0,0x03,0xF8,0x00,0x00,0x00,0xFC,0xF8,0xE0,0x03,0x78,0x00,0x00,0x00,0x7E,0xF8,0xE0,0x03,0x7C,0x00,0x00,0x00,0x3F,0xF8,0xE0,0x03,0x3C,0x00,0x00,0x80,0x1F,0xF8,0xE1,0x03,0x3F,0x00,0x00,0x80,0x0F,0xF8,0xE3,0xC3,0x1F,0x00,0x00,0x80,0x07,0xF0,0xFF,0xFF,0x7F,0x00,0x00,0x80,0x03,0xF0,0xFF,0xFF,0x7F,0x00,0x00,0x80,0x01,0xF0,0xFF,0xFF,0x7F,0x00,0x00,0x80,0x01,0xE0,0xFF,0xFF,0x7F,0x00,0x00,0x80,0x00,0xC0,0xFF,0xFF,0x7F,0x00,0x00,0x00,0x00,0x80,0xFF,0xFF,0x7F,0x00,0x00,0x00,0x00,0x00,0xFC,0xFF,0x7F,  // 225
  0x00,0x00,0x00,0x00,0x00,0x00,0x00,0x00,0x00,0x00,0x00,0x00,0x00,0x00,0x00,0x00,0x00,0x00,0x00,0x00,0xF8,0x03,0x00,0x00,0x00,0x00,0x00,0x00,0xFE,0x0F,0x00,0x00,0x00,0x00,0x00,0x00,0xFF,0x1F,0x00,0x00,0x00,0x00,0xE0,0x87,0xFF,0x3F,0x00,0x00,0x00,0x80,0xF0,0xC3,0xFF,0x7F,0x00,0x00,0x00,0xC0,0xF0,0xC3,0xFF,0x7F,0x00,0x00,0x00,0xF0,0xF0,0xC1,0xFF,0xFF,0x00,0x00,0x00,0xF8,0xF0,0xC1,0x0F,0xFE,0x00,0x00,0x00,0xFE,0xF8,0xE1,0x07,0xFC,0x00,0x00,0x00,0x7F,0xF8,0xE0,0x07,0xF8,0x00,0x00,0x80,0x1F,0xF8,0xE0,0x03,0xF8,0x00,0x00,0x80,0x0F,0xF8,0xE0,0x03,0xF8,0x00,0x00,0x80,0x07,0xF8,0xE0,0x03,0xF8,0x00,0x00,0x80,0x07,0xF8,0xE0,0x03,0x78,0x00,0x00,0x80,0x0F,0xF8,0xE0,0x03,0x7C,0x00,0x00,0x80,0x1F,0xF8,0xE0,0x03,0x3C,0x00,0x00,0x00,0x7F,0xF8,0xE1,0x03,0x3F,0x00,0x00,0x00,0xFE,0xF8,0xE3,0xC3,0x1F,0x00,0x00,0x00,0xF8,0xF0,0xFF,0xFF,0x7F,0x00,0x00,0x00,0xF0,0xF0,0xFF,0xFF,0x7F,0x00,0x00,0x00,0xC0,0xF0,0xFF,0xFF,0x7F,0x00,0x00,0x00,0x80,0xE0,0xFF,0xFF,0x7F,0x00,0x00,0x00,0x00,0xC0,0xFF,0xFF,0x7F,0x00,0x00,0x00,0x00,0x80,0xFF,0xFF,0x7F,0x00,0x00,0x00,0x00,0x00,0xFC,0xFF,0x7F,  // 226
  0x00,0x00,0x00,0x00,0x00,0x00,0x00,0x00,0x00,0x00,0x00,0x00,0x00,0x00,0x00,0x00,0x00,0x00,0x00,0x00,0xF8,0x03,0x00,0x00,0x00,0x00,0x00,0x00,0xFE,0x0F,0x00,0x00,0x00,0x00,0x00,0x00,0xFF,0x1F,0x00,0x00,0x00,0x00,0xE0,0x87,0xFF,0x3F,0x00,0x00,0x00,0x00,0xF0,0xC3,0xFF,0x7F,0x00,0x00,0x00,0x78,0xF0,0xC3,0xFF,0x7F,0x00,0x00,0x00,0x7E,0xF0,0xC1,0xFF,0xFF,0x00,0x00,0x00,0x7E,0xF0,0xC1,0x0F,0xFE,0x00,0x00,0x00,0x1F,0xF8,0xE1,0x07,0xFC,0x00,0x00,0x00,0x0F,0xF8,0xE0,0x07,0xF8,0x00,0x00,0x00,0x0F,0xF8,0xE0,0x03,0xF8,0x00,0x00,0x00,0x1F,0xF8,0xE0,0x03,0xF8,0x00,0x00,0x00,0x1E,0xF8,0xE0,0x03,0xF8,0x00,0x00,0x00,0x3E,0xF8,0xE0,0x03,0x78,0x00,0x00,0x00,0x3C,0xF8,0xE0,0x03,0x7C,0x00,0x00,0x00,0x78,0xF8,0xE0,0x03,0x3C,0x00,0x00,0x00,0x78,0xF8,0xE1,0x03,0x3F,0x00,0x00,0x00,0x78,0xF8,0xE3,0xC3,0x1F,0x00,0x00,0x00,0x7C,0xF0,0xFF,0xFF,0x7F,0x00,0x00,0x00,0x3F,0xF0,0xFF,0xFF,0x7F,0x00,0x00,0x00,0x3F,0xF0,0xFF,0xFF,0x7F,0x00,0x00,0x00,0x0F,0xE0,0xFF,0xFF,0x7F,0x00,0x00,0x00,0x00,0xC0,0xFF,0xFF,0x7F,0x00,0x00,0x00,0x00,0x80,0xFF,0xFF,0x7F,0x00,0x00,0x00,0x00,0x00,0xFC,0xFF,0x7F,  // 227
  0x00,0x00,0x00,0x00,0x00,0x00,0x00,0x00,0x00,0x00,0x00,0x00,0x00,0x00,0x00,0x00,0x00,0x00,0x00,0x00,0xF8,0x03,0x00,0x00,0x00,0x00,0x00,0x00,0xFE,0x0F,0x00,0x00,0x00,0x00,0x00,0x00,0xFF,0x1F,0x00,0x00,0x00,0x00,0xE0,0x87,0xFF,0x3F,0x00,0x00,0x00,0x00,0xF0,0xC3,0xFF,0x7F,0x00,0x00,0x00,0x3F,0xF0,0xC3,0xFF,0x7F,0x00,0x00,0x00,0x3F,0xF0,0xC1,0xFF,0xFF,0x00,0x00,0x00,0x3F,0xF0,0xC1,0x0F,0xFE,0x00,0x00,0x00,0x3F,0xF8,0xE1,0x07,0xFC,0x00,0x00,0x00,0x3F,0xF8,0xE0,0x07,0xF8,0x00,0x00,0x00,0x3F,0xF8,0xE0,0x03,0xF8,0x00,0x00,0x00,0x00,0xF8,0xE0,0x03,0xF8,0x00,0x00,0x00,0x00,0xF8,0xE0,0x03,0xF8,0x00,0x00,0x00,0x00,0xF8,0xE0,0x03,0x78,0x00,0x00,0x00,0x00,0xF8,0xE0,0x03,0x7C,0x00,0x00,0x00,0x3F,0xF8,0xE0,0x03,0x3C,0x00,0x00,0x00,0x3F,0xF8,0xE1,0x03,0x3F,0x00,0x00,0x00,0x3F,0xF8,0xE3,0xC3,0x1F,0x00,0x00,0x00,0x3F,0xF0,0xFF,0xFF,0x7F,0x00,0x00,0x00,0x3F,0xF0,0xFF,0xFF,0x7F,0x00,0x00,0x00,0x3F,0xF0,0xFF,0xFF,0x7F,0x00,0x00,0x00,0x00,0xE0,0xFF,0xFF,0x7F,0x00,0x00,0x00,0x00,0xC0,0xFF,0xFF,0x7F,0x00,0x00,0x00,0x00,0x80,0xFF,0xFF,0x7F,0x00,0x00,0x00,0x00,0x00,0xFC,0xFF,0x7F,  // 228
  0x00,0x00,0x00,0x00,0x00,0x00,0x00,0x00,0x00,0x00,0x00,0x00,0x00,0x00,0x00,0x00,0x00,0x00,0x00,0x00,0xF8,0x03,0x00,0x00,0x00,0x00,0x00,0x00,0xFE,0x0F,0x00,0x00,0x00,0x00,0x00,0x00,0xFF,0x1F,0x00,0x00,0x00,0x00,0xE0,0x87,0xFF,0x3F,0x00,0x00,0x00,0x00,0xF0,0xC3,0xFF,0x7F,0x00,0x00,0x00,0x00,0xF0,0xC3,0xFF,0x7F,0x00,0x00,0xC0,0x0F,0xF0,0xC1,0xFF,0xFF,0x00,0x00,0xE0,0x1F,0xF0,0xC1,0x0F,0xFE,0x00,0x00,0xF0,0x3F,0xF8,0xE1,0x07,0xFC,0x00,0x00,0xF8,0x7F,0xF8,0xE0,0x07,0xF8,0x00,0x00,0x7C,0xF8,0xF8,0xE0,0x03,0xF8,0x00,0x00,0x3C,0xF0,0xF8,0xE0,0x03,0xF8,0x00,0x00,0x3C,0xF0,0xF8,0xE0,0x03,0xF8,0x00,0x00,0x3C,0xF0,0xF8,0xE0,0x03,0x78,0x00,0x00,0x3C,0xF0,0xF8,0xE0,0x03,0x7C,0x00,0x00,0x7C,0xF8,0xF8,0xE0,0x03,0x3C,0x00,0x00,0xF8,0x7F,0xF8,0xE1,0x03,0x3F,0x00,0x00,0xF0,0x3F,0xF8,0xE3,0xC3,0x1F,0x00,0x00,0xE0,0x1F,0xF0,0xFF,0xFF,0x7F,0x00,0x00,0xC0,0x0F,0xF0,0xFF,0xFF,0x7F,0x00,0x00,0x00,0x00,0xF0,0xFF,0xFF,0x7F,0x00,0x00,0x00,0x00,0xE0,0xFF,0xFF,0x7F,0x00,0x00,0x00,0x00,0xC0,0xFF,0xFF,0x7F,0x00,0x00,0x00,0x00,0x80,0xFF,0xFF,0x7F,0x00,0x00,0x00,0x00,0x00,0xFC,0xFF,0x7F,  // 229
  0x00,0x00,0x00,0x00,0xF8,0x07,0x00,0x00,0x00,0x00,0x00,0x00,0xFE,0x1F,0x00,0x00,0x00,0x00,0xE0,0x07,0xFF,0x3F,0x00,0x00,0x00,0x00,0xF0,0x03,0xFF,0x7F,0x00,0x00,0x00,0x00,0xF0,0x81,0xFF,0x7F,0x00,0x00,0x00,0x00,0xF8,0x81,0xFF,0xFF,0x00,0x00,0x00,0x00,0xF8,0xC0,0x1F,0xFC,0x00,0x00,0x00,0x00,0xF8,0xC0,0x0F,0xF8,0x00,0x00,0x00,0x00,0xF8,0xC0,0x07,0xF8,0x00,0x00,0x00,0x00,0xF8,0xC0,0x07,0xF8,0x00,0x00,0x00,0x00,0xF8,0xC1,0x07,0xF8,0x00,0x00,0x00,0x00,0xF8,0xC3,0x07,0x7E,0x00,0x00,0x00,0x00,0xF0,0xFF,0xFF,0x7F,0x00,0x00,0x00,0x00,0xF0,0xFF,0xFF,0x3F,0x00,0x00,0x00,0x00,0xE0,0xFF,0xFF,0x1F,0x00,0x00,0x00,0x00,0xE0,0xFF,0xFF,0x1F,0x00,0x00,0x00,0x00,0xF0,0xFF,0xFF,0x3F,0x00,0x00,0x00,0x00,0xF0,0xFF,0xFF,0x7F,0x00,0x00,0x00,0x00,0xF8,0xC1,0x87,0x7F,0x00,0x00,0x00,0x00,0xF8,0xC0,0x07,0xFE,0x00,0x00,0x00,0x00,0xF8,0xC0,0x07,0xFC,0x00,0x00,0x00,0x00,0xF8,0xC0,0x07,0xF8,0x00,0x00,0x00,0x00,0xF8,0xC1,0x07,0xF8,0x00,0x00,0x00,0x00,0xF8,0xFF,0x07,0xF8,0x00,0x00,0x00,0x00,0xF0,0xFF,0x07,0xF8,0x00,0x00,0x00,0x00,0xF0,0xFF,0x07,0xFC,0x00,0x00,0x00,0x00,0xE0,0xFF,0x07,0x7C,0x00,0x00,0x00,0x00,0xC0,0xFF,0x07,0x7E,0x00,0x00,0x00,0x00,0x00,0xFC,0x07,0x3F,  // 230
  0x00,0x00,0x00,0x00,0x00,0x00,0x00,0x00,0x00,0x00,0x00,0x00,0x00,0x00,0x00,0x00,0x00,0x00,0x00,0x00,0x00,0x00,0x00,0x00,0x00,0x00,0x00,0x00,0x00,0x00,0x00,0x00,0x00,0x00,0x00,0xE0,0x3F,0x00,0x00,0x00,0x00,0x00,0x00,0xFC,0xFF,0x01,0x00,0x00,0x00,0x00,0x00,0xFF,0xFF,0x07,0x00,0x00,0x00,0x00,0x80,0xFF,0xFF,0x0F,0x00,0x00,0x00,0x00,0xC0,0xFF,0xFF,0x1F,0x00,0x00,0x00,0x00,0xE0,0xFF,0xFF,0x3F,0x00,0x00,0x00,0x00,0xE0,0xFF,0xFF,0x3F,0x00,0x00,0x00,0x00,0xF0,0x3F,0xE0,0x7F,0xF0,0x00,0x00,0x00,0xF0,0x0F,0x80,0x7F,0xE0,0x01,0x00,0x00,0xF8,0x07,0x00,0xFF,0xE0,0x01,0x00,0x00,0xF8,0x03,0x00,0xFE,0xE0,0x01,0x00,0x00,0xF8,0x01,0x00,0xFC,0xE0,0x01,0x00,0x00,0xF8,0x01,0x00,0xFC,0xE0,0x01,0x00,0x00,0xF8,0x01,0x00,0xFC,0xF1,0x01,0x00,0x00,0xF8,0x01,0x00,0xFC,0xFF,0x01,0x00,0x00,0xF8,0x01,0x00,0xFC,0xFF,0x00,0x00,0x00,0xF8,0x01,0x00,0xFC,0xFE,0x00,0x00,0x00,0xF8,0x01,0x00,0xFC,0x7C,0x00,0x00,0x00,0xF0,0x03,0x00,0x7C,0x00,0x00,0x00,0x00,0xF0,0x03,0x00,0x7E,0x00,0x00,0x00,0x00,0xF0,0x03,0x00,0x7E,0x00,0x00,0x00,0x00,0xE0,0x07,0x00,0x3F,  // 231
  0x00,0x00,0x00,0x00,0x00,0x00,0x00,0x00,0x00,0x00,0x00,0x00,0x00,0x00,0x00,0x00,0x00,0x00,0x00,0xE0,0x3F,0x00,0x00,0x00,0x00,0x00,0x00,0xFC,0xFF,0x01,0x00,0x00,0x00,0x00,0x00,0xFF,0xFF,0x07,0x00,0x00,0x00,0x00,0x80,0xFF,0xFF,0x0F,0x00,0x00,0x00,0x00,0xC0,0xFF,0xFF,0x1F,0x00,0x00,0x80,0x01,0xE0,0xFF,0xFF,0x3F,0x00,0x00,0x80,0x01,0xE0,0xFF,0xFF,0x3F,0x00,0x00,0x80,0x03,0xF0,0xCF,0x8F,0x7F,0x00,0x00,0x80,0x07,0xF0,0xC7,0x0F,0x7F,0x00,0x00,0x80,0x0F,0xF8,0xC3,0x0F,0x7E,0x00,0x00,0x80,0x1F,0xF8,0xC1,0x0F,0xFE,0x00,0x00,0x00,0x3F,0xF8,0xC1,0x0F,0xFC,0x00,0x00,0x00,0x7E,0xF8,0xC1,0x0F,0xFC,0x00,0x00,0x00,0xFC,0xF8,0xC1,0x0F,0xFC,0x00,0x00,0x00,0xF8,0xF8,0xC1,0x0F,0xFC,0x00,0x00,0x00,0xE0,0xF8,0xC1,0x0F,0xFC,0x00,0x00,0x00,0xC0,0xF8,0xC3,0x0F,0xFC,0x00,0x00,0x00,0x80,0xF0,0xC3,0x0F,0xFC,0x00,0x00,0x00,0x00,0xF0,0xCF,0x0F,0xFC,0x00,0x00,0x00,0x00,0xF0,0xFF,0x0F,0xFC,0x00,0x00,0x00,0x00,0xE0,0xFF,0x0F,0x7E,0x00,0x00,0x00,0x00,0xC0,0xFF,0x0F,0x7E,0x00,0x00,0x00,0x00,0xC0,0xFF,0x0F,0x7E,0x00,0x00,0x00,0x00,0x00,0xFF,0x0F,0x7E,0x00,0x00,0x00,0x00,0x00,0xFE,0x0F,0x3F,0x00,0x00,0x00,0x00,0x00,0xF0,0x0F,  // 232
  0x00,0x00,0x00,0x00,0x00,0x00,0x00,0x00,0x00,0x00,0x00,0x00,0x00,0x00,0x00,0x00,0x00,0x00,0x00,0xE0,0x3F,0x00,0x00,0x00,0x00,0x00,0x00,0xFC,0xFF,0x01,0x00,0x00,0x00,0x00,0x00,0xFF,0xFF,0x07,0x00,0x00,0x00,0x00,0x80,0xFF,0xFF,0x0F,0x00,0x00,0x00,0x00,0xC0,0xFF,0xFF,0x1F,0x00,0x00,0x00,0x00,0xE0,0xFF,0xFF,0x3F,0x00,0x00,0x00,0x00,0xE0,0xFF,0xFF,0x3F,0x00,0x00,0x00,0x00,0xF0,0xCF,0x8F,0x7F,0x00,0x00,0x00,0x00,0xF0,0xC7,0x0F,0x7F,0x00,0x00,0x00,0x00,0xF8,0xC3,0x0F,0x7E,0x00,0x00,0x00,0x80,0xF8,0xC1,0x0F,0xFE,0x00,0x00,0x00,0xC0,0xF8,0xC1,0x0F,0xFC,0x00,0x00,0x00,0xE0,0xF8,0xC1,0x0F,0xFC,0x00,0x00,0x00,0xF8,0xF8,0xC1,0x0F,0xFC,0x00,0x00,0x00,0xFC,0xF8,0xC1,0x0F,0xFC,0x00,0x00,0x00,0x7E,0xF8,0xC1,0x0F,0xFC,0x00,0x00,0x00,0x3F,0xF8,0xC3,0x0F,0xFC,0x00,0x00,0x80,0x1F,0xF0,0xC3,0x0F,0xFC,0x00,0x00,0x80,0x0F,0xF0,0xCF,0x0F,0xFC,0x00,0x00,0x80,0x07,0xF0,0xFF,0x0F,0xFC,0x00,0x00,0x80,0x03,0xE0,0xFF,0x0F,0x7E,0x00,0x00,0x80,0x01,0xC0,0xFF,0x0F,0x7E,0x00,0x00,0x80,0x01,0xC0,0xFF,0x0F,0x7E,0x00,0x00,0x80,0x00,0x00,0xFF,0x0F,0x7E,0x00,0x00,0x00,0x00,0x00,0xFE,0x0F,0x3F,0x00,0x00,0x00,0x00,0x00,0xF0,0x0F,  // 233
  0x00,0x00,0x00,0x00,0x00,0x00,0x00,0x00,0x00,0x00,0x00,0x00,0x00,0x00,0x00,0x00,0x00,0x00,0x00,0xE0,0x3F,0x00,0x00,0x00,0x00,0x00,0x00,0xFC,0xFF,0x01,0x00,0x00,0x00,0x00,0x00,0xFF,0xFF,0x07,0x00,0x00,0x00,0x00,0x80,0xFF,0xFF,0x0F,0x00,0x00,0x00,0x00,0xC0,0xFF,0xFF,0x1F,0x00,0x00,0x00,0x80,0xE0,0xFF,0xFF,0x3F,0x00,0x00,0x00,0xC0,0xE0,0xFF,0xFF,0x3F,0x00,0x00,0x00,0xF0,0xF0,0xCF,0x8F,0x7F,0x00,0x00,0x00,0xF8,0xF0,0xC7,0x0F,0x7F,0x00,0x00,0x00,0xFE,0xF8,0xC3,0x0F,0x7E,0x00,0x00,0x00,0x7F,0xF8,0xC1,0x0F,0xFE,0x00,0x00,0x80,0x1F,0xF8,0xC1,0x0F,0xFC,0x00,0x00,0x80,0x0F,0xF8,0xC1,0x0F,0xFC,0x00,0x00,0x80,0x07,0xF8,0xC1,0x0F,0xFC,0x00,0x00,0x80,0x07,0xF8,0xC1,0x0F,0xFC,0x00,0x00,0x80,0x0F,0xF8,0xC1,0x0F,0xFC,0x00,0x00,0x80,0x1F,0xF8,0xC3,0x0F,0xFC,0x00,0x00,0x00,0x7F,0xF0,0xC3,0x0F,0xFC,0x00,0x00,0x00,0xFE,0xF0,0xCF,0x0F,0xFC,0x00,0x00,0x00,0xF8,0xF0,0xFF,0x0F,0xFC,0x00,0x00,0x00,0xF0,0xE0,0xFF,0x0F,0x7E,0x00,0x00,0x00,0xC0,0xC0,0xFF,0x0F,0x7E,0x00,0x00,0x00,0x80,0xC0,0xFF,0x0F,0x7E,0x00,0x00,0x00,0x00,0x00,0xFF,0x0F,0x7E,0x00,0x00,0x00,0x00,0x00,0xFE,0x0F,0x3F,0x00,0x00,0x00,0x00,0x00,0xF0,0x0F,  // 234
  0x00,0x00,0x00,0x00,0x00,0x00,0x00,0x00,0x00,0x00,0x00,0x00,0x00,0x00,0x00,0x00,0x00,0x00,0x00,0xE0,0x3F,0x00,0x00,0x00,0x00,0x00,0x00,0xFC,0xFF,0x01,0x00,0x00,0x00,0x00,0x00,0xFF,0xFF,0x07,0x00,0x00,0x00,0x00,0x80,0xFF,0xFF,0x0F,0x00,0x00,0x00,0x00,0xC0,0xFF,0xFF,0x1F,0x00,0x00,0x00,0x00,0xE0,0xFF,0xFF,0x3F,0x00,0x00,0x00,0x3F,0xE0,0xFF,0xFF,0x3F,0x00,0x00,0x00,0x3F,0xF0,0xCF,0x8F,0x7F,0x00,0x00,0x00,0x3F,0xF0,0xC7,0x0F,0x7F,0x00,0x00,0x00,0x3F,0xF8,0xC3,0x0F,0x7E,0x00,0x00,0x00,0x3F,0xF8,0xC1,0x0F,0xFE,0x00,0x00,0x00,0x3F,0xF8,0xC1,0x0F,0xFC,0x00,0x00,0x00,0x00,0xF8,0xC1,0x0F,0xFC,0x00,0x00,0x00,0x00,0xF8,0xC1,0x0F,0xFC,0x00,0x00,0x00,0x00,0xF8,0xC1,0x0F,0xFC,0x00,0x00,0x00,0x00,0xF8,0xC1,0x0F,0xFC,0x00,0x00,0x00,0x3F,0xF8,0xC3,0x0F,0xFC,0x00,0x00,0x00,0x3F,0xF0,0xC3,0x0F,0xFC,0x00,0x00,0x00,0x3F,0xF0,0xCF,0x0F,0xFC,0x00,0x00,0x00,0x3F,0xF0,0xFF,0x0F,0xFC,0x00,0x00,0x00,0x3F,0xE0,0xFF,0x0F,0x7E,0x00,0x00,0x00,0x3F,0xC0,0xFF,0x0F,0x7E,0x00,0x00,0x00,0x00,0xC0,0xFF,0x0F,0x7E,0x00,0x00,0x00,0x00,0x00,0xFF,0x0F,0x7E,0x00,0x00,0x00,0x00,0x00,0xFE,0x0F,0x3F,0x00,0x00,0x00,0x00,0x00,0xF0,0x0F,  // 235
  0x00,0x00,0x00,0x00,0x00,0x00,0x00,0x00,0x00,0x00,0x00,0x00,0x00,0x00,0x00,0x00,0x00,0x00,0x00,0x00,0x00,0x00,0x00,0x00,0x00,0x00,0x00,0x00,0x00,0x7E,0x00,0x00,0x00,0x00,0x00,0x00,0x00,0x7E,0x00,0x00,0x00,0x00,0xF0,0x03,0x00,0x7E,0x00,0x00,0x80,0x01,0xF0,0x03,0x00,0x7E,0x00,0x00,0x80,0x01,0xF0,0x03,0x00,0x7E,0x00,0x00,0x80,0x03,0xF0,0x03,0x00,0x7E,0x00,0x00,0x80,0x07,0xF0,0x03,0x00,0x7E,0x00,0x00,0x80,0x0F,0xF0,0x03,0x00,0x7E,0x00,0x00,0x80,0x1F,0xF0,0x03,0x00,0x7E,0x00,0x00,0x00,0x3F,0xF0,0xFF,0xFF,0x7F,0x00,0x00,0x00,0x7E,0xF0,0xFF,0xFF,0x7F,0x00,0x00,0x00,0xFC,0xF0,0xFF,0xFF,0x7F,0x00,0x00,0x00,0xF8,0xF0,0xFF,0xFF,0x7F,0x00,0x00,0x00,0xE0,0xF0,0xFF,0xFF,0x7F,0x00,0x00,0x00,0xC0,0xF0,0xFF,0xFF,0x7F,0x00,0x00,0x00,0x80,0xF0,0xFF,0xFF,0x7F,0x00,0x00,0x00,0x00,0x00,0x00,0x00,0x7E,0x00,0x00,0x00,0x00,0x00,0x00,0x00,0x7E,0x00,0x00,0x00,0x00,0x00,0x00,0x00,0x7E,0x00,0x00,0x00,0x00,0x00,0x00,0x00,0x7E,0x00,0x00,0x00,0x00,0x00,0x00,0x00,0x7E,0x00,0x00,0x00,0x00,0x00,0x00,0x00,0x7E,0x00,0x00,0x00,0x00,0x00,0x00,0x00,0x7E,0x00,0x00,0x00,0x00,0x00,0x00,0x00,0x7E,0x00,0x00,0x00,0x00,0x00,0x00,0x00,0x7E,  // 236
  0x00,0x00,0x00,0x00,0x00,0x00,0x00,0x00,0x00,0x00,0x00,0x00,0x00,0x00,0x00,0x00,0x00,0x00,0x00,0x00,0x00,0x00,0x00,0x00,0x00,0x00,0x00,0x00,0x00,0x7E,0x00,0x00,0x00,0x00,0x00,0x00,0x00,0x7E,0x00,0x00,0x00,0x00,0xF0,0x03,0x00,0x7E,0x00,0x00,0x00,0x00,0xF0,0x03,0x00,0x7E,0x00,0x00,0x00,0x00,0xF0,0x03,0x00,0x7E,0x00,0x00,0x00,0x00,0xF0,0x03,0x00,0x7E,0x00,0x00,0x00,0x00,0xF0,0x03,0x00,0x7E,0x00,0x00,0x00,0x00,0xF0,0x03,0x00,0x7E,0x00,0x00,0x00,0x80,0xF0,0x03,0x00,0x7E,0x00,0x00,0x00,0xC0,0xF0,0xFF,0xFF,0x7F,0x00,0x00,0x00,0xE0,0xF0,0xFF,0xFF,0x7F,0x00,0x00,0x00,0xF8,0xF0,0xFF,0xFF,0x7F,0x00,0x00,0x00,0xFC,0xF0,0xFF,0xFF,0x7F,0x00,0x00,0x00,0x7E,0xF0,0xFF,0xFF,0x7F,0x00,0x00,0x00,0x3F,0xF0,0xFF,0xFF,0x7F,0x00,0x00,0x80,0x1F,0xF0,0xFF,0xFF,0x7F,0x00,0x00,0x80,0x0F,0x00,0x00,0x00,0x7E,0x00,0x00,0x80,0x07,0x00,0x00,0x00,0x7E,0x00,0x00,0x80,0x03,0x00,0x00,0x00,0x7E,0x00,0x00,0x80,0x01,0x00,0x00,0x00,0x7E,0x00,0x00,0x80,0x01,0x00,0x00,0x00,0x7E,0x00,0x00,0x80,0x00,0x00,0x00,0x00,0x7E,0x00,0x00,0x00,0x00,0x00,0x00,0x00,0x7E,0x00,0x00,0x00,0x00,0x00,0x00,0x00,0x7E,0x00,0x00,0x00,0x00,0x00,0x00,0x00,0x7E,  // 237
  0x00,0x00,0x00,0x00,0x00,0x00,0x00,0x00,0x00,0x00,0x00,0x00,0x00,0x00,0x00,0x00,0x00,0x00,0x00,0x00,0x00,0x00,0x00,0x00,0x00,0x00,0x00,0x00,0x00,0x7E,0x00,0x00,0x00,0x00,0x00,0x00,0x00,0x7E,0x00,0x00,0x00,0x00,0xF0,0x03,0x00,0x7E,0x00,0x00,0x00,0x80,0xF0,0x03,0x00,0x7E,0x00,0x00,0x00,0xC0,0xF0,0x03,0x00,0x7E,0x00,0x00,0x00,0xF0,0xF0,0x03,0x00,0x7E,0x00,0x00,0x00,0xF8,0xF0,0x03,0x00,0x7E,0x00,0x00,0x00,0xFE,0xF0,0x03,0x00,0x7E,0x00,0x00,0x00,0x7F,0xF0,0x03,0x00,0x7E,0x00,0x00,0x80,0x1F,0xF0,0xFF,0xFF,0x7F,0x00,0x00,0x80,0x0F,0xF0,0xFF,0xFF,0x7F,0x00,0x00,0x80,0x07,0xF0,0xFF,0xFF,0x7F,0x00,0x00,0x80,0x07,0xF0,0xFF,0xFF,0x7F,0x00,0x00,0x80,0x0F,0xF0,0xFF,0xFF,0x7F,0x00,0x00,0x80,0x1F,0xF0,0xFF,0xFF,0x7F,0x00,0x00,0x00,0x7F,0xF0,0xFF,0xFF,0x7F,0x00,0x00,0x00,0xFE,0x00,0x00,0x00,0x7E,0x00,0x00,0x00,0xF8,0x00,0x00,0x00,0x7E,0x00,0x00,0x00,0xF0,0x00,0x00,0x00,0x7E,0x00,0x00,0x00,0xC0,0x00,0x00,0x00,0x7E,0x00,0x00,0x00,0x80,0x00,0x00,0x00,0x7E,0x00,0x00,0x00,0x00,0x00,0x00,0x00,0x7E,0x00,0x00,0x00,0x00,0x00,0x00,0x00,0x7E,0x00,0x00,0x00,0x00,0x00,0x00,0x00,0x7E,0x00,0x00,0x00,0x00,0x00,0x00,0x00,0x7E,  // 238
  0x00,0x00,0x00,0x00,0x00,0x00,0x00,0x00,0x00,0x00,0x00,0x00,0x00,0x00,0x00,0x00,0x00,0x00,0x00,0x00,0x00,0x00,0x00,0x00,0x00,0x00,0x00,0x00,0x00,0x7E,0x00,0x00,0x00,0x00,0x00,0x00,0x00,0x7E,0x00,0x00,0x00,0x00,0xF0,0x03,0x00,0x7E,0x00,0x00,0x00,0x00,0xF0,0x03,0x00,0x7E,0x00,0x00,0x00,0x3F,0xF0,0x03,0x00,0x7E,0x00,0x00,0x00,0x3F,0xF0,0x03,0x00,0x7E,0x00,0x00,0x00,0x3F,0xF0,0x03,0x00,0x7E,0x00,0x00,0x00,0x3F,0xF0,0x03,0x00,0x7E,0x00,0x00,0x00,0x3F,0xF0,0x03,0x00,0x7E,0x00,0x00,0x00,0x3F,0xF0,0xFF,0xFF,0x7F,0x00,0x00,0x00,0x00,0xF0,0xFF,0xFF,0x7F,0x00,0x00,0x00,0x00,0xF0,0xFF,0xFF,0x7F,0x00,0x00,0x00,0x00,0xF0,0xFF,0xFF,0x7F,0x00,0x00,0x00,0x00,0xF0,0xFF,0xFF,0x7F,0x00,0x00,0x00,0x3F,0xF0,0xFF,0xFF,0x7F,0x00,0x00,0x00,0x3F,0xF0,0xFF,0xFF,0x7F,0x00,0x00,0x00,0x3F,0x00,0x00,0x00,0x7E,0x00,0x00,0x00,0x3F,0x00,0x00,0x00,0x7E,0x00,0x00,0x00,0x3F,0x00,0x00,0x00,0x7E,0x00,0x00,0x00,0x3F,0x00,0x00,0x00,0x7E,0x00,0x00,0x00,0x00,0x00,0x00,0x00,0x7E,0x00,0x00,0x00,0x00,0x00,0x00,0x00,0x7E,0x00,0x00,0x00,0x00,0x00,0x00,0x00,0x7E,0x00,0x00,0x00,0x00,0x00,0x00,0x00,0x7E,0x00,0x00,0x00,0x00,0x00,0x00,0x00,0x7E,  // 239
  0x00,0x00,0x00,0x00,0x00,0x00,0x00,0x00,0x00,0x00,0x00,0x00,0x00,0x00,0x00,0x00,0x00,0x00,0x00,0xE0,0x7F,0x00,0x00,0x00,0x00,0x00,0x00,0xF8,0xFF,0x01,0x00,0x00,0x00,0x00,0x03,0xFE,0xFF,0x07,0x00,0x00,0x00,0x00,0x07,0xFF,0xFF,0x0F,0x00,0x00,0x00,0x80,0x87,0xFF,0xFF,0x1F,0x00,0x00,0x00,0x82,0x83,0xFF,0xFF,0x3F,0x00,0x00,0x00,0x86,0xC3,0xFF,0xFF,0x7F,0x00,0x00,0x00,0xCE,0xC3,0x7F,0xC0,0x7F,0x00,0x00,0x00,0xDE,0xE1,0x1F,0x00,0x7F,0x00,0x00,0x00,0xFE,0xE1,0x0F,0x00,0xFE,0x00,0x00,0x00,0xFE,0xE1,0x07,0x00,0xFC,0x00,0x00,0x00,0xFE,0xE1,0x07,0x00,0xFC,0x00,0x00,0x00,0xFE,0xE7,0x07,0x00,0xFC,0x00,0x00,0x00,0xF8,0xEF,0x07,0x00,0xFC,0x00,0x00,0x00,0xF0,0xFF,0x07,0x00,0xFC,0x00,0x00,0x00,0xF8,0xFF,0x0F,0x00,0xFE,0x00,0x00,0x00,0xB8,0xFF,0x0F,0x00,0x7F,0x00,0x00,0x00,0x3C,0xFF,0x1F,0xE0,0x7F,0x00,0x00,0x00,0x3C,0xFE,0xFF,0xFF,0x7F,0x00,0x00,0x00,0x1C,0xF8,0xFF,0xFF,0x3F,0x00,0x00,0x00,0x1E,0xF0,0xFF,0xFF,0x1F,0x00,0x00,0x00,0x0E,0xE0,0xFF,0xFF,0x0F,0x00,0x00,0x00,0x0C,0x80,0xFF,0xFF,0x07,0x00,0x00,0x00,0x00,0x00,0xFE,0xFF,0x01,0x00,0x00,0x00,0x00,0x00,0xE0,0x3F,  // 240
  0x00,0x00,0x00,0x00,0x00,0x00,0x00,0x00,0x00,0x00,0x00,0x00,0x00,0x00,0x00,0x00,0x00,0x00,0x00,0x00,0x00,0x00,0x00,0x00,0x00,0x00,0x00,0x00,0x00,0x00,0x00,0x00,0x00,0x00,0xF0,0xFF,0xFF,0x7F,0x00,0x00,0x00,0x00,0xF0,0xFF,0xFF,0x7F,0x00,0x00,0x00,0x00,0xF0,0xFF,0xFF,0x7F,0x00,0x00,0x00,0x78,0xF0,0xFF,0xFF,0x7F,0x00,0x00,0x00,0x7E,0xF0,0xFF,0xFF,0x7F,0x00,0x00,0x00,0x7E,0xF0,0xFF,0xFF,0x7F,0x00,0x00,0x00,0x1F,0xF0,0xFF,0xFF,0x7F,0x00,0x00,0x00,0x0F,0x80,0x0F,0x00,0x00,0x00,0x00,0x00,0x0F,0xE0,0x03,0x00,0x00,0x00,0x00,0x00,0x1F,0xF0,0x01,0x00,0x00,0x00,0x00,0x00,0x1E,0xF0,0x01,0x00,0x00,0x00,0x00,0x00,0x3E,0xF8,0x01,0x00,0x00,0x00,0x00,0x00,0x3C,0xF8,0x01,0x00,0x00,0x00,0x00,0x00,0x78,0xF8,0x03,0x00,0x00,0x00,0x00,0x00,0x78,0xF8,0x07,0x00,0x00,0x00,0x00,0x00,0x78,0xF8,0xFF,0xFF,0x7F,0x00,0x00,0x00,0x7C,0xF8,0xFF,0xFF,0x7F,0x00,0x00,0x00,0x3F,0xF0,0xFF,0xFF,0x7F,0x00,0x00,0x00,0x3F,0xF0,0xFF,0xFF,0x7F,0x00,0x00,0x00,0x0F,0xE0,0xFF,0xFF,0x7F,0x00,0x00,0x00,0x00,0xC0,0xFF,0xFF,0x7F,0x00,0x00,0x00,0x00,0x00,0xFE,0xFF,0x7F,  // 241
  0x00,0x00,0x00,0x00,0x00,0x00,0x00,0x00,0x00,0x00,0x00,0x00,0x00,0x00,0x00,0x00,0x00,0x00,0x00,0xE0,0x3F,0x00,0x00,0x00,0x00,0x00,0x00,0xFC,0xFF,0x01,0x00,0x00,0x00,0x00,0x00,0xFF,0xFF,0x07,0x00,0x00,0x00,0x00,0x80,0xFF,0xFF,0x0F,0x00,0x00,0x80,0x01,0xC0,0xFF,0xFF,0x1F,0x00,0x00,0x80,0x01,0xE0,0xFF,0xFF,0x3F,0x00,0x00,0x80,0x03,0xF0,0xFF,0xFF,0x7F,0x00,0x00,0x80,0x07,0xF0,0x1F,0xE0,0x7F,0x00,0x00,0x80,0x0F,0xF0,0x07,0x00,0x7F,0x00,0x00,0x80,0x1F,0xF8,0x03,0x00,0xFE,0x00,0x00,0x00,0x3F,0xF8,0x01,0x00,0xFC,0x00,0x00,0x00,0x7E,0xF8,0x01,0x00,0xFC,0x00,0x00,0x00,0xFC,0xF8,0x01,0x00,0xFC,0x00,0x00,0x00,0xF8,0xF8,0x01,0x00,0xFC,0x00,0x00,0x00,0xE0,0xF8,0x01,0x00,0xFC,0x00,0x00,0x00,0xC0,0xF8,0x03,0x00,0xFE,0x00,0x00,0x00,0x80,0xF0,0x07,0x00,0x7F,0x00,0x00,0x00,0x00,0xF0,0x3F,0xE0,0x7F,0x00,0x00,0x00,0x00,0xF0,0xFF,0xFF,0x7F,0x00,0x00,0x00,0x00,0xE0,0xFF,0xFF,0x3F,0x00,0x00,0x00,0x00,0xC0,0xFF,0xFF,0x1F,0x00,0x00,0x00,0x00,0x80,0xFF,0xFF,0x0F,0x00,0x00,0x00,0x00,0x00,0xFF,0xFF,0x07,0x00,0x00,0x00,0x00,0x00,0xFC,0xFF,0x01,0x00,0x00,0x00,0x00,0x00,0xE0,0x3F,  // 242
  0x00,0x00,0x00,0x00,0x00,0x00,0x00,0x00,0x00,0x00,0x00,0x00,0x00,0x00,0x00,0x00,0x00,0x00,0x00,0xE0,0x3F,0x00,0x00,0x00,0x00,0x00,0x00,0xFC,0xFF,0x01,0x00,0x00,0x00,0x00,0x00,0xFF,0xFF,0x07,0x00,0x00,0x00,0x00,0x80,0xFF,0xFF,0x0F,0x00,0x00,0x00,0x00,0xC0,0xFF,0xFF,0x1F,0x00,0x00,0x00,0x00,0xE0,0xFF,0xFF,0x3F,0x00,0x00,0x00,0x00,0xF0,0xFF,0xFF,0x7F,0x00,0x00,0x00,0x00,0xF0,0x1F,0xE0,0x7F,0x00,0x00,0x00,0x00,0xF0,0x07,0x00,0x7F,0x00,0x00,0x00,0x80,0xF8,0x03,0x00,0xFE,0x00,0x00,0x00,0xC0,0xF8,0x01,0x00,0xFC,0x00,0x00,0x00,0xE0,0xF8,0x01,0x00,0xFC,0x00,0x00,0x00,0xF8,0xF8,0x01,0x00,0xFC,0x00,0x00,0x00,0xFC,0xF8,0x01,0x00,0xFC,0x00,0x00,0x00,0x7E,0xF8,0x01,0x00,0xFC,0x00,0x00,0x00,0x3F,0xF8,0x03,0x00,0xFE,0x00,0x00,0x80,0x1F,0xF0,0x07,0x00,0x7F,0x00,0x00,0x80,0x0F,0xF0,0x3F,0xE0,0x7F,0x00,0x00,0x80,0x07,0xF0,0xFF,0xFF,0x7F,0x00,0x00,0x80,0x03,0xE0,0xFF,0xFF,0x3F,0x00,0x00,0x80,0x01,0xC0,0xFF,0xFF,0x1F,0x00,0x00,0x80,0x01,0x80,0xFF,0xFF,0x0F,0x00,0x00,0x80,0x00,0x00,0xFF,0xFF,0x07,0x00,0x00,0x00,0x00,0x00,0xFC,0xFF,0x01,0x00,0x00,0x00,0x00,0x00,0xE0,0x3F,  // 243
  0x00,0x00,0x00,0x00,0x00,0x00,0x00,0x00,0x00,0x00,0x00,0x00,0x00,0x00,0x00,0x00,0x00,0x00,0x00,0xE0,0x3F,0x00,0x00,0x00,0x00,0x00,0x00,0xFC,0xFF,0x01,0x00,0x00,0x00,0x00,0x00,0xFF,0xFF,0x07,0x00,0x00,0x00,0x00,0x80,0xFF,0xFF,0x0F,0x00,0x00,0x00,0x80,0xC0,0xFF,0xFF,0x1F,0x00,0x00,0x00,0xC0,0xE0,0xFF,0xFF,0x3F,0x00,0x00,0x00,0xF0,0xF0,0xFF,0xFF,0x7F,0x00,0x00,0x00,0xF8,0xF0,0x1F,0xE0,0x7F,0x00,0x00,0x00,0x7E,0xF0,0x07,0x00,0x7F,0x00,0x00,0x80,0x3F,0xF8,0x03,0x00,0xFE,0x00,0x00,0x80,0x1F,0xF8,0x01,0x00,0xFC,0x00,0x00,0x80,0x0F,0xF8,0x01,0x00,0xFC,0x00,0x00,0x80,0x07,0xF8,0x01,0x00,0xFC,0x00,0x00,0x80,0x0F,0xF8,0x01,0x00,0xFC,0x00,0x00,0x80,0x1F,0xF8,0x01,0x00,0xFC,0x00,0x00,0x80,0x3F,0xF8,0x03,0x00,0xFE,0x00,0x00,0x00,0x7E,0xF0,0x07,0x00,0x7F,0x00,0x00,0x00,0xF8,0xF0,0x3F,0xE0,0x7F,0x00,0x00,0x00,0xF0,0xF0,0xFF,0xFF,0x7F,0x00,0x00,0x00,0xC0,0xE0,0xFF,0xFF,0x3F,0x00,0x00,0x00,0x80,0xC0,0xFF,0xFF,0x1F,0x00,0x00,0x00,0x00,0x80,0xFF,0xFF,0x0F,0x00,0x00,0x00,0x00,0x00,0xFF,0xFF,0x07,0x00,0x00,0x00,0x00,0x00,0xFC,0xFF,0x01,0x00,0x00,0x00,0x00,0x00,0xE0,0x3F,  // 244
  0x00,0x00,0x00,0x00,0x00,0x00,0x00,0x00,0x00,0x00,0x00,0x00,0x00,0x00,0x00,0x00,0x00,0x00,0x00,0xE0,0x3F,0x00,0x00,0x00,0x00,0x00,0x00,0xFC,0xFF,0x01,0x00,0x00,0x00,0x00,0x00,0xFF,0xFF,0x07,0x00,0x00,0x00,0x00,0x80,0xFF,0xFF,0x0F,0x00,0x00,0x00,0xF0,0xC0,0xFF,0xFF,0x1F,0x00,0x00,0x00,0xFC,0xE0,0xFF,0xFF,0x3F,0x00,0x00,0x00,0xFC,0xF0,0xFF,0xFF,0x7F,0x00,0x00,0x00,0x3E,0xF0,0x1F,0xE0,0x7F,0x00,0x00,0x00,0x1E,0xF0,0x07,0x00,0x7F,0x00,0x00,0x00,0x1E,0xF8,0x03,0x00,0xFE,0x00,0x00,0x00,0x3E,0xF8,0x01,0x00,0xFC,0x00,0x00,0x00,0x3C,0xF8,0x01,0x00,0xFC,0x00,0x00,0x00,0x7C,0xF8,0x01,0x00,0xFC,0x00,0x00,0x00,0x78,0xF8,0x01,0x00,0xFC,0x00,0x00,0x00,0xF0,0xF8,0x01,0x00,0xFC,0x00,0x00,0x00,0xF0,0xF8,0x03,0x00,0xFE,0x00,0x00,0x00,0xF0,0xF0,0x07,0x00,0x7F,0x00,0x00,0x00,0xF8,0xF0,0x3F,0xE0,0x7F,0x00,0x00,0x00,0x7E,0xF0,0xFF,0xFF,0x7F,0x00,0x00,0x00,0x7E,0xE0,0xFF,0xFF,0x3F,0x00,0x00,0x00,0x1E,0xC0,0xFF,0xFF,0x1F,0x00,0x00,0x00,0x00,0x80,0xFF,0xFF,0x0F,0x00,0x00,0x00,0x00,0x00,0xFF,0xFF,0x07,0x00,0x00,0x00,0x00,0x00,0xFC,0xFF,0x01,0x00,0x00,0x00,0x00,0x00,0xE0,0x3F,  // 245
  0x00,0x00,0x00,0x00,0x00,0x00,0x00,0x00,0x00,0x00,0x00,0x00,0x00,0x00,0x00,0x00,0x00,0x00,0x00,0xE0,0x3F,0x00,0x00,0x00,0x00,0x00,0x00,0xFC,0xFF,0x01,0x00,0x00,0x00,0x00,0x00,0xFF,0xFF,0x07,0x00,0x00,0x00,0x00,0x80,0xFF,0xFF,0x0F,0x00,0x00,0x00,0x7E,0xC0,0xFF,0xFF,0x1F,0x00,0x00,0x00,0x7E,0xE0,0xFF,0xFF,0x3F,0x00,0x00,0x00,0x7E,0xF0,0xFF,0xFF,0x7F,0x00,0x00,0x00,0x7E,0xF0,0x1F,0xE0,0x7F,0x00,0x00,0x00,0x7E,0xF0,0x07,0x00,0x7F,0x00,0x00,0x00,0x7E,0xF8,0x03,0x00,0xFE,0x00,0x00,0x00,0x00,0xF8,0x01,0x00,0xFC,0x00,0x00,0x00,0x00,0xF8,0x01,0x00,0xFC,0x00,0x00,0x00,0x00,0xF8,0x01,0x00,0xFC,0x00,0x00,0x00,0x00,0xF8,0x01,0x00,0xFC,0x00,0x00,0x00,0x00,0xF8,0x01,0x00,0xFC,0x00,0x00,0x00,0x7E,0xF8,0x03,0x00,0xFE,0x00,0x00,0x00,0x7E,0xF0,0x07,0x00,0x7F,0x00,0x00,0x00,0x7E,0xF0,0x3F,0xE0,0x7F,0x00,0x00,0x00,0x7E,0xF0,0xFF,0xFF,0x7F,0x00,0x00,0x00,0x7E,0xE0,0xFF,0xFF,0x3F,0x00,0x00,0x00,0x7E,0xC0,0xFF,0xFF,0x1F,0x00,0x00,0x00,0x00,0x80,0xFF,0xFF,0x0F,0x00,0x00,0x00,0x00,0x00,0xFF,0xFF,0x07,0x00,0x00,0x00,0x00,0x00,0xFC,0xFF,0x01,0x00,0x00,0x00,0x00,0x00,0xE0,0x3F,  // 246
  0x00,0x00,0x00,0x00,0x00,0x00,0x00,0x00,0x00,0x00,0x00,0xF0,0x03,0x00,0x00,0x00,0x00,0x00,0x00,0xF0,0x03,0x00,0x00,0x00,0x00,0x00,0x00,0xF0,0x03,0x00,0x00,0x00,0x00,0x00,0x00,0xF0,0x03,0x00,0x00,0x00,0x00,0x00,0x00,0xF0,0x03,0x00,0x00,0x00,0x00,0x00,0x00,0xF0,0x03,0x00,0x00,0x00,0x00,0x00,0x00,0xF0,0x03,0x00,0x00,0x00,0x00,0x00,0x00,0xF0,0x03,0x00,0x00,0x00,0x00,0x00,0x00,0xF0,0x03,0x00,0x00,0x00,0x00,0x00,0x00,0xF0,0x03,0x00,0x00,0x00,0x00,0x00,0xFE,0xF1,0xE3,0x1F,0x00,0x00,0x00,0x00,0xFE,0xF1,0xE3,0x1F,0x00,0x00,0x00,0x00,0xFE,0xF1,0xE3,0x1F,0x00,0x00,0x00,0x00,0xFE,0xF1,0xE3,0x1F,0x00,0x00,0x00,0x00,0xFE,0xF1,0xE3,0x1F,0x00,0x00,0x00,0x00,0xFE,0xF1,0xE3,0x1F,0x00,0x00,0x00,0x00,0xFE,0xF1,0xE3,0x1F,0x00,0x00,0x00,0x00,0xFE,0xF1,0xE3,0x1F,0x00,0x00,0x00,0x00,0x00,0xF0,0x03,0x00,0x00,0x00,0x00,0x00,0x00,0xF0,0x03,0x00,0x00,0x00,0x00,0x00,0x00,0xF0,0x03,0x00,0x00,0x00,0x00,0x00,0x00,0xF0,0x03,0x00,0x00,0x00,0x00,0x00,0x00,0xF0,0x03,0x00,0x00,0x00,0x00,0x00,0x00,0xF0,0x03,0x00,0x00,0x00,0x00,0x00,0x00,0xF0,0x03,0x00,0x00,0x00,0x00,0x00,0x00,0xF0,0x03,0x00,0x00,0x00,0x00,0x00,0x00,0xF0,0x03,0x00,0x00,0x00,0x00,0x00,0x00,0xF0,0x03,  // 247
  0x00,0x00,0x00,0x00,0x00,0x00,0x00,0x00,0x00,0x00,0x00,0x00,0x00,0xC0,0x00,0x00,0x00,0x00,0x00,0xE0,0x3F,0xF0,0x01,0x00,0x00,0x00,0x00,0xFC,0xFF,0xF9,0x03,0x00,0x00,0x00,0x00,0xFF,0xFF,0xFF,0x01,0x00,0x00,0x00,0x80,0xFF,0xFF,0xFF,0x00,0x00,0x00,0x00,0xC0,0xFF,0xFF,0x7F,0x00,0x00,0x00,0x00,0xE0,0xFF,0xFF,0x3F,0x00,0x00,0x00,0x00,0xF0,0xFF,0xFF,0x7F,0x00,0x00,0x00,0x00,0xF0,0x1F,0xF0,0x7F,0x00,0x00,0x00,0x00,0xF0,0x07,0xF8,0x7F,0x00,0x00,0x00,0x00,0xF8,0x03,0xFE,0xFE,0x00,0x00,0x00,0x00,0xF8,0x01,0x7F,0xFC,0x00,0x00,0x00,0x00,0xF8,0x81,0x3F,0xFC,0x00,0x00,0x00,0x00,0xF8,0xC1,0x1F,0xFC,0x00,0x00,0x00,0x00,0xF8,0xE1,0x0F,0xFC,0x00,0x00,0x00,0x00,0xF8,0xF1,0x07,0xFC,0x00,0x00,0x00,0x00,0xF8,0xFF,0x01,0xFE,0x00,0x00,0x00,0x00,0xF0,0xFF,0x00,0x7F,0x00,0x00,0x00,0x00,0xF0,0x7F,0xE0,0x7F,0x00,0x00,0x00,0x00,0xF0,0xFF,0xFF,0x7F,0x00,0x00,0x00,0x00,0xE0,0xFF,0xFF,0x3F,0x00,0x00,0x00,0x00,0xF0,0xFF,0xFF,0x1F,0x00,0x00,0x00,0x00,0xF8,0xFF,0xFF,0x0F,0x00,0x00,0x00,0x00,0xFC,0xFF,0xFF,0x07,0x00,0x00,0x00,0x00,0xFE,0xFC,0xFF,0x01,0x00,0x00,0x00,0x00,0x3C,0xE0,0x3F,0x00,0x00,0x00,0x00,0x00,0x18,  // 248
  0x00,0x00,0x00,0x00,0x00,0x00,0x00,0x00,0x00,0x00,0x00,0x00,0x00,0x00,0x00,0x00,0x00,0x00,0x00,0x00,0x00,0x00,0x00,0x00,0x00,0x00,0x00,0x00,0x00,0x00,0x00,0x00,0x00,0x00,0xF0,0xFF,0xFF,0x03,0x00,0x00,0x00,0x00,0xF0,0xFF,0xFF,0x1F,0x00,0x00,0x80,0x01,0xF0,0xFF,0xFF,0x3F,0x00,0x00,0x80,0x01,0xF0,0xFF,0xFF,0x7F,0x00,0x00,0x80,0x03,0xF0,0xFF,0xFF,0x7F,0x00,0x00,0x80,0x07,0xF0,0xFF,0xFF,0xFF,0x00,0x00,0x80,0x0F,0xF0,0xFF,0xFF,0xFF,0x00,0x00,0x80,0x1F,0x00,0x00,0x00,0xFF,0x00,0x00,0x00,0x3F,0x00,0x00,0x00,0xFE,0x00,0x00,0x00,0x7E,0x00,0x00,0x00,0xFC,0x00,0x00,0x00,0xFC,0x00,0x00,0x00,0xFC,0x00,0x00,0x00,0xF8,0x00,0x00,0x00,0x7C,0x00,0x00,0x00,0xE0,0x00,0x00,0x00,0x7C,0x00,0x00,0x00,0xC0,0x00,0x00,0x00,0x3E,0x00,0x00,0x00,0x80,0x00,0x00,0x80,0x0F,0x00,0x00,0x00,0x00,0xF0,0xFF,0xFF,0x7F,0x00,0x00,0x00,0x00,0xF0,0xFF,0xFF,0x7F,0x00,0x00,0x00,0x00,0xF0,0xFF,0xFF,0x7F,0x00,0x00,0x00,0x00,0xF0,0xFF,0xFF,0x7F,0x00,0x00,0x00,0x00,0xF0,0xFF,0xFF,0x7F,0x00,0x00,0x00,0x00,0xF0,0xFF,0xFF,0x7F,0x00,0x00,0x00,0x00,0xF0,0xFF,0xFF,0x7F,  // 249
  0x00,0x00,0x00,0x00,0x00,0x00,0x00,0x00,0x00,0x00,0x00,0x00,0x00,0x00,0x00,0x00,0x00,0x00,0x00,0x00,0x00,0x00,0x00,0x00,0x00,0x00,0x00,0x00,0x00,0x00,0x00,0x00,0x00,0x00,0xF0,0xFF,0xFF,0x03,0x00,0x00,0x00,0x00,0xF0,0xFF,0xFF,0x1F,0x00,0x00,0x00,0x00,0xF0,0xFF,0xFF,0x3F,0x00,0x00,0x00,0x00,0xF0,0xFF,0xFF,0x7F,0x00,0x00,0x00,0x00,0xF0,0xFF,0xFF,0x7F,0x00,0x00,0x00,0x00,0xF0,0xFF,0xFF,0xFF,0x00,0x00,0x00,0x00,0xF0,0xFF,0xFF,0xFF,0x00,0x00,0x00,0x80,0x00,0x00,0x00,0xFF,0x00,0x00,0x00,0xC0,0x00,0x00,0x00,0xFE,0x00,0x00,0x00,0xE0,0x00,0x00,0x00,0xFC,0x00,0x00,0x00,0xF8,0x00,0x00,0x00,0xFC,0x00,0x00,0x00,0xFC,0x00,0x00,0x00,0x7C,0x00,0x00,0x00,0x7E,0x00,0x00,0x00,0x7C,0x00,0x00,0x00,0x3F,0x00,0x00,0x00,0x3E,0x00,0x00,0x80,0x1F,0x00,0x00,0x80,0x0F,0x00,0x00,0x80,0x0F,0xF0,0xFF,0xFF,0x7F,0x00,0x00,0x80,0x07,0xF0,0xFF,0xFF,0x7F,0x00,0x00,0x80,0x03,0xF0,0xFF,0xFF,0x7F,0x00,0x00,0x80,0x01,0xF0,0xFF,0xFF,0x7F,0x00,0x00,0x80,0x01,0xF0,0xFF,0xFF,0x7F,0x00,0x00,0x80,0x00,0xF0,0xFF,0xFF,0x7F,0x00,0x00,0x00,0x00,0xF0,0xFF,0xFF,0x7F,  // 250
  0x00,0x00,0x00,0x00,0x00,0x00,0x00,0x00,0x00,0x00,0x00,0x00,0x00,0x00,0x00,0x00,0x00,0x00,0x00,0x00,0x00,0x00,0x00,0x00,0x00,0x00,0x00,0x00,0x00,0x00,0x00,0x00,0x00,0x00,0xF0,0xFF,0xFF,0x03,0x00,0x00,0x00,0x00,0xF0,0xFF,0xFF,0x1F,0x00,0x00,0x00,0x80,0xF0,0xFF,0xFF,0x3F,0x00,0x00,0x00,0xC0,0xF0,0xFF,0xFF,0x7F,0x00,0x00,0x00,0xF0,0xF0,0xFF,0xFF,0x7F,0x00,0x00,0x00,0xF8,0xF0,0xFF,0xFF,0xFF,0x00,0x00,0x00,0xFE,0xF0,0xFF,0xFF,0xFF,0x00,0x00,0x00,0x7F,0x00,0x00,0x00,0xFF,0x00,0x00,0x80,0x1F,0x00,0x00,0x00,0xFE,0x00,0x00,0x80,0x0F,0x00,0x00,0x00,0xFC,0x00,0x00,0x80,0x07,0x00,0x00,0x00,0xFC,0x00,0x00,0x80,0x07,0x00,0x00,0x00,0x7C,0x00,0x00,0x80,0x0F,0x00,0x00,0x00,0x7C,0x00,0x00,0x80,0x1F,0x00,0x00,0x00,0x3E,0x00,0x00,0x00,0x7F,0x00,0x00,0x80,0x0F,0x00,0x00,0x00,0xFE,0xF0,0xFF,0xFF,0x7F,0x00,0x00,0x00,0xF8,0xF0,0xFF,0xFF,0x7F,0x00,0x00,0x00,0xF0,0xF0,0xFF,0xFF,0x7F,0x00,0x00,0x00,0xC0,0xF0,0xFF,0xFF,0x7F,0x00,0x00,0x00,0x80,0xF0,0xFF,0xFF,0x7F,0x00,0x00,0x00,0x00,0xF0,0xFF,0xFF,0x7F,0x00,0x00,0x00,0x00,0xF0,0xFF,0xFF,0x7F,  // 251
  0x00,0x00,0x00,0x00,0x00,0x00,0x00,0x00,0x00,0x00,0x00,0x00,0x00,0x00,0x00,0x00,0x00,0x00,0x00,0x00,0x00,0x00,0x00,0x00,0x00,0x00,0x00,0x00,0x00,0x00,0x00,0x00,0x00,0x00,0xF0,0xFF,0xFF,0x03,0x00,0x00,0x00,0x00,0xF0,0xFF,0xFF,0x1F,0x00,0x00,0x00,0x00,0xF0,0xFF,0xFF,0x3F,0x00,0x00,0x00,0x3F,0xF0,0xFF,0xFF,0x7F,0x00,0x00,0x00,0x3F,0xF0,0xFF,0xFF,0x7F,0x00,0x00,0x00,0x3F,0xF0,0xFF,0xFF,0xFF,0x00,0x00,0x00,0x3F,0xF0,0xFF,0xFF,0xFF,0x00,0x00,0x00,0x3F,0x00,0x00,0x00,0xFF,0x00,0x00,0x00,0x3F,0x00,0x00,0x00,0xFE,0x00,0x00,0x00,0x00,0x00,0x00,0x00,0xFC,0x00,0x00,0x00,0x00,0x00,0x00,0x00,0xFC,0x00,0x00,0x00,0x00,0x00,0x00,0x00,0x7C,0x00,0x00,0x00,0x00,0x00,0x00,0x00,0x7C,0x00,0x00,0x00,0x3F,0x00,0x00,0x00,0x3E,0x00,0x00,0x00,0x3F,0x00,0x00,0x80,0x0F,0x00,0x00,0x00,0x3F,0xF0,0xFF,0xFF,0x7F,0x00,0x00,0x00,0x3F,0xF0,0xFF,0xFF,0x7F,0x00,0x00,0x00,0x3F,0xF0,0xFF,0xFF,0x7F,0x00,0x00,0x00,0x3F,0xF0,0xFF,0xFF,0x7F,0x00,0x00,0x00,0x00,0xF0,0xFF,0xFF,0x7F,0x00,0x00,0x00,0x00,0xF0,0xFF,0xFF,0x7F,0x00,0x00,0x00,0x00,0xF0,0xFF,0xFF,0x7F,  // 252
  0x00,0x00,0x00,0x00,0x00,0x00,0x00,0x00,0x00,0x00,0x10,0x00,0x00,0x00,0x00,0x00,0x00,0x00,0xF0,0x00,0x00,0x00,0x00,0x00,0x00,0x00,0xF0,0x03,0x00,0x00,0xF8,0x01,0x00,0x00,0xF0,0x1F,0x00,0x00,0xF8,0x01,0x00,0x00,0xF0,0x7F,0x00,0x00,0xF8,0x01,0x00,0x00,0xF0,0xFF,0x03,0x00,0xF8,0x01,0x00,0x00,0xF0,0xFF,0x0F,0x00,0xF8,0x01,0x00,0x00,0xF0,0xFF,0x7F,0x00,0xF8,0x01,0x00,0x00,0xC0,0xFF,0xFF,0x01,0xFC,0x01,0x00,0x00,0x00,0xFE,0xFF,0x0F,0xFE,0x01,0x00,0x80,0x00,0xF0,0xFF,0xFF,0xFF,0x00,0x00,0xC0,0x00,0x80,0xFF,0xFF,0xFF,0x00,0x00,0xE0,0x00,0x00,0xFC,0xFF,0x7F,0x00,0x00,0xF8,0x00,0x00,0xE0,0xFF,0x3F,0x00,0x00,0xFC,0x00,0x00,0xF8,0xFF,0x0F,0x00,0x00,0x7E,0x00,0x00,0xFF,0xFF,0x03,0x00,0x00,0x3F,0x00,0xE0,0xFF,0xFF,0x00,0x00,0x80,0x1F,0x00,0xFC,0xFF,0x1F,0x00,0x00,0x80,0x0F,0x80,0xFF,0xFF,0x03,0x00,0x00,0x80,0x07,0xF0,0xFF,0xFF,0x00,0x00,0x00,0x80,0x03,0xF0,0xFF,0x1F,0x00,0x00,0x00,0x80,0x01,0xF0,0xFF,0x07,0x00,0x00,0x00,0x80,0x01,0xF0,0xFF,0x00,0x00,0x00,0x00,0x80,0x00,0xF0,0x1F,0x00,0x00,0x00,0x00,0x00,0x00,0xF0,0x07,0x00,0x00,0x00,0x00,0x00,0x00,0xF0,0x00,0x00,0x00,0x00,0x00,0x00,0x00,0x10,  // 253
  0x00,0x00,0x00,0x00,0x00,0x00,0x00,0x00,0x00,0x00,0x00,0x00,0x00,0x00,0x00,0x00,0x00,0x00,0x00,0x00,0x00,0x00,0x00,0x00,0x00,0x00,0x00,0x00,0x00,0x00,0x00,0x00,0x00,0xFE,0xFF,0xFF,0xFF,0xFF,0xFF,0x01,0x00,0xFE,0xFF,0xFF,0xFF,0xFF,0xFF,0x01,0x00,0xFE,0xFF,0xFF,0xFF,0xFF,0xFF,0x01,0x00,0xFE,0xFF,0xFF,0xFF,0xFF,0xFF,0x01,0x00,0xFE,0xFF,0xFF,0xFF,0xFF,0xFF,0x01,0x00,0xFE,0xFF,0xFF,0xFF,0xFF,0xFF,0x01,0x00,0xFE,0xFF,0xFF,0xFF,0xFF,0xFF,0x01,0x00,0x00,0x80,0x1F,0xC0,0x0F,0x00,0x00,0x00,0x00,0xE0,0x07,0x00,0x3F,0x00,0x00,0x00,0x00,0xE0,0x03,0x00,0x3E,0x00,0x00,0x00,0x00,0xF0,0x01,0x00,0x7C,0x00,0x00,0x00,0x00,0xF8,0x01,0x00,0xFC,0x00,0x00,0x00,0x00,0xF8,0x01,0x00,0xFC,0x00,0x00,0x00,0x00,0xF8,0x01,0x00,0xFC,0x00,0x00,0x00,0x00,0xF8,0x03,0x00,0xFE,0x00,0x00,0x00,0x00,0xF8,0x07,0x00,0xFF,0x00,0x00,0x00,0x00,0xF8,0x1F,0xC0,0xFF,0x00,0x00,0x00,0x00,0xF0,0xFF,0xFF,0x7F,0x00,0x00,0x00,0x00,0xF0,0xFF,0xFF,0x7F,0x00,0x00,0x00,0x00,0xE0,0xFF,0xFF,0x3F,0x00,0x00,0x00,0x00,0xC0,0xFF,0xFF,0x1F,0x00,0x00,0x00,0x00,0x80,0xFF,0xFF,0x0F,0x00,0x00,0x00,0x00,0x00,0xFE,0xFF,0x03,0x00,0x00,0x00,0x00,0x00,0xF0,0x7F,  // 254
  0x00,0x00,0x00,0x00,0x00,0x00,0x00,0x00,0x00,0x00,0x10,0x00,0x00,0x00,0x00,0x00,0x00,0x00,0xF0,0x00,0x00,0x00,0x00,0x00,0x00,0x00,0xF0,0x03,0x00,0x00,0xF8,0x01,0x00,0x00,0xF0,0x1F,0x00,0x00,0xF8,0x01,0x00,0x00,0xF0,0x7F,0x00,0x00,0xF8,0x01,0x00,0x00,0xF0,0xFF,0x03,0x00,0xF8,0x01,0x00,0x3F,0xF0,0xFF,0x0F,0x00,0xF8,0x01,0x00,0x3F,0xF0,0xFF,0x7F,0x00,0xF8,0x01,0x00,0x3F,0xC0,0xFF,0xFF,0x01,0xFC,0x01,0x00,0x3F,0x00,0xFE,0xFF,0x0F,0xFE,0x01,0x00,0x3F,0x00,0xF0,0xFF,0xFF,0xFF,0x00,0x00,0x3F,0x00,0x80,0xFF,0xFF,0xFF,0x00,0x00,0x00,0x00,0x00,0xFC,0xFF,0x7F,0x00,0x00,0x00,0x00,0x00,0xE0,0xFF,0x3F,0x00,0x00,0x00,0x00,0x00,0xF8,0xFF,0x0F,0x00,0x00,0x3F,0x00,0x00,0xFF,0xFF,0x03,0x00,0x00,0x3F,0x00,0xE0,0xFF,0xFF,0x00,0x00,0x00,0x3F,0x00,0xFC,0xFF,0x1F,0x00,0x00,0x00,0x3F,0x80,0xFF,0xFF,0x03,0x00,0x00,0x00,0x3F,0xF0,0xFF,0xFF,0x00,0x00,0x00,0x00,0x3F,0xF0,0xFF,0x1F,0x00,0x00,0x00,0x00,0x00,0xF0,0xFF,0x07,0x00,0x00,0x00,0x00,0x00,0xF0,0xFF,0x00,0x00,0x00,0x00,0x00,0x00,0xF0,0x1F,0x00,0x00,0x00,0x00,0x00,0x00,0xF0,0x07,0x00,0x00,0x00,0x00,0x00,0x00,0xF0,0x00,0x00,0x00,0x00,0x00,0x00,0x00,0x10  // 255
};
